<?xml version="1.0" encoding="UTF-8"?>
<kml xmlns="http://www.opengis.net/kml/2.2">
<Document>
    <name>Clean GNSS Track</name>

    <Style id="route_line">
        <LineStyle>
            <color>ff0000ff</color>
            <width>4</width>
        </LineStyle>
    </Style>

    <Style id="red_point">
        <IconStyle>
            <scale>0.85</scale>
            <Icon>
                <href>http://maps.google.com/mapfiles/kml/paddle/red-circle.png</href>
            </Icon>
        </IconStyle>
        <LabelStyle>
            <scale>0</scale>
        </LabelStyle>
    </Style>

    <Placemark>
        <name>Clean route</name>
        <styleUrl>#route_line</styleUrl>
        <LineString>
            <tessellate>1</tessellate>
            <altitudeMode>clampToGround</altitudeMode>
            <coordinates>34.81572464,32.16812292,190.954 34.81572070,32.16811841,190.992 34.81572210,32.16811678,189.675 34.81572300,32.16811535,188.485 34.81572255,32.16811374,187.535 34.81572335,32.16811200,186.831 34.81572349,32.16810927,185.895 34.81572515,32.16810796,184.756 34.81572539,32.16810508,183.691 34.81572337,32.16810273,183.033 34.81572178,32.16810102,182.711 34.81572371,32.16810007,181.878 34.81572313,32.16810200,181.448 34.81572141,32.16810247,181.858 34.81572257,32.16810227,182.458 34.81572268,32.16810515,183.270 34.81572502,32.16810651,184.024 34.81572819,32.16810760,184.824 34.81573126,32.16810964,185.808 34.81573788,32.16811293,187.168 34.81574204,32.16811795,188.283 34.81570217,32.16814851,195.063 34.81562322,32.16819879,207.855 34.81550365,32.16826880,226.794 34.81538079,32.16833900,245.678 34.81525673,32.16840958,264.495 34.81488060,32.16861400,319.589 34.81449634,32.16881288,370.453 34.81439316,32.16885578,380.370 34.81428966,32.16888027,379.865 34.81388894,32.16889662,372.590 34.81379399,32.16890126,373.686 34.81349756,32.16892537,376.880 34.81308099,32.16880462,334.834 34.81303689,32.16875850,317.355 34.81258140,32.16850120,259.468 34.81210184,32.16847349,288.302 34.81195189,32.16846934,290.329 34.81179425,32.16846697,280.730 34.81162018,32.16846009,260.615 34.81148127,32.16843969,235.391 34.81137752,32.16840514,205.014 34.81101710,32.16815998,94.045 34.81037060,32.16750022,170.814 34.81002577,32.16722054,279.633 34.80991365,32.16716556,307.906 34.80979051,32.16713062,330.034 34.80956217,32.16709533,350.616 34.80947905,32.16709638,350.345 34.80942536,32.16710984,345.361 34.80924554,32.16715497,331.889 34.80874514,32.16733139,322.523 34.80801810,32.16760648,330.499 34.80783129,32.16768319,336.659 34.80764526,32.16775409,342.474 34.80752818,32.16778734,345.632 34.80749270,32.16778800,344.719 34.80755993,32.16773915,335.174 34.80769745,32.16765730,321.231 34.80787746,32.16756567,306.799 34.80854328,32.16724143,256.887 34.80879641,32.16712522,240.968 34.80955276,32.16679663,203.357 34.80970410,32.16674623,203.200 34.80978551,32.16673398,211.535 34.80987113,32.16673554,236.697 34.80992487,32.16677331,298.183 34.80990848,32.16678059,312.707 34.80987187,32.16678533,339.702 34.80987102,32.16676427,347.910 34.80988482,32.16671514,351.238 34.80990080,32.16665619,352.958 34.80989750,32.16659450,353.515 34.80987777,32.16653283,353.806 34.80976402,32.16639217,357.478 34.80905210,32.16607022,409.670 34.80799688,32.16537086,458.119 34.80750056,32.16431949,413.599 34.80747548,32.16392022,375.913 34.80738818,32.16349931,332.033 34.80736750,32.16347650,329.747 34.80735183,32.16346128,328.955 34.80733960,32.16345101,328.764 34.80732922,32.16344833,328.658 34.80732462,32.16344730,329.507 34.80732425,32.16345158,331.218 34.80733231,32.16347509,336.424 34.80733989,32.16348159,338.343 34.80734874,32.16348633,341.202 34.80735616,32.16349136,343.750 34.80736856,32.16349694,347.389 34.80737666,32.16349648,349.828 34.80738156,32.16349683,351.878 34.80738101,32.16349102,352.901 34.80737540,32.16347683,354.142 34.80736348,32.16347088,353.983 34.80735216,32.16344980,352.609 34.80734077,32.16342299,346.065 34.80731746,32.16332901,323.215 34.80730503,32.16326156,310.104 34.80729270,32.16317198,295.435 34.80711932,32.16273561,282.742 34.80703492,32.16253811,284.309 34.80694941,32.16231314,286.462 34.80667047,32.16159120,303.528 34.80613397,32.16048313,332.057 34.80598211,32.16021287,338.255 34.80571622,32.15968417,337.396 34.80542464,32.15882573,325.249 34.80535843,32.15846511,315.224 34.80528849,32.15780126,300.353 34.80523861,32.15681165,266.825 34.80523404,32.15651606,253.370 34.80521717,32.15623077,241.741 34.80502487,32.15573556,233.381 34.80444492,32.15543588,268.739 34.80388172,32.15536979,314.941 34.80371783,32.15538544,329.700 34.80356458,32.15540611,343.572 34.80342032,32.15543165,356.586 34.80332237,32.15547230,366.933 34.80327143,32.15549809,372.411 34.80326497,32.15551022,373.000 34.80336057,32.15546057,367.578 34.80346236,32.15539221,359.959 34.80351020,32.15535739,356.149 34.80354042,32.15528142,352.589 34.80359370,32.15518076,348.943 34.80363066,32.15514034,352.109 34.80367994,32.15511027,353.950 34.80375098,32.15507241,355.680 34.80516508,32.15450900,354.379 34.80542665,32.15440417,353.475 34.80595143,32.15418549,354.920 34.80621016,32.15406365,356.364 34.80644488,32.15393384,357.660 34.80665108,32.15379656,359.086 34.80681628,32.15364100,360.935 34.80694048,32.15346426,362.450 34.80702107,32.15326717,363.487 34.80705351,32.15305514,364.281 34.80704711,32.15282325,364.953 34.80533484,32.14915455,304.876 34.80513385,32.14872852,292.399 34.80503723,32.14852808,289.847 34.80495407,32.14835502,287.663 34.80487350,32.14818649,285.998 34.80463362,32.14757561,291.548 34.80446373,32.14713821,309.048 34.80426795,32.14659692,327.724 34.80417453,32.14632886,332.169 34.80399108,32.14573337,338.288 34.80388934,32.14540629,340.985 34.80379991,32.14510947,344.807 34.80372041,32.14477014,346.849 34.80365452,32.14436408,345.709 34.80360854,32.14388313,339.814 34.80359674,32.14343227,328.695 34.80359305,32.14300507,320.004 34.80367718,32.14183019,298.608 34.80460455,32.14035790,330.082 34.80484537,32.14032309,339.938 34.80512056,32.14029299,349.333 34.80543796,32.14026192,358.630 34.80579798,32.14025098,364.145 34.80619566,32.14024671,365.735 34.80662725,32.14024573,363.764 34.80707263,32.14025083,356.868 34.80754389,32.14025767,345.680 34.81008141,32.14005868,302.171 34.81712060,32.13870164,369.160 34.81767052,32.13864012,372.464 34.81822138,32.13858763,375.228 34.81932644,32.13848741,378.101 34.81988125,32.13844387,376.839 34.82043911,32.13840149,374.970 34.82100040,32.13834300,374.590 34.82156419,32.13827455,374.611 34.82213014,32.13819958,374.637 34.82711473,32.13755696,196.662 34.83181517,32.13660807,2.379 34.83297736,32.13630299,-46.461 34.83414069,32.13598417,-94.181 34.83513893,32.13566528,-127.730 34.83599822,32.13533933,-145.571 34.83728128,32.13465410,-131.986 34.83779543,32.13431609,-110.071 34.83832433,32.13396748,-83.174 34.84383898,32.13025662,295.533 34.84671917,32.12865379,361.391 34.84751988,32.12831946,363.900 34.84859927,32.12792593,369.821 34.85024731,32.12726314,376.479 34.85122971,32.12685274,375.227 34.85226555,32.12639626,368.535 34.85335207,32.12590750,357.548 34.85834491,32.12369966,278.627 34.85880336,32.12351683,280.388 34.86045323,32.12287580,309.628 34.86083904,32.12272806,321.168 34.86121124,32.12257490,331.489 34.86160983,32.12241499,339.837 34.86203982,32.12224659,348.321 34.86297945,32.12190036,356.991 34.86345957,32.12173171,359.254 34.86395953,32.12156313,358.554 34.86446494,32.12140780,359.207 34.86497760,32.12126449,359.229 34.86549345,32.12113047,359.833 34.86601248,32.12100575,361.020 34.86653641,32.12088889,361.623 34.86705913,32.12077215,362.701 34.86911063,32.12027139,368.180 34.87010767,32.11998081,373.137 34.87294079,32.11897940,372.112 34.87340972,32.11880352,372.292 34.87388252,32.11862934,372.895 34.87532341,32.11814900,368.260 34.87632528,32.11788864,365.205 34.87684083,32.11778606,364.358 34.87737517,32.11770457,362.530 34.87790349,32.11763880,363.085 34.87843649,32.11759504,363.351 34.87896914,32.11757763,362.330 34.87950044,32.11758909,360.856 34.88003432,32.11762342,361.696 34.88056371,32.11768519,362.271 34.88108494,32.11776168,361.860 34.88159786,32.11786650,362.396 34.88307329,32.11828967,364.121 34.88355318,32.11847385,363.607 34.88402632,32.11867798,363.309 34.88449733,32.11889126,364.028 34.88496748,32.11911089,364.175 34.88543660,32.11933667,363.822 34.88590493,32.11957025,362.804 34.88637257,32.11980952,362.662 34.88684087,32.12004248,361.740 34.88731606,32.12027399,361.512 34.88779970,32.12049394,362.015 34.88829111,32.12070292,363.062 34.88930045,32.12106153,360.273 34.88981757,32.12123886,352.900 34.89196514,32.12194228,267.423 34.89650765,32.12292726,-5.398 34.90253211,32.12165067,281.024 34.90310378,32.12152301,303.335 34.90366706,32.12140567,321.596 34.90477187,32.12120869,344.671 34.90530496,32.12112936,349.854 34.90582294,32.12106619,351.011 34.90635391,32.12100657,350.862 34.90688018,32.12093759,351.096 34.90793781,32.12079741,350.641 34.90846951,32.12072307,350.365 34.90900585,32.12065108,351.359 34.90954574,32.12057881,351.572 34.91172753,32.12023607,356.050 34.91227304,32.12013348,356.493 34.91336375,32.11990419,363.357 34.91391048,32.11977364,364.210 34.91445375,32.11963648,365.674 34.91499073,32.11948672,367.457 34.91605462,32.11917522,369.598 34.91658049,32.11901315,367.649 34.91710811,32.11885132,367.942 34.91763198,32.11868885,367.943 34.91815482,32.11852430,368.634 34.91867630,32.11835982,367.664 34.91919829,32.11819522,366.939 34.91971675,32.11804068,366.918 34.92023722,32.11788333,367.761 34.92076270,32.11773365,369.090 34.92128323,32.11758724,368.608 34.92180771,32.11744280,366.328 34.92233467,32.11730405,365.516 34.92286486,32.11716924,365.015 34.92340082,32.11704419,365.372 34.92394445,32.11692479,366.131 34.92449413,32.11681857,365.840 34.92504724,32.11672431,364.222 34.92560166,32.11663464,365.138 34.92615830,32.11655749,364.656 34.92671696,32.11648840,363.446 34.92728464,32.11642405,364.921 34.93236005,32.11607836,378.858 34.93290760,32.11605299,379.767 34.93508239,32.11595362,378.873 34.93760417,32.11560454,355.511 34.94097689,32.11499470,315.340 34.94165079,32.11485988,307.457 34.94229791,32.11473791,302.741 34.94290284,32.11463347,300.362 34.94392681,32.11450169,304.224 34.94543925,32.11447696,331.117 34.94614904,32.11442934,346.859 34.94649024,32.11440156,354.693 34.94681673,32.11436916,361.315 34.94714676,32.11432995,367.537 34.94749556,32.11428415,373.552 34.94786562,32.11420442,376.133 34.94826574,32.11409798,377.548 34.94867234,32.11398472,380.001 34.94910096,32.11386194,381.521 34.94952562,32.11373164,381.240 34.94994594,32.11360236,381.602 34.95036627,32.11347066,382.130 34.95078768,32.11333957,382.537 34.95121378,32.11320938,381.564 34.95164193,32.11307585,381.189 34.95207397,32.11294327,380.046 34.95250493,32.11280756,380.774 34.95294331,32.11266750,381.967 34.95338413,32.11252423,381.566 34.95382854,32.11237542,382.429 34.95427181,32.11222653,381.495 34.95471794,32.11206855,381.512 34.95516209,32.11190205,381.357 34.95604497,32.11153068,381.489 34.95648226,32.11132692,381.340 34.95692294,32.11110821,382.499 34.95736287,32.11087944,381.944 34.95780090,32.11063783,381.748 34.95823815,32.11038620,381.295 34.95867203,32.11012898,380.745 34.95911274,32.10985793,382.353 34.95955174,32.10957972,383.455 34.95999088,32.10929762,384.308 34.96047430,32.10898856,385.486 34.96095743,32.10867996,388.170 34.96144202,32.10837166,390.276 34.96192534,32.10806420,391.185 34.96240618,32.10775702,391.976 34.96288794,32.10745085,392.999 34.96336887,32.10714549,394.373 34.96385157,32.10683650,395.935 34.96432913,32.10653170,398.126 34.96480648,32.10622831,400.928 34.96528348,32.10592707,404.437 34.96749547,32.10456774,409.251 34.96887132,32.10381333,414.510 34.96934193,32.10358054,415.538 34.96981955,32.10335766,416.444 34.97030108,32.10315112,415.539 34.97127272,32.10278320,412.881 34.97176904,32.10262244,413.767 34.97227611,32.10247628,413.203 34.97331150,32.10222094,414.745 34.97384201,32.10211638,415.350 34.97437920,32.10202628,415.465 34.97492282,32.10194887,415.151 34.97547198,32.10188430,414.128 34.97602978,32.10182618,414.084 34.97946513,32.10164962,415.830 34.98003405,32.10163635,414.320 34.98059650,32.10162526,412.863 34.98115280,32.10161552,411.838 34.98170469,32.10160720,411.233 34.98225218,32.10159906,410.964 34.98279526,32.10159161,411.066 34.98333005,32.10158543,411.213 34.98386915,32.10159192,409.219 34.98616808,32.10162789,412.548 34.98673339,32.10167297,414.490 34.98729555,32.10174112,416.019 34.98785380,32.10182930,417.321 34.98840523,32.10194716,418.580 34.98949854,32.10226124,419.561 34.99003298,32.10243969,422.764 34.99052137,32.10265214,424.734 34.99100510,32.10289211,425.559 34.99148707,32.10314330,425.422 34.99197154,32.10339886,425.105 34.99245849,32.10365878,424.608 34.99294825,32.10391883,424.225 34.99698757,32.10574309,422.281 34.99751627,32.10590655,421.776 34.99859179,32.10618567,420.963 34.99913528,32.10630075,421.644 34.99968148,32.10639932,423.382 35.00132977,32.10662902,432.208 35.00556873,32.10734969,410.480 35.00607787,32.10752013,382.516 35.01060026,32.10953601,-25.025 35.01599362,32.11011857,-91.279 35.01654398,32.11009439,-87.989 35.01709306,32.11006064,-86.056 35.01764451,32.11001706,-84.651 35.01819624,32.10996081,-82.018 35.01874001,32.10989475,-79.859 35.01929222,32.10982370,-77.356 35.01983750,32.10974772,-75.311 35.02037757,32.10965825,-72.675 35.02092418,32.10956765,-70.109 35.02147418,32.10947427,-67.344 35.02202793,32.10937249,-67.274 35.02258025,32.10925872,-67.475 35.02312785,32.10912660,-65.996 35.02420666,32.10881302,-64.640 35.02474007,32.10863450,-64.118 35.02578609,32.10822326,-62.594 35.02630781,32.10799652,-62.130 35.02681513,32.10775595,-60.905 35.02732477,32.10750606,-62.141 35.02832584,32.10697731,-59.315 35.02883278,32.10671316,-58.915 35.02933794,32.10644963,-58.317 35.02984152,32.10618669,-57.075 35.03035143,32.10592444,-56.119 35.03085897,32.10566334,-55.418 35.03136415,32.10540339,-54.971 35.03582269,32.10323950,-38.752 35.03631414,32.10306304,-36.086 35.03680782,32.10291080,-33.818 35.03730374,32.10278625,-31.706 35.03780190,32.10269082,-29.653 35.03830230,32.10262449,-27.656 35.03880493,32.10258728,-25.718 35.04283458,32.10305319,-18.811 35.04333440,32.10317431,-17.693 35.04383529,32.10330171,-16.316 35.04484022,32.10357538,-12.788 35.04854003,32.10434506,7.811 35.04908998,32.10437051,11.470 35.05019412,32.10435078,18.550 35.05407629,32.10370635,30.649 35.05463155,32.10358291,31.534 35.05518336,32.10345185,34.387 35.05575416,32.10330691,40.529 35.05633717,32.10314374,50.733 35.05692936,32.10296037,65.344 35.05753072,32.10275680,84.363 35.05813764,32.10252912,110.190 35.06442001,32.09968527,500.414 35.06500666,32.09945470,528.825 35.06558073,32.09924418,552.148 35.06614052,32.09905137,570.811 35.06668995,32.09887836,585.196 35.06721393,32.09871759,595.813 35.06771271,32.09857244,603.328 35.06821524,32.09843469,609.526 35.06871804,32.09830179,614.103 35.06921438,32.09817128,619.263 35.06970302,32.09804324,622.588 35.07019220,32.09791676,625.012 35.07067215,32.09779099,627.754 35.07356015,32.09700425,645.289 35.07604024,32.09627893,652.695 35.07654446,32.09613142,652.827 35.07704644,32.09598510,652.904 35.07754935,32.09583931,653.733 35.07805567,32.09569497,654.367 35.07907072,32.09540873,657.414 35.07957943,32.09526553,658.631 35.08009098,32.09512224,659.319 35.08060799,32.09497544,661.248 35.08113105,32.09483011,662.847 35.08165853,32.09468166,665.254 35.08219044,32.09453009,668.469 35.08543065,32.09362420,688.794 35.08597404,32.09347748,692.684 35.08651817,32.09333131,694.660 35.08706624,32.09318701,697.563 35.08761345,32.09304984,698.936 35.08870532,32.09279981,697.302 35.08926091,32.09268443,696.801 35.08982780,32.09257294,696.946 35.09155197,32.09230773,695.429 35.09273221,32.09219517,693.336 35.09332958,32.09215740,692.164 35.09454060,32.09211031,691.937 35.09515873,32.09211095,690.393 35.09638522,32.09211966,688.196 35.09700740,32.09213243,687.646 35.09763155,32.09215299,686.256 35.09825767,32.09217942,683.891 35.09888991,32.09219244,683.923 35.09951803,32.09221192,683.200 35.10014202,32.09223575,681.576 35.10138879,32.09228283,678.416 35.10200890,32.09228924,679.878 35.10384174,32.09238137,673.056 35.10502936,32.09246233,671.102 35.10561307,32.09252756,668.801 35.10619399,32.09260080,666.835 35.10677158,32.09268565,665.393 35.10791095,32.09289004,666.485 35.10901537,32.09316515,667.714 35.10955800,32.09332418,669.783 35.11062173,32.09368976,673.985 35.11114101,32.09389379,675.547 35.11165211,32.09410579,678.579 35.11216130,32.09433166,680.136 35.11266410,32.09456628,681.320 35.11316008,32.09480689,682.755 35.11364924,32.09505350,684.438 35.11413976,32.09530226,686.107 35.11462627,32.09556039,687.963 35.11511643,32.09581721,687.517 35.11608507,32.09631932,692.048 35.11656905,32.09657426,693.743 35.11705480,32.09682787,694.358 35.11753305,32.09707800,696.584 35.11800881,32.09732606,699.119 35.11848385,32.09757731,700.382 35.11895817,32.09783175,700.375 35.11943059,32.09808049,701.184 35.12130702,32.09906886,706.018 35.12177147,32.09931363,708.103 35.12223521,32.09956096,710.089 35.12317768,32.10006574,710.205 35.12364637,32.10032382,711.439 35.12411649,32.10057986,712.974 35.12458542,32.10084148,713.436 35.12504438,32.10111138,714.854 35.12550158,32.10138044,715.765 35.12595491,32.10164838,715.903 35.12640529,32.10191782,716.017 35.12685123,32.10219304,714.939 35.12729126,32.10247265,714.141 35.12772087,32.10274949,716.033 35.12814938,32.10302255,717.665 35.12901456,32.10356645,718.191 35.12945163,32.10383226,719.184 35.12989582,32.10409184,720.203 35.13080636,32.10460222,721.750 35.13126902,32.10485525,723.155 35.13174227,32.10510175,724.510 35.13222456,32.10534330,724.594 35.13271417,32.10557908,724.794 35.13320748,32.10581276,725.114 35.13370183,32.10604495,725.997 35.13419942,32.10627385,726.344 35.13469229,32.10650012,727.635 35.13518728,32.10672416,728.273 35.13567623,32.10694583,728.792 35.13615494,32.10716676,730.512 35.13663485,32.10738054,729.843 35.13710335,32.10758889,730.292 35.13755972,32.10778632,732.357 35.13800628,32.10797670,734.332 35.13844326,32.10815143,737.753 35.13886219,32.10830863,740.165 35.13926379,32.10844869,741.996 35.13999293,32.10868639,744.497 35.14031156,32.10878227,746.182 35.14105700,32.10897046,750.028 35.14139476,32.10903850,749.897 35.14152491,32.10906314,747.896 35.14165017,32.10908276,746.787 35.14188933,32.10911459,745.765 35.14201461,32.10912722,744.904 35.14216645,32.10914001,743.443 35.14253481,32.10917799,737.485 35.14277449,32.10923224,727.454 35.14305023,32.10930710,712.205 35.14336036,32.10940277,691.702 35.14369234,32.10951921,665.855 35.14736942,32.11099928,298.669 35.14782532,32.11109837,270.235 35.14829159,32.11116700,248.760 35.14875136,32.11120396,234.459 35.14923479,32.11120500,229.403 35.14974189,32.11117152,233.689 35.15026158,32.11109639,248.575 35.15081137,32.11099811,270.696 35.15136897,32.11088544,297.156 35.15724063,32.10925856,722.332 35.15780968,32.10916541,750.192 35.15837180,32.10909134,773.014 35.15889449,32.10904515,788.859 35.15941051,32.10905077,793.880 35.15990878,32.10910111,789.336 35.16136043,32.10947038,721.791 35.16457244,32.11072052,450.436 35.16488209,32.11068929,451.600 35.16663591,32.10889950,741.785 35.16673484,32.10864395,772.487 35.16680020,32.10840343,797.867 35.16683908,32.10816264,816.208 35.16685242,32.10793641,828.249 35.16684334,32.10771975,833.161 35.16680074,32.10751210,832.327 35.16674416,32.10728470,830.853 35.16668489,32.10704099,828.929 35.16661028,32.10677810,827.111 35.16651951,32.10650600,825.505 35.16642300,32.10622650,824.746 35.16632654,32.10594708,824.028 35.16623395,32.10566070,822.414 35.16614373,32.10538461,820.886 35.16604814,32.10510395,820.090 35.16595382,32.10482518,819.223 35.16586139,32.10455088,818.467 35.16577503,32.10428280,817.260 35.16568848,32.10403515,816.307 35.16561287,32.10380800,814.505 35.16554752,32.10359796,812.057 35.16548841,32.10342271,803.118 35.16543720,32.10328846,786.846 35.16539608,32.10319797,762.991 35.16535949,32.10314928,732.288 35.16533421,32.10314371,693.442 35.16558741,32.10345511,348.816 35.16572060,32.10342756,312.833 35.16608474,32.10327939,263.356 35.16632024,32.10315906,249.800 35.16687277,32.10284231,242.945 35.16718451,32.10267799,243.796 35.16754156,32.10252742,245.944 35.16875088,32.10219503,252.660 35.16917821,32.10211914,253.772 35.17006848,32.10206746,253.615 35.17051852,32.10208603,254.372 35.17141191,32.10221069,255.384 35.17228435,32.10243091,255.758 35.17269196,32.10255947,255.427 35.17406002,32.10308732,261.337 35.17433610,32.10320547,263.930 35.17459292,32.10331889,265.692 35.17483120,32.10342543,267.741 35.17505337,32.10352816,269.072 35.17576305,32.10380260,271.089 35.17591220,32.10384909,269.559 35.17607028,32.10389537,267.659 35.17624453,32.10392757,266.646 35.17646729,32.10398427,266.922 35.17701400,32.10413626,270.734 35.17819207,32.10436744,283.881 35.17850019,32.10443590,287.572 35.17911227,32.10455371,297.595 35.17938987,32.10461371,302.115 35.17960851,32.10464189,304.413 35.17978888,32.10463806,303.069 35.18010573,32.10462477,298.925 35.18025219,32.10461043,298.023 35.18039504,32.10459668,297.194 35.18054313,32.10457255,299.073 35.18105070,32.10452895,303.090 35.18124995,32.10452081,304.771 35.18147277,32.10452011,307.328 35.18220607,32.10458654,319.974 35.18247824,32.10463757,323.255 35.18276898,32.10469929,326.111 35.18371657,32.10494260,330.618 35.18405570,32.10503623,332.440 35.18475588,32.10521433,335.436 35.18548825,32.10536312,337.384 35.18586726,32.10542244,338.868 35.18623862,32.10547039,340.202 35.18695362,32.10555518,339.793 35.18728399,32.10558288,340.549 35.18759621,32.10559863,342.198 35.18789732,32.10560615,343.531 35.18819009,32.10560732,345.525 35.18904098,32.10557247,355.513 35.18993062,32.10548350,360.915 35.19025594,32.10543655,363.374 35.19060238,32.10537965,365.387 35.19096995,32.10531389,367.028 35.19134805,32.10524071,367.907 35.19173671,32.10516067,368.061 35.19482200,32.10423584,367.063 35.19577946,32.10384313,373.180 35.19692453,32.10347913,379.257 35.19720016,32.10342440,381.602 35.19750393,32.10341390,383.361 35.19781923,32.10342353,384.965 35.19815188,32.10345263,385.572 35.19852716,32.10351274,387.508 35.19891389,32.10359644,388.448 35.19929264,32.10369392,389.158 35.19967192,32.10381013,388.841 35.20006538,32.10393180,388.969 35.20045369,32.10405682,389.636 35.20085133,32.10418379,390.570 35.20126188,32.10432238,389.578 35.20164652,32.10443534,390.717 35.20239391,32.10464355,391.241 35.20301526,32.10479671,389.400 35.20331178,32.10485152,388.183 35.20360257,32.10489325,389.080 35.20388424,32.10493287,388.940 35.20416556,32.10496398,388.954 35.20444047,32.10497863,391.224 35.20470856,32.10498416,394.455 35.20497361,32.10498338,396.873 35.20524487,32.10497633,400.397 35.20552879,32.10495520,405.518 35.20583102,32.10492844,408.528 35.20615104,32.10489669,411.497 35.20647180,32.10485950,415.030 35.20680454,32.10481565,416.681 35.20712068,32.10476150,419.704 35.20797459,32.10459659,426.480 35.20824093,32.10454354,426.692 35.20849442,32.10448625,425.041 35.20896845,32.10434493,422.349 35.20918777,32.10425943,422.801 35.20940166,32.10416740,423.061 35.20959349,32.10406408,424.240 35.20978622,32.10395530,425.529 35.20997376,32.10384559,426.401 35.21034150,32.10361552,430.742 35.21077113,32.10334591,438.385 35.21088064,32.10328232,441.064 35.21112727,32.10317344,464.076 35.21154353,32.10297724,551.449 35.21274541,32.10250036,870.459 35.21291896,32.10249277,905.604 35.21457561,32.10238230,1037.140 35.21593106,32.10231701,1103.298 35.21603808,32.10240504,1106.275 35.21280905,32.10603975,741.297 35.21248927,32.10677284,539.601 35.21255811,32.10679395,511.345 35.21256627,32.10667644,467.552 35.21223128,32.10634024,449.326 35.21178316,32.10598722,447.197 35.21120455,32.10547490,445.902 35.21089189,32.10516246,446.857 35.21063426,32.10492303,453.441 35.21058405,32.10477253,450.342 35.21055539,32.10467094,442.803 35.21050462,32.10454144,431.925 35.21043173,32.10438403,417.709 35.20977165,32.10346543,325.815</coordinates>
        </LineString>
    </Placemark>

    <Folder>
        <name>Clean CSV points</name>
        
        <Placemark>
            <name>Point 1</name>
            <description><![CDATA[<b>Time:</b> 2026-03-22 06:44:42<br/><b>Satellites:</b> E07,E15,E27,E30<br/><b>RMS residual:</b> 2.634178031930877e-09<br/><b>PDOP:</b> 4.488161593246302<br/><b>GDOP:</b> 5.224687746958146<br/><b>Velocity:</b> nan m/s]]></description>
            <styleUrl>#red_point</styleUrl>
            <Point>
                <coordinates>34.81572464,32.16812292,190.954</coordinates>
            </Point>
        </Placemark>
        <Placemark>
            <name>Point 2</name>
            <description><![CDATA[<b>Time:</b> 2026-03-22 06:44:44<br/><b>Satellites:</b> E07,E15,E27,E30<br/><b>RMS residual:</b> 2.634178031930877e-09<br/><b>PDOP:</b> 4.487450350349095<br/><b>GDOP:</b> 5.223746034135296<br/><b>Velocity:</b> 0.3123520174396054 m/s]]></description>
            <styleUrl>#red_point</styleUrl>
            <Point>
                <coordinates>34.81572070,32.16811841,190.992</coordinates>
            </Point>
        </Placemark>
        <Placemark>
            <name>Point 3</name>
            <description><![CDATA[<b>Time:</b> 2026-03-22 06:44:46<br/><b>Satellites:</b> E07,E15,E27,E30<br/><b>RMS residual:</b> 3.226196034939731e-09<br/><b>PDOP:</b> 4.486738053346553<br/><b>GDOP:</b> 5.222802669210015<br/><b>Velocity:</b> 0.667682273014155 m/s]]></description>
            <styleUrl>#red_point</styleUrl>
            <Point>
                <coordinates>34.81572210,32.16811678,189.675</coordinates>
            </Point>
        </Placemark>
        <Placemark>
            <name>Point 4</name>
            <description><![CDATA[<b>Time:</b> 2026-03-22 06:44:48<br/><b>Satellites:</b> E07,E15,E27,E30<br/><b>RMS residual:</b> 1.862645149230957e-09<br/><b>PDOP:</b> 4.486034529265775<br/><b>GDOP:</b> 5.221870986062258<br/><b>Velocity:</b> 0.601978083439374 m/s]]></description>
            <styleUrl>#red_point</styleUrl>
            <Point>
                <coordinates>34.81572300,32.16811535,188.485</coordinates>
            </Point>
        </Placemark>
        <Placemark>
            <name>Point 5</name>
            <description><![CDATA[<b>Time:</b> 2026-03-22 06:44:52<br/><b>Satellites:</b> E07,E15,E27,E30<br/><b>RMS residual:</b> 1.862645149230957e-09<br/><b>PDOP:</b> 4.484627325852255<br/><b>GDOP:</b> 5.220006038266049<br/><b>Velocity:</b> 0.24185588617250062 m/s]]></description>
            <styleUrl>#red_point</styleUrl>
            <Point>
                <coordinates>34.81572255,32.16811374,187.535</coordinates>
            </Point>
        </Placemark>
        <Placemark>
            <name>Point 6</name>
            <description><![CDATA[<b>Time:</b> 2026-03-22 06:44:54<br/><b>Satellites:</b> E07,E15,E27,E30<br/><b>RMS residual:</b> 3.725290298461914e-09<br/><b>PDOP:</b> 4.483934537487511<br/><b>GDOP:</b> 5.219088339533257<br/><b>Velocity:</b> 0.36684161069490906 m/s]]></description>
            <styleUrl>#red_point</styleUrl>
            <Point>
                <coordinates>34.81572335,32.16811200,186.831</coordinates>
            </Point>
        </Placemark>
        <Placemark>
            <name>Point 7</name>
            <description><![CDATA[<b>Time:</b> 2026-03-22 06:44:56<br/><b>Satellites:</b> E07,E15,E27,E30<br/><b>RMS residual:</b> 0.0<br/><b>PDOP:</b> 4.483239320167597<br/><b>GDOP:</b> 5.218166231433072<br/><b>Velocity:</b> 0.49227248176552374 m/s]]></description>
            <styleUrl>#red_point</styleUrl>
            <Point>
                <coordinates>34.81572349,32.16810927,185.895</coordinates>
            </Point>
        </Placemark>
        <Placemark>
            <name>Point 8</name>
            <description><![CDATA[<b>Time:</b> 2026-03-22 06:44:58<br/><b>Satellites:</b> E07,E15,E27,E30<br/><b>RMS residual:</b> 2.634178031930877e-09<br/><b>PDOP:</b> 4.482546798522974<br/><b>GDOP:</b> 5.2172474258322366<br/><b>Velocity:</b> 0.579168542174937 m/s]]></description>
            <styleUrl>#red_point</styleUrl>
            <Point>
                <coordinates>34.81572515,32.16810796,184.756</coordinates>
            </Point>
        </Placemark>
        <Placemark>
            <name>Point 9</name>
            <description><![CDATA[<b>Time:</b> 2026-03-22 06:45:00<br/><b>Satellites:</b> E07,E15,E27,E30<br/><b>RMS residual:</b> 1.862645149230957e-09<br/><b>PDOP:</b> 4.481853229204656<br/><b>GDOP:</b> 5.216326671480207<br/><b>Velocity:</b> 0.5559169989302961 m/s]]></description>
            <styleUrl>#red_point</styleUrl>
            <Point>
                <coordinates>34.81572539,32.16810508,183.691</coordinates>
            </Point>
        </Placemark>
        <Placemark>
            <name>Point 10</name>
            <description><![CDATA[<b>Time:</b> 2026-03-22 06:45:02<br/><b>Satellites:</b> E07,E15,E27,E30<br/><b>RMS residual:</b> 1.862645149230957e-09<br/><b>PDOP:</b> 4.481166287041316<br/><b>GDOP:</b> 5.215414700724015<br/><b>Velocity:</b> 0.3666821564197639 m/s]]></description>
            <styleUrl>#red_point</styleUrl>
            <Point>
                <coordinates>34.81572337,32.16810273,183.033</coordinates>
            </Point>
        </Placemark>
        <Placemark>
            <name>Point 11</name>
            <description><![CDATA[<b>Time:</b> 2026-03-22 06:45:04<br/><b>Satellites:</b> E07,E15,E27,E30<br/><b>RMS residual:</b> 1.862645149230957e-09<br/><b>PDOP:</b> 4.4804858081903935<br/><b>GDOP:</b> 5.214511305789836<br/><b>Velocity:</b> 0.20103595348320055 m/s]]></description>
            <styleUrl>#red_point</styleUrl>
            <Point>
                <coordinates>34.81572178,32.16810102,182.711</coordinates>
            </Point>
        </Placemark>
        <Placemark>
            <name>Point 12</name>
            <description><![CDATA[<b>Time:</b> 2026-03-22 06:45:06<br/><b>Satellites:</b> E07,E15,E27,E30<br/><b>RMS residual:</b> 0.0<br/><b>PDOP:</b> 4.4798053566494485<br/><b>GDOP:</b> 5.213607433404807<br/><b>Velocity:</b> 0.4297052110716782 m/s]]></description>
            <styleUrl>#red_point</styleUrl>
            <Point>
                <coordinates>34.81572371,32.16810007,181.878</coordinates>
            </Point>
        </Placemark>
        <Placemark>
            <name>Point 13</name>
            <description><![CDATA[<b>Time:</b> 2026-03-22 06:45:10<br/><b>Satellites:</b> E07,E15,E27,E30<br/><b>RMS residual:</b> 3.226196034939731e-09<br/><b>PDOP:</b> 4.4784494293943675<br/><b>GDOP:</b> 5.211805219398684<br/><b>Velocity:</b> 0.1639252436532497 m/s]]></description>
            <styleUrl>#red_point</styleUrl>
            <Point>
                <coordinates>34.81572313,32.16810200,181.448</coordinates>
            </Point>
        </Placemark>
        <Placemark>
            <name>Point 14</name>
            <description><![CDATA[<b>Time:</b> 2026-03-22 06:45:12<br/><b>Satellites:</b> E07,E15,E27,E30<br/><b>RMS residual:</b> 1.862645149230957e-09<br/><b>PDOP:</b> 4.477774504162401<br/><b>GDOP:</b> 5.210907489937724<br/><b>Velocity:</b> 0.2219284811719516 m/s]]></description>
            <styleUrl>#red_point</styleUrl>
            <Point>
                <coordinates>34.81572141,32.16810247,181.858</coordinates>
            </Point>
        </Placemark>
        <Placemark>
            <name>Point 15</name>
            <description><![CDATA[<b>Time:</b> 2026-03-22 06:45:14<br/><b>Satellites:</b> E07,E15,E27,E30<br/><b>RMS residual:</b> 3.226196034939731e-09<br/><b>PDOP:</b> 4.4771027857798895<br/><b>GDOP:</b> 5.210013722290738<br/><b>Velocity:</b> 0.3049023735110804 m/s]]></description>
            <styleUrl>#red_point</styleUrl>
            <Point>
                <coordinates>34.81572257,32.16810227,182.458</coordinates>
            </Point>
        </Placemark>
        <Placemark>
            <name>Point 16</name>
            <description><![CDATA[<b>Time:</b> 2026-03-22 06:45:16<br/><b>Satellites:</b> E07,E15,E27,E30<br/><b>RMS residual:</b> 2.634178031930877e-09<br/><b>PDOP:</b> 4.476440494841539<br/><b>GDOP:</b> 5.209133018174306<br/><b>Velocity:</b> 0.43666104107069803 m/s]]></description>
            <styleUrl>#red_point</styleUrl>
            <Point>
                <coordinates>34.81572268,32.16810515,183.270</coordinates>
            </Point>
        </Placemark>
        <Placemark>
            <name>Point 17</name>
            <description><![CDATA[<b>Time:</b> 2026-03-22 06:45:18<br/><b>Satellites:</b> E07,E15,E27,E30<br/><b>RMS residual:</b> 1.862645149230957e-09<br/><b>PDOP:</b> 4.475773845409267<br/><b>GDOP:</b> 5.208245268417153<br/><b>Velocity:</b> 0.3996926373856638 m/s]]></description>
            <styleUrl>#red_point</styleUrl>
            <Point>
                <coordinates>34.81572502,32.16810651,184.024</coordinates>
            </Point>
        </Placemark>
        <Placemark>
            <name>Point 18</name>
            <description><![CDATA[<b>Time:</b> 2026-03-22 06:45:20<br/><b>Satellites:</b> E07,E15,E27,E30<br/><b>RMS residual:</b> 2.634178031930877e-09<br/><b>PDOP:</b> 4.475111324340135<br/><b>GDOP:</b> 5.2073628898118685<br/><b>Velocity:</b> 0.4312092632594823 m/s]]></description>
            <styleUrl>#red_point</styleUrl>
            <Point>
                <coordinates>34.81572819,32.16810760,184.824</coordinates>
            </Point>
        </Placemark>
        <Placemark>
            <name>Point 19</name>
            <description><![CDATA[<b>Time:</b> 2026-03-22 06:45:22<br/><b>Satellites:</b> E07,E15,E27,E30<br/><b>RMS residual:</b> 3.226196034939731e-09<br/><b>PDOP:</b> 4.474456049381082<br/><b>GDOP:</b> 5.206490417807848<br/><b>Velocity:</b> 0.5253867119898498 m/s]]></description>
            <styleUrl>#red_point</styleUrl>
            <Point>
                <coordinates>34.81573126,32.16810964,185.808</coordinates>
            </Point>
        </Placemark>
        <Placemark>
            <name>Point 20</name>
            <description><![CDATA[<b>Time:</b> 2026-03-22 06:45:26<br/><b>Satellites:</b> E07,E15,E27,E30<br/><b>RMS residual:</b> 0.0<br/><b>PDOP:</b> 4.4731402019112805<br/><b>GDOP:</b> 5.204736067549988<br/><b>Velocity:</b> 0.35799426834148695 m/s]]></description>
            <styleUrl>#red_point</styleUrl>
            <Point>
                <coordinates>34.81573788,32.16811293,187.168</coordinates>
            </Point>
        </Placemark>
        <Placemark>
            <name>Point 21</name>
            <description><![CDATA[<b>Time:</b> 2026-03-22 06:45:30<br/><b>Satellites:</b> E07,E15,E27,E30<br/><b>RMS residual:</b> 1.862645149230957e-09<br/><b>PDOP:</b> 4.471842287122772<br/><b>GDOP:</b> 5.203004795906412<br/><b>Velocity:</b> 0.27002638715837013 m/s]]></description>
            <styleUrl>#red_point</styleUrl>
            <Point>
                <coordinates>34.81574204,32.16811795,188.283</coordinates>
            </Point>
        </Placemark>
        <Placemark>
            <name>Point 22</name>
            <description><![CDATA[<b>Time:</b> 2026-03-22 06:45:34<br/><b>Satellites:</b> E07,E15,E27,E30<br/><b>RMS residual:</b> 2.634178031930877e-09<br/><b>PDOP:</b> 4.470551660703677<br/><b>GDOP:</b> 5.2012817133529605<br/><b>Velocity:</b> 3.989551178001776 m/s]]></description>
            <styleUrl>#red_point</styleUrl>
            <Point>
                <coordinates>34.81570217,32.16814851,195.063</coordinates>
            </Point>
        </Placemark>
        <Placemark>
            <name>Point 23</name>
            <description><![CDATA[<b>Time:</b> 2026-03-22 06:45:36<br/><b>Satellites:</b> E07,E15,E27,E30<br/><b>RMS residual:</b> 0.0<br/><b>PDOP:</b> 4.469913542217444<br/><b>GDOP:</b> 5.200429549436575<br/><b>Velocity:</b> 7.908308332287146 m/s]]></description>
            <styleUrl>#red_point</styleUrl>
            <Point>
                <coordinates>34.81562322,32.16819879,207.855</coordinates>
            </Point>
        </Placemark>
        <Placemark>
            <name>Point 24</name>
            <description><![CDATA[<b>Time:</b> 2026-03-22 06:45:38<br/><b>Satellites:</b> E07,E15,E27,E30<br/><b>RMS residual:</b> 2.634178031930877e-09<br/><b>PDOP:</b> 4.469276554847018<br/><b>GDOP:</b> 5.199578400022097<br/><b>Velocity:</b> 11.685499751477309 m/s]]></description>
            <styleUrl>#red_point</styleUrl>
            <Point>
                <coordinates>34.81550365,32.16826880,226.794</coordinates>
            </Point>
        </Placemark>
        <Placemark>
            <name>Point 25</name>
            <description><![CDATA[<b>Time:</b> 2026-03-22 06:45:40<br/><b>Satellites:</b> E07,E15,E27,E30<br/><b>RMS residual:</b> 2.634178031930877e-09<br/><b>PDOP:</b> 4.468644597633676<br/><b>GDOP:</b> 5.198733872887842<br/><b>Velocity:</b> 11.741816735927419 m/s]]></description>
            <styleUrl>#red_point</styleUrl>
            <Point>
                <coordinates>34.81538079,32.16833900,245.678</coordinates>
            </Point>
        </Placemark>
        <Placemark>
            <name>Point 26</name>
            <description><![CDATA[<b>Time:</b> 2026-03-22 06:45:42<br/><b>Satellites:</b> E07,E15,E27,E30<br/><b>RMS residual:</b> 1.862645149230957e-09<br/><b>PDOP:</b> 4.468011486935735<br/><b>GDOP:</b> 5.197887172962596<br/><b>Velocity:</b> 11.75015044332285 m/s]]></description>
            <styleUrl>#red_point</styleUrl>
            <Point>
                <coordinates>34.81525673,32.16840958,264.495</coordinates>
            </Point>
        </Placemark>
        <Placemark>
            <name>Point 27</name>
            <description><![CDATA[<b>Time:</b> 2026-03-22 06:45:48<br/><b>Satellites:</b> E07,E15,E21,E29,E34<br/><b>RMS residual:</b> 19.98553796344803<br/><b>PDOP:</b> 3.3002001393827154<br/><b>GDOP:</b> 3.6675262660389283<br/><b>Velocity:</b> 11.35630385025437 m/s]]></description>
            <styleUrl>#red_point</styleUrl>
            <Point>
                <coordinates>34.81488060,32.16861400,319.589</coordinates>
            </Point>
        </Placemark>
        <Placemark>
            <name>Point 28</name>
            <description><![CDATA[<b>Time:</b> 2026-03-22 06:45:54<br/><b>Satellites:</b> E07,E15,E21,E29,E34<br/><b>RMS residual:</b> 19.166040726392698<br/><b>PDOP:</b> 3.2960339960995375<br/><b>GDOP:</b> 3.6627517449990044<br/><b>Velocity:</b> 10.989569850979535 m/s]]></description>
            <styleUrl>#red_point</styleUrl>
            <Point>
                <coordinates>34.81449634,32.16881288,370.453</coordinates>
            </Point>
        </Placemark>
        <Placemark>
            <name>Point 29</name>
            <description><![CDATA[<b>Time:</b> 2026-03-22 06:45:56<br/><b>Satellites:</b> E07,E15,E21,E29,E34<br/><b>RMS residual:</b> 21.558142460245556<br/><b>PDOP:</b> 3.2946489341746594<br/><b>GDOP:</b> 3.661164954296044<br/><b>Velocity:</b> 7.343295778617518 m/s]]></description>
            <styleUrl>#red_point</styleUrl>
            <Point>
                <coordinates>34.81439316,32.16885578,380.370</coordinates>
            </Point>
        </Placemark>
        <Placemark>
            <name>Point 30</name>
            <description><![CDATA[<b>Time:</b> 2026-03-22 06:46:00<br/><b>Satellites:</b> E07,E15,E21,E29,E34<br/><b>RMS residual:</b> 24.06380872654136<br/><b>PDOP:</b> 3.2918818311812963<br/><b>GDOP:</b> 3.6579940035451117<br/><b>Velocity:</b> 2.447921876559706 m/s]]></description>
            <styleUrl>#red_point</styleUrl>
            <Point>
                <coordinates>34.81428966,32.16888027,379.865</coordinates>
            </Point>
        </Placemark>
        <Placemark>
            <name>Point 31</name>
            <description><![CDATA[<b>Time:</b> 2026-03-22 06:46:12<br/><b>Satellites:</b> E07,E15,E21,E29,E34<br/><b>RMS residual:</b> 22.80759391399274<br/><b>PDOP:</b> 3.283611003329677<br/><b>GDOP:</b> 3.6485143781765452<br/><b>Velocity:</b> 4.407057945000726 m/s]]></description>
            <styleUrl>#red_point</styleUrl>
            <Point>
                <coordinates>34.81388894,32.16889662,372.590</coordinates>
            </Point>
        </Placemark>
        <Placemark>
            <name>Point 32</name>
            <description><![CDATA[<b>Time:</b> 2026-03-22 06:46:14<br/><b>Satellites:</b> E07,E15,E21,E29,E34<br/><b>RMS residual:</b> 21.22907549045234<br/><b>PDOP:</b> 3.282234929412798<br/><b>GDOP:</b> 3.64693623278763<br/><b>Velocity:</b> 4.518589375133409 m/s]]></description>
            <styleUrl>#red_point</styleUrl>
            <Point>
                <coordinates>34.81379399,32.16890126,373.686</coordinates>
            </Point>
        </Placemark>
        <Placemark>
            <name>Point 33</name>
            <description><![CDATA[<b>Time:</b> 2026-03-22 06:46:20<br/><b>Satellites:</b> E07,E15,E21,E29,E34<br/><b>RMS residual:</b> 23.28469489318582<br/><b>PDOP:</b> 3.2781159070339485<br/><b>GDOP:</b> 3.6422127462622194<br/><b>Velocity:</b> 4.799436243213945 m/s]]></description>
            <styleUrl>#red_point</styleUrl>
            <Point>
                <coordinates>34.81349756,32.16892537,376.880</coordinates>
            </Point>
        </Placemark>
        <Placemark>
            <name>Point 34</name>
            <description><![CDATA[<b>Time:</b> 2026-03-22 06:46:30<br/><b>Satellites:</b> E07,E15,E21,E29,E34<br/><b>RMS residual:</b> 21.68997836796105<br/><b>PDOP:</b> 3.2712829470759894<br/><b>GDOP:</b> 3.6343781727365667<br/><b>Velocity:</b> 8.960722590685295 m/s]]></description>
            <styleUrl>#red_point</styleUrl>
            <Point>
                <coordinates>34.81308099,32.16880462,334.834</coordinates>
            </Point>
        </Placemark>
        <Placemark>
            <name>Point 35</name>
            <description><![CDATA[<b>Time:</b> 2026-03-22 06:46:32<br/><b>Satellites:</b> E07,E15,E21,E29,E34<br/><b>RMS residual:</b> 20.049115260986028<br/><b>PDOP:</b> 3.2699222639401637<br/><b>GDOP:</b> 3.6328185038855305<br/><b>Velocity:</b> 9.34026597650969 m/s]]></description>
            <styleUrl>#red_point</styleUrl>
            <Point>
                <coordinates>34.81303689,32.16875850,317.355</coordinates>
            </Point>
        </Placemark>
        <Placemark>
            <name>Point 36</name>
            <description><![CDATA[<b>Time:</b> 2026-03-22 06:46:44<br/><b>Satellites:</b> E07,E15,E27,E30<br/><b>RMS residual:</b> 0.0<br/><b>PDOP:</b> 4.449828744645489<br/><b>GDOP:</b> 5.173404462630096<br/><b>Velocity:</b> 5.117091269968458 m/s]]></description>
            <styleUrl>#red_point</styleUrl>
            <Point>
                <coordinates>34.81258140,32.16850120,259.468</coordinates>
            </Point>
        </Placemark>
        <Placemark>
            <name>Point 37</name>
            <description><![CDATA[<b>Time:</b> 2026-03-22 06:46:52<br/><b>Satellites:</b> E07,E15,E21,E29,E34<br/><b>RMS residual:</b> 20.805897324604313<br/><b>PDOP:</b> 3.2563545405952334<br/><b>GDOP:</b> 3.6172549520906645<br/><b>Velocity:</b> 8.248340196621117 m/s]]></description>
            <styleUrl>#red_point</styleUrl>
            <Point>
                <coordinates>34.81210184,32.16847349,288.302</coordinates>
            </Point>
        </Placemark>
        <Placemark>
            <name>Point 38</name>
            <description><![CDATA[<b>Time:</b> 2026-03-22 06:46:54<br/><b>Satellites:</b> E07,E15,E21,E29,E34<br/><b>RMS residual:</b> 20.48372477862231<br/><b>PDOP:</b> 3.2550059475302766<br/><b>GDOP:</b> 3.6157081811471725<br/><b>Velocity:</b> 7.147920711716505 m/s]]></description>
            <styleUrl>#red_point</styleUrl>
            <Point>
                <coordinates>34.81195189,32.16846934,290.329</coordinates>
            </Point>
        </Placemark>
        <Placemark>
            <name>Point 39</name>
            <description><![CDATA[<b>Time:</b> 2026-03-22 06:46:56<br/><b>Satellites:</b> E07,E15,E21,E29,E34<br/><b>RMS residual:</b> 19.06654288435888<br/><b>PDOP:</b> 3.2536566189208598<br/><b>GDOP:</b> 3.614159943556416<br/><b>Velocity:</b> 8.850296329329437 m/s]]></description>
            <styleUrl>#red_point</styleUrl>
            <Point>
                <coordinates>34.81179425,32.16846697,280.730</coordinates>
            </Point>
        </Placemark>
        <Placemark>
            <name>Point 40</name>
            <description><![CDATA[<b>Time:</b> 2026-03-22 06:46:58<br/><b>Satellites:</b> E07,E15,E21,E29,E34<br/><b>RMS residual:</b> 20.18642331052424<br/><b>PDOP:</b> 3.252306979481686<br/><b>GDOP:</b> 3.612610829525257<br/><b>Velocity:</b> 12.987932939428354 m/s]]></description>
            <styleUrl>#red_point</styleUrl>
            <Point>
                <coordinates>34.81162018,32.16846009,260.615</coordinates>
            </Point>
        </Placemark>
        <Placemark>
            <name>Point 41</name>
            <description><![CDATA[<b>Time:</b> 2026-03-22 06:47:00<br/><b>Satellites:</b> E07,E15,E21,E29,E34<br/><b>RMS residual:</b> 21.148432246561306<br/><b>PDOP:</b> 3.250960665337011<br/><b>GDOP:</b> 3.6110661005116333<br/><b>Velocity:</b> 14.257127077418662 m/s]]></description>
            <styleUrl>#red_point</styleUrl>
            <Point>
                <coordinates>34.81148127,32.16843969,235.391</coordinates>
            </Point>
        </Placemark>
        <Placemark>
            <name>Point 42</name>
            <description><![CDATA[<b>Time:</b> 2026-03-22 06:47:02<br/><b>Satellites:</b> E07,E15,E21,E29,E34<br/><b>RMS residual:</b> 21.26726160749382<br/><b>PDOP:</b> 3.249614683883083<br/><b>GDOP:</b> 3.6095214100782083<br/><b>Velocity:</b> 16.07170203494159 m/s]]></description>
            <styleUrl>#red_point</styleUrl>
            <Point>
                <coordinates>34.81137752,32.16840514,205.014</coordinates>
            </Point>
        </Placemark>
        <Placemark>
            <name>Point 43</name>
            <description><![CDATA[<b>Time:</b> 2026-03-22 06:47:14<br/><b>Satellites:</b> E07,E19,E27,E30<br/><b>RMS residual:</b> 0.0<br/><b>PDOP:</b> 3.379922445810004<br/><b>GDOP:</b> 3.7383739688984674<br/><b>Velocity:</b> 6.0922552756561394 m/s]]></description>
            <styleUrl>#red_point</styleUrl>
            <Point>
                <coordinates>34.81101710,32.16815998,94.045</coordinates>
            </Point>
        </Placemark>
        <Placemark>
            <name>Point 44</name>
            <description><![CDATA[<b>Time:</b> 2026-03-22 06:47:26<br/><b>Satellites:</b> E07,E15,E21,E29<br/><b>RMS residual:</b> 1.862645149230957e-09<br/><b>PDOP:</b> 5.523402880704499<br/><b>GDOP:</b> 6.402612370592149<br/><b>Velocity:</b> 19.23979091380212 m/s]]></description>
            <styleUrl>#red_point</styleUrl>
            <Point>
                <coordinates>34.81037060,32.16750022,170.814</coordinates>
            </Point>
        </Placemark>
        <Placemark>
            <name>Point 45</name>
            <description><![CDATA[<b>Time:</b> 2026-03-22 06:47:32<br/><b>Satellites:</b> E07,E15,E21,E29,E34<br/><b>RMS residual:</b> 20.82269007641417<br/><b>PDOP:</b> 3.2295826120927655<br/><b>GDOP:</b> 3.5865268301704187<br/><b>Velocity:</b> 18.068330132614502 m/s]]></description>
            <styleUrl>#red_point</styleUrl>
            <Point>
                <coordinates>34.81002577,32.16722054,279.633</coordinates>
            </Point>
        </Placemark>
        <Placemark>
            <name>Point 46</name>
            <description><![CDATA[<b>Time:</b> 2026-03-22 06:47:34<br/><b>Satellites:</b> E07,E15,E21,E29,E34<br/><b>RMS residual:</b> 19.539773394563486<br/><b>PDOP:</b> 3.2282573634752887<br/><b>GDOP:</b> 3.5850051352629446<br/><b>Velocity:</b> 15.397911496937907 m/s]]></description>
            <styleUrl>#red_point</styleUrl>
            <Point>
                <coordinates>34.80991365,32.16716556,307.906</coordinates>
            </Point>
        </Placemark>
        <Placemark>
            <name>Point 47</name>
            <description><![CDATA[<b>Time:</b> 2026-03-22 06:47:36<br/><b>Satellites:</b> E07,E15,E21,E29,E34<br/><b>RMS residual:</b> 20.619669915401893<br/><b>PDOP:</b> 3.2269342568810786<br/><b>GDOP:</b> 3.58348608380378<br/><b>Velocity:</b> 12.64505847600425 m/s]]></description>
            <styleUrl>#red_point</styleUrl>
            <Point>
                <coordinates>34.80979051,32.16713062,330.034</coordinates>
            </Point>
        </Placemark>
        <Placemark>
            <name>Point 48</name>
            <description><![CDATA[<b>Time:</b> 2026-03-22 06:47:40<br/><b>Satellites:</b> E07,E15,E21,E29,E34<br/><b>RMS residual:</b> 22.857960813379126<br/><b>PDOP:</b> 3.2242847762281746<br/><b>GDOP:</b> 3.5804417132721595<br/><b>Velocity:</b> 5.371521699754077 m/s]]></description>
            <styleUrl>#red_point</styleUrl>
            <Point>
                <coordinates>34.80956217,32.16709533,350.616</coordinates>
            </Point>
        </Placemark>
        <Placemark>
            <name>Point 49</name>
            <description><![CDATA[<b>Time:</b> 2026-03-22 06:47:42<br/><b>Satellites:</b> E07,E15,E21,E29,E34<br/><b>RMS residual:</b> 24.309868068427882<br/><b>PDOP:</b> 3.222969029284585<br/><b>GDOP:</b> 3.57893202744775<br/><b>Velocity:</b> 3.92298511998648 m/s]]></description>
            <styleUrl>#red_point</styleUrl>
            <Point>
                <coordinates>34.80947905,32.16709638,350.345</coordinates>
            </Point>
        </Placemark>
        <Placemark>
            <name>Point 50</name>
            <description><![CDATA[<b>Time:</b> 2026-03-22 06:47:44<br/><b>Satellites:</b> E07,E15,E21,E29,E34<br/><b>RMS residual:</b> 23.016719418248634<br/><b>PDOP:</b> 3.221647794337495<br/><b>GDOP:</b> 3.5774138566763463<br/><b>Velocity:</b> 3.630262660013132 m/s]]></description>
            <styleUrl>#red_point</styleUrl>
            <Point>
                <coordinates>34.80942536,32.16710984,345.361</coordinates>
            </Point>
        </Placemark>
        <Placemark>
            <name>Point 51</name>
            <description><![CDATA[<b>Time:</b> 2026-03-22 06:47:48<br/><b>Satellites:</b> E07,E15,E21,E29,E34<br/><b>RMS residual:</b> 21.514291824556025<br/><b>PDOP:</b> 3.219017429655756<br/><b>GDOP:</b> 3.5743938597552556<br/><b>Velocity:</b> 6.179419072550958 m/s]]></description>
            <styleUrl>#red_point</styleUrl>
            <Point>
                <coordinates>34.80924554,32.16715497,331.889</coordinates>
            </Point>
        </Placemark>
        <Placemark>
            <name>Point 52</name>
            <description><![CDATA[<b>Time:</b> 2026-03-22 06:47:54<br/><b>Satellites:</b> E07,E15,E27,E30<br/><b>RMS residual:</b> 0.0<br/><b>PDOP:</b> 4.432413812371547<br/><b>GDOP:</b> 5.149540347563183<br/><b>Velocity:</b> 9.270203565285374 m/s]]></description>
            <styleUrl>#red_point</styleUrl>
            <Point>
                <coordinates>34.80874514,32.16733139,322.523</coordinates>
            </Point>
        </Placemark>
        <Placemark>
            <name>Point 53</name>
            <description><![CDATA[<b>Time:</b> 2026-03-22 06:48:02<br/><b>Satellites:</b> E07,E15,E21,E29,E34<br/><b>RMS residual:</b> 22.187477957210735<br/><b>PDOP:</b> 3.2098372683799283<br/><b>GDOP:</b> 3.5638475431647336<br/><b>Velocity:</b> 10.360803502829068 m/s]]></description>
            <styleUrl>#red_point</styleUrl>
            <Point>
                <coordinates>34.80801810,32.16760648,330.499</coordinates>
            </Point>
        </Placemark>
        <Placemark>
            <name>Point 54</name>
            <description><![CDATA[<b>Time:</b> 2026-03-22 06:48:04<br/><b>Satellites:</b> E07,E15,E21,E29,E34<br/><b>RMS residual:</b> 18.548091923043557<br/><b>PDOP:</b> 3.2085331648756594<br/><b>GDOP:</b> 3.5623499115186257<br/><b>Velocity:</b> 10.256892777989885 m/s]]></description>
            <styleUrl>#red_point</styleUrl>
            <Point>
                <coordinates>34.80783129,32.16768319,336.659</coordinates>
            </Point>
        </Placemark>
        <Placemark>
            <name>Point 55</name>
            <description><![CDATA[<b>Time:</b> 2026-03-22 06:48:06<br/><b>Satellites:</b> E07,E15,E21,E29,E34<br/><b>RMS residual:</b> 18.52218293156599<br/><b>PDOP:</b> 3.2072248483187087<br/><b>GDOP:</b> 3.5608457405864318<br/><b>Velocity:</b> 10.044138082486766 m/s]]></description>
            <styleUrl>#red_point</styleUrl>
            <Point>
                <coordinates>34.80764526,32.16775409,342.474</coordinates>
            </Point>
        </Placemark>
        <Placemark>
            <name>Point 56</name>
            <description><![CDATA[<b>Time:</b> 2026-03-22 06:48:08<br/><b>Satellites:</b> E07,E15,E21,E29,E34<br/><b>RMS residual:</b> 20.067560492902015<br/><b>PDOP:</b> 3.2059214719789413<br/><b>GDOP:</b> 3.5593484041326473<br/><b>Velocity:</b> 6.032041482135184 m/s]]></description>
            <styleUrl>#red_point</styleUrl>
            <Point>
                <coordinates>34.80752818,32.16778734,345.632</coordinates>
            </Point>
        </Placemark>
        <Placemark>
            <name>Point 57</name>
            <description><![CDATA[<b>Time:</b> 2026-03-22 06:48:10<br/><b>Satellites:</b> E07,E15,E21,E29,E34<br/><b>RMS residual:</b> 21.206414885775697<br/><b>PDOP:</b> 3.204618361979439<br/><b>GDOP:</b> 3.5578509723467118<br/><b>Velocity:</b> 1.7347062264988498 m/s]]></description>
            <styleUrl>#red_point</styleUrl>
            <Point>
                <coordinates>34.80749270,32.16778800,344.719</coordinates>
            </Point>
        </Placemark>
        <Placemark>
            <name>Point 58</name>
            <description><![CDATA[<b>Time:</b> 2026-03-22 06:48:12<br/><b>Satellites:</b> E07,E15,E21,E29,E34<br/><b>RMS residual:</b> 23.051906973461694<br/><b>PDOP:</b> 3.2033150537650954<br/><b>GDOP:</b> 3.5563530486138437<br/><b>Velocity:</b> 6.337598428612393 m/s]]></description>
            <styleUrl>#red_point</styleUrl>
            <Point>
                <coordinates>34.80755993,32.16773915,335.174</coordinates>
            </Point>
        </Placemark>
        <Placemark>
            <name>Point 59</name>
            <description><![CDATA[<b>Time:</b> 2026-03-22 06:48:14<br/><b>Satellites:</b> E07,E15,E21,E29,E34<br/><b>RMS residual:</b> 21.33514660159<br/><b>PDOP:</b> 3.202012141286819<br/><b>GDOP:</b> 3.554855322516537<br/><b>Velocity:</b> 10.548201321632481 m/s]]></description>
            <styleUrl>#red_point</styleUrl>
            <Point>
                <coordinates>34.80769745,32.16765730,321.231</coordinates>
            </Point>
        </Placemark>
        <Placemark>
            <name>Point 60</name>
            <description><![CDATA[<b>Time:</b> 2026-03-22 06:48:16<br/><b>Satellites:</b> E07,E15,E21,E29,E34<br/><b>RMS residual:</b> 19.6548166480027<br/><b>PDOP:</b> 3.200713191594367<br/><b>GDOP:</b> 3.5533630002264602<br/><b>Velocity:</b> 12.245772339384244 m/s]]></description>
            <styleUrl>#red_point</styleUrl>
            <Point>
                <coordinates>34.80787746,32.16756567,306.799</coordinates>
            </Point>
        </Placemark>
        <Placemark>
            <name>Point 61</name>
            <description><![CDATA[<b>Time:</b> 2026-03-22 06:48:22<br/><b>Satellites:</b> E07,E15,E27,E30<br/><b>RMS residual:</b> 1.862645149230957e-09<br/><b>PDOP:</b> 4.426363934843786<br/><b>GDOP:</b> 5.141109433046962<br/><b>Velocity:</b> 15.324136058957164 m/s]]></description>
            <styleUrl>#red_point</styleUrl>
            <Point>
                <coordinates>34.80854328,32.16724143,256.887</coordinates>
            </Point>
        </Placemark>
        <Placemark>
            <name>Point 62</name>
            <description><![CDATA[<b>Time:</b> 2026-03-22 06:48:26<br/><b>Satellites:</b> E07,E15,E27,E30<br/><b>RMS residual:</b> 1.862645149230957e-09<br/><b>PDOP:</b> 4.425539437178245<br/><b>GDOP:</b> 5.13995352216807<br/><b>Velocity:</b> 7.864350033407263 m/s]]></description>
            <styleUrl>#red_point</styleUrl>
            <Point>
                <coordinates>34.80879641,32.16712522,240.968</coordinates>
            </Point>
        </Placemark>
        <Placemark>
            <name>Point 63</name>
            <description><![CDATA[<b>Time:</b> 2026-03-22 06:48:32<br/><b>Satellites:</b> E07,E15,E27,E30<br/><b>RMS residual:</b> 2.634178031930877e-09<br/><b>PDOP:</b> 4.4243230885596665<br/><b>GDOP:</b> 5.138244728914158<br/><b>Velocity:</b> 12.31801410642738 m/s]]></description>
            <styleUrl>#red_point</styleUrl>
            <Point>
                <coordinates>34.80955276,32.16679663,203.357</coordinates>
            </Point>
        </Placemark>
        <Placemark>
            <name>Point 64</name>
            <description><![CDATA[<b>Time:</b> 2026-03-22 06:48:34<br/><b>Satellites:</b> E07,E15,E27,E30<br/><b>RMS residual:</b> 3.226196034939731e-09<br/><b>PDOP:</b> 4.423921245237743<br/><b>GDOP:</b> 5.1376789130704115<br/><b>Velocity:</b> 7.665867899148872 m/s]]></description>
            <styleUrl>#red_point</styleUrl>
            <Point>
                <coordinates>34.80970410,32.16674623,203.200</coordinates>
            </Point>
        </Placemark>
        <Placemark>
            <name>Point 65</name>
            <description><![CDATA[<b>Time:</b> 2026-03-22 06:48:36<br/><b>Satellites:</b> E07,E15,E27,E30<br/><b>RMS residual:</b> 3.226196034939731e-09<br/><b>PDOP:</b> 4.4235213101803135<br/><b>GDOP:</b> 5.137115462640211<br/><b>Velocity:</b> 5.707049634450751 m/s]]></description>
            <styleUrl>#red_point</styleUrl>
            <Point>
                <coordinates>34.80978551,32.16673398,211.535</coordinates>
            </Point>
        </Placemark>
        <Placemark>
            <name>Point 66</name>
            <description><![CDATA[<b>Time:</b> 2026-03-22 06:48:40<br/><b>Satellites:</b> E07,E15,E27,E30<br/><b>RMS residual:</b> 1.862645149230957e-09<br/><b>PDOP:</b> 4.42273269335517<br/><b>GDOP:</b> 5.136002808072397<br/><b>Velocity:</b> 7.104670935745521 m/s]]></description>
            <styleUrl>#red_point</styleUrl>
            <Point>
                <coordinates>34.80987113,32.16673554,236.697</coordinates>
            </Point>
        </Placemark>
        <Placemark>
            <name>Point 67</name>
            <description><![CDATA[<b>Time:</b> 2026-03-22 06:48:48<br/><b>Satellites:</b> E07,E15,E21,E29,E34<br/><b>RMS residual:</b> 19.690942117268342<br/><b>PDOP:</b> 3.180065512837304<br/><b>GDOP:</b> 3.5296260405186306<br/><b>Velocity:</b> 7.436316282634954 m/s]]></description>
            <styleUrl>#red_point</styleUrl>
            <Point>
                <coordinates>34.80992487,32.16677331,298.183</coordinates>
            </Point>
        </Placemark>
        <Placemark>
            <name>Point 68</name>
            <description><![CDATA[<b>Time:</b> 2026-03-22 06:48:50<br/><b>Satellites:</b> E07,E15,E21,E29,E34<br/><b>RMS residual:</b> 22.697258268044383<br/><b>PDOP:</b> 3.178784883789267<br/><b>GDOP:</b> 3.5281531129410797<br/><b>Velocity:</b> 7.314046605217374 m/s]]></description>
            <styleUrl>#red_point</styleUrl>
            <Point>
                <coordinates>34.80990848,32.16678059,312.707</coordinates>
            </Point>
        </Placemark>
        <Placemark>
            <name>Point 69</name>
            <description><![CDATA[<b>Time:</b> 2026-03-22 06:48:54<br/><b>Satellites:</b> E07,E15,E21,E29,E34<br/><b>RMS residual:</b> 21.299405619114523<br/><b>PDOP:</b> 3.1762295170244803<br/><b>GDOP:</b> 3.5252145515030566<br/><b>Velocity:</b> 6.350306623233323 m/s]]></description>
            <styleUrl>#red_point</styleUrl>
            <Point>
                <coordinates>34.80987187,32.16678533,339.702</coordinates>
            </Point>
        </Placemark>
        <Placemark>
            <name>Point 70</name>
            <description><![CDATA[<b>Time:</b> 2026-03-22 06:48:56<br/><b>Satellites:</b> E07,E15,E21,E29,E34<br/><b>RMS residual:</b> 17.22624182243469<br/><b>PDOP:</b> 3.1749524933557893<br/><b>GDOP:</b> 3.523745337173051<br/><b>Velocity:</b> 4.266573739783742 m/s]]></description>
            <styleUrl>#red_point</styleUrl>
            <Point>
                <coordinates>34.80987102,32.16676427,347.910</coordinates>
            </Point>
        </Placemark>
        <Placemark>
            <name>Point 71</name>
            <description><![CDATA[<b>Time:</b> 2026-03-22 06:48:58<br/><b>Satellites:</b> E07,E15,E21,E29,E34<br/><b>RMS residual:</b> 16.32805131077351<br/><b>PDOP:</b> 3.1736742873482373<br/><b>GDOP:</b> 3.522273838460631<br/><b>Velocity:</b> 3.258160544339265 m/s]]></description>
            <styleUrl>#red_point</styleUrl>
            <Point>
                <coordinates>34.80988482,32.16671514,351.238</coordinates>
            </Point>
        </Placemark>
        <Placemark>
            <name>Point 72</name>
            <description><![CDATA[<b>Time:</b> 2026-03-22 06:49:00<br/><b>Satellites:</b> E07,E15,E21,E29,E34<br/><b>RMS residual:</b> 18.282059925502438<br/><b>PDOP:</b> 3.172403407094646<br/><b>GDOP:</b> 3.5208128864673736<br/><b>Velocity:</b> 3.4626145289723 m/s]]></description>
            <styleUrl>#red_point</styleUrl>
            <Point>
                <coordinates>34.80990080,32.16665619,352.958</coordinates>
            </Point>
        </Placemark>
        <Placemark>
            <name>Point 73</name>
            <description><![CDATA[<b>Time:</b> 2026-03-22 06:49:02<br/><b>Satellites:</b> E07,E15,E21,E29,E34<br/><b>RMS residual:</b> 18.597349163743242<br/><b>PDOP:</b> 3.1711335282462194<br/><b>GDOP:</b> 3.5193530592628273<br/><b>Velocity:</b> 3.435717928960135 m/s]]></description>
            <styleUrl>#red_point</styleUrl>
            <Point>
                <coordinates>34.80989750,32.16659450,353.515</coordinates>
            </Point>
        </Placemark>
        <Placemark>
            <name>Point 74</name>
            <description><![CDATA[<b>Time:</b> 2026-03-22 06:49:04<br/><b>Satellites:</b> E07,E15,E21,E29,E34<br/><b>RMS residual:</b> 21.982380570469157<br/><b>PDOP:</b> 3.1698591658467783<br/><b>GDOP:</b> 3.517886070945035<br/><b>Velocity:</b> 3.5464867991685245 m/s]]></description>
            <styleUrl>#red_point</styleUrl>
            <Point>
                <coordinates>34.80987777,32.16653283,353.806</coordinates>
            </Point>
        </Placemark>
        <Placemark>
            <name>Point 75</name>
            <description><![CDATA[<b>Time:</b> 2026-03-22 06:49:08<br/><b>Satellites:</b> E07,E15,E21,E29,E34<br/><b>RMS residual:</b> 9.558637975318325<br/><b>PDOP:</b> 3.167320501928489<br/><b>GDOP:</b> 3.5149659494705134<br/><b>Velocity:</b> 5.995640356422251 m/s]]></description>
            <styleUrl>#red_point</styleUrl>
            <Point>
                <coordinates>34.80976402,32.16639217,357.478</coordinates>
            </Point>
        </Placemark>
        <Placemark>
            <name>Point 76</name>
            <description><![CDATA[<b>Time:</b> 2026-03-22 06:49:16<br/><b>Satellites:</b> E07,E15,E21,E29,E34<br/><b>RMS residual:</b> 19.271076902522285<br/><b>PDOP:</b> 3.1622594546366267<br/><b>GDOP:</b> 3.509142906692959<br/><b>Velocity:</b> 13.871612003346396 m/s]]></description>
            <styleUrl>#red_point</styleUrl>
            <Point>
                <coordinates>34.80905210,32.16607022,409.670</coordinates>
            </Point>
        </Placemark>
        <Placemark>
            <name>Point 77</name>
            <description><![CDATA[<b>Time:</b> 2026-03-22 06:49:38<br/><b>Satellites:</b> E13,E19,E29,E34<br/><b>RMS residual:</b> 2.634178031930877e-09<br/><b>PDOP:</b> 9.061877307528045<br/><b>GDOP:</b> 9.83536964783116<br/><b>Velocity:</b> 7.332863846069154 m/s]]></description>
            <styleUrl>#red_point</styleUrl>
            <Point>
                <coordinates>34.80799688,32.16537086,458.119</coordinates>
            </Point>
        </Placemark>
        <Placemark>
            <name>Point 78</name>
            <description><![CDATA[<b>Time:</b> 2026-03-22 06:49:50<br/><b>Satellites:</b> E07,E15,E21,E29,E34<br/><b>RMS residual:</b> 18.7101999945896<br/><b>PDOP:</b> 3.1409538523050085<br/><b>GDOP:</b> 3.484617127169922<br/><b>Velocity:</b> 14.224762139633038 m/s]]></description>
            <styleUrl>#red_point</styleUrl>
            <Point>
                <coordinates>34.80750056,32.16431949,413.599</coordinates>
            </Point>
        </Placemark>
        <Placemark>
            <name>Point 79</name>
            <description><![CDATA[<b>Time:</b> 2026-03-22 06:49:54<br/><b>Satellites:</b> E07,E15,E21,E29,E34<br/><b>RMS residual:</b> 19.694436511889275<br/><b>PDOP:</b> 3.138471248684466<br/><b>GDOP:</b> 3.4817586482824474<br/><b>Velocity:</b> 14.599654249016545 m/s]]></description>
            <styleUrl>#red_point</styleUrl>
            <Point>
                <coordinates>34.80747548,32.16392022,375.913</coordinates>
            </Point>
        </Placemark>
        <Placemark>
            <name>Point 80</name>
            <description><![CDATA[<b>Time:</b> 2026-03-22 06:50:04<br/><b>Satellites:</b> E07,E15,E21,E29,E34<br/><b>RMS residual:</b> 21.938800187925207<br/><b>PDOP:</b> 3.1322858056043557<br/><b>GDOP:</b> 3.474635545382046<br/><b>Velocity:</b> 2.629189546199437 m/s]]></description>
            <styleUrl>#red_point</styleUrl>
            <Point>
                <coordinates>34.80738818,32.16349931,332.033</coordinates>
            </Point>
        </Placemark>
        <Placemark>
            <name>Point 81</name>
            <description><![CDATA[<b>Time:</b> 2026-03-22 06:50:06<br/><b>Satellites:</b> E07,E15,E21,E29,E34<br/><b>RMS residual:</b> 19.968288647684286<br/><b>PDOP:</b> 3.131050689466862<br/><b>GDOP:</b> 3.473212459666491<br/><b>Velocity:</b> 1.9636711753088625 m/s]]></description>
            <styleUrl>#red_point</styleUrl>
            <Point>
                <coordinates>34.80736750,32.16347650,329.747</coordinates>
            </Point>
        </Placemark>
        <Placemark>
            <name>Point 82</name>
            <description><![CDATA[<b>Time:</b> 2026-03-22 06:50:08<br/><b>Satellites:</b> E07,E15,E21,E29,E34<br/><b>RMS residual:</b> 17.79496152523574<br/><b>PDOP:</b> 3.1298187962353685<br/><b>GDOP:</b> 3.4717937104749472<br/><b>Velocity:</b> 1.1898818560594433 m/s]]></description>
            <styleUrl>#red_point</styleUrl>
            <Point>
                <coordinates>34.80735183,32.16346128,328.955</coordinates>
            </Point>
        </Placemark>
        <Placemark>
            <name>Point 83</name>
            <description><![CDATA[<b>Time:</b> 2026-03-22 06:50:10<br/><b>Satellites:</b> E07,E15,E21,E29,E34<br/><b>RMS residual:</b> 18.782928748737824<br/><b>PDOP:</b> 3.1285871557584075<br/><b>GDOP:</b> 3.4703749190658035<br/><b>Velocity:</b> 0.8159601867895211 m/s]]></description>
            <styleUrl>#red_point</styleUrl>
            <Point>
                <coordinates>34.80733960,32.16345101,328.764</coordinates>
            </Point>
        </Placemark>
        <Placemark>
            <name>Point 84</name>
            <description><![CDATA[<b>Time:</b> 2026-03-22 06:50:12<br/><b>Satellites:</b> E07,E15,E21,E29,E34<br/><b>RMS residual:</b> 20.436840587986968<br/><b>PDOP:</b> 3.1273547232397516<br/><b>GDOP:</b> 3.4689546221433223<br/><b>Velocity:</b> 0.5145729068546778 m/s]]></description>
            <styleUrl>#red_point</styleUrl>
            <Point>
                <coordinates>34.80732922,32.16344833,328.658</coordinates>
            </Point>
        </Placemark>
        <Placemark>
            <name>Point 85</name>
            <description><![CDATA[<b>Time:</b> 2026-03-22 06:50:14<br/><b>Satellites:</b> E07,E15,E21,E29,E34<br/><b>RMS residual:</b> 20.915654077736107<br/><b>PDOP:</b> 3.12612483521401<br/><b>GDOP:</b> 3.4675373879522127<br/><b>Velocity:</b> 0.4798095997940063 m/s]]></description>
            <styleUrl>#red_point</styleUrl>
            <Point>
                <coordinates>34.80732462,32.16344730,329.507</coordinates>
            </Point>
        </Placemark>
        <Placemark>
            <name>Point 86</name>
            <description><![CDATA[<b>Time:</b> 2026-03-22 06:50:16<br/><b>Satellites:</b> E07,E15,E21,E29,E34<br/><b>RMS residual:</b> 17.014470010160746<br/><b>PDOP:</b> 3.1248999157904307<br/><b>GDOP:</b> 3.466127133565045<br/><b>Velocity:</b> 0.8878848438497259 m/s]]></description>
            <styleUrl>#red_point</styleUrl>
            <Point>
                <coordinates>34.80732425,32.16345158,331.218</coordinates>
            </Point>
        </Placemark>
        <Placemark>
            <name>Point 87</name>
            <description><![CDATA[<b>Time:</b> 2026-03-22 06:50:22<br/><b>Satellites:</b> E07,E15,E21,E29,E34<br/><b>RMS residual:</b> 13.796288026522886<br/><b>PDOP:</b> 3.121219534385711<br/><b>GDOP:</b> 3.4618855076718753<br/><b>Velocity:</b> 1.1261033337705322 m/s]]></description>
            <styleUrl>#red_point</styleUrl>
            <Point>
                <coordinates>34.80733231,32.16347509,336.424</coordinates>
            </Point>
        </Placemark>
        <Placemark>
            <name>Point 88</name>
            <description><![CDATA[<b>Time:</b> 2026-03-22 06:50:24<br/><b>Satellites:</b> E07,E15,E21,E29,E34<br/><b>RMS residual:</b> 19.69344685493034<br/><b>PDOP:</b> 3.1199935784479615<br/><b>GDOP:</b> 3.4604722252193874<br/><b>Velocity:</b> 1.0854895638511397 m/s]]></description>
            <styleUrl>#red_point</styleUrl>
            <Point>
                <coordinates>34.80733989,32.16348159,338.343</coordinates>
            </Point>
        </Placemark>
        <Placemark>
            <name>Point 89</name>
            <description><![CDATA[<b>Time:</b> 2026-03-22 06:50:26<br/><b>Satellites:</b> E07,E15,E21,E29,E34<br/><b>RMS residual:</b> 18.577453945461553<br/><b>PDOP:</b> 3.118770700095714<br/><b>GDOP:</b> 3.459062822288641<br/><b>Velocity:</b> 1.5125357944638484 m/s]]></description>
            <styleUrl>#red_point</styleUrl>
            <Point>
                <coordinates>34.80734874,32.16348633,341.202</coordinates>
            </Point>
        </Placemark>
        <Placemark>
            <name>Point 90</name>
            <description><![CDATA[<b>Time:</b> 2026-03-22 06:50:28<br/><b>Satellites:</b> E07,E15,E21,E29,E34<br/><b>RMS residual:</b> 17.862513802667284<br/><b>PDOP:</b> 3.1175541593000795<br/><b>GDOP:</b> 3.457662169837333<br/><b>Velocity:</b> 1.3499110766508744 m/s]]></description>
            <styleUrl>#red_point</styleUrl>
            <Point>
                <coordinates>34.80735616,32.16349136,343.750</coordinates>
            </Point>
        </Placemark>
        <Placemark>
            <name>Point 91</name>
            <description><![CDATA[<b>Time:</b> 2026-03-22 06:50:32<br/><b>Satellites:</b> E07,E15,E21,E29,E34<br/><b>RMS residual:</b> 19.51319973936451<br/><b>PDOP:</b> 3.11511163468458<br/><b>GDOP:</b> 3.454846047163126<br/><b>Velocity:</b> 1.016575892104485 m/s]]></description>
            <styleUrl>#red_point</styleUrl>
            <Point>
                <coordinates>34.80736856,32.16349694,347.389</coordinates>
            </Point>
        </Placemark>
        <Placemark>
            <name>Point 92</name>
            <description><![CDATA[<b>Time:</b> 2026-03-22 06:50:34<br/><b>Satellites:</b> E07,E15,E21,E29,E34<br/><b>RMS residual:</b> 14.299170982276316<br/><b>PDOP:</b> 3.113897498231847<br/><b>GDOP:</b> 3.453447594078486<br/><b>Velocity:</b> 1.2781962369274142 m/s]]></description>
            <styleUrl>#red_point</styleUrl>
            <Point>
                <coordinates>34.80737666,32.16349648,349.828</coordinates>
            </Point>
        </Placemark>
        <Placemark>
            <name>Point 93</name>
            <description><![CDATA[<b>Time:</b> 2026-03-22 06:50:36<br/><b>Satellites:</b> E07,E15,E21,E29,E34<br/><b>RMS residual:</b> 15.50116170361627<br/><b>PDOP:</b> 3.112679442885747<br/><b>GDOP:</b> 3.4520431317280775<br/><b>Velocity:</b> 1.0508532271207136 m/s]]></description>
            <styleUrl>#red_point</styleUrl>
            <Point>
                <coordinates>34.80738156,32.16349683,351.878</coordinates>
            </Point>
        </Placemark>
        <Placemark>
            <name>Point 94</name>
            <description><![CDATA[<b>Time:</b> 2026-03-22 06:50:38<br/><b>Satellites:</b> E07,E15,E21,E29,E34<br/><b>RMS residual:</b> 17.611287380894026<br/><b>PDOP:</b> 3.1114628467322856<br/><b>GDOP:</b> 3.450640418074748<br/><b>Velocity:</b> 0.6051042145639086 m/s]]></description>
            <styleUrl>#red_point</styleUrl>
            <Point>
                <coordinates>34.80738101,32.16349102,352.901</coordinates>
            </Point>
        </Placemark>
        <Placemark>
            <name>Point 95</name>
            <description><![CDATA[<b>Time:</b> 2026-03-22 06:50:42<br/><b>Satellites:</b> E07,E15,E21,E29,E34<br/><b>RMS residual:</b> 20.319494752016737<br/><b>PDOP:</b> 3.1090350348247813<br/><b>GDOP:</b> 3.447841506673113<br/><b>Velocity:</b> 0.5720322996347575 m/s]]></description>
            <styleUrl>#red_point</styleUrl>
            <Point>
                <coordinates>34.80737540,32.16347683,354.142</coordinates>
            </Point>
        </Placemark>
        <Placemark>
            <name>Point 96</name>
            <description><![CDATA[<b>Time:</b> 2026-03-22 06:50:44<br/><b>Satellites:</b> E07,E15,E21,E29,E34<br/><b>RMS residual:</b> 16.25069238318837<br/><b>PDOP:</b> 3.107824479051292<br/><b>GDOP:</b> 3.446446264633393<br/><b>Velocity:</b> 0.6566141305371453 m/s]]></description>
            <styleUrl>#red_point</styleUrl>
            <Point>
                <coordinates>34.80736348,32.16347088,353.983</coordinates>
            </Point>
        </Placemark>
        <Placemark>
            <name>Point 97</name>
            <description><![CDATA[<b>Time:</b> 2026-03-22 06:50:46<br/><b>Satellites:</b> E07,E15,E21,E29,E34<br/><b>RMS residual:</b> 14.37590831036572<br/><b>PDOP:</b> 3.106611249997745<br/><b>GDOP:</b> 3.4450466989714488<br/><b>Velocity:</b> 1.4573786301712366 m/s]]></description>
            <styleUrl>#red_point</styleUrl>
            <Point>
                <coordinates>34.80735216,32.16344980,352.609</coordinates>
            </Point>
        </Placemark>
        <Placemark>
            <name>Point 98</name>
            <description><![CDATA[<b>Time:</b> 2026-03-22 06:50:48<br/><b>Satellites:</b> E07,E15,E21,E29,E34<br/><b>RMS residual:</b> 20.0931473310318<br/><b>PDOP:</b> 3.105403415389047<br/><b>GDOP:</b> 3.4436547067442924<br/><b>Velocity:</b> 3.6335697628151697 m/s]]></description>
            <styleUrl>#red_point</styleUrl>
            <Point>
                <coordinates>34.80734077,32.16342299,346.065</coordinates>
            </Point>
        </Placemark>
        <Placemark>
            <name>Point 99</name>
            <description><![CDATA[<b>Time:</b> 2026-03-22 06:50:52<br/><b>Satellites:</b> E07,E15,E21,E29,E34<br/><b>RMS residual:</b> 17.55239214324949<br/><b>PDOP:</b> 3.1029888346995413<br/><b>GDOP:</b> 3.440870881959659<br/><b>Velocity:</b> 6.9570561000507745 m/s]]></description>
            <styleUrl>#red_point</styleUrl>
            <Point>
                <coordinates>34.80731746,32.16332901,323.215</coordinates>
            </Point>
        </Placemark>
        <Placemark>
            <name>Point 100</name>
            <description><![CDATA[<b>Time:</b> 2026-03-22 06:50:54<br/><b>Satellites:</b> E07,E15,E21,E29,E34<br/><b>RMS residual:</b> 22.40419118754522<br/><b>PDOP:</b> 3.101784396867999<br/><b>GDOP:</b> 3.439482393068698<br/><b>Velocity:</b> 7.570237300913313 m/s]]></description>
            <styleUrl>#red_point</styleUrl>
            <Point>
                <coordinates>34.80730503,32.16326156,310.104</coordinates>
            </Point>
        </Placemark>
        <Placemark>
            <name>Point 101</name>
            <description><![CDATA[<b>Time:</b> 2026-03-22 06:50:56<br/><b>Satellites:</b> E07,E15,E21,E29,E34<br/><b>RMS residual:</b> 17.87650208841023<br/><b>PDOP:</b> 3.10058017862184<br/><b>GDOP:</b> 3.438094080706124<br/><b>Velocity:</b> 8.876728568275311 m/s]]></description>
            <styleUrl>#red_point</styleUrl>
            <Point>
                <coordinates>34.80729270,32.16317198,295.435</coordinates>
            </Point>
        </Placemark>
        <Placemark>
            <name>Point 102</name>
            <description><![CDATA[<b>Time:</b> 2026-03-22 06:51:02<br/><b>Satellites:</b> E07,E15,E21,E29<br/><b>RMS residual:</b> 1.862645149230957e-09<br/><b>PDOP:</b> 5.495098668314864<br/><b>GDOP:</b> 6.367012239582197<br/><b>Velocity:</b> 10.37128538643433 m/s]]></description>
            <styleUrl>#red_point</styleUrl>
            <Point>
                <coordinates>34.80711932,32.16273561,282.742</coordinates>
            </Point>
        </Placemark>
        <Placemark>
            <name>Point 103</name>
            <description><![CDATA[<b>Time:</b> 2026-03-22 06:51:04<br/><b>Satellites:</b> E07,E15,E21,E29<br/><b>RMS residual:</b> 2.634178031930877e-09<br/><b>PDOP:</b> 5.494829161332221<br/><b>GDOP:</b> 6.366662247771116<br/><b>Velocity:</b> 11.67805866004821 m/s]]></description>
            <styleUrl>#red_point</styleUrl>
            <Point>
                <coordinates>34.80703492,32.16253811,284.309</coordinates>
            </Point>
        </Placemark>
        <Placemark>
            <name>Point 104</name>
            <description><![CDATA[<b>Time:</b> 2026-03-22 06:51:06<br/><b>Satellites:</b> E07,E15,E21,E29<br/><b>RMS residual:</b> 2.634178031930877e-09<br/><b>PDOP:</b> 5.494564235413147<br/><b>GDOP:</b> 6.366318842832688<br/><b>Velocity:</b> 13.153954861594604 m/s]]></description>
            <styleUrl>#red_point</styleUrl>
            <Point>
                <coordinates>34.80694941,32.16231314,286.462</coordinates>
            </Point>
        </Placemark>
        <Placemark>
            <name>Point 105</name>
            <description><![CDATA[<b>Time:</b> 2026-03-22 06:51:12<br/><b>Satellites:</b> E07,E15,E21,E29,E34<br/><b>RMS residual:</b> 19.14097625341267<br/><b>PDOP:</b> 3.0909776452768707<br/><b>GDOP:</b> 3.427017615996477<br/><b>Velocity:</b> 15.254262037227614 m/s]]></description>
            <styleUrl>#red_point</styleUrl>
            <Point>
                <coordinates>34.80667047,32.16159120,303.528</coordinates>
            </Point>
        </Placemark>
        <Placemark>
            <name>Point 106</name>
            <description><![CDATA[<b>Time:</b> 2026-03-22 06:51:20<br/><b>Satellites:</b> E07,E15,E21,E29,E34<br/><b>RMS residual:</b> 21.733945496948735<br/><b>PDOP:</b> 3.0862070532655426<br/><b>GDOP:</b> 3.4215141701711396<br/><b>Velocity:</b> 16.673247321518126 m/s]]></description>
            <styleUrl>#red_point</styleUrl>
            <Point>
                <coordinates>34.80613397,32.16048313,332.057</coordinates>
            </Point>
        </Placemark>
        <Placemark>
            <name>Point 107</name>
            <description><![CDATA[<b>Time:</b> 2026-03-22 06:51:22<br/><b>Satellites:</b> E07,E15,E21,E29,E34<br/><b>RMS residual:</b> 21.170897726285528<br/><b>PDOP:</b> 3.085016601005867<br/><b>GDOP:</b> 3.4201404065271603<br/><b>Velocity:</b> 16.895643104089 m/s]]></description>
            <styleUrl>#red_point</styleUrl>
            <Point>
                <coordinates>34.80598211,32.16021287,338.255</coordinates>
            </Point>
        </Placemark>
        <Placemark>
            <name>Point 108</name>
            <description><![CDATA[<b>Time:</b> 2026-03-22 06:51:26<br/><b>Satellites:</b> E07,E15,E21,E29<br/><b>RMS residual:</b> 2.634178031930877e-09<br/><b>PDOP:</b> 5.491891709504441<br/><b>GDOP:</b> 6.362840011381245<br/><b>Velocity:</b> 15.596570918606336 m/s]]></description>
            <styleUrl>#red_point</styleUrl>
            <Point>
                <coordinates>34.80571622,32.15968417,337.396</coordinates>
            </Point>
        </Placemark>
        <Placemark>
            <name>Point 109</name>
            <description><![CDATA[<b>Time:</b> 2026-03-22 06:51:32<br/><b>Satellites:</b> E07,E15,E21,E29,E34<br/><b>RMS residual:</b> 23.30613830103917<br/><b>PDOP:</b> 3.079083336203192<br/><b>GDOP:</b> 3.413293211241936<br/><b>Velocity:</b> 18.47988986832354 m/s]]></description>
            <styleUrl>#red_point</styleUrl>
            <Point>
                <coordinates>34.80542464,32.15882573,325.249</coordinates>
            </Point>
        </Placemark>
        <Placemark>
            <name>Point 110</name>
            <description><![CDATA[<b>Time:</b> 2026-03-22 06:51:34<br/><b>Satellites:</b> E07,E15,E21,E29,E34<br/><b>RMS residual:</b> 22.501794458370792<br/><b>PDOP:</b> 3.0779018901481794<br/><b>GDOP:</b> 3.411930125950806<br/><b>Velocity:</b> 20.849668815965014 m/s]]></description>
            <styleUrl>#red_point</styleUrl>
            <Point>
                <coordinates>34.80535843,32.15846511,315.224</coordinates>
            </Point>
        </Placemark>
        <Placemark>
            <name>Point 111</name>
            <description><![CDATA[<b>Time:</b> 2026-03-22 06:51:38<br/><b>Satellites:</b> E07,E15,E21,E29,E34<br/><b>RMS residual:</b> 20.734060299108208<br/><b>PDOP:</b> 3.07553965031733<br/><b>GDOP:</b> 3.409203688818909<br/><b>Velocity:</b> 18.109018990898655 m/s]]></description>
            <styleUrl>#red_point</styleUrl>
            <Point>
                <coordinates>34.80528849,32.15780126,300.353</coordinates>
            </Point>
        </Placemark>
        <Placemark>
            <name>Point 112</name>
            <description><![CDATA[<b>Time:</b> 2026-03-22 06:51:44<br/><b>Satellites:</b> E07,E15,E27,E30<br/><b>RMS residual:</b> 0.0<br/><b>PDOP:</b> 4.398128771392115<br/><b>GDOP:</b> 5.098966398048<br/><b>Velocity:</b> 19.3115701672281 m/s]]></description>
            <styleUrl>#red_point</styleUrl>
            <Point>
                <coordinates>34.80523861,32.15681165,266.825</coordinates>
            </Point>
        </Placemark>
        <Placemark>
            <name>Point 113</name>
            <description><![CDATA[<b>Time:</b> 2026-03-22 06:51:46<br/><b>Satellites:</b> E07,E15,E27,E30<br/><b>RMS residual:</b> 2.634178031930877e-09<br/><b>PDOP:</b> 4.3979840376189525<br/><b>GDOP:</b> 5.098711861287438<br/><b>Velocity:</b> 17.71789501622062 m/s]]></description>
            <styleUrl>#red_point</styleUrl>
            <Point>
                <coordinates>34.80523404,32.15651606,253.370</coordinates>
            </Point>
        </Placemark>
        <Placemark>
            <name>Point 114</name>
            <description><![CDATA[<b>Time:</b> 2026-03-22 06:51:48<br/><b>Satellites:</b> E07,E15,E27,E30<br/><b>RMS residual:</b> 3.226196034939731e-09<br/><b>PDOP:</b> 4.397845464122279<br/><b>GDOP:</b> 5.098465526310142<br/><b>Velocity:</b> 16.872114006049674 m/s]]></description>
            <styleUrl>#red_point</styleUrl>
            <Point>
                <coordinates>34.80521717,32.15623077,241.741</coordinates>
            </Point>
        </Placemark>
        <Placemark>
            <name>Point 115</name>
            <description><![CDATA[<b>Time:</b> 2026-03-22 06:51:52<br/><b>Satellites:</b> E07,E15,E27,E30<br/><b>RMS residual:</b> 1.862645149230957e-09<br/><b>PDOP:</b> 4.397570835026319<br/><b>GDOP:</b> 5.097974998072259<br/><b>Velocity:</b> 13.07136758602606 m/s]]></description>
            <styleUrl>#red_point</styleUrl>
            <Point>
                <coordinates>34.80502487,32.15573556,233.381</coordinates>
            </Point>
        </Placemark>
        <Placemark>
            <name>Point 116</name>
            <description><![CDATA[<b>Time:</b> 2026-03-22 06:51:58<br/><b>Satellites:</b> E07,E15,E27,E30<br/><b>RMS residual:</b> 2.634178031930877e-09<br/><b>PDOP:</b> 4.397181154916238<br/><b>GDOP:</b> 5.097266984277562<br/><b>Velocity:</b> 12.18242693445227 m/s]]></description>
            <styleUrl>#red_point</styleUrl>
            <Point>
                <coordinates>34.80444492,32.15543588,268.739</coordinates>
            </Point>
        </Placemark>
        <Placemark>
            <name>Point 117</name>
            <description><![CDATA[<b>Time:</b> 2026-03-22 06:52:04<br/><b>Satellites:</b> E07,E15,E21,E29,E34<br/><b>RMS residual:</b> 19.921025702427908<br/><b>PDOP:</b> 3.060297858397586<br/><b>GDOP:</b> 3.391605971844514<br/><b>Velocity:</b> 11.231023919559387 m/s]]></description>
            <styleUrl>#red_point</styleUrl>
            <Point>
                <coordinates>34.80388172,32.15536979,314.941</coordinates>
            </Point>
        </Placemark>
        <Placemark>
            <name>Point 118</name>
            <description><![CDATA[<b>Time:</b> 2026-03-22 06:52:06<br/><b>Satellites:</b> E07,E15,E21,E29,E34<br/><b>RMS residual:</b> 24.142601588118737<br/><b>PDOP:</b> 3.0591330365948686<br/><b>GDOP:</b> 3.3902603739310577<br/><b>Velocity:</b> 10.722181305191972 m/s]]></description>
            <styleUrl>#red_point</styleUrl>
            <Point>
                <coordinates>34.80371783,32.15538544,329.700</coordinates>
            </Point>
        </Placemark>
        <Placemark>
            <name>Point 119</name>
            <description><![CDATA[<b>Time:</b> 2026-03-22 06:52:08<br/><b>Satellites:</b> E07,E15,E21,E29,E34<br/><b>RMS residual:</b> 20.40254541527134<br/><b>PDOP:</b> 3.057970049004543<br/><b>GDOP:</b> 3.3889172173898743<br/><b>Velocity:</b> 10.08364216233638 m/s]]></description>
            <styleUrl>#red_point</styleUrl>
            <Point>
                <coordinates>34.80356458,32.15540611,343.572</coordinates>
            </Point>
        </Placemark>
        <Placemark>
            <name>Point 120</name>
            <description><![CDATA[<b>Time:</b> 2026-03-22 06:52:10<br/><b>Satellites:</b> E07,E15,E21,E29,E34<br/><b>RMS residual:</b> 14.839824433439787<br/><b>PDOP:</b> 3.056808144543528<br/><b>GDOP:</b> 3.3875753754675406<br/><b>Velocity:</b> 9.520982263394997 m/s]]></description>
            <styleUrl>#red_point</styleUrl>
            <Point>
                <coordinates>34.80342032,32.15543165,356.586</coordinates>
            </Point>
        </Placemark>
        <Placemark>
            <name>Point 121</name>
            <description><![CDATA[<b>Time:</b> 2026-03-22 06:52:12<br/><b>Satellites:</b> E07,E15,E21,E29,E34<br/><b>RMS residual:</b> 18.355144310512774<br/><b>PDOP:</b> 3.055647709547883<br/><b>GDOP:</b> 3.3862350305497153<br/><b>Velocity:</b> 7.293556648121036 m/s]]></description>
            <styleUrl>#red_point</styleUrl>
            <Point>
                <coordinates>34.80332237,32.15547230,366.933</coordinates>
            </Point>
        </Placemark>
        <Placemark>
            <name>Point 122</name>
            <description><![CDATA[<b>Time:</b> 2026-03-22 06:52:14<br/><b>Satellites:</b> E07,E15,E21,E29,E34<br/><b>RMS residual:</b> 19.260597295046136<br/><b>PDOP:</b> 3.054486428131722<br/><b>GDOP:</b> 3.384893060493017<br/><b>Velocity:</b> 3.913958840820544 m/s]]></description>
            <styleUrl>#red_point</styleUrl>
            <Point>
                <coordinates>34.80327143,32.15549809,372.411</coordinates>
            </Point>
        </Placemark>
        <Placemark>
            <name>Point 123</name>
            <description><![CDATA[<b>Time:</b> 2026-03-22 06:52:16<br/><b>Satellites:</b> E07,E15,E21,E29,E34<br/><b>RMS residual:</b> 21.12707806731846<br/><b>PDOP:</b> 3.053328258285721<br/><b>GDOP:</b> 3.383555260670788<br/><b>Velocity:</b> 0.794866131353851 m/s]]></description>
            <styleUrl>#red_point</styleUrl>
            <Point>
                <coordinates>34.80326497,32.15551022,373.000</coordinates>
            </Point>
        </Placemark>
        <Placemark>
            <name>Point 124</name>
            <description><![CDATA[<b>Time:</b> 2026-03-22 06:52:22<br/><b>Satellites:</b> E07,E15,E21,E29,E34<br/><b>RMS residual:</b> 18.594959946734285<br/><b>PDOP:</b> 3.049860536820115<br/><b>GDOP:</b> 3.3795492766344384<br/><b>Velocity:</b> 3.486290843865448 m/s]]></description>
            <styleUrl>#red_point</styleUrl>
            <Point>
                <coordinates>34.80336057,32.15546057,367.578</coordinates>
            </Point>
        </Placemark>
        <Placemark>
            <name>Point 125</name>
            <description><![CDATA[<b>Time:</b> 2026-03-22 06:52:26<br/><b>Satellites:</b> E07,E15,E21,E29,E34<br/><b>RMS residual:</b> 19.07999872000902<br/><b>PDOP:</b> 3.0475530208681256<br/><b>GDOP:</b> 3.3768830171853694<br/><b>Velocity:</b> 3.605387817001633 m/s]]></description>
            <styleUrl>#red_point</styleUrl>
            <Point>
                <coordinates>34.80346236,32.15539221,359.959</coordinates>
            </Point>
        </Placemark>
        <Placemark>
            <name>Point 126</name>
            <description><![CDATA[<b>Time:</b> 2026-03-22 06:52:28<br/><b>Satellites:</b> E07,E15,E21,E29,E34<br/><b>RMS residual:</b> 19.696341088814783<br/><b>PDOP:</b> 3.046400242558617<br/><b>GDOP:</b> 3.375550690611733<br/><b>Velocity:</b> 3.5286761335036188 m/s]]></description>
            <styleUrl>#red_point</styleUrl>
            <Point>
                <coordinates>34.80351020,32.15535739,356.149</coordinates>
            </Point>
        </Placemark>
        <Placemark>
            <name>Point 127</name>
            <description><![CDATA[<b>Time:</b> 2026-03-22 06:52:34<br/><b>Satellites:</b> E07,E15,E27,E30<br/><b>RMS residual:</b> 0.0<br/><b>PDOP:</b> 4.395314536832877<br/><b>GDOP:</b> 5.093595566811172<br/><b>Velocity:</b> 1.6062207839855607 m/s]]></description>
            <styleUrl>#red_point</styleUrl>
            <Point>
                <coordinates>34.80354042,32.15528142,352.589</coordinates>
            </Point>
        </Placemark>
        <Placemark>
            <name>Point 128</name>
            <description><![CDATA[<b>Time:</b> 2026-03-22 06:52:40<br/><b>Satellites:</b> E07,E15,E21,E29,E34<br/><b>RMS residual:</b> 17.153501451053906<br/><b>PDOP:</b> 3.0395144383129113<br/><b>GDOP:</b> 3.36759325741309<br/><b>Velocity:</b> 2.7177815416251656 m/s]]></description>
            <styleUrl>#red_point</styleUrl>
            <Point>
                <coordinates>34.80359370,32.15518076,348.943</coordinates>
            </Point>
        </Placemark>
        <Placemark>
            <name>Point 129</name>
            <description><![CDATA[<b>Time:</b> 2026-03-22 06:52:44<br/><b>Satellites:</b> E07,E15,E21,E29,E34<br/><b>RMS residual:</b> 20.371677535325855<br/><b>PDOP:</b> 3.0372273170297057<br/><b>GDOP:</b> 3.3649494237627313<br/><b>Velocity:</b> 2.0397777540401014 m/s]]></description>
            <styleUrl>#red_point</styleUrl>
            <Point>
                <coordinates>34.80363066,32.15514034,352.109</coordinates>
            </Point>
        </Placemark>
        <Placemark>
            <name>Point 130</name>
            <description><![CDATA[<b>Time:</b> 2026-03-22 06:52:46<br/><b>Satellites:</b> E07,E15,E21,E29,E34<br/><b>RMS residual:</b> 18.2004756598026<br/><b>PDOP:</b> 3.0360853192619244<br/><b>GDOP:</b> 3.36362937274908<br/><b>Velocity:</b> 3.0050214864348708 m/s]]></description>
            <styleUrl>#red_point</styleUrl>
            <Point>
                <coordinates>34.80367994,32.15511027,353.950</coordinates>
            </Point>
        </Placemark>
        <Placemark>
            <name>Point 131</name>
            <description><![CDATA[<b>Time:</b> 2026-03-22 06:52:48<br/><b>Satellites:</b> E07,E15,E21,E29,E34<br/><b>RMS residual:</b> 17.159911281233637<br/><b>PDOP:</b> 3.0349451544605586<br/><b>GDOP:</b> 3.3623115900635763<br/><b>Velocity:</b> 4.047962618550321 m/s]]></description>
            <styleUrl>#red_point</styleUrl>
            <Point>
                <coordinates>34.80375098,32.15507241,355.680</coordinates>
            </Point>
        </Placemark>
        <Placemark>
            <name>Point 132</name>
            <description><![CDATA[<b>Time:</b> 2026-03-22 06:53:02<br/><b>Satellites:</b> E07,E15,E21,E29,E34<br/><b>RMS residual:</b> 15.767189161036447<br/><b>PDOP:</b> 3.026985686056315<br/><b>GDOP:</b> 3.353108744268166<br/><b>Velocity:</b> 13.720524858490135 m/s]]></description>
            <styleUrl>#red_point</styleUrl>
            <Point>
                <coordinates>34.80516508,32.15450900,354.379</coordinates>
            </Point>
        </Placemark>
        <Placemark>
            <name>Point 133</name>
            <description><![CDATA[<b>Time:</b> 2026-03-22 06:53:04<br/><b>Satellites:</b> E07,E15,E21,E29,E34<br/><b>RMS residual:</b> 16.724408520555055<br/><b>PDOP:</b> 3.025852937490187<br/><b>GDOP:</b> 3.351798859757444<br/><b>Velocity:</b> 13.645966829287271 m/s]]></description>
            <styleUrl>#red_point</styleUrl>
            <Point>
                <coordinates>34.80542665,32.15440417,353.475</coordinates>
            </Point>
        </Placemark>
        <Placemark>
            <name>Point 134</name>
            <description><![CDATA[<b>Time:</b> 2026-03-22 06:53:08<br/><b>Satellites:</b> E07,E15,E21,E29,E34<br/><b>RMS residual:</b> 19.464699880280076<br/><b>PDOP:</b> 3.0235894771291356<br/><b>GDOP:</b> 3.349180813774016<br/><b>Velocity:</b> 14.049700190154878 m/s]]></description>
            <styleUrl>#red_point</styleUrl>
            <Point>
                <coordinates>34.80595143,32.15418549,354.920</coordinates>
            </Point>
        </Placemark>
        <Placemark>
            <name>Point 135</name>
            <description><![CDATA[<b>Time:</b> 2026-03-22 06:53:10<br/><b>Satellites:</b> E07,E15,E21,E29,E34<br/><b>RMS residual:</b> 19.217543936759835<br/><b>PDOP:</b> 3.0224593009028515<br/><b>GDOP:</b> 3.3478735678960714<br/><b>Velocity:</b> 13.967821886120165 m/s]]></description>
            <styleUrl>#red_point</styleUrl>
            <Point>
                <coordinates>34.80621016,32.15406365,356.364</coordinates>
            </Point>
        </Placemark>
        <Placemark>
            <name>Point 136</name>
            <description><![CDATA[<b>Time:</b> 2026-03-22 06:53:12<br/><b>Satellites:</b> E07,E15,E21,E29,E34<br/><b>RMS residual:</b> 17.694034935891448<br/><b>PDOP:</b> 3.0213309134917927<br/><b>GDOP:</b> 3.3465683657087255<br/><b>Velocity:</b> 13.221891855443628 m/s]]></description>
            <styleUrl>#red_point</styleUrl>
            <Point>
                <coordinates>34.80644488,32.15393384,357.660</coordinates>
            </Point>
        </Placemark>
        <Placemark>
            <name>Point 137</name>
            <description><![CDATA[<b>Time:</b> 2026-03-22 06:53:14<br/><b>Satellites:</b> E07,E15,E21,E29,E34<br/><b>RMS residual:</b> 16.806580201831594<br/><b>PDOP:</b> 3.020205413446958<br/><b>GDOP:</b> 3.345266958123708<br/><b>Velocity:</b> 12.371544450946509 m/s]]></description>
            <styleUrl>#red_point</styleUrl>
            <Point>
                <coordinates>34.80665108,32.15379656,359.086</coordinates>
            </Point>
        </Placemark>
        <Placemark>
            <name>Point 138</name>
            <description><![CDATA[<b>Time:</b> 2026-03-22 06:53:16<br/><b>Satellites:</b> E07,E15,E21,E29,E34<br/><b>RMS residual:</b> 16.05315466591556<br/><b>PDOP:</b> 3.0190792063992764<br/><b>GDOP:</b> 3.343964118768349<br/><b>Velocity:</b> 11.660856175024714 m/s]]></description>
            <styleUrl>#red_point</styleUrl>
            <Point>
                <coordinates>34.80681628,32.15364100,360.935</coordinates>
            </Point>
        </Placemark>
        <Placemark>
            <name>Point 139</name>
            <description><![CDATA[<b>Time:</b> 2026-03-22 06:53:18<br/><b>Satellites:</b> E07,E15,E21,E29,E34<br/><b>RMS residual:</b> 19.516835742574752<br/><b>PDOP:</b> 3.0179517014963033<br/><b>GDOP:</b> 3.3426590938711565<br/><b>Velocity:</b> 11.442354755224827 m/s]]></description>
            <styleUrl>#red_point</styleUrl>
            <Point>
                <coordinates>34.80694048,32.15346426,362.450</coordinates>
            </Point>
        </Placemark>
        <Placemark>
            <name>Point 140</name>
            <description><![CDATA[<b>Time:</b> 2026-03-22 06:53:20<br/><b>Satellites:</b> E07,E15,E21,E29,E34<br/><b>RMS residual:</b> 17.23668293246889<br/><b>PDOP:</b> 3.0168284083496015<br/><b>GDOP:</b> 3.341359700304777<br/><b>Velocity:</b> 11.582412493526348 m/s]]></description>
            <styleUrl>#red_point</styleUrl>
            <Point>
                <coordinates>34.80702107,32.15326717,363.487</coordinates>
            </Point>
        </Placemark>
        <Placemark>
            <name>Point 141</name>
            <description><![CDATA[<b>Time:</b> 2026-03-22 06:53:22<br/><b>Satellites:</b> E07,E15,E21,E29,E34<br/><b>RMS residual:</b> 19.597572316719106<br/><b>PDOP:</b> 3.0157065932667506<br/><b>GDOP:</b> 3.340061817983499<br/><b>Velocity:</b> 11.862542249544894 m/s]]></description>
            <styleUrl>#red_point</styleUrl>
            <Point>
                <coordinates>34.80705351,32.15305514,364.281</coordinates>
            </Point>
        </Placemark>
        <Placemark>
            <name>Point 142</name>
            <description><![CDATA[<b>Time:</b> 2026-03-22 06:53:24<br/><b>Satellites:</b> E07,E15,E21,E29,E34<br/><b>RMS residual:</b> 16.94585892587465<br/><b>PDOP:</b> 3.014585650311114<br/><b>GDOP:</b> 3.3387648102659453<br/><b>Velocity:</b> 12.865384984108903 m/s]]></description>
            <styleUrl>#red_point</styleUrl>
            <Point>
                <coordinates>34.80704711,32.15282325,364.953</coordinates>
            </Point>
        </Placemark>
        <Placemark>
            <name>Point 143</name>
            <description><![CDATA[<b>Time:</b> 2026-03-22 06:53:50<br/><b>Satellites:</b> E07,E15,E21,E29,E34<br/><b>RMS residual:</b> 17.57740496184906<br/><b>PDOP:</b> 3.000121270592197<br/><b>GDOP:</b> 3.3220239279597177<br/><b>Velocity:</b> 14.236493963537225 m/s]]></description>
            <styleUrl>#red_point</styleUrl>
            <Point>
                <coordinates>34.80533484,32.14915455,304.876</coordinates>
            </Point>
        </Placemark>
        <Placemark>
            <name>Point 144</name>
            <description><![CDATA[<b>Time:</b> 2026-03-22 06:53:54<br/><b>Satellites:</b> E07,E15,E21,E29<br/><b>RMS residual:</b> 1.862645149230957e-09<br/><b>PDOP:</b> 5.472591762076303<br/><b>GDOP:</b> 6.337113547231473<br/><b>Velocity:</b> 12.967515353614862 m/s]]></description>
            <styleUrl>#red_point</styleUrl>
            <Point>
                <coordinates>34.80513385,32.14872852,292.399</coordinates>
            </Point>
        </Placemark>
        <Placemark>
            <name>Point 145</name>
            <description><![CDATA[<b>Time:</b> 2026-03-22 06:53:56<br/><b>Satellites:</b> E07,E15,E21,E29<br/><b>RMS residual:</b> 2.634178031930877e-09<br/><b>PDOP:</b> 5.4723376126093335<br/><b>GDOP:</b> 6.336767484649893<br/><b>Velocity:</b> 12.079435321139869 m/s]]></description>
            <styleUrl>#red_point</styleUrl>
            <Point>
                <coordinates>34.80503723,32.14852808,289.847</coordinates>
            </Point>
        </Placemark>
        <Placemark>
            <name>Point 146</name>
            <description><![CDATA[<b>Time:</b> 2026-03-22 06:53:58<br/><b>Satellites:</b> E07,E15,E21,E29<br/><b>RMS residual:</b> 1.862645149230957e-09<br/><b>PDOP:</b> 5.4720742146188<br/><b>GDOP:</b> 6.3364077498741365<br/><b>Velocity:</b> 10.424478859671673 m/s]]></description>
            <styleUrl>#red_point</styleUrl>
            <Point>
                <coordinates>34.80495407,32.14835502,287.663</coordinates>
            </Point>
        </Placemark>
        <Placemark>
            <name>Point 147</name>
            <description><![CDATA[<b>Time:</b> 2026-03-22 06:54:00<br/><b>Satellites:</b> E07,E15,E21,E29<br/><b>RMS residual:</b> 1.862645149230957e-09<br/><b>PDOP:</b> 5.471823193592406<br/><b>GDOP:</b> 6.3360659889443305<br/><b>Velocity:</b> 10.121744831805104 m/s]]></description>
            <styleUrl>#red_point</styleUrl>
            <Point>
                <coordinates>34.80487350,32.14818649,285.998</coordinates>
            </Point>
        </Placemark>
        <Placemark>
            <name>Point 148</name>
            <description><![CDATA[<b>Time:</b> 2026-03-22 06:54:06<br/><b>Satellites:</b> E07,E15,E21,E29,E34<br/><b>RMS residual:</b> 20.325874026173082<br/><b>PDOP:</b> 2.991310462611513<br/><b>GDOP:</b> 3.3118208308887533<br/><b>Velocity:</b> 11.925596714131032 m/s]]></description>
            <styleUrl>#red_point</styleUrl>
            <Point>
                <coordinates>34.80463362,32.14757561,291.548</coordinates>
            </Point>
        </Placemark>
        <Placemark>
            <name>Point 149</name>
            <description><![CDATA[<b>Time:</b> 2026-03-22 06:54:10<br/><b>Satellites:</b> E07,E15,E21,E29,E34<br/><b>RMS residual:</b> 17.563559191329677<br/><b>PDOP:</b> 2.989121002462795<br/><b>GDOP:</b> 3.3092855252555666<br/><b>Velocity:</b> 15.008816532162664 m/s]]></description>
            <styleUrl>#red_point</styleUrl>
            <Point>
                <coordinates>34.80446373,32.14713821,309.048</coordinates>
            </Point>
        </Placemark>
        <Placemark>
            <name>Point 150</name>
            <description><![CDATA[<b>Time:</b> 2026-03-22 06:54:14<br/><b>Satellites:</b> E07,E15,E21,E29<br/><b>RMS residual:</b> 2.634178031930877e-09<br/><b>PDOP:</b> 5.470027586543354<br/><b>GDOP:</b> 6.333612005275413<br/><b>Velocity:</b> 16.16442521503978 m/s]]></description>
            <styleUrl>#red_point</styleUrl>
            <Point>
                <coordinates>34.80426795,32.14659692,327.724</coordinates>
            </Point>
        </Placemark>
        <Placemark>
            <name>Point 151</name>
            <description><![CDATA[<b>Time:</b> 2026-03-22 06:54:16<br/><b>Satellites:</b> E07,E15,E21,E29<br/><b>RMS residual:</b> 1.862645149230957e-09<br/><b>PDOP:</b> 5.469770351866759<br/><b>GDOP:</b> 6.333259456455365<br/><b>Velocity:</b> 15.661339781717466 m/s]]></description>
            <styleUrl>#red_point</styleUrl>
            <Point>
                <coordinates>34.80417453,32.14632886,332.169</coordinates>
            </Point>
        </Placemark>
        <Placemark>
            <name>Point 152</name>
            <description><![CDATA[<b>Time:</b> 2026-03-22 06:54:20<br/><b>Satellites:</b> E07,E15,E21,E29,E34<br/><b>RMS residual:</b> 16.768209101228624<br/><b>PDOP:</b> 2.983661621974577<br/><b>GDOP:</b> 3.3029613653413774<br/><b>Velocity:</b> 17.963382987317118 m/s]]></description>
            <styleUrl>#red_point</styleUrl>
            <Point>
                <coordinates>34.80399108,32.14573337,338.288</coordinates>
            </Point>
        </Placemark>
        <Placemark>
            <name>Point 153</name>
            <description><![CDATA[<b>Time:</b> 2026-03-22 06:54:22<br/><b>Satellites:</b> E07,E15,E21,E29,E34<br/><b>RMS residual:</b> 15.164731214156811<br/><b>PDOP:</b> 2.98257418306105<br/><b>GDOP:</b> 3.3017018304456376<br/><b>Velocity:</b> 18.808412380347626 m/s]]></description>
            <styleUrl>#red_point</styleUrl>
            <Point>
                <coordinates>34.80388934,32.14540629,340.985</coordinates>
            </Point>
        </Placemark>
        <Placemark>
            <name>Point 154</name>
            <description><![CDATA[<b>Time:</b> 2026-03-22 06:54:24<br/><b>Satellites:</b> E07,E15,E21,E29,E34<br/><b>RMS residual:</b> 14.563037706578056<br/><b>PDOP:</b> 2.981485654120031<br/><b>GDOP:</b> 3.3004403246511664<br/><b>Velocity:</b> 17.097204658102154 m/s]]></description>
            <styleUrl>#red_point</styleUrl>
            <Point>
                <coordinates>34.80379991,32.14510947,344.807</coordinates>
            </Point>
        </Placemark>
        <Placemark>
            <name>Point 155</name>
            <description><![CDATA[<b>Time:</b> 2026-03-22 06:54:26<br/><b>Satellites:</b> E07,E15,E21,E29,E34<br/><b>RMS residual:</b> 18.74196612763753<br/><b>PDOP:</b> 2.9803973105896864<br/><b>GDOP:</b> 3.2991787804700006<br/><b>Velocity:</b> 19.212567987521776 m/s]]></description>
            <styleUrl>#red_point</styleUrl>
            <Point>
                <coordinates>34.80372041,32.14477014,346.849</coordinates>
            </Point>
        </Placemark>
        <Placemark>
            <name>Point 156</name>
            <description><![CDATA[<b>Time:</b> 2026-03-22 06:54:28<br/><b>Satellites:</b> E07,E15,E21,E29,E34<br/><b>RMS residual:</b> 16.6028430858527<br/><b>PDOP:</b> 2.9793120209518134<br/><b>GDOP:</b> 3.297921203554178<br/><b>Velocity:</b> 22.73568704129691 m/s]]></description>
            <styleUrl>#red_point</styleUrl>
            <Point>
                <coordinates>34.80365452,32.14436408,345.709</coordinates>
            </Point>
        </Placemark>
        <Placemark>
            <name>Point 157</name>
            <description><![CDATA[<b>Time:</b> 2026-03-22 06:54:30<br/><b>Satellites:</b> E07,E15,E21,E29,E34<br/><b>RMS residual:</b> 17.379148704195455<br/><b>PDOP:</b> 2.9782277201553535<br/><b>GDOP:</b> 3.2966647604818067<br/><b>Velocity:</b> 26.917260657747214 m/s]]></description>
            <styleUrl>#red_point</styleUrl>
            <Point>
                <coordinates>34.80360854,32.14388313,339.814</coordinates>
            </Point>
        </Placemark>
        <Placemark>
            <name>Point 158</name>
            <description><![CDATA[<b>Time:</b> 2026-03-22 06:54:32<br/><b>Satellites:</b> E07,E15,E21,E29,E34<br/><b>RMS residual:</b> 15.082847387769853<br/><b>PDOP:</b> 2.9771463059649075<br/><b>GDOP:</b> 3.29541202882614<br/><b>Velocity:</b> 25.616290810572682 m/s]]></description>
            <styleUrl>#red_point</styleUrl>
            <Point>
                <coordinates>34.80359674,32.14343227,328.695</coordinates>
            </Point>
        </Placemark>
        <Placemark>
            <name>Point 159</name>
            <description><![CDATA[<b>Time:</b> 2026-03-22 06:54:34<br/><b>Satellites:</b> E07,E15,E21,E29,E34<br/><b>RMS residual:</b> 16.73454956242119<br/><b>PDOP:</b> 2.976062562851481<br/><b>GDOP:</b> 3.2941554363161973<br/><b>Velocity:</b> 24.082884184193713 m/s]]></description>
            <styleUrl>#red_point</styleUrl>
            <Point>
                <coordinates>34.80359305,32.14300507,320.004</coordinates>
            </Point>
        </Placemark>
        <Placemark>
            <name>Point 160</name>
            <description><![CDATA[<b>Time:</b> 2026-03-22 06:54:44<br/><b>Satellites:</b> E07,E15,E27,E34<br/><b>RMS residual:</b> 1.862645149230957e-09<br/><b>PDOP:</b> 2.975233599854145<br/><b>GDOP:</b> 3.306555712562272<br/><b>Velocity:</b> 6.97345011370527 m/s]]></description>
            <styleUrl>#red_point</styleUrl>
            <Point>
                <coordinates>34.80367718,32.14183019,298.608</coordinates>
            </Point>
        </Placemark>
        <Placemark>
            <name>Point 161</name>
            <description><![CDATA[<b>Time:</b> 2026-03-22 06:55:00<br/><b>Satellites:</b> E07,E15,E21,E29,E34<br/><b>RMS residual:</b> 14.725558415091601<br/><b>PDOP:</b> 2.9620883965967977<br/><b>GDOP:</b> 3.27795592145787<br/><b>Velocity:</b> 11.6585872138526 m/s]]></description>
            <styleUrl>#red_point</styleUrl>
            <Point>
                <coordinates>34.80460455,32.14035790,330.082</coordinates>
            </Point>
        </Placemark>
        <Placemark>
            <name>Point 162</name>
            <description><![CDATA[<b>Time:</b> 2026-03-22 06:55:02<br/><b>Satellites:</b> E07,E15,E21,E29,E34<br/><b>RMS residual:</b> 15.519829100395905<br/><b>PDOP:</b> 2.9610179275311292<br/><b>GDOP:</b> 3.2767138641550893<br/><b>Velocity:</b> 12.533759508620891 m/s]]></description>
            <styleUrl>#red_point</styleUrl>
            <Point>
                <coordinates>34.80484537,32.14032309,339.938</coordinates>
            </Point>
        </Placemark>
        <Placemark>
            <name>Point 163</name>
            <description><![CDATA[<b>Time:</b> 2026-03-22 06:55:04<br/><b>Satellites:</b> E07,E15,E21,E29,E34<br/><b>RMS residual:</b> 15.04335266720666<br/><b>PDOP:</b> 2.9599509925747673<br/><b>GDOP:</b> 3.2754765258848804<br/><b>Velocity:</b> 13.90661106883587 m/s]]></description>
            <styleUrl>#red_point</styleUrl>
            <Point>
                <coordinates>34.80512056,32.14029299,349.333</coordinates>
            </Point>
        </Placemark>
        <Placemark>
            <name>Point 164</name>
            <description><![CDATA[<b>Time:</b> 2026-03-22 06:55:06<br/><b>Satellites:</b> E07,E15,E21,E29,E34<br/><b>RMS residual:</b> 17.405189236532312<br/><b>PDOP:</b> 2.9588839374731464<br/><b>GDOP:</b> 3.274238652759553<br/><b>Velocity:</b> 15.773495217634787 m/s]]></description>
            <styleUrl>#red_point</styleUrl>
            <Point>
                <coordinates>34.80543796,32.14026192,358.630</coordinates>
            </Point>
        </Placemark>
        <Placemark>
            <name>Point 165</name>
            <description><![CDATA[<b>Time:</b> 2026-03-22 06:55:08<br/><b>Satellites:</b> E07,E15,E21,E29,E34<br/><b>RMS residual:</b> 18.412154106456263<br/><b>PDOP:</b> 2.957818626983115<br/><b>GDOP:</b> 3.2730029992835235<br/><b>Velocity:</b> 17.217707268520556 m/s]]></description>
            <styleUrl>#red_point</styleUrl>
            <Point>
                <coordinates>34.80579798,32.14025098,364.145</coordinates>
            </Point>
        </Placemark>
        <Placemark>
            <name>Point 166</name>
            <description><![CDATA[<b>Time:</b> 2026-03-22 06:55:10<br/><b>Satellites:</b> E07,E15,E21,E29,E34<br/><b>RMS residual:</b> 15.562390093274418<br/><b>PDOP:</b> 2.9567560259950563<br/><b>GDOP:</b> 3.271770889731624<br/><b>Velocity:</b> 18.77956099733039 m/s]]></description>
            <styleUrl>#red_point</styleUrl>
            <Point>
                <coordinates>34.80619566,32.14024671,365.735</coordinates>
            </Point>
        </Placemark>
        <Placemark>
            <name>Point 167</name>
            <description><![CDATA[<b>Time:</b> 2026-03-22 06:55:12<br/><b>Satellites:</b> E07,E15,E21,E29,E34<br/><b>RMS residual:</b> 15.39692654113373<br/><b>PDOP:</b> 2.9556935706513756<br/><b>GDOP:</b> 3.2705387129406684<br/><b>Velocity:</b> 20.385216302486235 m/s]]></description>
            <styleUrl>#red_point</styleUrl>
            <Point>
                <coordinates>34.80662725,32.14024573,363.764</coordinates>
            </Point>
        </Placemark>
        <Placemark>
            <name>Point 168</name>
            <description><![CDATA[<b>Time:</b> 2026-03-22 06:55:14<br/><b>Satellites:</b> E07,E15,E21,E29,E34<br/><b>RMS residual:</b> 17.064805131557762<br/><b>PDOP:</b> 2.9546300311961824<br/><b>GDOP:</b> 3.2693045371378373<br/><b>Velocity:</b> 21.29476788094678 m/s]]></description>
            <styleUrl>#red_point</styleUrl>
            <Point>
                <coordinates>34.80707263,32.14025083,356.868</coordinates>
            </Point>
        </Placemark>
        <Placemark>
            <name>Point 169</name>
            <description><![CDATA[<b>Time:</b> 2026-03-22 06:55:16<br/><b>Satellites:</b> E07,E15,E21,E29,E34<br/><b>RMS residual:</b> 14.914288943488888<br/><b>PDOP:</b> 2.953566643478072<br/><b>GDOP:</b> 3.2680703404744436<br/><b>Velocity:</b> 22.92878150252215 m/s]]></description>
            <styleUrl>#red_point</styleUrl>
            <Point>
                <coordinates>34.80754389,32.14025767,345.680</coordinates>
            </Point>
        </Placemark>
        <Placemark>
            <name>Point 170</name>
            <description><![CDATA[<b>Time:</b> 2026-03-22 06:55:26<br/><b>Satellites:</b> E07,E15,E21,E29<br/><b>RMS residual:</b> 1.862645149230957e-09<br/><b>PDOP:</b> 5.461065839166708<br/><b>GDOP:</b> 6.321189639197223<br/><b>Velocity:</b> 25.408719700576786 m/s]]></description>
            <styleUrl>#red_point</styleUrl>
            <Point>
                <coordinates>34.81008141,32.14005868,302.171</coordinates>
            </Point>
        </Placemark>
        <Placemark>
            <name>Point 171</name>
            <description><![CDATA[<b>Time:</b> 2026-03-22 06:55:56<br/><b>Satellites:</b> E07,E15,E21,E29,E34<br/><b>RMS residual:</b> 17.109085782353155<br/><b>PDOP:</b> 2.9325642195300654<br/><b>GDOP:</b> 3.2436941326739586<br/><b>Velocity:</b> 8.798334825502385 m/s]]></description>
            <styleUrl>#red_point</styleUrl>
            <Point>
                <coordinates>34.81712060,32.13870164,369.160</coordinates>
            </Point>
        </Placemark>
        <Placemark>
            <name>Point 172</name>
            <description><![CDATA[<b>Time:</b> 2026-03-22 06:55:58<br/><b>Satellites:</b> E07,E15,E21,E29,E34<br/><b>RMS residual:</b> 15.779055058402234<br/><b>PDOP:</b> 2.9315263955196467<br/><b>GDOP:</b> 3.24248933239091<br/><b>Velocity:</b> 26.219258793134397 m/s]]></description>
            <styleUrl>#red_point</styleUrl>
            <Point>
                <coordinates>34.81767052,32.13864012,372.464</coordinates>
            </Point>
        </Placemark>
        <Placemark>
            <name>Point 173</name>
            <description><![CDATA[<b>Time:</b> 2026-03-22 06:56:00<br/><b>Satellites:</b> E07,E15,E21,E29,E34<br/><b>RMS residual:</b> 16.616983812989044<br/><b>PDOP:</b> 2.9304881743656623<br/><b>GDOP:</b> 3.241283604124553<br/><b>Velocity:</b> 26.18764249468314 m/s]]></description>
            <styleUrl>#red_point</styleUrl>
            <Point>
                <coordinates>34.81822138,32.13858763,375.228</coordinates>
            </Point>
        </Placemark>
        <Placemark>
            <name>Point 174</name>
            <description><![CDATA[<b>Time:</b> 2026-03-22 06:56:04<br/><b>Satellites:</b> E07,E15,E21,E29,E34<br/><b>RMS residual:</b> 17.293286094192382<br/><b>PDOP:</b> 2.928413742551928<br/><b>GDOP:</b> 3.2388739943163993<br/><b>Velocity:</b> 26.155454694395193 m/s]]></description>
            <styleUrl>#red_point</styleUrl>
            <Point>
                <coordinates>34.81932644,32.13848741,378.101</coordinates>
            </Point>
        </Placemark>
        <Placemark>
            <name>Point 175</name>
            <description><![CDATA[<b>Time:</b> 2026-03-22 06:56:06<br/><b>Satellites:</b> E07,E15,E21,E29,E34<br/><b>RMS residual:</b> 17.49550424948752<br/><b>PDOP:</b> 2.9273781954319538<br/><b>GDOP:</b> 3.2376711015938735<br/><b>Velocity:</b> 26.29370243573535 m/s]]></description>
            <styleUrl>#red_point</styleUrl>
            <Point>
                <coordinates>34.81988125,32.13844387,376.839</coordinates>
            </Point>
        </Placemark>
        <Placemark>
            <name>Point 176</name>
            <description><![CDATA[<b>Time:</b> 2026-03-22 06:56:08<br/><b>Satellites:</b> E07,E15,E21,E29,E34<br/><b>RMS residual:</b> 16.69161789047996<br/><b>PDOP:</b> 2.9263463387299566<br/><b>GDOP:</b> 3.236473209715828<br/><b>Velocity:</b> 26.44040299341467 m/s]]></description>
            <styleUrl>#red_point</styleUrl>
            <Point>
                <coordinates>34.82043911,32.13840149,374.970</coordinates>
            </Point>
        </Placemark>
        <Placemark>
            <name>Point 177</name>
            <description><![CDATA[<b>Time:</b> 2026-03-22 06:56:10<br/><b>Satellites:</b> E07,E15,E21,E29,E34<br/><b>RMS residual:</b> 17.441080576855462<br/><b>PDOP:</b> 2.9253130511530956<br/><b>GDOP:</b> 3.23527287267303<br/><b>Velocity:</b> 26.678853292814058 m/s]]></description>
            <styleUrl>#red_point</styleUrl>
            <Point>
                <coordinates>34.82100040,32.13834300,374.590</coordinates>
            </Point>
        </Placemark>
        <Placemark>
            <name>Point 178</name>
            <description><![CDATA[<b>Time:</b> 2026-03-22 06:56:12<br/><b>Satellites:</b> E07,E15,E21,E29,E34<br/><b>RMS residual:</b> 17.964874439310442<br/><b>PDOP:</b> 2.924278819247042<br/><b>GDOP:</b> 3.2340708313023168<br/><b>Velocity:</b> 26.867965729154882 m/s]]></description>
            <styleUrl>#red_point</styleUrl>
            <Point>
                <coordinates>34.82156419,32.13827455,374.611</coordinates>
            </Point>
        </Placemark>
        <Placemark>
            <name>Point 179</name>
            <description><![CDATA[<b>Time:</b> 2026-03-22 06:56:14<br/><b>Satellites:</b> E07,E15,E21,E29,E34<br/><b>RMS residual:</b> 15.907446163142092<br/><b>PDOP:</b> 2.923251328736479<br/><b>GDOP:</b> 3.2328781644824027<br/><b>Velocity:</b> 27.022627012893693 m/s]]></description>
            <styleUrl>#red_point</styleUrl>
            <Point>
                <coordinates>34.82213014,32.13819958,374.637</coordinates>
            </Point>
        </Placemark>
        <Placemark>
            <name>Point 180</name>
            <description><![CDATA[<b>Time:</b> 2026-03-22 06:56:24<br/><b>Satellites:</b> E07,E15,E21,E29,E34<br/><b>RMS residual:</b> 16.58566271201963<br/><b>PDOP:</b> 2.9181092210716715<br/><b>GDOP:</b> 3.226903016164543<br/><b>Velocity:</b> 63.67429658632076 m/s]]></description>
            <styleUrl>#red_point</styleUrl>
            <Point>
                <coordinates>34.82711473,32.13755696,196.662</coordinates>
            </Point>
        </Placemark>
        <Placemark>
            <name>Point 181</name>
            <description><![CDATA[<b>Time:</b> 2026-03-22 06:56:57<br/><b>Satellites:</b> E13,E19,E27,E30<br/><b>RMS residual:</b> 2.634178031930877e-09<br/><b>PDOP:</b> 3.2631040887304352<br/><b>GDOP:</b> 3.658248625059281<br/><b>Velocity:</b> 61.95225739935512 m/s]]></description>
            <styleUrl>#red_point</styleUrl>
            <Point>
                <coordinates>34.83181517,32.13660807,2.379</coordinates>
            </Point>
        </Placemark>
        <Placemark>
            <name>Point 182</name>
            <description><![CDATA[<b>Time:</b> 2026-03-22 06:57:01<br/><b>Satellites:</b> E13,E19,E27,E30<br/><b>RMS residual:</b> 1.862645149230957e-09<br/><b>PDOP:</b> 3.2625274982722865<br/><b>GDOP:</b> 3.657725090088112<br/><b>Velocity:</b> 31.178978541893485 m/s]]></description>
            <styleUrl>#red_point</styleUrl>
            <Point>
                <coordinates>34.83297736,32.13630299,-46.461</coordinates>
            </Point>
        </Placemark>
        <Placemark>
            <name>Point 183</name>
            <description><![CDATA[<b>Time:</b> 2026-03-22 06:57:03<br/><b>Satellites:</b> E13,E19,E27,E30<br/><b>RMS residual:</b> 1.862645149230957e-09<br/><b>PDOP:</b> 3.262238407205283<br/><b>GDOP:</b> 3.657462130855139<br/><b>Velocity:</b> 62.39958582418978 m/s]]></description>
            <styleUrl>#red_point</styleUrl>
            <Point>
                <coordinates>34.83414069,32.13598417,-94.181</coordinates>
            </Point>
        </Placemark>
        <Placemark>
            <name>Point 184</name>
            <description><![CDATA[<b>Time:</b> 2026-03-22 06:57:05<br/><b>Satellites:</b> E13,E19,E27,E30<br/><b>RMS residual:</b> 2.634178031930877e-09<br/><b>PDOP:</b> 3.2619464924889043<br/><b>GDOP:</b> 3.657195302914664<br/><b>Velocity:</b> 53.025855625626086 m/s]]></description>
            <styleUrl>#red_point</styleUrl>
            <Point>
                <coordinates>34.83513893,32.13566528,-127.730</coordinates>
            </Point>
        </Placemark>
        <Placemark>
            <name>Point 185</name>
            <description><![CDATA[<b>Time:</b> 2026-03-22 06:57:07<br/><b>Satellites:</b> E13,E19,E27,E30<br/><b>RMS residual:</b> 2.634178031930877e-09<br/><b>PDOP:</b> 3.2616569135502065<br/><b>GDOP:</b> 3.656931800710794<br/><b>Velocity:</b> 45.271427433871935 m/s]]></description>
            <styleUrl>#red_point</styleUrl>
            <Point>
                <coordinates>34.83599822,32.13533933,-145.571</coordinates>
            </Point>
        </Placemark>
        <Placemark>
            <name>Point 186</name>
            <description><![CDATA[<b>Time:</b> 2026-03-22 06:57:11<br/><b>Satellites:</b> E07,E19,E27,E30<br/><b>RMS residual:</b> 1.862645149230957e-09<br/><b>PDOP:</b> 3.4830149817417224<br/><b>GDOP:</b> 3.8280030309818738<br/><b>Velocity:</b> 33.87968729666297 m/s]]></description>
            <styleUrl>#red_point</styleUrl>
            <Point>
                <coordinates>34.83728128,32.13465410,-131.986</coordinates>
            </Point>
        </Placemark>
        <Placemark>
            <name>Point 187</name>
            <description><![CDATA[<b>Time:</b> 2026-03-22 06:57:15<br/><b>Satellites:</b> E13,E19,E27,E30<br/><b>RMS residual:</b> 0.0<br/><b>PDOP:</b> 3.260488826087251<br/><b>GDOP:</b> 3.6558652502476217<br/><b>Velocity:</b> 16.27597882676137 m/s]]></description>
            <styleUrl>#red_point</styleUrl>
            <Point>
                <coordinates>34.83779543,32.13431609,-110.071</coordinates>
            </Point>
        </Placemark>
        <Placemark>
            <name>Point 188</name>
            <description><![CDATA[<b>Time:</b> 2026-03-22 06:57:17<br/><b>Satellites:</b> E13,E19,E27,E30<br/><b>RMS residual:</b> 3.226196034939731e-09<br/><b>PDOP:</b> 3.2601962259223596<br/><b>GDOP:</b> 3.6555978828878692<br/><b>Velocity:</b> 34.30765795829843 m/s]]></description>
            <styleUrl>#red_point</styleUrl>
            <Point>
                <coordinates>34.83832433,32.13396748,-83.174</coordinates>
            </Point>
        </Placemark>
        <Placemark>
            <name>Point 189</name>
            <description><![CDATA[<b>Time:</b> 2026-03-22 06:57:37<br/><b>Satellites:</b> E07,E15,E21,E29,E34<br/><b>RMS residual:</b> 18.19866910295411<br/><b>PDOP:</b> 2.8813657388831975<br/><b>GDOP:</b> 3.1841656405075045<br/><b>Velocity:</b> 36.73423826794565 m/s]]></description>
            <styleUrl>#red_point</styleUrl>
            <Point>
                <coordinates>34.84383898,32.13025662,295.533</coordinates>
            </Point>
        </Placemark>
        <Placemark>
            <name>Point 190</name>
            <description><![CDATA[<b>Time:</b> 2026-03-22 06:57:49<br/><b>Satellites:</b> E07,E15,E27,E30<br/><b>RMS residual:</b> 1.862645149230957e-09<br/><b>PDOP:</b> 4.415792718077304<br/><b>GDOP:</b> 5.105906216765607<br/><b>Velocity:</b> 22.388647638978547 m/s]]></description>
            <styleUrl>#red_point</styleUrl>
            <Point>
                <coordinates>34.84671917,32.12865379,361.391</coordinates>
            </Point>
        </Placemark>
        <Placemark>
            <name>Point 191</name>
            <description><![CDATA[<b>Time:</b> 2026-03-22 06:57:53<br/><b>Satellites:</b> E07,E15,E21,E29,E34<br/><b>RMS residual:</b> 21.119204179605696<br/><b>PDOP:</b> 2.8734983519121466<br/><b>GDOP:</b> 3.1750045720744047<br/><b>Velocity:</b> 20.645126805780297 m/s]]></description>
            <styleUrl>#red_point</styleUrl>
            <Point>
                <coordinates>34.84751988,32.12831946,363.900</coordinates>
            </Point>
        </Placemark>
        <Placemark>
            <name>Point 192</name>
            <description><![CDATA[<b>Time:</b> 2026-03-22 06:57:59<br/><b>Satellites:</b> E07,E15,E21,E29,E34<br/><b>RMS residual:</b> 15.920454142222358<br/><b>PDOP:</b> 2.870565316026296<br/><b>GDOP:</b> 3.1715885026390405<br/><b>Velocity:</b> 18.010990566534584 m/s]]></description>
            <styleUrl>#red_point</styleUrl>
            <Point>
                <coordinates>34.84859927,32.12792593,369.821</coordinates>
            </Point>
        </Placemark>
        <Placemark>
            <name>Point 193</name>
            <description><![CDATA[<b>Time:</b> 2026-03-22 06:58:07<br/><b>Satellites:</b> E07,E15,E21,E29,E34<br/><b>RMS residual:</b> 13.849446772136927<br/><b>PDOP:</b> 2.8666684818206<br/><b>GDOP:</b> 3.1670491372041467<br/><b>Velocity:</b> 24.294216595422462 m/s]]></description>
            <styleUrl>#red_point</styleUrl>
            <Point>
                <coordinates>34.85024731,32.12726314,376.479</coordinates>
            </Point>
        </Placemark>
        <Placemark>
            <name>Point 194</name>
            <description><![CDATA[<b>Time:</b> 2026-03-22 06:58:11<br/><b>Satellites:</b> E07,E15,E21,E29,E34<br/><b>RMS residual:</b> 16.430292746063476<br/><b>PDOP:</b> 2.864724586571346<br/><b>GDOP:</b> 3.1647839665113<br/><b>Velocity:</b> 26.43002557366442 m/s]]></description>
            <styleUrl>#red_point</styleUrl>
            <Point>
                <coordinates>34.85122971,32.12685274,375.227</coordinates>
            </Point>
        </Placemark>
        <Placemark>
            <name>Point 195</name>
            <description><![CDATA[<b>Time:</b> 2026-03-22 06:58:15<br/><b>Satellites:</b> E07,E15,E21,E29,E34<br/><b>RMS residual:</b> 17.53362364326551<br/><b>PDOP:</b> 2.8627845375323364<br/><b>GDOP:</b> 3.1625230454675375<br/><b>Velocity:</b> 27.95606068140454 m/s]]></description>
            <styleUrl>#red_point</styleUrl>
            <Point>
                <coordinates>34.85226555,32.12639626,368.535</coordinates>
            </Point>
        </Placemark>
        <Placemark>
            <name>Point 196</name>
            <description><![CDATA[<b>Time:</b> 2026-03-22 06:58:19<br/><b>Satellites:</b> E07,E15,E21,E29,E34<br/><b>RMS residual:</b> 16.061454224004603<br/><b>PDOP:</b> 2.860848665951947<br/><b>GDOP:</b> 3.160266910046136<br/><b>Velocity:</b> 29.517898777677022 m/s]]></description>
            <styleUrl>#red_point</styleUrl>
            <Point>
                <coordinates>34.85335207,32.12590750,357.548</coordinates>
            </Point>
        </Placemark>
        <Placemark>
            <name>Point 197</name>
            <description><![CDATA[<b>Time:</b> 2026-03-22 06:58:37<br/><b>Satellites:</b> E07,E15,E27,E30<br/><b>RMS residual:</b> 2.634178031930877e-09<br/><b>PDOP:</b> 4.424933934193663<br/><b>GDOP:</b> 5.115040029968255<br/><b>Velocity:</b> 24.21934261402863 m/s]]></description>
            <styleUrl>#red_point</styleUrl>
            <Point>
                <coordinates>34.85834491,32.12369966,278.627</coordinates>
            </Point>
        </Placemark>
        <Placemark>
            <name>Point 198</name>
            <description><![CDATA[<b>Time:</b> 2026-03-22 06:58:39<br/><b>Satellites:</b> E07,E15,E27,E30<br/><b>RMS residual:</b> 3.725290298461914e-09<br/><b>PDOP:</b> 4.425347421001463<br/><b>GDOP:</b> 5.11545996789077<br/><b>Velocity:</b> 23.905797550707362 m/s]]></description>
            <styleUrl>#red_point</styleUrl>
            <Point>
                <coordinates>34.85880336,32.12351683,280.388</coordinates>
            </Point>
        </Placemark>
        <Placemark>
            <name>Point 199</name>
            <description><![CDATA[<b>Time:</b> 2026-03-22 06:58:47<br/><b>Satellites:</b> E07,E15,E21,E29,E34<br/><b>RMS residual:</b> 9.568779917544962<br/><b>PDOP:</b> 2.847416836151767<br/><b>GDOP:</b> 3.144607803055274<br/><b>Velocity:</b> 21.132701900978997 m/s]]></description>
            <styleUrl>#red_point</styleUrl>
            <Point>
                <coordinates>34.86045323,32.12287580,309.628</coordinates>
            </Point>
        </Placemark>
        <Placemark>
            <name>Point 200</name>
            <description><![CDATA[<b>Time:</b> 2026-03-22 06:58:49<br/><b>Satellites:</b> E07,E15,E21,E29,E34<br/><b>RMS residual:</b> 14.058283898730066<br/><b>PDOP:</b> 2.846460847445131<br/><b>GDOP:</b> 3.1434917611376214<br/><b>Velocity:</b> 20.779996349398655 m/s]]></description>
            <styleUrl>#red_point</styleUrl>
            <Point>
                <coordinates>34.86083904,32.12272806,321.168</coordinates>
            </Point>
        </Placemark>
        <Placemark>
            <name>Point 201</name>
            <description><![CDATA[<b>Time:</b> 2026-03-22 06:58:51<br/><b>Satellites:</b> E07,E15,E21,E29,E34<br/><b>RMS residual:</b> 14.83609796794188<br/><b>PDOP:</b> 2.84551087056797<br/><b>GDOP:</b> 3.142383963132175<br/><b>Velocity:</b> 20.179179892615956 m/s]]></description>
            <styleUrl>#red_point</styleUrl>
            <Point>
                <coordinates>34.86121124,32.12257490,331.489</coordinates>
            </Point>
        </Placemark>
        <Placemark>
            <name>Point 202</name>
            <description><![CDATA[<b>Time:</b> 2026-03-22 06:58:53<br/><b>Satellites:</b> E07,E15,E21,E29,E34<br/><b>RMS residual:</b> 12.997941851885448<br/><b>PDOP:</b> 2.844560695077764<br/><b>GDOP:</b> 3.1412757202878256<br/><b>Velocity:</b> 21.20762788323551 m/s]]></description>
            <styleUrl>#red_point</styleUrl>
            <Point>
                <coordinates>34.86160983,32.12241499,339.837</coordinates>
            </Point>
        </Placemark>
        <Placemark>
            <name>Point 203</name>
            <description><![CDATA[<b>Time:</b> 2026-03-22 06:58:55<br/><b>Satellites:</b> E07,E15,E21,E29,E34<br/><b>RMS residual:</b> 15.274112386793158<br/><b>PDOP:</b> 2.8436102441173956<br/><b>GDOP:</b> 3.1401666342107997<br/><b>Velocity:</b> 22.734408175670893 m/s]]></description>
            <styleUrl>#red_point</styleUrl>
            <Point>
                <coordinates>34.86203982,32.12224659,348.321</coordinates>
            </Point>
        </Placemark>
        <Placemark>
            <name>Point 204</name>
            <description><![CDATA[<b>Time:</b> 2026-03-22 06:58:59<br/><b>Satellites:</b> E07,E15,E21,E29,E34<br/><b>RMS residual:</b> 15.27975084653623<br/><b>PDOP:</b> 2.8417142388847996<br/><b>GDOP:</b> 3.1379546392866278<br/><b>Velocity:</b> 24.925148717425348 m/s]]></description>
            <styleUrl>#red_point</styleUrl>
            <Point>
                <coordinates>34.86297945,32.12190036,356.991</coordinates>
            </Point>
        </Placemark>
        <Placemark>
            <name>Point 205</name>
            <description><![CDATA[<b>Time:</b> 2026-03-22 06:59:01<br/><b>Satellites:</b> E07,E15,E21,E29,E34<br/><b>RMS residual:</b> 17.27247524687141<br/><b>PDOP:</b> 2.8407667436097244<br/><b>GDOP:</b> 3.1368488450902787<br/><b>Velocity:</b> 24.535500451391666 m/s]]></description>
            <styleUrl>#red_point</styleUrl>
            <Point>
                <coordinates>34.86345957,32.12173171,359.254</coordinates>
            </Point>
        </Placemark>
        <Placemark>
            <name>Point 206</name>
            <description><![CDATA[<b>Time:</b> 2026-03-22 06:59:03<br/><b>Satellites:</b> E07,E15,E21,E29,E34<br/><b>RMS residual:</b> 15.783415466563147<br/><b>PDOP:</b> 2.839822295470755<br/><b>GDOP:</b> 3.1357471062745983<br/><b>Velocity:</b> 25.37829556485545 m/s]]></description>
            <styleUrl>#red_point</styleUrl>
            <Point>
                <coordinates>34.86395953,32.12156313,358.554</coordinates>
            </Point>
        </Placemark>
        <Placemark>
            <name>Point 207</name>
            <description><![CDATA[<b>Time:</b> 2026-03-22 06:59:05<br/><b>Satellites:</b> E07,E15,E21,E29,E34<br/><b>RMS residual:</b> 17.06767290566649<br/><b>PDOP:</b> 2.8388766406882393<br/><b>GDOP:</b> 3.134643361413995<br/><b>Velocity:</b> 25.358174081440612 m/s]]></description>
            <styleUrl>#red_point</styleUrl>
            <Point>
                <coordinates>34.86446494,32.12140780,359.207</coordinates>
            </Point>
        </Placemark>
        <Placemark>
            <name>Point 208</name>
            <description><![CDATA[<b>Time:</b> 2026-03-22 06:59:07<br/><b>Satellites:</b> E07,E15,E21,E29,E34<br/><b>RMS residual:</b> 12.87018715454809<br/><b>PDOP:</b> 2.8379364178242334<br/><b>GDOP:</b> 3.1335470510615964<br/><b>Velocity:</b> 25.462557045515247 m/s]]></description>
            <styleUrl>#red_point</styleUrl>
            <Point>
                <coordinates>34.86497760,32.12126449,359.229</coordinates>
            </Point>
        </Placemark>
        <Placemark>
            <name>Point 209</name>
            <description><![CDATA[<b>Time:</b> 2026-03-22 06:59:09<br/><b>Satellites:</b> E07,E15,E21,E29,E34<br/><b>RMS residual:</b> 13.688215436708719<br/><b>PDOP:</b> 2.8369927328403057<br/><b>GDOP:</b> 3.132445433008186<br/><b>Velocity:</b> 25.45208455791862 m/s]]></description>
            <styleUrl>#red_point</styleUrl>
            <Point>
                <coordinates>34.86549345,32.12113047,359.833</coordinates>
            </Point>
        </Placemark>
        <Placemark>
            <name>Point 210</name>
            <description><![CDATA[<b>Time:</b> 2026-03-22 06:59:11<br/><b>Satellites:</b> E07,E15,E21,E29,E34<br/><b>RMS residual:</b> 15.644534461524268<br/><b>PDOP:</b> 2.836050363605691<br/><b>GDOP:</b> 3.131345446582881<br/><b>Velocity:</b> 25.456275020919044 m/s]]></description>
            <styleUrl>#red_point</styleUrl>
            <Point>
                <coordinates>34.86601248,32.12100575,361.020</coordinates>
            </Point>
        </Placemark>
        <Placemark>
            <name>Point 211</name>
            <description><![CDATA[<b>Time:</b> 2026-03-22 06:59:13<br/><b>Satellites:</b> E07,E15,E21,E29,E34<br/><b>RMS residual:</b> 14.254815188005413<br/><b>PDOP:</b> 2.8351113229692437<br/><b>GDOP:</b> 3.130249882033571<br/><b>Velocity:</b> 25.55932677760563 m/s]]></description>
            <styleUrl>#red_point</styleUrl>
            <Point>
                <coordinates>34.86653641,32.12088889,361.623</coordinates>
            </Point>
        </Placemark>
        <Placemark>
            <name>Point 212</name>
            <description><![CDATA[<b>Time:</b> 2026-03-22 06:59:15<br/><b>Satellites:</b> E07,E15,E21,E29,E34<br/><b>RMS residual:</b> 16.481053136922775<br/><b>PDOP:</b> 2.834170411784178<br/><b>GDOP:</b> 3.1291513684817898<br/><b>Velocity:</b> 25.506801960621704 m/s]]></description>
            <styleUrl>#red_point</styleUrl>
            <Point>
                <coordinates>34.86705913,32.12077215,362.701</coordinates>
            </Point>
        </Placemark>
        <Placemark>
            <name>Point 213</name>
            <description><![CDATA[<b>Time:</b> 2026-03-22 06:59:23<br/><b>Satellites:</b> E07,E15,E21,E29,E34<br/><b>RMS residual:</b> 15.732100878863939<br/><b>PDOP:</b> 2.8304192586117556<br/><b>GDOP:</b> 3.124771927547273<br/><b>Velocity:</b> 25.019645314170003 m/s]]></description>
            <styleUrl>#red_point</styleUrl>
            <Point>
                <coordinates>34.86911063,32.12027139,368.180</coordinates>
            </Point>
        </Placemark>
        <Placemark>
            <name>Point 214</name>
            <description><![CDATA[<b>Time:</b> 2026-03-22 06:59:27<br/><b>Satellites:</b> E07,E15,E21,E29,E34<br/><b>RMS residual:</b> 16.806813645429898<br/><b>PDOP:</b> 2.8285519467418387<br/><b>GDOP:</b> 3.122592032777542<br/><b>Velocity:</b> 24.740047066481576 m/s]]></description>
            <styleUrl>#red_point</styleUrl>
            <Point>
                <coordinates>34.87010767,32.11998081,373.137</coordinates>
            </Point>
        </Placemark>
        <Placemark>
            <name>Point 215</name>
            <description><![CDATA[<b>Time:</b> 2026-03-22 06:59:39<br/><b>Satellites:</b> E07,E15,E21,E29,E34<br/><b>RMS residual:</b> 15.553793528852264<br/><b>PDOP:</b> 2.822969008306664<br/><b>GDOP:</b> 3.116072032281237<br/><b>Velocity:</b> 24.05382014497122 m/s]]></description>
            <styleUrl>#red_point</styleUrl>
            <Point>
                <coordinates>34.87294079,32.11897940,372.112</coordinates>
            </Point>
        </Placemark>
        <Placemark>
            <name>Point 216</name>
            <description><![CDATA[<b>Time:</b> 2026-03-22 06:59:41<br/><b>Satellites:</b> E07,E15,E21,E29,E34<br/><b>RMS residual:</b> 17.16582402934046<br/><b>PDOP:</b> 2.822042267187884<br/><b>GDOP:</b> 3.1149896068386744<br/><b>Velocity:</b> 24.18191150594114 m/s]]></description>
            <styleUrl>#red_point</styleUrl>
            <Point>
                <coordinates>34.87340972,32.11880352,372.292</coordinates>
            </Point>
        </Placemark>
        <Placemark>
            <name>Point 217</name>
            <description><![CDATA[<b>Time:</b> 2026-03-22 06:59:43<br/><b>Satellites:</b> E07,E15,E21,E29,E34<br/><b>RMS residual:</b> 16.01829271214232<br/><b>PDOP:</b> 2.8211174922547366<br/><b>GDOP:</b> 3.1139097027545595<br/><b>Velocity:</b> 24.312902387052006 m/s]]></description>
            <styleUrl>#red_point</styleUrl>
            <Point>
                <coordinates>34.87388252,32.11862934,372.895</coordinates>
            </Point>
        </Placemark>
        <Placemark>
            <name>Point 218</name>
            <description><![CDATA[<b>Time:</b> 2026-03-22 06:59:49<br/><b>Satellites:</b> E07,E15,E21,E29,E34<br/><b>RMS residual:</b> 16.85716991316294<br/><b>PDOP:</b> 2.8183450334132467<br/><b>GDOP:</b> 3.110670819589456<br/><b>Velocity:</b> 24.52387199946228 m/s]]></description>
            <styleUrl>#red_point</styleUrl>
            <Point>
                <coordinates>34.87532341,32.11814900,368.260</coordinates>
            </Point>
        </Placemark>
        <Placemark>
            <name>Point 219</name>
            <description><![CDATA[<b>Time:</b> 2026-03-22 06:59:53<br/><b>Satellites:</b> E07,E15,E21,E29,E34<br/><b>RMS residual:</b> 14.734400155839833<br/><b>PDOP:</b> 2.816500291918736<br/><b>GDOP:</b> 3.1085151895036014<br/><b>Velocity:</b> 24.80891376017174 m/s]]></description>
            <styleUrl>#red_point</styleUrl>
            <Point>
                <coordinates>34.87632528,32.11788864,365.205</coordinates>
            </Point>
        </Placemark>
        <Placemark>
            <name>Point 220</name>
            <description><![CDATA[<b>Time:</b> 2026-03-22 06:59:55<br/><b>Satellites:</b> E07,E15,E21,E29,E34<br/><b>RMS residual:</b> 12.002317166545623<br/><b>PDOP:</b> 2.815582129392575<br/><b>GDOP:</b> 3.1074429011528064<br/><b>Velocity:</b> 24.987852258112365 m/s]]></description>
            <styleUrl>#red_point</styleUrl>
            <Point>
                <coordinates>34.87684083,32.11778606,364.358</coordinates>
            </Point>
        </Placemark>
        <Placemark>
            <name>Point 221</name>
            <description><![CDATA[<b>Time:</b> 2026-03-22 06:59:57<br/><b>Satellites:</b> E07,E15,E21,E29,E34<br/><b>RMS residual:</b> 12.096885770287495<br/><b>PDOP:</b> 2.814662200410416<br/><b>GDOP:</b> 3.1063678444809604<br/><b>Velocity:</b> 25.632927262583355 m/s]]></description>
            <styleUrl>#red_point</styleUrl>
            <Point>
                <coordinates>34.87737517,32.11770457,362.530</coordinates>
            </Point>
        </Placemark>
        <Placemark>
            <name>Point 222</name>
            <description><![CDATA[<b>Time:</b> 2026-03-22 06:59:59<br/><b>Satellites:</b> E07,E15,E21,E29,E34<br/><b>RMS residual:</b> 12.487299741610247<br/><b>PDOP:</b> 2.813743428474241<br/><b>GDOP:</b> 3.1052941305447694<br/><b>Velocity:</b> 25.19756658910491 m/s]]></description>
            <styleUrl>#red_point</styleUrl>
            <Point>
                <coordinates>34.87790349,32.11763880,363.085</coordinates>
            </Point>
        </Placemark>
        <Placemark>
            <name>Point 223</name>
            <description><![CDATA[<b>Time:</b> 2026-03-22 07:00:01<br/><b>Satellites:</b> E07,E15,E21,E29,E34<br/><b>RMS residual:</b> 12.950445735396<br/><b>PDOP:</b> 2.8128258843982574<br/><b>GDOP:</b> 3.1042218575941996<br/><b>Velocity:</b> 25.268637053285815 m/s]]></description>
            <styleUrl>#red_point</styleUrl>
            <Point>
                <coordinates>34.87843649,32.11759504,363.351</coordinates>
            </Point>
        </Placemark>
        <Placemark>
            <name>Point 224</name>
            <description><![CDATA[<b>Time:</b> 2026-03-22 07:00:03<br/><b>Satellites:</b> E07,E15,E21,E29,E34<br/><b>RMS residual:</b> 13.966105854725052<br/><b>PDOP:</b> 2.811909689723774<br/><b>GDOP:</b> 3.1031512031963224<br/><b>Velocity:</b> 25.159124573763307 m/s]]></description>
            <styleUrl>#red_point</styleUrl>
            <Point>
                <coordinates>34.87896914,32.11757763,362.330</coordinates>
            </Point>
        </Placemark>
        <Placemark>
            <name>Point 225</name>
            <description><![CDATA[<b>Time:</b> 2026-03-22 07:00:05<br/><b>Satellites:</b> E07,E15,E21,E29,E34<br/><b>RMS residual:</b> 15.00072911720048<br/><b>PDOP:</b> 2.810994800730119<br/><b>GDOP:</b> 3.102082105728857<br/><b>Velocity:</b> 25.090286022558402 m/s]]></description>
            <styleUrl>#red_point</styleUrl>
            <Point>
                <coordinates>34.87950044,32.11758909,360.856</coordinates>
            </Point>
        </Placemark>
        <Placemark>
            <name>Point 226</name>
            <description><![CDATA[<b>Time:</b> 2026-03-22 07:00:07<br/><b>Satellites:</b> E07,E15,E29,E34<br/><b>RMS residual:</b> 2.634178031930877e-09<br/><b>PDOP:</b> 3.0501608136996494<br/><b>GDOP:</b> 3.3269793101658256<br/><b>Velocity:</b> 25.268419987737904 m/s]]></description>
            <styleUrl>#red_point</styleUrl>
            <Point>
                <coordinates>34.88003432,32.11762342,361.696</coordinates>
            </Point>
        </Placemark>
        <Placemark>
            <name>Point 227</name>
            <description><![CDATA[<b>Time:</b> 2026-03-22 07:00:09<br/><b>Satellites:</b> E07,E15,E21,E29,E34<br/><b>RMS residual:</b> 14.817942232142851<br/><b>PDOP:</b> 2.8091649140996293<br/><b>GDOP:</b> 3.0999427075978065<br/><b>Velocity:</b> 25.216651335185144 m/s]]></description>
            <styleUrl>#red_point</styleUrl>
            <Point>
                <coordinates>34.88056371,32.11768519,362.271</coordinates>
            </Point>
        </Placemark>
        <Placemark>
            <name>Point 228</name>
            <description><![CDATA[<b>Time:</b> 2026-03-22 07:00:11<br/><b>Satellites:</b> E07,E15,E21,E29,E34<br/><b>RMS residual:</b> 14.385319318679723<br/><b>PDOP:</b> 2.808252736626962<br/><b>GDOP:</b> 3.0988765300530074<br/><b>Velocity:</b> 24.959907165633172 m/s]]></description>
            <styleUrl>#red_point</styleUrl>
            <Point>
                <coordinates>34.88108494,32.11776168,361.860</coordinates>
            </Point>
        </Placemark>
        <Placemark>
            <name>Point 229</name>
            <description><![CDATA[<b>Time:</b> 2026-03-22 07:00:13<br/><b>Satellites:</b> E07,E15,E21,E29,E34<br/><b>RMS residual:</b> 14.930919869466937<br/><b>PDOP:</b> 2.807341977494997<br/><b>GDOP:</b> 3.0978120310586066<br/><b>Velocity:</b> 24.893532648628167 m/s]]></description>
            <styleUrl>#red_point</styleUrl>
            <Point>
                <coordinates>34.88159786,32.11786650,362.396</coordinates>
            </Point>
        </Placemark>
        <Placemark>
            <name>Point 230</name>
            <description><![CDATA[<b>Time:</b> 2026-03-22 07:00:19<br/><b>Satellites:</b> E07,E15,E21,E29,E34<br/><b>RMS residual:</b> 14.81057277749814<br/><b>PDOP:</b> 2.804613377186969<br/><b>GDOP:</b> 3.0946218664814773<br/><b>Velocity:</b> 24.155384358646103 m/s]]></description>
            <styleUrl>#red_point</styleUrl>
            <Point>
                <coordinates>34.88307329,32.11828967,364.121</coordinates>
            </Point>
        </Placemark>
        <Placemark>
            <name>Point 231</name>
            <description><![CDATA[<b>Time:</b> 2026-03-22 07:00:21<br/><b>Satellites:</b> E07,E15,E21,E29,E34<br/><b>RMS residual:</b> 11.783868597727885<br/><b>PDOP:</b> 2.8037065267142927<br/><b>GDOP:</b> 3.0935617004348908<br/><b>Velocity:</b> 24.842508912089215 m/s]]></description>
            <styleUrl>#red_point</styleUrl>
            <Point>
                <coordinates>34.88355318,32.11847385,363.607</coordinates>
            </Point>
        </Placemark>
        <Placemark>
            <name>Point 232</name>
            <description><![CDATA[<b>Time:</b> 2026-03-22 07:00:23<br/><b>Satellites:</b> E07,E15,E21,E29,E34<br/><b>RMS residual:</b> 13.422509093547053<br/><b>PDOP:</b> 2.8027993903057244<br/><b>GDOP:</b> 3.092500749558918<br/><b>Velocity:</b> 25.032466834818205 m/s]]></description>
            <styleUrl>#red_point</styleUrl>
            <Point>
                <coordinates>34.88402632,32.11867798,363.309</coordinates>
            </Point>
        </Placemark>
        <Placemark>
            <name>Point 233</name>
            <description><![CDATA[<b>Time:</b> 2026-03-22 07:00:25<br/><b>Satellites:</b> E07,E15,E21,E29,E34<br/><b>RMS residual:</b> 13.22648441332396<br/><b>PDOP:</b> 2.8018938895203283<br/><b>GDOP:</b> 3.0914418559800816<br/><b>Velocity:</b> 25.179075552015544 m/s]]></description>
            <styleUrl>#red_point</styleUrl>
            <Point>
                <coordinates>34.88449733,32.11889126,364.028</coordinates>
            </Point>
        </Placemark>
        <Placemark>
            <name>Point 234</name>
            <description><![CDATA[<b>Time:</b> 2026-03-22 07:00:27<br/><b>Satellites:</b> E07,E15,E21,E29,E34<br/><b>RMS residual:</b> 13.468692429625568<br/><b>PDOP:</b> 2.800990314261537<br/><b>GDOP:</b> 3.0903854019480055<br/><b>Velocity:</b> 25.308009716052126 m/s]]></description>
            <styleUrl>#red_point</styleUrl>
            <Point>
                <coordinates>34.88496748,32.11911089,364.175</coordinates>
            </Point>
        </Placemark>
        <Placemark>
            <name>Point 235</name>
            <description><![CDATA[<b>Time:</b> 2026-03-22 07:00:29<br/><b>Satellites:</b> E07,E15,E21,E29,E34<br/><b>RMS residual:</b> 11.376399935805923<br/><b>PDOP:</b> 2.800087468016482<br/><b>GDOP:</b> 3.0893296955454064<br/><b>Velocity:</b> 25.432143600759055 m/s]]></description>
            <styleUrl>#red_point</styleUrl>
            <Point>
                <coordinates>34.88543660,32.11933667,363.822</coordinates>
            </Point>
        </Placemark>
        <Placemark>
            <name>Point 236</name>
            <description><![CDATA[<b>Time:</b> 2026-03-22 07:00:31<br/><b>Satellites:</b> E07,E15,E21,E29,E34<br/><b>RMS residual:</b> 14.800040753432539<br/><b>PDOP:</b> 2.7991838073107953<br/><b>GDOP:</b> 3.0882724844283875<br/><b>Velocity:</b> 25.61994535553604 m/s]]></description>
            <styleUrl>#red_point</styleUrl>
            <Point>
                <coordinates>34.88590493,32.11957025,362.804</coordinates>
            </Point>
        </Placemark>
        <Placemark>
            <name>Point 237</name>
            <description><![CDATA[<b>Time:</b> 2026-03-22 07:00:33<br/><b>Satellites:</b> E07,E15,E21,E29,E34<br/><b>RMS residual:</b> 16.24108340120967<br/><b>PDOP:</b> 2.7982823091216362<br/><b>GDOP:</b> 3.0872180707446564<br/><b>Velocity:</b> 25.74835100017325 m/s]]></description>
            <styleUrl>#red_point</styleUrl>
            <Point>
                <coordinates>34.88637257,32.11980952,362.662</coordinates>
            </Point>
        </Placemark>
        <Placemark>
            <name>Point 238</name>
            <description><![CDATA[<b>Time:</b> 2026-03-22 07:00:35<br/><b>Satellites:</b> E07,E15,E21,E29,E34<br/><b>RMS residual:</b> 15.685491785496852<br/><b>PDOP:</b> 2.7973812278818815<br/><b>GDOP:</b> 3.086164004948965<br/><b>Velocity:</b> 25.60048849245528 m/s]]></description>
            <styleUrl>#red_point</styleUrl>
            <Point>
                <coordinates>34.88684087,32.12004248,361.740</coordinates>
            </Point>
        </Placemark>
        <Placemark>
            <name>Point 239</name>
            <description><![CDATA[<b>Time:</b> 2026-03-22 07:00:37<br/><b>Satellites:</b> E07,E15,E21,E29,E34<br/><b>RMS residual:</b> 14.539168415667469<br/><b>PDOP:</b> 2.796481737623147<br/><b>GDOP:</b> 3.0851119264996076<br/><b>Velocity:</b> 25.837318951995854 m/s]]></description>
            <styleUrl>#red_point</styleUrl>
            <Point>
                <coordinates>34.88731606,32.12027399,361.512</coordinates>
            </Point>
        </Placemark>
        <Placemark>
            <name>Point 240</name>
            <description><![CDATA[<b>Time:</b> 2026-03-22 07:00:39<br/><b>Satellites:</b> E07,E15,E21,E29,E34<br/><b>RMS residual:</b> 12.355892490732321<br/><b>PDOP:</b> 2.7955831220740963<br/><b>GDOP:</b> 3.0840607946821494<br/><b>Velocity:</b> 25.87749424270301 m/s]]></description>
            <styleUrl>#red_point</styleUrl>
            <Point>
                <coordinates>34.88779970,32.12049394,362.015</coordinates>
            </Point>
        </Placemark>
        <Placemark>
            <name>Point 241</name>
            <description><![CDATA[<b>Time:</b> 2026-03-22 07:00:41<br/><b>Satellites:</b> E07,E15,E21,E29,E34<br/><b>RMS residual:</b> 13.794612978464867<br/><b>PDOP:</b> 2.7946856025858584<br/><b>GDOP:</b> 3.083010930019409<br/><b>Velocity:</b> 25.927534758629275 m/s]]></description>
            <styleUrl>#red_point</styleUrl>
            <Point>
                <coordinates>34.88829111,32.12070292,363.062</coordinates>
            </Point>
        </Placemark>
        <Placemark>
            <name>Point 242</name>
            <description><![CDATA[<b>Time:</b> 2026-03-22 07:00:45<br/><b>Satellites:</b> E07,E15,E21,E29,E34<br/><b>RMS residual:</b> 12.880692507010599<br/><b>PDOP:</b> 2.7928921199173664<br/><b>GDOP:</b> 3.08091248185491<br/><b>Velocity:</b> 25.792923473753756 m/s]]></description>
            <styleUrl>#red_point</styleUrl>
            <Point>
                <coordinates>34.88930045,32.12106153,360.273</coordinates>
            </Point>
        </Placemark>
        <Placemark>
            <name>Point 243</name>
            <description><![CDATA[<b>Time:</b> 2026-03-22 07:00:47<br/><b>Satellites:</b> E07,E15,E21,E29,E34<br/><b>RMS residual:</b> 11.052063686356618<br/><b>PDOP:</b> 2.7919959545771365<br/><b>GDOP:</b> 3.079863699948385<br/><b>Velocity:</b> 26.56493175916493 m/s]]></description>
            <styleUrl>#red_point</styleUrl>
            <Point>
                <coordinates>34.88981757,32.12123886,352.900</coordinates>
            </Point>
        </Placemark>
        <Placemark>
            <name>Point 244</name>
            <description><![CDATA[<b>Time:</b> 2026-03-22 07:00:55<br/><b>Satellites:</b> E07,E15,E21,E29,E34<br/><b>RMS residual:</b> 11.466246597013914<br/><b>PDOP:</b> 2.7884234438069195<br/><b>GDOP:</b> 3.075683082933998<br/><b>Velocity:</b> 31.55105397314385 m/s]]></description>
            <styleUrl>#red_point</styleUrl>
            <Point>
                <coordinates>34.89196514,32.12194228,267.423</coordinates>
            </Point>
        </Placemark>
        <Placemark>
            <name>Point 245</name>
            <description><![CDATA[<b>Time:</b> 2026-03-22 07:01:11<br/><b>Satellites:</b> E07,E19,E27,E30<br/><b>RMS residual:</b> 0.0<br/><b>PDOP:</b> 3.526838714362455<br/><b>GDOP:</b> 3.8671402714144483<br/><b>Velocity:</b> 28.406327449915047 m/s]]></description>
            <styleUrl>#red_point</styleUrl>
            <Point>
                <coordinates>34.89650765,32.12292726,-5.398</coordinates>
            </Point>
        </Placemark>
        <Placemark>
            <name>Point 246</name>
            <description><![CDATA[<b>Time:</b> 2026-03-22 07:01:31<br/><b>Satellites:</b> E07,E15,E21,E29,E34<br/><b>RMS residual:</b> 12.148681237942125<br/><b>PDOP:</b> 2.772519738431434<br/><b>GDOP:</b> 3.057059524554319<br/><b>Velocity:</b> 31.778538073079392 m/s]]></description>
            <styleUrl>#red_point</styleUrl>
            <Point>
                <coordinates>34.90253211,32.12165067,281.024</coordinates>
            </Point>
        </Placemark>
        <Placemark>
            <name>Point 247</name>
            <description><![CDATA[<b>Time:</b> 2026-03-22 07:01:33<br/><b>Satellites:</b> E07,E15,E21,E29,E34<br/><b>RMS residual:</b> 13.610458653491376<br/><b>PDOP:</b> 2.7716450413010043<br/><b>GDOP:</b> 3.0560346620550503<br/><b>Velocity:</b> 30.036525577693904 m/s]]></description>
            <styleUrl>#red_point</styleUrl>
            <Point>
                <coordinates>34.90310378,32.12152301,303.335</coordinates>
            </Point>
        </Placemark>
        <Placemark>
            <name>Point 248</name>
            <description><![CDATA[<b>Time:</b> 2026-03-22 07:01:35<br/><b>Satellites:</b> E07,E15,E21,E29,E34<br/><b>RMS residual:</b> 12.080907738348095<br/><b>PDOP:</b> 2.7707733193229127<br/><b>GDOP:</b> 3.0550138321498923<br/><b>Velocity:</b> 28.846898351207805 m/s]]></description>
            <styleUrl>#red_point</styleUrl>
            <Point>
                <coordinates>34.90366706,32.12140567,321.596</coordinates>
            </Point>
        </Placemark>
        <Placemark>
            <name>Point 249</name>
            <description><![CDATA[<b>Time:</b> 2026-03-22 07:01:39<br/><b>Satellites:</b> E07,E15,E21,E29,E34<br/><b>RMS residual:</b> 15.182315464843137<br/><b>PDOP:</b> 2.769027855757812<br/><b>GDOP:</b> 3.052968227356473<br/><b>Velocity:</b> 26.77298236845225 m/s]]></description>
            <styleUrl>#red_point</styleUrl>
            <Point>
                <coordinates>34.90477187,32.12120869,344.671</coordinates>
            </Point>
        </Placemark>
        <Placemark>
            <name>Point 250</name>
            <description><![CDATA[<b>Time:</b> 2026-03-22 07:01:41<br/><b>Satellites:</b> E07,E15,E21,E29,E34<br/><b>RMS residual:</b> 12.265704799114458<br/><b>PDOP:</b> 2.768156919371639<br/><b>GDOP:</b> 3.05194754525715<br/><b>Velocity:</b> 25.66800887702714 m/s]]></description>
            <styleUrl>#red_point</styleUrl>
            <Point>
                <coordinates>34.90530496,32.12112936,349.854</coordinates>
            </Point>
        </Placemark>
        <Placemark>
            <name>Point 251</name>
            <description><![CDATA[<b>Time:</b> 2026-03-22 07:01:43<br/><b>Satellites:</b> E07,E15,E21,E29,E34<br/><b>RMS residual:</b> 12.320003388380643<br/><b>PDOP:</b> 2.7672879448668573<br/><b>GDOP:</b> 3.050929364684186<br/><b>Velocity:</b> 24.698218511339924 m/s]]></description>
            <styleUrl>#red_point</styleUrl>
            <Point>
                <coordinates>34.90582294,32.12106619,351.011</coordinates>
            </Point>
        </Placemark>
        <Placemark>
            <name>Point 252</name>
            <description><![CDATA[<b>Time:</b> 2026-03-22 07:01:45<br/><b>Satellites:</b> E07,E15,E21,E29,E34<br/><b>RMS residual:</b> 13.418260336298573<br/><b>PDOP:</b> 2.7664180647196277<br/><b>GDOP:</b> 3.049909577810306<br/><b>Velocity:</b> 25.27198763050983 m/s]]></description>
            <styleUrl>#red_point</styleUrl>
            <Point>
                <coordinates>34.90635391,32.12100657,350.862</coordinates>
            </Point>
        </Placemark>
        <Placemark>
            <name>Point 253</name>
            <description><![CDATA[<b>Time:</b> 2026-03-22 07:01:47<br/><b>Satellites:</b> E07,E15,E21,E29,E34<br/><b>RMS residual:</b> 14.142995241280662<br/><b>PDOP:</b> 2.7655491449489435<br/><b>GDOP:</b> 3.048890882483595<br/><b>Velocity:</b> 25.126247200340373 m/s]]></description>
            <styleUrl>#red_point</styleUrl>
            <Point>
                <coordinates>34.90688018,32.12093759,351.096</coordinates>
            </Point>
        </Placemark>
        <Placemark>
            <name>Point 254</name>
            <description><![CDATA[<b>Time:</b> 2026-03-22 07:01:51<br/><b>Satellites:</b> E07,E15,E21,E29,E34<br/><b>RMS residual:</b> 11.854781440185524<br/><b>PDOP:</b> 2.7638159047762425<br/><b>GDOP:</b> 3.046859212774214<br/><b>Velocity:</b> 25.297470109797032 m/s]]></description>
            <styleUrl>#red_point</styleUrl>
            <Point>
                <coordinates>34.90793781,32.12079741,350.641</coordinates>
            </Point>
        </Placemark>
        <Placemark>
            <name>Point 255</name>
            <description><![CDATA[<b>Time:</b> 2026-03-22 07:01:53<br/><b>Satellites:</b> E07,E15,E21,E29,E34<br/><b>RMS residual:</b> 10.07596726041512<br/><b>PDOP:</b> 2.7629509019376823<br/><b>GDOP:</b> 3.0458452558882767<br/><b>Velocity:</b> 25.426406853666137 m/s]]></description>
            <styleUrl>#red_point</styleUrl>
            <Point>
                <coordinates>34.90846951,32.12072307,350.365</coordinates>
            </Point>
        </Placemark>
        <Placemark>
            <name>Point 256</name>
            <description><![CDATA[<b>Time:</b> 2026-03-22 07:01:55<br/><b>Satellites:</b> E07,E15,E21,E29,E34<br/><b>RMS residual:</b> 12.821327175810367<br/><b>PDOP:</b> 2.762085716295923<br/><b>GDOP:</b> 3.044830742208216<br/><b>Velocity:</b> 25.62608878375059 m/s]]></description>
            <styleUrl>#red_point</styleUrl>
            <Point>
                <coordinates>34.90900585,32.12065108,351.359</coordinates>
            </Point>
        </Placemark>
        <Placemark>
            <name>Point 257</name>
            <description><![CDATA[<b>Time:</b> 2026-03-22 07:01:57<br/><b>Satellites:</b> E07,E15,E21,E29,E34<br/><b>RMS residual:</b> 11.015607390411985<br/><b>PDOP:</b> 2.7612231015712947<br/><b>GDOP:</b> 3.0438196020501764<br/><b>Velocity:</b> 25.789029427525886 m/s]]></description>
            <styleUrl>#red_point</styleUrl>
            <Point>
                <coordinates>34.90954574,32.12057881,351.572</coordinates>
            </Point>
        </Placemark>
        <Placemark>
            <name>Point 258</name>
            <description><![CDATA[<b>Time:</b> 2026-03-22 07:02:05<br/><b>Satellites:</b> E07,E15,E21,E29,E34<br/><b>RMS residual:</b> 11.786849274275617<br/><b>PDOP:</b> 2.7577765115787973<br/><b>GDOP:</b> 3.0397778388879773<br/><b>Velocity:</b> 26.353140336046128 m/s]]></description>
            <styleUrl>#red_point</styleUrl>
            <Point>
                <coordinates>34.91172753,32.12023607,356.050</coordinates>
            </Point>
        </Placemark>
        <Placemark>
            <name>Point 259</name>
            <description><![CDATA[<b>Time:</b> 2026-03-22 07:02:07<br/><b>Satellites:</b> E07,E15,E21,E29,E34<br/><b>RMS residual:</b> 12.948601099912677<br/><b>PDOP:</b> 2.7569171229113345<br/><b>GDOP:</b> 3.038769895590776<br/><b>Velocity:</b> 26.36300590034604 m/s]]></description>
            <styleUrl>#red_point</styleUrl>
            <Point>
                <coordinates>34.91227304,32.12013348,356.493</coordinates>
            </Point>
        </Placemark>
        <Placemark>
            <name>Point 260</name>
            <description><![CDATA[<b>Time:</b> 2026-03-22 07:02:11<br/><b>Satellites:</b> E07,E15,E21,E29,E34<br/><b>RMS residual:</b> 12.5139109857054<br/><b>PDOP:</b> 2.755198675961818<br/><b>GDOP:</b> 3.036753597525288<br/><b>Velocity:</b> 26.569658558655483 m/s]]></description>
            <styleUrl>#red_point</styleUrl>
            <Point>
                <coordinates>34.91336375,32.11990419,363.357</coordinates>
            </Point>
        </Placemark>
        <Placemark>
            <name>Point 261</name>
            <description><![CDATA[<b>Time:</b> 2026-03-22 07:02:13<br/><b>Satellites:</b> E07,E15,E21,E29,E34<br/><b>RMS residual:</b> 11.991913918965428<br/><b>PDOP:</b> 2.7543441834959803<br/><b>GDOP:</b> 3.0357518123515264<br/><b>Velocity:</b> 26.798779752722982 m/s]]></description>
            <styleUrl>#red_point</styleUrl>
            <Point>
                <coordinates>34.91391048,32.11977364,364.210</coordinates>
            </Point>
        </Placemark>
        <Placemark>
            <name>Point 262</name>
            <description><![CDATA[<b>Time:</b> 2026-03-22 07:02:15<br/><b>Satellites:</b> E07,E15,E21,E29,E34<br/><b>RMS residual:</b> 11.187090453419877<br/><b>PDOP:</b> 2.753488512505253<br/><b>GDOP:</b> 3.0347479914192466<br/><b>Velocity:</b> 26.749602077089886 m/s]]></description>
            <styleUrl>#red_point</styleUrl>
            <Point>
                <coordinates>34.91445375,32.11963648,365.674</coordinates>
            </Point>
        </Placemark>
        <Placemark>
            <name>Point 263</name>
            <description><![CDATA[<b>Time:</b> 2026-03-22 07:02:17<br/><b>Satellites:</b> E07,E15,E21,E29,E34<br/><b>RMS residual:</b> 12.521623878679794<br/><b>PDOP:</b> 2.752633602914309<br/><b>GDOP:</b> 3.0337449729896533<br/><b>Velocity:</b> 26.680036082196423 m/s]]></description>
            <styleUrl>#red_point</styleUrl>
            <Point>
                <coordinates>34.91499073,32.11948672,367.457</coordinates>
            </Point>
        </Placemark>
        <Placemark>
            <name>Point 264</name>
            <description><![CDATA[<b>Time:</b> 2026-03-22 07:02:21<br/><b>Satellites:</b> E07,E15,E21,E29,E34<br/><b>RMS residual:</b> 11.238925105819177<br/><b>PDOP:</b> 2.7509245360314822<br/><b>GDOP:</b> 3.031739131756292<br/><b>Velocity:</b> 26.494546059806307 m/s]]></description>
            <styleUrl>#red_point</styleUrl>
            <Point>
                <coordinates>34.91605462,32.11917522,369.598</coordinates>
            </Point>
        </Placemark>
        <Placemark>
            <name>Point 265</name>
            <description><![CDATA[<b>Time:</b> 2026-03-22 07:02:23<br/><b>Satellites:</b> E07,E15,E21,E29,E34<br/><b>RMS residual:</b> 10.372749789423446<br/><b>PDOP:</b> 2.750074810365644<br/><b>GDOP:</b> 3.0307427779834244<br/><b>Velocity:</b> 26.410032217987187 m/s]]></description>
            <styleUrl>#red_point</styleUrl>
            <Point>
                <coordinates>34.91658049,32.11901315,367.649</coordinates>
            </Point>
        </Placemark>
        <Placemark>
            <name>Point 266</name>
            <description><![CDATA[<b>Time:</b> 2026-03-22 07:02:25<br/><b>Satellites:</b> E07,E15,E21,E29,E34<br/><b>RMS residual:</b> 10.94799311158903<br/><b>PDOP:</b> 2.749223038188256<br/><b>GDOP:</b> 3.029743081979942<br/><b>Velocity:</b> 26.465262503505524 m/s]]></description>
            <styleUrl>#red_point</styleUrl>
            <Point>
                <coordinates>34.91710811,32.11885132,367.942</coordinates>
            </Point>
        </Placemark>
        <Placemark>
            <name>Point 267</name>
            <description><![CDATA[<b>Time:</b> 2026-03-22 07:02:27<br/><b>Satellites:</b> E07,E15,E21,E29,E34<br/><b>RMS residual:</b> 13.09572062217077<br/><b>PDOP:</b> 2.7483724621303858<br/><b>GDOP:</b> 3.028744782042294<br/><b>Velocity:</b> 26.310977865726638 m/s]]></description>
            <styleUrl>#red_point</styleUrl>
            <Point>
                <coordinates>34.91763198,32.11868885,367.943</coordinates>
            </Point>
        </Placemark>
        <Placemark>
            <name>Point 268</name>
            <description><![CDATA[<b>Time:</b> 2026-03-22 07:02:29<br/><b>Satellites:</b> E07,E15,E21,E29,E34<br/><b>RMS residual:</b> 12.237986286295927<br/><b>PDOP:</b> 2.7475237250729654<br/><b>GDOP:</b> 3.027748862442722<br/><b>Velocity:</b> 26.307051089623517 m/s]]></description>
            <styleUrl>#red_point</styleUrl>
            <Point>
                <coordinates>34.91815482,32.11852430,368.634</coordinates>
            </Point>
        </Placemark>
        <Placemark>
            <name>Point 269</name>
            <description><![CDATA[<b>Time:</b> 2026-03-22 07:02:31<br/><b>Satellites:</b> E07,E15,E21,E29,E34<br/><b>RMS residual:</b> 12.940891192322264<br/><b>PDOP:</b> 2.746673908686551<br/><b>GDOP:</b> 3.026751076546528<br/><b>Velocity:</b> 26.24775510148551 m/s]]></description>
            <styleUrl>#red_point</styleUrl>
            <Point>
                <coordinates>34.91867630,32.11835982,367.664</coordinates>
            </Point>
        </Placemark>
        <Placemark>
            <name>Point 270</name>
            <description><![CDATA[<b>Time:</b> 2026-03-22 07:02:33<br/><b>Satellites:</b> E07,E15,E21,E29,E34<br/><b>RMS residual:</b> 12.360452404289884<br/><b>PDOP:</b> 2.7458278312353306<br/><b>GDOP:</b> 3.025758387231199<br/><b>Velocity:</b> 26.27124405045002 m/s]]></description>
            <styleUrl>#red_point</styleUrl>
            <Point>
                <coordinates>34.91919829,32.11819522,366.939</coordinates>
            </Point>
        </Placemark>
        <Placemark>
            <name>Point 271</name>
            <description><![CDATA[<b>Time:</b> 2026-03-22 07:02:35<br/><b>Satellites:</b> E07,E15,E21,E29,E34<br/><b>RMS residual:</b> 10.8994895550624<br/><b>PDOP:</b> 2.7449811511158577<br/><b>GDOP:</b> 3.0247645968764547<br/><b>Velocity:</b> 25.92250910514252 m/s]]></description>
            <styleUrl>#red_point</styleUrl>
            <Point>
                <coordinates>34.91971675,32.11804068,366.918</coordinates>
            </Point>
        </Placemark>
        <Placemark>
            <name>Point 272</name>
            <description><![CDATA[<b>Time:</b> 2026-03-22 07:02:37<br/><b>Satellites:</b> E07,E15,E21,E29,E34<br/><b>RMS residual:</b> 10.880686556903575<br/><b>PDOP:</b> 2.7441357395873966<br/><b>GDOP:</b> 3.0237722275866346<br/><b>Velocity:</b> 26.067154990958088 m/s]]></description>
            <styleUrl>#red_point</styleUrl>
            <Point>
                <coordinates>34.92023722,32.11788333,367.761</coordinates>
            </Point>
        </Placemark>
        <Placemark>
            <name>Point 273</name>
            <description><![CDATA[<b>Time:</b> 2026-03-22 07:02:39<br/><b>Satellites:</b> E07,E15,E21,E29,E34<br/><b>RMS residual:</b> 12.800639141044838<br/><b>PDOP:</b> 2.7432900807684204<br/><b>GDOP:</b> 3.0227792503946063<br/><b>Velocity:</b> 26.157451337979953 m/s]]></description>
            <styleUrl>#red_point</styleUrl>
            <Point>
                <coordinates>34.92076270,32.11773365,369.090</coordinates>
            </Point>
        </Placemark>
        <Placemark>
            <name>Point 274</name>
            <description><![CDATA[<b>Time:</b> 2026-03-22 07:02:41<br/><b>Satellites:</b> E07,E15,E21,E29,E34<br/><b>RMS residual:</b> 11.890076850871168<br/><b>PDOP:</b> 2.7424464411920484<br/><b>GDOP:</b> 3.0217888821400463<br/><b>Velocity:</b> 25.8709498764441 m/s]]></description>
            <styleUrl>#red_point</styleUrl>
            <Point>
                <coordinates>34.92128323,32.11758724,368.608</coordinates>
            </Point>
        </Placemark>
        <Placemark>
            <name>Point 275</name>
            <description><![CDATA[<b>Time:</b> 2026-03-22 07:02:43<br/><b>Satellites:</b> E07,E15,E21,E29,E34<br/><b>RMS residual:</b> 13.061527374338047<br/><b>PDOP:</b> 2.7416019423800724<br/><b>GDOP:</b> 3.020797006679844<br/><b>Velocity:</b> 26.03824273724362 m/s]]></description>
            <styleUrl>#red_point</styleUrl>
            <Point>
                <coordinates>34.92180771,32.11744280,366.328</coordinates>
            </Point>
        </Placemark>
        <Placemark>
            <name>Point 276</name>
            <description><![CDATA[<b>Time:</b> 2026-03-22 07:02:45<br/><b>Satellites:</b> E07,E15,E21,E29,E34<br/><b>RMS residual:</b> 11.495200874149946<br/><b>PDOP:</b> 2.7407616927368577<br/><b>GDOP:</b> 3.0198109742365618<br/><b>Velocity:</b> 26.03292914282712 m/s]]></description>
            <styleUrl>#red_point</styleUrl>
            <Point>
                <coordinates>34.92233467,32.11730405,365.516</coordinates>
            </Point>
        </Placemark>
        <Placemark>
            <name>Point 277</name>
            <description><![CDATA[<b>Time:</b> 2026-03-22 07:02:47<br/><b>Satellites:</b> E07,E15,E21,E29,E34<br/><b>RMS residual:</b> 14.385215212039384<br/><b>PDOP:</b> 2.739918845672106<br/><b>GDOP:</b> 3.0188209045622503<br/><b>Velocity:</b> 26.113305165120515 m/s]]></description>
            <styleUrl>#red_point</styleUrl>
            <Point>
                <coordinates>34.92286486,32.11716924,365.015</coordinates>
            </Point>
        </Placemark>
        <Placemark>
            <name>Point 278</name>
            <description><![CDATA[<b>Time:</b> 2026-03-22 07:02:49<br/><b>Satellites:</b> E07,E15,E21,E29,E34<br/><b>RMS residual:</b> 13.22028789896026<br/><b>PDOP:</b> 2.7390775171861304<br/><b>GDOP:</b> 3.0178327245429384<br/><b>Velocity:</b> 26.225030398872835 m/s]]></description>
            <styleUrl>#red_point</styleUrl>
            <Point>
                <coordinates>34.92340082,32.11704419,365.372</coordinates>
            </Point>
        </Placemark>
        <Placemark>
            <name>Point 279</name>
            <description><![CDATA[<b>Time:</b> 2026-03-22 07:02:51<br/><b>Satellites:</b> E07,E15,E21,E29,E34<br/><b>RMS residual:</b> 11.10937834990081<br/><b>PDOP:</b> 2.7382403980528642<br/><b>GDOP:</b> 3.016850212625397<br/><b>Velocity:</b> 26.496579331585377 m/s]]></description>
            <styleUrl>#red_point</styleUrl>
            <Point>
                <coordinates>34.92394445,32.11692479,366.131</coordinates>
            </Point>
        </Placemark>
        <Placemark>
            <name>Point 280</name>
            <description><![CDATA[<b>Time:</b> 2026-03-22 07:02:53<br/><b>Satellites:</b> E07,E15,E21,E29,E34<br/><b>RMS residual:</b> 10.87243060856253<br/><b>PDOP:</b> 2.7374017731565154<br/><b>GDOP:</b> 3.0158653462909504<br/><b>Velocity:</b> 26.599907040762496 m/s]]></description>
            <styleUrl>#red_point</styleUrl>
            <Point>
                <coordinates>34.92449413,32.11681857,365.840</coordinates>
            </Point>
        </Placemark>
        <Placemark>
            <name>Point 281</name>
            <description><![CDATA[<b>Time:</b> 2026-03-22 07:02:55<br/><b>Satellites:</b> E07,E15,E21,E29,E34<br/><b>RMS residual:</b> 10.571125820081177<br/><b>PDOP:</b> 2.7365641388233612<br/><b>GDOP:</b> 3.014881596290054<br/><b>Velocity:</b> 26.631038965580636 m/s]]></description>
            <styleUrl>#red_point</styleUrl>
            <Point>
                <coordinates>34.92504724,32.11672431,364.222</coordinates>
            </Point>
        </Placemark>
        <Placemark>
            <name>Point 282</name>
            <description><![CDATA[<b>Time:</b> 2026-03-22 07:02:57<br/><b>Satellites:</b> E07,E15,E21,E29,E34<br/><b>RMS residual:</b> 10.94735178882832<br/><b>PDOP:</b> 2.7357269220909735<br/><b>GDOP:</b> 3.0138982319842738<br/><b>Velocity:</b> 26.634973423181634 m/s]]></description>
            <styleUrl>#red_point</styleUrl>
            <Point>
                <coordinates>34.92560166,32.11663464,365.138</coordinates>
            </Point>
        </Placemark>
        <Placemark>
            <name>Point 283</name>
            <description><![CDATA[<b>Time:</b> 2026-03-22 07:02:59<br/><b>Satellites:</b> E07,E15,E21,E29,E34<br/><b>RMS residual:</b> 11.984978076885218<br/><b>PDOP:</b> 2.7348903178989157<br/><b>GDOP:</b> 3.0129153716741435<br/><b>Velocity:</b> 26.614715704908956 m/s]]></description>
            <styleUrl>#red_point</styleUrl>
            <Point>
                <coordinates>34.92615830,32.11655749,364.656</coordinates>
            </Point>
        </Placemark>
        <Placemark>
            <name>Point 284</name>
            <description><![CDATA[<b>Time:</b> 2026-03-22 07:03:01<br/><b>Satellites:</b> E07,E15,E21,E29,E34<br/><b>RMS residual:</b> 11.193477106857527<br/><b>PDOP:</b> 2.734053684223309<br/><b>GDOP:</b> 3.0119322513774276<br/><b>Velocity:</b> 26.64649319711417 m/s]]></description>
            <styleUrl>#red_point</styleUrl>
            <Point>
                <coordinates>34.92671696,32.11648840,363.446</coordinates>
            </Point>
        </Placemark>
        <Placemark>
            <name>Point 285</name>
            <description><![CDATA[<b>Time:</b> 2026-03-22 07:03:03<br/><b>Satellites:</b> E07,E15,E21,E29,E34<br/><b>RMS residual:</b> 11.223892753665227<br/><b>PDOP:</b> 2.733220663249175<br/><b>GDOP:</b> 3.010954009731871<br/><b>Velocity:</b> 27.035356110376114 m/s]]></description>
            <styleUrl>#red_point</styleUrl>
            <Point>
                <coordinates>34.92728464,32.11642405,364.921</coordinates>
            </Point>
        </Placemark>
        <Placemark>
            <name>Point 286</name>
            <description><![CDATA[<b>Time:</b> 2026-03-22 07:03:21<br/><b>Satellites:</b> E07,E15,E21,E29,E34<br/><b>RMS residual:</b> 11.860748218798124<br/><b>PDOP:</b> 2.7257495820037714<br/><b>GDOP:</b> 3.0021742405768705<br/><b>Velocity:</b> 26.111215653139592 m/s]]></description>
            <styleUrl>#red_point</styleUrl>
            <Point>
                <coordinates>34.93236005,32.11607836,378.858</coordinates>
            </Point>
        </Placemark>
        <Placemark>
            <name>Point 287</name>
            <description><![CDATA[<b>Time:</b> 2026-03-22 07:03:23<br/><b>Satellites:</b> E07,E15,E21,E29,E34<br/><b>RMS residual:</b> 11.365949039690921<br/><b>PDOP:</b> 2.724924659065027<br/><b>GDOP:</b> 3.001204718090495<br/><b>Velocity:</b> 25.881021603410456 m/s]]></description>
            <styleUrl>#red_point</styleUrl>
            <Point>
                <coordinates>34.93290760,32.11605299,379.767</coordinates>
            </Point>
        </Placemark>
        <Placemark>
            <name>Point 288</name>
            <description><![CDATA[<b>Time:</b> 2026-03-22 07:03:31<br/><b>Satellites:</b> E07,E15,E21,E29,E34<br/><b>RMS residual:</b> 10.648833572849824<br/><b>PDOP:</b> 2.721631435959456<br/><b>GDOP:</b> 2.997332968141878<br/><b>Velocity:</b> 26.528834170313992 m/s]]></description>
            <styleUrl>#red_point</styleUrl>
            <Point>
                <coordinates>34.93508239,32.11595362,378.873</coordinates>
            </Point>
        </Placemark>
        <Placemark>
            <name>Point 289</name>
            <description><![CDATA[<b>Time:</b> 2026-03-22 07:03:39<br/><b>Satellites:</b> E07,E15,E21,E29,E34<br/><b>RMS residual:</b> 13.296895847661895<br/><b>PDOP:</b> 2.7183529936586224<br/><b>GDOP:</b> 2.993477820853773<br/><b>Velocity:</b> 32.77790944836524 m/s]]></description>
            <styleUrl>#red_point</styleUrl>
            <Point>
                <coordinates>34.93760417,32.11560454,355.511</coordinates>
            </Point>
        </Placemark>
        <Placemark>
            <name>Point 290</name>
            <description><![CDATA[<b>Time:</b> 2026-03-22 07:03:49<br/><b>Satellites:</b> E07,E15,E27,E30<br/><b>RMS residual:</b> 2.634178031930877e-09<br/><b>PDOP:</b> 4.526739004024468<br/><b>GDOP:</b> 5.22528969577529<br/><b>Velocity:</b> 32.635177012575554 m/s]]></description>
            <styleUrl>#red_point</styleUrl>
            <Point>
                <coordinates>34.94097689,32.11499470,315.340</coordinates>
            </Point>
        </Placemark>
        <Placemark>
            <name>Point 291</name>
            <description><![CDATA[<b>Time:</b> 2026-03-22 07:03:51<br/><b>Satellites:</b> E07,E15,E27,E30<br/><b>RMS residual:</b> 2.634178031930877e-09<br/><b>PDOP:</b> 4.527643010353164<br/><b>GDOP:</b> 5.226296986739723<br/><b>Velocity:</b> 32.90515645824621 m/s]]></description>
            <styleUrl>#red_point</styleUrl>
            <Point>
                <coordinates>34.94165079,32.11485988,307.457</coordinates>
            </Point>
        </Placemark>
        <Placemark>
            <name>Point 292</name>
            <description><![CDATA[<b>Time:</b> 2026-03-22 07:03:53<br/><b>Satellites:</b> E07,E15,E27,E30<br/><b>RMS residual:</b> 1.862645149230957e-09<br/><b>PDOP:</b> 4.528552696168729<br/><b>GDOP:</b> 5.227311193959606<br/><b>Velocity:</b> 31.365903156715024 m/s]]></description>
            <styleUrl>#red_point</styleUrl>
            <Point>
                <coordinates>34.94229791,32.11473791,302.741</coordinates>
            </Point>
        </Placemark>
        <Placemark>
            <name>Point 293</name>
            <description><![CDATA[<b>Time:</b> 2026-03-22 07:03:55<br/><b>Satellites:</b> E07,E15,E27,E30<br/><b>RMS residual:</b> 0.0<br/><b>PDOP:</b> 4.529464000766155<br/><b>GDOP:</b> 5.228326868239978<br/><b>Velocity:</b> 29.152551942677306 m/s]]></description>
            <styleUrl>#red_point</styleUrl>
            <Point>
                <coordinates>34.94290284,32.11463347,300.362</coordinates>
            </Point>
        </Placemark>
        <Placemark>
            <name>Point 294</name>
            <description><![CDATA[<b>Time:</b> 2026-03-22 07:03:59<br/><b>Satellites:</b> E07,E15,E27,E30<br/><b>RMS residual:</b> 1.862645149230957e-09<br/><b>PDOP:</b> 4.531305298369527<br/><b>GDOP:</b> 5.2303826591098845<br/><b>Velocity:</b> 22.94829735659809 m/s]]></description>
            <styleUrl>#red_point</styleUrl>
            <Point>
                <coordinates>34.94392681,32.11450169,304.224</coordinates>
            </Point>
        </Placemark>
        <Placemark>
            <name>Point 295</name>
            <description><![CDATA[<b>Time:</b> 2026-03-22 07:04:07<br/><b>Satellites:</b> E07,E15,E27,E30<br/><b>RMS residual:</b> 3.226196034939731e-09<br/><b>PDOP:</b> 4.535005069374067<br/><b>GDOP:</b> 5.234509117677168<br/><b>Velocity:</b> 17.33330474491706 m/s]]></description>
            <styleUrl>#red_point</styleUrl>
            <Point>
                <coordinates>34.94543925,32.11447696,331.117</coordinates>
            </Point>
        </Placemark>
        <Placemark>
            <name>Point 296</name>
            <description><![CDATA[<b>Time:</b> 2026-03-22 07:04:11<br/><b>Satellites:</b> E07,E15,E21,E29,E34<br/><b>RMS residual:</b> 10.1249982450984<br/><b>PDOP:</b> 2.7053760761794434<br/><b>GDOP:</b> 2.9782087231290197<br/><b>Velocity:</b> 17.27837932857716 m/s]]></description>
            <styleUrl>#red_point</styleUrl>
            <Point>
                <coordinates>34.94614904,32.11442934,346.859</coordinates>
            </Point>
        </Placemark>
        <Placemark>
            <name>Point 297</name>
            <description><![CDATA[<b>Time:</b> 2026-03-22 07:04:13<br/><b>Satellites:</b> E07,E15,E21,E29,E34<br/><b>RMS residual:</b> 9.005531684512562<br/><b>PDOP:</b> 2.704572654455124<br/><b>GDOP:</b> 2.977262929452324<br/><b>Velocity:</b> 16.642315445445217 m/s]]></description>
            <styleUrl>#red_point</styleUrl>
            <Point>
                <coordinates>34.94649024,32.11440156,354.693</coordinates>
            </Point>
        </Placemark>
        <Placemark>
            <name>Point 298</name>
            <description><![CDATA[<b>Time:</b> 2026-03-22 07:04:15<br/><b>Satellites:</b> E07,E15,E21,E29,E34<br/><b>RMS residual:</b> 11.079728823766079<br/><b>PDOP:</b> 2.7037686709349193<br/><b>GDOP:</b> 2.976316046618489<br/><b>Velocity:</b> 15.861219427910143 m/s]]></description>
            <styleUrl>#red_point</styleUrl>
            <Point>
                <coordinates>34.94681673,32.11436916,361.315</coordinates>
            </Point>
        </Placemark>
        <Placemark>
            <name>Point 299</name>
            <description><![CDATA[<b>Time:</b> 2026-03-22 07:04:17<br/><b>Satellites:</b> E07,E15,E21,E29,E34<br/><b>RMS residual:</b> 11.515683357574664<br/><b>PDOP:</b> 2.7029658748279997<br/><b>GDOP:</b> 2.9753705853968864<br/><b>Velocity:</b> 16.029789483731975 m/s]]></description>
            <styleUrl>#red_point</styleUrl>
            <Point>
                <coordinates>34.94714676,32.11432995,367.537</coordinates>
            </Point>
        </Placemark>
        <Placemark>
            <name>Point 300</name>
            <description><![CDATA[<b>Time:</b> 2026-03-22 07:04:19<br/><b>Satellites:</b> E07,E15,E21,E29,E34<br/><b>RMS residual:</b> 11.415344637837263<br/><b>PDOP:</b> 2.7021656874425855<br/><b>GDOP:</b> 2.974428590592668<br/><b>Velocity:</b> 16.92434835638308 m/s]]></description>
            <styleUrl>#red_point</styleUrl>
            <Point>
                <coordinates>34.94749556,32.11428415,373.552</coordinates>
            </Point>
        </Placemark>
        <Placemark>
            <name>Point 301</name>
            <description><![CDATA[<b>Time:</b> 2026-03-22 07:04:21<br/><b>Satellites:</b> E07,E15,E21,E29,E34<br/><b>RMS residual:</b> 10.596454655286106<br/><b>PDOP:</b> 2.701365325907109<br/><b>GDOP:</b> 2.973486050726613<br/><b>Velocity:</b> 18.060623697205106 m/s]]></description>
            <styleUrl>#red_point</styleUrl>
            <Point>
                <coordinates>34.94786562,32.11420442,376.133</coordinates>
            </Point>
        </Placemark>
        <Placemark>
            <name>Point 302</name>
            <description><![CDATA[<b>Time:</b> 2026-03-22 07:04:23<br/><b>Satellites:</b> E07,E15,E21,E29,E34<br/><b>RMS residual:</b> 11.450668778626346<br/><b>PDOP:</b> 2.7005656270575686<br/><b>GDOP:</b> 2.9725441561429853<br/><b>Velocity:</b> 19.79531978171284 m/s]]></description>
            <styleUrl>#red_point</styleUrl>
            <Point>
                <coordinates>34.94826574,32.11409798,377.548</coordinates>
            </Point>
        </Placemark>
        <Placemark>
            <name>Point 303</name>
            <description><![CDATA[<b>Time:</b> 2026-03-22 07:04:25<br/><b>Satellites:</b> E07,E15,E21,E29,E34<br/><b>RMS residual:</b> 11.956948990587808<br/><b>PDOP:</b> 2.6997670253121724<br/><b>GDOP:</b> 2.9716035208880722<br/><b>Velocity:</b> 20.226324625683457 m/s]]></description>
            <styleUrl>#red_point</styleUrl>
            <Point>
                <coordinates>34.94867234,32.11398472,380.001</coordinates>
            </Point>
        </Placemark>
        <Placemark>
            <name>Point 304</name>
            <description><![CDATA[<b>Time:</b> 2026-03-22 07:04:27<br/><b>Satellites:</b> E07,E15,E21,E29,E34<br/><b>RMS residual:</b> 10.787467001302609<br/><b>PDOP:</b> 2.6989691856698754<br/><b>GDOP:</b> 2.9706637396775135<br/><b>Velocity:</b> 21.355832086087883 m/s]]></description>
            <styleUrl>#red_point</styleUrl>
            <Point>
                <coordinates>34.94910096,32.11386194,381.521</coordinates>
            </Point>
        </Placemark>
        <Placemark>
            <name>Point 305</name>
            <description><![CDATA[<b>Time:</b> 2026-03-22 07:04:29<br/><b>Satellites:</b> E07,E15,E21,E29,E34<br/><b>RMS residual:</b> 13.721118654148668<br/><b>PDOP:</b> 2.698172148592971<br/><b>GDOP:</b> 2.96972476099021<br/><b>Velocity:</b> 21.30326858262633 m/s]]></description>
            <styleUrl>#red_point</styleUrl>
            <Point>
                <coordinates>34.94952562,32.11373164,381.240</coordinates>
            </Point>
        </Placemark>
        <Placemark>
            <name>Point 306</name>
            <description><![CDATA[<b>Time:</b> 2026-03-22 07:04:31<br/><b>Satellites:</b> E07,E15,E21,E29,E34<br/><b>RMS residual:</b> 10.256779063433353<br/><b>PDOP:</b> 2.6973774572713434<br/><b>GDOP:</b> 2.96878894177046<br/><b>Velocity:</b> 21.09152767018997 m/s]]></description>
            <styleUrl>#red_point</styleUrl>
            <Point>
                <coordinates>34.94994594,32.11360236,381.602</coordinates>
            </Point>
        </Placemark>
        <Placemark>
            <name>Point 307</name>
            <description><![CDATA[<b>Time:</b> 2026-03-22 07:04:33<br/><b>Satellites:</b> E07,E15,E21,E29,E34<br/><b>RMS residual:</b> 10.104895584487252<br/><b>PDOP:</b> 2.6965830471687897<br/><b>GDOP:</b> 2.9678532032649323<br/><b>Velocity:</b> 21.138820796892823 m/s]]></description>
            <styleUrl>#red_point</styleUrl>
            <Point>
                <coordinates>34.95036627,32.11347066,382.130</coordinates>
            </Point>
        </Placemark>
        <Placemark>
            <name>Point 308</name>
            <description><![CDATA[<b>Time:</b> 2026-03-22 07:04:35<br/><b>Satellites:</b> E07,E15,E21,E29,E34<br/><b>RMS residual:</b> 10.476615498448048<br/><b>PDOP:</b> 2.6957870035063083<br/><b>GDOP:</b> 2.9669148755080017<br/><b>Velocity:</b> 21.174422874475322 m/s]]></description>
            <styleUrl>#red_point</styleUrl>
            <Point>
                <coordinates>34.95078768,32.11333957,382.537</coordinates>
            </Point>
        </Placemark>
        <Placemark>
            <name>Point 309</name>
            <description><![CDATA[<b>Time:</b> 2026-03-22 07:04:37<br/><b>Satellites:</b> E07,E15,E21,E29,E34<br/><b>RMS residual:</b> 11.033875981281891<br/><b>PDOP:</b> 2.6949944426022028<br/><b>GDOP:</b> 2.965981262578164<br/><b>Velocity:</b> 21.370424625454756 m/s]]></description>
            <styleUrl>#red_point</styleUrl>
            <Point>
                <coordinates>34.95121378,32.11320938,381.564</coordinates>
            </Point>
        </Placemark>
        <Placemark>
            <name>Point 310</name>
            <description><![CDATA[<b>Time:</b> 2026-03-22 07:04:39<br/><b>Satellites:</b> E07,E15,E21,E29,E34<br/><b>RMS residual:</b> 9.985570443156922<br/><b>PDOP:</b> 2.6942022540968327<br/><b>GDOP:</b> 2.9650479256061293<br/><b>Velocity:</b> 21.519553039031386 m/s]]></description>
            <styleUrl>#red_point</styleUrl>
            <Point>
                <coordinates>34.95164193,32.11307585,381.189</coordinates>
            </Point>
        </Placemark>
        <Placemark>
            <name>Point 311</name>
            <description><![CDATA[<b>Time:</b> 2026-03-22 07:04:41<br/><b>Satellites:</b> E07,E15,E21,E29,E34<br/><b>RMS residual:</b> 8.902306923812176<br/><b>PDOP:</b> 2.693411035261102<br/><b>GDOP:</b> 2.9641156990985515<br/><b>Velocity:</b> 21.680662749945842 m/s]]></description>
            <styleUrl>#red_point</styleUrl>
            <Point>
                <coordinates>34.95207397,32.11294327,380.046</coordinates>
            </Point>
        </Placemark>
        <Placemark>
            <name>Point 312</name>
            <description><![CDATA[<b>Time:</b> 2026-03-22 07:04:43<br/><b>Satellites:</b> E07,E15,E21,E29,E34<br/><b>RMS residual:</b> 8.469477373024393<br/><b>PDOP:</b> 2.692619817303081<br/><b>GDOP:</b> 2.963183240485317<br/><b>Velocity:</b> 21.68850228874092 m/s]]></description>
            <styleUrl>#red_point</styleUrl>
            <Point>
                <coordinates>34.95250493,32.11280756,380.774</coordinates>
            </Point>
        </Placemark>
        <Placemark>
            <name>Point 313</name>
            <description><![CDATA[<b>Time:</b> 2026-03-22 07:04:45<br/><b>Satellites:</b> E07,E15,E21,E29,E34<br/><b>RMS residual:</b> 10.441091560927596<br/><b>PDOP:</b> 2.691829479143532<br/><b>GDOP:</b> 2.962251756324183<br/><b>Velocity:</b> 22.105424135172868 m/s]]></description>
            <styleUrl>#red_point</styleUrl>
            <Point>
                <coordinates>34.95294331,32.11266750,381.967</coordinates>
            </Point>
        </Placemark>
        <Placemark>
            <name>Point 314</name>
            <description><![CDATA[<b>Time:</b> 2026-03-22 07:04:47<br/><b>Satellites:</b> E07,E15,E21,E29,E34<br/><b>RMS residual:</b> 8.844285369282403<br/><b>PDOP:</b> 2.6910411421786202<br/><b>GDOP:</b> 2.961322879565647<br/><b>Velocity:</b> 22.26911606315622 m/s]]></description>
            <styleUrl>#red_point</styleUrl>
            <Point>
                <coordinates>34.95338413,32.11252423,381.566</coordinates>
            </Point>
        </Placemark>
        <Placemark>
            <name>Point 315</name>
            <description><![CDATA[<b>Time:</b> 2026-03-22 07:04:49<br/><b>Satellites:</b> E07,E15,E21,E29,E34<br/><b>RMS residual:</b> 10.284234409396893<br/><b>PDOP:</b> 2.690251953853001<br/><b>GDOP:</b> 2.9603925090293717<br/><b>Velocity:</b> 22.54113044423752 m/s]]></description>
            <styleUrl>#red_point</styleUrl>
            <Point>
                <coordinates>34.95382854,32.11237542,382.429</coordinates>
            </Point>
        </Placemark>
        <Placemark>
            <name>Point 316</name>
            <description><![CDATA[<b>Time:</b> 2026-03-22 07:04:51<br/><b>Satellites:</b> E07,E15,E21,E29,E34<br/><b>RMS residual:</b> 10.202612859751673<br/><b>PDOP:</b> 2.6894646800871054<br/><b>GDOP:</b> 2.9594645643447914<br/><b>Velocity:</b> 22.493552276530462 m/s]]></description>
            <styleUrl>#red_point</styleUrl>
            <Point>
                <coordinates>34.95427181,32.11222653,381.495</coordinates>
            </Point>
        </Placemark>
        <Placemark>
            <name>Point 317</name>
            <description><![CDATA[<b>Time:</b> 2026-03-22 07:04:53<br/><b>Satellites:</b> E07,E15,E21,E29,E34<br/><b>RMS residual:</b> 12.034756447271217<br/><b>PDOP:</b> 2.68867767942963<br/><b>GDOP:</b> 2.958536739935352<br/><b>Velocity:</b> 22.80321845886771 m/s]]></description>
            <styleUrl>#red_point</styleUrl>
            <Point>
                <coordinates>34.95471794,32.11206855,381.512</coordinates>
            </Point>
        </Placemark>
        <Placemark>
            <name>Point 318</name>
            <description><![CDATA[<b>Time:</b> 2026-03-22 07:04:55<br/><b>Satellites:</b> E07,E15,E21,E29,E34<br/><b>RMS residual:</b> 10.638366009174842<br/><b>PDOP:</b> 2.6878917134365263<br/><b>GDOP:</b> 2.9576101920313156<br/><b>Velocity:</b> 22.903532757358192 m/s]]></description>
            <styleUrl>#red_point</styleUrl>
            <Point>
                <coordinates>34.95516209,32.11190205,381.357</coordinates>
            </Point>
        </Placemark>
        <Placemark>
            <name>Point 319</name>
            <description><![CDATA[<b>Time:</b> 2026-03-22 07:04:59<br/><b>Satellites:</b> E07,E15,E21,E29,E34<br/><b>RMS residual:</b> 11.874099995652774<br/><b>PDOP:</b> 2.6863215757264736<br/><b>GDOP:</b> 2.955758795973881<br/><b>Velocity:</b> 23.35794591999708 m/s]]></description>
            <styleUrl>#red_point</styleUrl>
            <Point>
                <coordinates>34.95604497,32.11153068,381.489</coordinates>
            </Point>
        </Placemark>
        <Placemark>
            <name>Point 320</name>
            <description><![CDATA[<b>Time:</b> 2026-03-22 07:05:01<br/><b>Satellites:</b> E07,E15,E21,E29,E34<br/><b>RMS residual:</b> 9.314041668640856<br/><b>PDOP:</b> 2.685540195169546<br/><b>GDOP:</b> 2.9548379366335444<br/><b>Velocity:</b> 23.527300905733863 m/s]]></description>
            <styleUrl>#red_point</styleUrl>
            <Point>
                <coordinates>34.95648226,32.11132692,381.340</coordinates>
            </Point>
        </Placemark>
        <Placemark>
            <name>Point 321</name>
            <description><![CDATA[<b>Time:</b> 2026-03-22 07:05:03<br/><b>Satellites:</b> E07,E15,E21,E29,E34<br/><b>RMS residual:</b> 9.243995051990883<br/><b>PDOP:</b> 2.684757179211289<br/><b>GDOP:</b> 2.9539145060280045<br/><b>Velocity:</b> 24.081292763203994 m/s]]></description>
            <styleUrl>#red_point</styleUrl>
            <Point>
                <coordinates>34.95692294,32.11110821,382.499</coordinates>
            </Point>
        </Placemark>
        <Placemark>
            <name>Point 322</name>
            <description><![CDATA[<b>Time:</b> 2026-03-22 07:05:05<br/><b>Satellites:</b> E07,E15,E21,E29,E34<br/><b>RMS residual:</b> 8.9934831836126<br/><b>PDOP:</b> 2.6839753341447428<br/><b>GDOP:</b> 2.95299245960876<br/><b>Velocity:</b> 24.331069490828774 m/s]]></description>
            <styleUrl>#red_point</styleUrl>
            <Point>
                <coordinates>34.95736287,32.11087944,381.944</coordinates>
            </Point>
        </Placemark>
        <Placemark>
            <name>Point 323</name>
            <description><![CDATA[<b>Time:</b> 2026-03-22 07:05:07<br/><b>Satellites:</b> E07,E15,E21,E29,E34<br/><b>RMS residual:</b> 10.214403593285855<br/><b>PDOP:</b> 2.6831941361643867<br/><b>GDOP:</b> 2.9520710587272743<br/><b>Velocity:</b> 24.633110719185765 m/s]]></description>
            <styleUrl>#red_point</styleUrl>
            <Point>
                <coordinates>34.95780090,32.11063783,381.748</coordinates>
            </Point>
        </Placemark>
        <Placemark>
            <name>Point 324</name>
            <description><![CDATA[<b>Time:</b> 2026-03-22 07:05:09<br/><b>Satellites:</b> E07,E15,E21,E29,E34<br/><b>RMS residual:</b> 8.572509798847737<br/><b>PDOP:</b> 2.6824146478849795<br/><b>GDOP:</b> 2.9511518471434948<br/><b>Velocity:</b> 24.91031850005149 m/s]]></description>
            <styleUrl>#red_point</styleUrl>
            <Point>
                <coordinates>34.95823815,32.11038620,381.295</coordinates>
            </Point>
        </Placemark>
        <Placemark>
            <name>Point 325</name>
            <description><![CDATA[<b>Time:</b> 2026-03-22 07:05:11<br/><b>Satellites:</b> E07,E15,E21,E29,E34<br/><b>RMS residual:</b> 8.01099885514853<br/><b>PDOP:</b> 2.6816350322032716<br/><b>GDOP:</b> 2.9502321657479533<br/><b>Velocity:</b> 24.95508061122236 m/s]]></description>
            <styleUrl>#red_point</styleUrl>
            <Point>
                <coordinates>34.95867203,32.11012898,380.745</coordinates>
            </Point>
        </Placemark>
        <Placemark>
            <name>Point 326</name>
            <description><![CDATA[<b>Time:</b> 2026-03-22 07:05:13<br/><b>Satellites:</b> E07,E15,E21,E29,E34<br/><b>RMS residual:</b> 10.597405771746638<br/><b>PDOP:</b> 2.680855548561436<br/><b>GDOP:</b> 2.9493124428998487<br/><b>Velocity:</b> 25.6730047052369 m/s]]></description>
            <styleUrl>#red_point</styleUrl>
            <Point>
                <coordinates>34.95911274,32.10985793,382.353</coordinates>
            </Point>
        </Placemark>
        <Placemark>
            <name>Point 327</name>
            <description><![CDATA[<b>Time:</b> 2026-03-22 07:05:15<br/><b>Satellites:</b> E07,E15,E21,E29,E34<br/><b>RMS residual:</b> 9.167126495910573<br/><b>PDOP:</b> 2.680079120842379<br/><b>GDOP:</b> 2.948396779335894<br/><b>Velocity:</b> 25.8356285414744 m/s]]></description>
            <styleUrl>#red_point</styleUrl>
            <Point>
                <coordinates>34.95955174,32.10957972,383.455</coordinates>
            </Point>
        </Placemark>
        <Placemark>
            <name>Point 328</name>
            <description><![CDATA[<b>Time:</b> 2026-03-22 07:05:17<br/><b>Satellites:</b> E07,E15,E21,E29,E34<br/><b>RMS residual:</b> 9.20661525946082<br/><b>PDOP:</b> 2.6793019913951435<br/><b>GDOP:</b> 2.9474798883792617<br/><b>Velocity:</b> 25.968410757626366 m/s]]></description>
            <styleUrl>#red_point</styleUrl>
            <Point>
                <coordinates>34.95999088,32.10929762,384.308</coordinates>
            </Point>
        </Placemark>
        <Placemark>
            <name>Point 329</name>
            <description><![CDATA[<b>Time:</b> 2026-03-22 07:05:19<br/><b>Satellites:</b> E07,E15,E21,E29,E34<br/><b>RMS residual:</b> 8.860423227192404<br/><b>PDOP:</b> 2.678525832982411<br/><b>GDOP:</b> 2.9465641074282902<br/><b>Velocity:</b> 28.539593755926887 m/s]]></description>
            <styleUrl>#red_point</styleUrl>
            <Point>
                <coordinates>34.96047430,32.10898856,385.486</coordinates>
            </Point>
        </Placemark>
        <Placemark>
            <name>Point 330</name>
            <description><![CDATA[<b>Time:</b> 2026-03-22 07:05:21<br/><b>Satellites:</b> E07,E15,E21,E29,E34<br/><b>RMS residual:</b> 6.9363816155527385<br/><b>PDOP:</b> 2.677750523939762<br/><b>GDOP:</b> 2.94564924172617<br/><b>Velocity:</b> 28.538698308616777 m/s]]></description>
            <styleUrl>#red_point</styleUrl>
            <Point>
                <coordinates>34.96095743,32.10867996,388.170</coordinates>
            </Point>
        </Placemark>
        <Placemark>
            <name>Point 331</name>
            <description><![CDATA[<b>Time:</b> 2026-03-22 07:05:23<br/><b>Satellites:</b> E07,E15,E21,E29,E34<br/><b>RMS residual:</b> 7.9979248677787345<br/><b>PDOP:</b> 2.6769760373405758<br/><b>GDOP:</b> 2.9447353745600107<br/><b>Velocity:</b> 28.571951474369676 m/s]]></description>
            <styleUrl>#red_point</styleUrl>
            <Point>
                <coordinates>34.96144202,32.10837166,390.276</coordinates>
            </Point>
        </Placemark>
        <Placemark>
            <name>Point 332</name>
            <description><![CDATA[<b>Time:</b> 2026-03-22 07:05:25<br/><b>Satellites:</b> E07,E15,E21,E29,E34<br/><b>RMS residual:</b> 8.826255512181648<br/><b>PDOP:</b> 2.6762026070590563<br/><b>GDOP:</b> 2.943822688174236<br/><b>Velocity:</b> 28.48012356969373 m/s]]></description>
            <styleUrl>#red_point</styleUrl>
            <Point>
                <coordinates>34.96192534,32.10806420,391.185</coordinates>
            </Point>
        </Placemark>
        <Placemark>
            <name>Point 333</name>
            <description><![CDATA[<b>Time:</b> 2026-03-22 07:05:27<br/><b>Satellites:</b> E07,E15,E21,E29,E34<br/><b>RMS residual:</b> 8.222159677999695<br/><b>PDOP:</b> 2.6754300733895007<br/><b>GDOP:</b> 2.942911019956138<br/><b>Velocity:</b> 28.376581345799195 m/s]]></description>
            <styleUrl>#red_point</styleUrl>
            <Point>
                <coordinates>34.96240618,32.10775702,391.976</coordinates>
            </Point>
        </Placemark>
        <Placemark>
            <name>Point 334</name>
            <description><![CDATA[<b>Time:</b> 2026-03-22 07:05:31<br/><b>Satellites:</b> E07,E15,E21,E29,E34<br/><b>RMS residual:</b> 9.031347149492488<br/><b>PDOP:</b> 2.6738865526779487<br/><b>GDOP:</b> 2.9410891436771847<br/><b>Velocity:</b> 14.189727696265326 m/s]]></description>
            <styleUrl>#red_point</styleUrl>
            <Point>
                <coordinates>34.96288794,32.10745085,392.999</coordinates>
            </Point>
        </Placemark>
        <Placemark>
            <name>Point 335</name>
            <description><![CDATA[<b>Time:</b> 2026-03-22 07:05:33<br/><b>Satellites:</b> E07,E15,E21,E29,E34<br/><b>RMS residual:</b> 10.198876264089945<br/><b>PDOP:</b> 2.6731157617861916<br/><b>GDOP:</b> 2.9401791626501534<br/><b>Velocity:</b> 28.325134961328732 m/s]]></description>
            <styleUrl>#red_point</styleUrl>
            <Point>
                <coordinates>34.96336887,32.10714549,394.373</coordinates>
            </Point>
        </Placemark>
        <Placemark>
            <name>Point 336</name>
            <description><![CDATA[<b>Time:</b> 2026-03-22 07:05:35<br/><b>Satellites:</b> E07,E15,E21,E29,E34<br/><b>RMS residual:</b> 8.365836543947315<br/><b>PDOP:</b> 2.6723465137934492<br/><b>GDOP:</b> 2.939271133380589<br/><b>Velocity:</b> 28.514865141722403 m/s]]></description>
            <styleUrl>#red_point</styleUrl>
            <Point>
                <coordinates>34.96385157,32.10683650,395.935</coordinates>
            </Point>
        </Placemark>
        <Placemark>
            <name>Point 337</name>
            <description><![CDATA[<b>Time:</b> 2026-03-22 07:05:37<br/><b>Satellites:</b> E07,E15,E21,E29,E34<br/><b>RMS residual:</b> 7.643626540570077<br/><b>PDOP:</b> 2.671578039674531<br/><b>GDOP:</b> 2.9383639500900935<br/><b>Velocity:</b> 28.192480475229548 m/s]]></description>
            <styleUrl>#red_point</styleUrl>
            <Point>
                <coordinates>34.96432913,32.10653170,398.126</coordinates>
            </Point>
        </Placemark>
        <Placemark>
            <name>Point 338</name>
            <description><![CDATA[<b>Time:</b> 2026-03-22 07:05:39<br/><b>Satellites:</b> E07,E15,E21,E29,E34<br/><b>RMS residual:</b> 8.56027235305157<br/><b>PDOP:</b> 2.670811742263419<br/><b>GDOP:</b> 2.937459550689314<br/><b>Velocity:</b> 28.151156560200533 m/s]]></description>
            <styleUrl>#red_point</styleUrl>
            <Point>
                <coordinates>34.96480648,32.10622831,400.928</coordinates>
            </Point>
        </Placemark>
        <Placemark>
            <name>Point 339</name>
            <description><![CDATA[<b>Time:</b> 2026-03-22 07:05:41<br/><b>Satellites:</b> E07,E15,E21,E29,E34<br/><b>RMS residual:</b> 8.864587073478704<br/><b>PDOP:</b> 2.670044302269622<br/><b>GDOP:</b> 2.9365533414600047<br/><b>Velocity:</b> 28.086376793159637 m/s]]></description>
            <styleUrl>#red_point</styleUrl>
            <Point>
                <coordinates>34.96528348,32.10592707,404.437</coordinates>
            </Point>
        </Placemark>
        <Placemark>
            <name>Point 340</name>
            <description><![CDATA[<b>Time:</b> 2026-03-22 07:05:51<br/><b>Satellites:</b> E07,E15,E21,E29,E34<br/><b>RMS residual:</b> 4.718532672729043<br/><b>PDOP:</b> 2.666219998101113<br/><b>GDOP:</b> 2.9320366094390518<br/><b>Velocity:</b> 26.09231685106566 m/s]]></description>
            <styleUrl>#red_point</styleUrl>
            <Point>
                <coordinates>34.96749547,32.10456774,409.251</coordinates>
            </Point>
        </Placemark>
        <Placemark>
            <name>Point 341</name>
            <description><![CDATA[<b>Time:</b> 2026-03-22 07:05:57<br/><b>Satellites:</b> E07,E15,E21,E29,E34<br/><b>RMS residual:</b> 7.677580846686187<br/><b>PDOP:</b> 2.663938342662505<br/><b>GDOP:</b> 2.9293420031305724<br/><b>Velocity:</b> 25.738724992805036 m/s]]></description>
            <styleUrl>#red_point</styleUrl>
            <Point>
                <coordinates>34.96887132,32.10381333,414.510</coordinates>
            </Point>
        </Placemark>
        <Placemark>
            <name>Point 342</name>
            <description><![CDATA[<b>Time:</b> 2026-03-22 07:05:59<br/><b>Satellites:</b> E07,E15,E21,E29,E34<br/><b>RMS residual:</b> 8.2822359062823<br/><b>PDOP:</b> 2.6631779206758615<br/><b>GDOP:</b> 2.9284434701067474<br/><b>Velocity:</b> 25.694655430315287 m/s]]></description>
            <styleUrl>#red_point</styleUrl>
            <Point>
                <coordinates>34.96934193,32.10358054,415.538</coordinates>
            </Point>
        </Placemark>
        <Placemark>
            <name>Point 343</name>
            <description><![CDATA[<b>Time:</b> 2026-03-22 07:06:01<br/><b>Satellites:</b> E07,E15,E21,E29,E34<br/><b>RMS residual:</b> 6.360785293521188<br/><b>PDOP:</b> 2.662419309644906<br/><b>GDOP:</b> 2.9275473521693858<br/><b>Velocity:</b> 25.711500213406165 m/s]]></description>
            <styleUrl>#red_point</styleUrl>
            <Point>
                <coordinates>34.96981955,32.10335766,416.444</coordinates>
            </Point>
        </Placemark>
        <Placemark>
            <name>Point 344</name>
            <description><![CDATA[<b>Time:</b> 2026-03-22 07:06:03<br/><b>Satellites:</b> E07,E15,E21,E29,E34<br/><b>RMS residual:</b> 8.353153682586367<br/><b>PDOP:</b> 2.6616607559637275<br/><b>GDOP:</b> 2.926650921697703<br/><b>Velocity:</b> 25.452750620522025 m/s]]></description>
            <styleUrl>#red_point</styleUrl>
            <Point>
                <coordinates>34.97030108,32.10315112,415.539</coordinates>
            </Point>
        </Placemark>
        <Placemark>
            <name>Point 345</name>
            <description><![CDATA[<b>Time:</b> 2026-03-22 07:06:07<br/><b>Satellites:</b> E07,E15,E21,E29,E34<br/><b>RMS residual:</b> 9.341162473640834<br/><b>PDOP:</b> 2.660146699035741<br/><b>GDOP:</b> 2.924861819323112<br/><b>Velocity:</b> 25.06536847086871 m/s]]></description>
            <styleUrl>#red_point</styleUrl>
            <Point>
                <coordinates>34.97127272,32.10278320,412.881</coordinates>
            </Point>
        </Placemark>
        <Placemark>
            <name>Point 346</name>
            <description><![CDATA[<b>Time:</b> 2026-03-22 07:06:09<br/><b>Satellites:</b> E07,E15,E21,E29,E34<br/><b>RMS residual:</b> 9.26825957210629<br/><b>PDOP:</b> 2.6593909550572947<br/><b>GDOP:</b> 2.92396871898716<br/><b>Velocity:</b> 25.067034682233007 m/s]]></description>
            <styleUrl>#red_point</styleUrl>
            <Point>
                <coordinates>34.97176904,32.10262244,413.767</coordinates>
            </Point>
        </Placemark>
        <Placemark>
            <name>Point 347</name>
            <description><![CDATA[<b>Time:</b> 2026-03-22 07:06:11<br/><b>Satellites:</b> E07,E15,E21,E29,E34<br/><b>RMS residual:</b> 8.002401309269878<br/><b>PDOP:</b> 2.658635745697879<br/><b>GDOP:</b> 2.9230761341787814<br/><b>Velocity:</b> 25.268964509825597 m/s]]></description>
            <styleUrl>#red_point</styleUrl>
            <Point>
                <coordinates>34.97227611,32.10247628,413.203</coordinates>
            </Point>
        </Placemark>
        <Placemark>
            <name>Point 348</name>
            <description><![CDATA[<b>Time:</b> 2026-03-22 07:06:15<br/><b>Satellites:</b> E07,E15,E21,E29,E34<br/><b>RMS residual:</b> 7.2828834367060935<br/><b>PDOP:</b> 2.657130954890422<br/><b>GDOP:</b> 2.921298167855447<br/><b>Velocity:</b> 25.625914824406077 m/s]]></description>
            <styleUrl>#red_point</styleUrl>
            <Point>
                <coordinates>34.97331150,32.10222094,414.745</coordinates>
            </Point>
        </Placemark>
        <Placemark>
            <name>Point 349</name>
            <description><![CDATA[<b>Time:</b> 2026-03-22 07:06:17<br/><b>Satellites:</b> E07,E15,E21,E29,E34<br/><b>RMS residual:</b> 6.965840688602239<br/><b>PDOP:</b> 2.656379149376123<br/><b>GDOP:</b> 2.920409686901093<br/><b>Velocity:</b> 25.70284767540175 m/s]]></description>
            <styleUrl>#red_point</styleUrl>
            <Point>
                <coordinates>34.97384201,32.10211638,415.350</coordinates>
            </Point>
        </Placemark>
        <Placemark>
            <name>Point 350</name>
            <description><![CDATA[<b>Time:</b> 2026-03-22 07:06:19<br/><b>Satellites:</b> E07,E15,E21,E29,E34<br/><b>RMS residual:</b> 10.422479904969311<br/><b>PDOP:</b> 2.6556262818224394<br/><b>GDOP:</b> 2.9195194591095537<br/><b>Velocity:</b> 25.841446502075556 m/s]]></description>
            <styleUrl>#red_point</styleUrl>
            <Point>
                <coordinates>34.97437920,32.10202628,415.465</coordinates>
            </Point>
        </Placemark>
        <Placemark>
            <name>Point 351</name>
            <description><![CDATA[<b>Time:</b> 2026-03-22 07:06:21<br/><b>Satellites:</b> E07,E15,E21,E29,E34<br/><b>RMS residual:</b> 8.17648712666617<br/><b>PDOP:</b> 2.6548757694000344<br/><b>GDOP:</b> 2.9186323893376698<br/><b>Velocity:</b> 26.01443223365614 m/s]]></description>
            <styleUrl>#red_point</styleUrl>
            <Point>
                <coordinates>34.97492282,32.10194887,415.151</coordinates>
            </Point>
        </Placemark>
        <Placemark>
            <name>Point 352</name>
            <description><![CDATA[<b>Time:</b> 2026-03-22 07:06:23<br/><b>Satellites:</b> E07,E15,E21,E29,E34<br/><b>RMS residual:</b> 8.127197986261473<br/><b>PDOP:</b> 2.654124854841299<br/><b>GDOP:</b> 2.9177444894184115<br/><b>Velocity:</b> 26.169584911115518 m/s]]></description>
            <styleUrl>#red_point</styleUrl>
            <Point>
                <coordinates>34.97547198,32.10188430,414.128</coordinates>
            </Point>
        </Placemark>
        <Placemark>
            <name>Point 353</name>
            <description><![CDATA[<b>Time:</b> 2026-03-22 07:06:25<br/><b>Satellites:</b> E07,E15,E21,E29,E34<br/><b>RMS residual:</b> 9.542191029100236<br/><b>PDOP:</b> 2.653374323065304<br/><b>GDOP:</b> 2.9168568507574717<br/><b>Velocity:</b> 26.52337535282193 m/s]]></description>
            <styleUrl>#red_point</styleUrl>
            <Point>
                <coordinates>34.97602978,32.10182618,414.084</coordinates>
            </Point>
        </Placemark>
        <Placemark>
            <name>Point 354</name>
            <description><![CDATA[<b>Time:</b> 2026-03-22 07:06:37<br/><b>Satellites:</b> E07,E15,E21,E29,E34<br/><b>RMS residual:</b> 5.854467559375479<br/><b>PDOP:</b> 2.648896472578662<br/><b>GDOP:</b> 2.911561946155494<br/><b>Velocity:</b> 26.892836719373168 m/s]]></description>
            <styleUrl>#red_point</styleUrl>
            <Point>
                <coordinates>34.97946513,32.10164962,415.830</coordinates>
            </Point>
        </Placemark>
        <Placemark>
            <name>Point 355</name>
            <description><![CDATA[<b>Time:</b> 2026-03-22 07:06:39<br/><b>Satellites:</b> E07,E15,E21,E29,E34<br/><b>RMS residual:</b> 7.83372898487233<br/><b>PDOP:</b> 2.648152340235554<br/><b>GDOP:</b> 2.9106817293522043<br/><b>Velocity:</b> 26.872629623528383 m/s]]></description>
            <styleUrl>#red_point</styleUrl>
            <Point>
                <coordinates>34.98003405,32.10163635,414.320</coordinates>
            </Point>
        </Placemark>
        <Placemark>
            <name>Point 356</name>
            <description><![CDATA[<b>Time:</b> 2026-03-22 07:06:41<br/><b>Satellites:</b> E07,E15,E21,E29,E34<br/><b>RMS residual:</b> 7.378803802957183<br/><b>PDOP:</b> 2.647410171722575<br/><b>GDOP:</b> 2.9098040113544115<br/><b>Velocity:</b> 26.56308806834915 m/s]]></description>
            <styleUrl>#red_point</styleUrl>
            <Point>
                <coordinates>34.98059650,32.10162526,412.863</coordinates>
            </Point>
        </Placemark>
        <Placemark>
            <name>Point 357</name>
            <description><![CDATA[<b>Time:</b> 2026-03-22 07:06:43<br/><b>Satellites:</b> E07,E15,E21,E29,E34<br/><b>RMS residual:</b> 6.55927020253316<br/><b>PDOP:</b> 2.646667398147565<br/><b>GDOP:</b> 2.908925149100755<br/><b>Velocity:</b> 26.266511236122017 m/s]]></description>
            <styleUrl>#red_point</styleUrl>
            <Point>
                <coordinates>34.98115280,32.10161552,411.838</coordinates>
            </Point>
        </Placemark>
        <Placemark>
            <name>Point 358</name>
            <description><![CDATA[<b>Time:</b> 2026-03-22 07:06:45<br/><b>Satellites:</b> E07,E15,E21,E29,E34<br/><b>RMS residual:</b> 7.242979245990905<br/><b>PDOP:</b> 2.645926538712345<br/><b>GDOP:</b> 2.90804879224257<br/><b>Velocity:</b> 26.053834921176374 m/s]]></description>
            <styleUrl>#red_point</styleUrl>
            <Point>
                <coordinates>34.98170469,32.10160720,411.233</coordinates>
            </Point>
        </Placemark>
        <Placemark>
            <name>Point 359</name>
            <description><![CDATA[<b>Time:</b> 2026-03-22 07:06:47<br/><b>Satellites:</b> E07,E15,E21,E29,E34<br/><b>RMS residual:</b> 7.215378082932825<br/><b>PDOP:</b> 2.645186403293149<br/><b>GDOP:</b> 2.9071731576877413<br/><b>Velocity:</b> 25.84431312681024 m/s]]></description>
            <styleUrl>#red_point</styleUrl>
            <Point>
                <coordinates>34.98225218,32.10159906,410.964</coordinates>
            </Point>
        </Placemark>
        <Placemark>
            <name>Point 360</name>
            <description><![CDATA[<b>Time:</b> 2026-03-22 07:06:49<br/><b>Satellites:</b> E07,E15,E21,E29,E34<br/><b>RMS residual:</b> 5.968058392723981<br/><b>PDOP:</b> 2.6444466158079694<br/><b>GDOP:</b> 2.9062978176960925<br/><b>Velocity:</b> 25.63543501964097 m/s]]></description>
            <styleUrl>#red_point</styleUrl>
            <Point>
                <coordinates>34.98279526,32.10159161,411.066</coordinates>
            </Point>
        </Placemark>
        <Placemark>
            <name>Point 361</name>
            <description><![CDATA[<b>Time:</b> 2026-03-22 07:06:51<br/><b>Satellites:</b> E07,E15,E21,E29,E34<br/><b>RMS residual:</b> 5.132083134236982<br/><b>PDOP:</b> 2.6437082586560936<br/><b>GDOP:</b> 2.9054241880573186<br/><b>Velocity:</b> 25.2428756591368 m/s]]></description>
            <styleUrl>#red_point</styleUrl>
            <Point>
                <coordinates>34.98333005,32.10158543,411.213</coordinates>
            </Point>
        </Placemark>
        <Placemark>
            <name>Point 362</name>
            <description><![CDATA[<b>Time:</b> 2026-03-22 07:06:53<br/><b>Satellites:</b> E07,E15,E21,E29,E34<br/><b>RMS residual:</b> 6.147961039486024<br/><b>PDOP:</b> 2.6429702449663783<br/><b>GDOP:</b> 2.904550801105075<br/><b>Velocity:</b> 25.466393338882032 m/s]]></description>
            <styleUrl>#red_point</styleUrl>
            <Point>
                <coordinates>34.98386915,32.10159192,409.219</coordinates>
            </Point>
        </Placemark>
        <Placemark>
            <name>Point 363</name>
            <description><![CDATA[<b>Time:</b> 2026-03-22 07:07:01<br/><b>Satellites:</b> E07,E15,E21,E29,E34<br/><b>RMS residual:</b> 10.041842262400609<br/><b>PDOP:</b> 2.640025602881669<br/><b>GDOP:</b> 2.9010654107856158<br/><b>Velocity:</b> 26.855193591471217 m/s]]></description>
            <styleUrl>#red_point</styleUrl>
            <Point>
                <coordinates>34.98616808,32.10162789,412.548</coordinates>
            </Point>
        </Placemark>
        <Placemark>
            <name>Point 364</name>
            <description><![CDATA[<b>Time:</b> 2026-03-22 07:07:03<br/><b>Satellites:</b> E07,E15,E21,E29<br/><b>RMS residual:</b> 1.862645149230957e-09<br/><b>PDOP:</b> 5.401708582214413<br/><b>GDOP:</b> 6.222803279411244<br/><b>Velocity:</b> 26.81578117595865 m/s]]></description>
            <styleUrl>#red_point</styleUrl>
            <Point>
                <coordinates>34.98673339,32.10167297,414.490</coordinates>
            </Point>
        </Placemark>
        <Placemark>
            <name>Point 365</name>
            <description><![CDATA[<b>Time:</b> 2026-03-22 07:07:07<br/><b>Satellites:</b> E07,E15,E21,E29,E34<br/><b>RMS residual:</b> 6.838484204597167<br/><b>PDOP:</b> 2.6378269761581636<br/><b>GDOP:</b> 2.8984628385763793<br/><b>Velocity:</b> 13.405477715738174 m/s]]></description>
            <styleUrl>#red_point</styleUrl>
            <Point>
                <coordinates>34.98729555,32.10174112,416.019</coordinates>
            </Point>
        </Placemark>
        <Placemark>
            <name>Point 366</name>
            <description><![CDATA[<b>Time:</b> 2026-03-22 07:07:09<br/><b>Satellites:</b> E07,E15,E21,E29,E34<br/><b>RMS residual:</b> 4.639138989257091<br/><b>PDOP:</b> 2.6370943007356527<br/><b>GDOP:</b> 2.897595110508394<br/><b>Velocity:</b> 26.805690875895507 m/s]]></description>
            <styleUrl>#red_point</styleUrl>
            <Point>
                <coordinates>34.98785380,32.10182930,417.321</coordinates>
            </Point>
        </Placemark>
        <Placemark>
            <name>Point 367</name>
            <description><![CDATA[<b>Time:</b> 2026-03-22 07:07:11<br/><b>Satellites:</b> E07,E15,E21,E29,E34<br/><b>RMS residual:</b> 5.385408773898458<br/><b>PDOP:</b> 2.6363628679520645<br/><b>GDOP:</b> 2.896728890293414<br/><b>Velocity:</b> 26.841327701891665 m/s]]></description>
            <styleUrl>#red_point</styleUrl>
            <Point>
                <coordinates>34.98840523,32.10194716,418.580</coordinates>
            </Point>
        </Placemark>
        <Placemark>
            <name>Point 368</name>
            <description><![CDATA[<b>Time:</b> 2026-03-22 07:07:15<br/><b>Satellites:</b> E07,E15,E21,E29,E34<br/><b>RMS residual:</b> 7.8631274333864765<br/><b>PDOP:</b> 2.6349041144576355<br/><b>GDOP:</b> 2.8950014832763333<br/><b>Velocity:</b> 27.35487858606934 m/s]]></description>
            <styleUrl>#red_point</styleUrl>
            <Point>
                <coordinates>34.98949854,32.10226124,419.561</coordinates>
            </Point>
        </Placemark>
        <Placemark>
            <name>Point 369</name>
            <description><![CDATA[<b>Time:</b> 2026-03-22 07:07:17<br/><b>Satellites:</b> E07,E15,E21,E29,E34<br/><b>RMS residual:</b> 7.98738671937067<br/><b>PDOP:</b> 2.634176199506504<br/><b>GDOP:</b> 2.8941394951873325<br/><b>Velocity:</b> 27.142567751367583 m/s]]></description>
            <styleUrl>#red_point</styleUrl>
            <Point>
                <coordinates>34.99003298,32.10243969,422.764</coordinates>
            </Point>
        </Placemark>
        <Placemark>
            <name>Point 370</name>
            <description><![CDATA[<b>Time:</b> 2026-03-22 07:07:19<br/><b>Satellites:</b> E07,E15,E21,E29,E34<br/><b>RMS residual:</b> 5.442152436244769<br/><b>PDOP:</b> 2.6334488610411677<br/><b>GDOP:</b> 2.8932780895815373<br/><b>Velocity:</b> 25.904981199413772 m/s]]></description>
            <styleUrl>#red_point</styleUrl>
            <Point>
                <coordinates>34.99052137,32.10265214,424.734</coordinates>
            </Point>
        </Placemark>
        <Placemark>
            <name>Point 371</name>
            <description><![CDATA[<b>Time:</b> 2026-03-22 07:07:21<br/><b>Satellites:</b> E07,E15,E21,E29,E34<br/><b>RMS residual:</b> 8.305096817244868<br/><b>PDOP:</b> 2.632722405809499<br/><b>GDOP:</b> 2.892417671074896<br/><b>Velocity:</b> 26.428107629962458 m/s]]></description>
            <styleUrl>#red_point</styleUrl>
            <Point>
                <coordinates>34.99100510,32.10289211,425.559</coordinates>
            </Point>
        </Placemark>
        <Placemark>
            <name>Point 372</name>
            <description><![CDATA[<b>Time:</b> 2026-03-22 07:07:23<br/><b>Satellites:</b> E07,E15,E21,E29,E34<br/><b>RMS residual:</b> 7.187908515675585<br/><b>PDOP:</b> 2.6319972989215907<br/><b>GDOP:</b> 2.8915589910343296<br/><b>Velocity:</b> 26.673122894782548 m/s]]></description>
            <styleUrl>#red_point</styleUrl>
            <Point>
                <coordinates>34.99148707,32.10314330,425.422</coordinates>
            </Point>
        </Placemark>
        <Placemark>
            <name>Point 373</name>
            <description><![CDATA[<b>Time:</b> 2026-03-22 07:07:25<br/><b>Satellites:</b> E07,E15,E21,E29,E34<br/><b>RMS residual:</b> 9.83271699276027<br/><b>PDOP:</b> 2.6312715082696414<br/><b>GDOP:</b> 2.890699039259904<br/><b>Velocity:</b> 26.90031542698469 m/s]]></description>
            <styleUrl>#red_point</styleUrl>
            <Point>
                <coordinates>34.99197154,32.10339886,425.105</coordinates>
            </Point>
        </Placemark>
        <Placemark>
            <name>Point 374</name>
            <description><![CDATA[<b>Time:</b> 2026-03-22 07:07:27<br/><b>Satellites:</b> E07,E15,E21,E29,E34<br/><b>RMS residual:</b> 8.565517528790966<br/><b>PDOP:</b> 2.6305477260510477<br/><b>GDOP:</b> 2.8898417614462817<br/><b>Velocity:</b> 27.128574518038093 m/s]]></description>
            <styleUrl>#red_point</styleUrl>
            <Point>
                <coordinates>34.99245849,32.10365878,424.608</coordinates>
            </Point>
        </Placemark>
        <Placemark>
            <name>Point 375</name>
            <description><![CDATA[<b>Time:</b> 2026-03-22 07:07:29<br/><b>Satellites:</b> E07,E15,E21,E29,E34<br/><b>RMS residual:</b> 9.098949059499406<br/><b>PDOP:</b> 2.6298236836054385<br/><b>GDOP:</b> 2.888983827986045<br/><b>Velocity:</b> 27.244759690353934 m/s]]></description>
            <styleUrl>#red_point</styleUrl>
            <Point>
                <coordinates>34.99294825,32.10391883,424.225</coordinates>
            </Point>
        </Placemark>
        <Placemark>
            <name>Point 376</name>
            <description><![CDATA[<b>Time:</b> 2026-03-22 07:07:45<br/><b>Satellites:</b> E07,E15,E21,E29,E34<br/><b>RMS residual:</b> 5.082571856692623<br/><b>PDOP:</b> 2.6240640450423003<br/><b>GDOP:</b> 2.8821583304704124<br/><b>Velocity:</b> 26.598784658361158 m/s]]></description>
            <styleUrl>#red_point</styleUrl>
            <Point>
                <coordinates>34.99698757,32.10574309,422.281</coordinates>
            </Point>
        </Placemark>
        <Placemark>
            <name>Point 377</name>
            <description><![CDATA[<b>Time:</b> 2026-03-22 07:07:47<br/><b>Satellites:</b> E07,E15,E21,E29,E34<br/><b>RMS residual:</b> 7.2236717478898544<br/><b>PDOP:</b> 2.623345940121822<br/><b>GDOP:</b> 2.8813066724493748<br/><b>Velocity:</b> 26.548565032168234 m/s]]></description>
            <styleUrl>#red_point</styleUrl>
            <Point>
                <coordinates>34.99751627,32.10590655,421.776</coordinates>
            </Point>
        </Placemark>
        <Placemark>
            <name>Point 378</name>
            <description><![CDATA[<b>Time:</b> 2026-03-22 07:07:51<br/><b>Satellites:</b> E07,E15,E21,E29,E34<br/><b>RMS residual:</b> 7.238221591626896<br/><b>PDOP:</b> 2.6219164295038473<br/><b>GDOP:</b> 2.8796122619582816<br/><b>Velocity:</b> 26.545473158321567 m/s]]></description>
            <styleUrl>#red_point</styleUrl>
            <Point>
                <coordinates>34.99859179,32.10618567,420.963</coordinates>
            </Point>
        </Placemark>
        <Placemark>
            <name>Point 379</name>
            <description><![CDATA[<b>Time:</b> 2026-03-22 07:07:53<br/><b>Satellites:</b> E07,E15,E21,E29,E34<br/><b>RMS residual:</b> 5.601929312939022<br/><b>PDOP:</b> 2.6212012578630572<br/><b>GDOP:</b> 2.8787641153113066<br/><b>Velocity:</b> 26.434124504308155 m/s]]></description>
            <styleUrl>#red_point</styleUrl>
            <Point>
                <coordinates>34.99913528,32.10630075,421.644</coordinates>
            </Point>
        </Placemark>
        <Placemark>
            <name>Point 380</name>
            <description><![CDATA[<b>Time:</b> 2026-03-22 07:07:55<br/><b>Satellites:</b> E07,E15,E21,E29,E34<br/><b>RMS residual:</b> 4.9790656397638955<br/><b>PDOP:</b> 2.62048753684334<br/><b>GDOP:</b> 2.8779177848412845<br/><b>Velocity:</b> 26.365305032472303 m/s]]></description>
            <styleUrl>#red_point</styleUrl>
            <Point>
                <coordinates>34.99968148,32.10639932,423.382</coordinates>
            </Point>
        </Placemark>
        <Placemark>
            <name>Point 381</name>
            <description><![CDATA[<b>Time:</b> 2026-03-22 07:08:01<br/><b>Satellites:</b> E07,E15,E21,E29,E34<br/><b>RMS residual:</b> 3.195361064379817<br/><b>PDOP:</b> 2.6183507838614215<br/><b>GDOP:</b> 2.8753836309346177<br/><b>Velocity:</b> 26.28027215708657 m/s]]></description>
            <styleUrl>#red_point</styleUrl>
            <Point>
                <coordinates>35.00132977,32.10662902,432.208</coordinates>
            </Point>
        </Placemark>
        <Placemark>
            <name>Point 382</name>
            <description><![CDATA[<b>Time:</b> 2026-03-22 07:08:17<br/><b>Satellites:</b> E15,E21,E29,E34<br/><b>RMS residual:</b> 1.862645149230957e-09<br/><b>PDOP:</b> 4.0951691975688025<br/><b>GDOP:</b> 4.64135097202544<br/><b>Velocity:</b> 27.7151616931938 m/s]]></description>
            <styleUrl>#red_point</styleUrl>
            <Point>
                <coordinates>35.00556873,32.10734969,410.480</coordinates>
            </Point>
        </Placemark>
        <Placemark>
            <name>Point 383</name>
            <description><![CDATA[<b>Time:</b> 2026-03-22 07:08:19<br/><b>Satellites:</b> E15,E21,E29,E34<br/><b>RMS residual:</b> 2.634178031930877e-09<br/><b>PDOP:</b> 4.09198839497346<br/><b>GDOP:</b> 4.63765767789379<br/><b>Velocity:</b> 29.363108581582967 m/s]]></description>
            <styleUrl>#red_point</styleUrl>
            <Point>
                <coordinates>35.00607787,32.10752013,382.516</coordinates>
            </Point>
        </Placemark>
        <Placemark>
            <name>Point 384</name>
            <description><![CDATA[<b>Time:</b> 2026-03-22 07:08:37<br/><b>Satellites:</b> E13,E19,E27,E30<br/><b>RMS residual:</b> 2.634178031930877e-09<br/><b>PDOP:</b> 3.1384402994837757<br/><b>GDOP:</b> 3.5344044354034816<br/><b>Velocity:</b> 31.154921453315566 m/s]]></description>
            <styleUrl>#red_point</styleUrl>
            <Point>
                <coordinates>35.01060026,32.10953601,-25.025</coordinates>
            </Point>
        </Placemark>
        <Placemark>
            <name>Point 385</name>
            <description><![CDATA[<b>Time:</b> 2026-03-22 07:08:57<br/><b>Satellites:</b> E13,E19,E27,E30<br/><b>RMS residual:</b> 2.634178031930877e-09<br/><b>PDOP:</b> 3.1343296153755285<br/><b>GDOP:</b> 3.530069962071566<br/><b>Velocity:</b> 26.22517815620833 m/s]]></description>
            <styleUrl>#red_point</styleUrl>
            <Point>
                <coordinates>35.01599362,32.11011857,-91.279</coordinates>
            </Point>
        </Placemark>
        <Placemark>
            <name>Point 386</name>
            <description><![CDATA[<b>Time:</b> 2026-03-22 07:08:59<br/><b>Satellites:</b> E13,E19,E27,E30<br/><b>RMS residual:</b> 1.862645149230957e-09<br/><b>PDOP:</b> 3.1339173483130582<br/><b>GDOP:</b> 3.5296345198790746<br/><b>Velocity:</b> 26.057513164089215 m/s]]></description>
            <styleUrl>#red_point</styleUrl>
            <Point>
                <coordinates>35.01654398,32.11009439,-87.989</coordinates>
            </Point>
        </Placemark>
        <Placemark>
            <name>Point 387</name>
            <description><![CDATA[<b>Time:</b> 2026-03-22 07:09:01<br/><b>Satellites:</b> E13,E19,E27,E30<br/><b>RMS residual:</b> 2.634178031930877e-09<br/><b>PDOP:</b> 3.1335064939977695<br/><b>GDOP:</b> 3.529201009173284<br/><b>Velocity:</b> 25.996447417221304 m/s]]></description>
            <styleUrl>#red_point</styleUrl>
            <Point>
                <coordinates>35.01709306,32.11006064,-86.056</coordinates>
            </Point>
        </Placemark>
        <Placemark>
            <name>Point 388</name>
            <description><![CDATA[<b>Time:</b> 2026-03-22 07:09:03<br/><b>Satellites:</b> E13,E19,E27,E30<br/><b>RMS residual:</b> 2.634178031930877e-09<br/><b>PDOP:</b> 3.133094013196782<br/><b>GDOP:</b> 3.52876505412974<br/><b>Velocity:</b> 26.143924771985656 m/s]]></description>
            <styleUrl>#red_point</styleUrl>
            <Point>
                <coordinates>35.01764451,32.11001706,-84.651</coordinates>
            </Point>
        </Placemark>
        <Placemark>
            <name>Point 389</name>
            <description><![CDATA[<b>Time:</b> 2026-03-22 07:09:05<br/><b>Satellites:</b> E13,E19,E27,E30<br/><b>RMS residual:</b> 0.0<br/><b>PDOP:</b> 3.1326814974693913<br/><b>GDOP:</b> 3.52832906374443<br/><b>Velocity:</b> 26.254780480858866 m/s]]></description>
            <styleUrl>#red_point</styleUrl>
            <Point>
                <coordinates>35.01819624,32.10996081,-82.018</coordinates>
            </Point>
        </Placemark>
        <Placemark>
            <name>Point 390</name>
            <description><![CDATA[<b>Time:</b> 2026-03-22 07:09:07<br/><b>Satellites:</b> E13,E19,E27,E30<br/><b>RMS residual:</b> 3.226196034939731e-09<br/><b>PDOP:</b> 3.1322688010376885<br/><b>GDOP:</b> 3.5278928096215916<br/><b>Velocity:</b> 25.943102441866582 m/s]]></description>
            <styleUrl>#red_point</styleUrl>
            <Point>
                <coordinates>35.01874001,32.10989475,-79.859</coordinates>
            </Point>
        </Placemark>
        <Placemark>
            <name>Point 391</name>
            <description><![CDATA[<b>Time:</b> 2026-03-22 07:09:09<br/><b>Satellites:</b> E13,E19,E27,E30<br/><b>RMS residual:</b> 3.725290298461914e-09<br/><b>PDOP:</b> 3.131855456079154<br/><b>GDOP:</b> 3.5274554329918284<br/><b>Velocity:</b> 26.3842426653445 m/s]]></description>
            <styleUrl>#red_point</styleUrl>
            <Point>
                <coordinates>35.01929222,32.10982370,-77.356</coordinates>
            </Point>
        </Placemark>
        <Placemark>
            <name>Point 392</name>
            <description><![CDATA[<b>Time:</b> 2026-03-22 07:09:11<br/><b>Satellites:</b> E13,E19,E27,E30<br/><b>RMS residual:</b> 3.725290298461914e-09<br/><b>PDOP:</b> 3.131444134439076<br/><b>GDOP:</b> 3.527020946937557<br/><b>Velocity:</b> 26.094133112652564 m/s]]></description>
            <styleUrl>#red_point</styleUrl>
            <Point>
                <coordinates>35.01983750,32.10974772,-75.311</coordinates>
            </Point>
        </Placemark>
        <Placemark>
            <name>Point 393</name>
            <description><![CDATA[<b>Time:</b> 2026-03-22 07:09:13<br/><b>Satellites:</b> E13,E19,E27,E30<br/><b>RMS residual:</b> 2.634178031930877e-09<br/><b>PDOP:</b> 3.131031376164935<br/><b>GDOP:</b> 3.526584453498971<br/><b>Velocity:</b> 25.997505950542717 m/s]]></description>
            <styleUrl>#red_point</styleUrl>
            <Point>
                <coordinates>35.02037757,32.10965825,-72.675</coordinates>
            </Point>
        </Placemark>
        <Placemark>
            <name>Point 394</name>
            <description><![CDATA[<b>Time:</b> 2026-03-22 07:09:15<br/><b>Satellites:</b> E13,E19,E27,E30<br/><b>RMS residual:</b> 1.862645149230957e-09<br/><b>PDOP:</b> 3.1306162655506213<br/><b>GDOP:</b> 3.5261445636370183<br/><b>Velocity:</b> 26.310246281208823 m/s]]></description>
            <styleUrl>#red_point</styleUrl>
            <Point>
                <coordinates>35.02092418,32.10956765,-70.109</coordinates>
            </Point>
        </Placemark>
        <Placemark>
            <name>Point 395</name>
            <description><![CDATA[<b>Time:</b> 2026-03-22 07:09:17<br/><b>Satellites:</b> E13,E19,E27,E30<br/><b>RMS residual:</b> 2.634178031930877e-09<br/><b>PDOP:</b> 3.130203809992299<br/><b>GDOP:</b> 3.52570820978472<br/><b>Velocity:</b> 26.501552321035962 m/s]]></description>
            <styleUrl>#red_point</styleUrl>
            <Point>
                <coordinates>35.02147418,32.10947427,-67.344</coordinates>
            </Point>
        </Placemark>
        <Placemark>
            <name>Point 396</name>
            <description><![CDATA[<b>Time:</b> 2026-03-22 07:09:19<br/><b>Satellites:</b> E13,E19,E27,E30<br/><b>RMS residual:</b> 1.862645149230957e-09<br/><b>PDOP:</b> 3.1297893615922363<br/><b>GDOP:</b> 3.5252693011481524<br/><b>Velocity:</b> 26.733791438546273 m/s]]></description>
            <styleUrl>#red_point</styleUrl>
            <Point>
                <coordinates>35.02202793,32.10937249,-67.274</coordinates>
            </Point>
        </Placemark>
        <Placemark>
            <name>Point 397</name>
            <description><![CDATA[<b>Time:</b> 2026-03-22 07:09:21<br/><b>Satellites:</b> E13,E19,E27,E30<br/><b>RMS residual:</b> 1.862645149230957e-09<br/><b>PDOP:</b> 3.1293757804882665<br/><b>GDOP:</b> 3.5248313232186974<br/><b>Velocity:</b> 26.816803452489804 m/s]]></description>
            <styleUrl>#red_point</styleUrl>
            <Point>
                <coordinates>35.02258025,32.10925872,-67.475</coordinates>
            </Point>
        </Placemark>
        <Placemark>
            <name>Point 398</name>
            <description><![CDATA[<b>Time:</b> 2026-03-22 07:09:23<br/><b>Satellites:</b> E13,E19,E27,E30<br/><b>RMS residual:</b> 1.862645149230957e-09<br/><b>PDOP:</b> 3.1289617246165022<br/><b>GDOP:</b> 3.5243926342362766<br/><b>Velocity:</b> 26.86931252022994 m/s]]></description>
            <styleUrl>#red_point</styleUrl>
            <Point>
                <coordinates>35.02312785,32.10912660,-65.996</coordinates>
            </Point>
        </Placemark>
        <Placemark>
            <name>Point 399</name>
            <description><![CDATA[<b>Time:</b> 2026-03-22 07:09:27<br/><b>Satellites:</b> E13,E19,E27,E30<br/><b>RMS residual:</b> 2.634178031930877e-09<br/><b>PDOP:</b> 3.1281317592750977<br/><b>GDOP:</b> 3.523512732869103<br/><b>Velocity:</b> 26.938278206875363 m/s]]></description>
            <styleUrl>#red_point</styleUrl>
            <Point>
                <coordinates>35.02420666,32.10881302,-64.640</coordinates>
            </Point>
        </Placemark>
        <Placemark>
            <name>Point 400</name>
            <description><![CDATA[<b>Time:</b> 2026-03-22 07:09:29<br/><b>Satellites:</b> E13,E19,E27,E30<br/><b>RMS residual:</b> 0.0<br/><b>PDOP:</b> 3.12772051061377<br/><b>GDOP:</b> 3.5230779037492646<br/><b>Velocity:</b> 27.04935289547587 m/s]]></description>
            <styleUrl>#red_point</styleUrl>
            <Point>
                <coordinates>35.02474007,32.10863450,-64.118</coordinates>
            </Point>
        </Placemark>
        <Placemark>
            <name>Point 401</name>
            <description><![CDATA[<b>Time:</b> 2026-03-22 07:09:33<br/><b>Satellites:</b> E13,E19,E27,E30<br/><b>RMS residual:</b> 0.0<br/><b>PDOP:</b> 3.126890777690276<br/><b>GDOP:</b> 3.52219742596019<br/><b>Velocity:</b> 27.43330203254033 m/s]]></description>
            <styleUrl>#red_point</styleUrl>
            <Point>
                <coordinates>35.02578609,32.10822326,-62.594</coordinates>
            </Point>
        </Placemark>
        <Placemark>
            <name>Point 402</name>
            <description><![CDATA[<b>Time:</b> 2026-03-22 07:09:35<br/><b>Satellites:</b> E13,E19,E27,E30<br/><b>RMS residual:</b> 0.0<br/><b>PDOP:</b> 3.126476357456777<br/><b>GDOP:</b> 3.521757771233401<br/><b>Velocity:</b> 27.645076478634994 m/s]]></description>
            <styleUrl>#red_point</styleUrl>
            <Point>
                <coordinates>35.02630781,32.10799652,-62.130</coordinates>
            </Point>
        </Placemark>
        <Placemark>
            <name>Point 403</name>
            <description><![CDATA[<b>Time:</b> 2026-03-22 07:09:37<br/><b>Satellites:</b> E13,E19,E27,E30<br/><b>RMS residual:</b> 2.634178031930877e-09<br/><b>PDOP:</b> 3.1260623308284017<br/><b>GDOP:</b> 3.521318610879833<br/><b>Velocity:</b> 27.412544563746284 m/s]]></description>
            <styleUrl>#red_point</styleUrl>
            <Point>
                <coordinates>35.02681513,32.10775595,-60.905</coordinates>
            </Point>
        </Placemark>
        <Placemark>
            <name>Point 404</name>
            <description><![CDATA[<b>Time:</b> 2026-03-22 07:09:39<br/><b>Satellites:</b> E13,E19,E27,E30<br/><b>RMS residual:</b> 0.0<br/><b>PDOP:</b> 3.1256471893636726<br/><b>GDOP:</b> 3.5208777238170876<br/><b>Velocity:</b> 27.762736766131198 m/s]]></description>
            <styleUrl>#red_point</styleUrl>
            <Point>
                <coordinates>35.02732477,32.10750606,-62.141</coordinates>
            </Point>
        </Placemark>
        <Placemark>
            <name>Point 405</name>
            <description><![CDATA[<b>Time:</b> 2026-03-22 07:09:43<br/><b>Satellites:</b> E13,E19,E27,E30<br/><b>RMS residual:</b> 1.862645149230957e-09<br/><b>PDOP:</b> 3.1248157460118207<br/><b>GDOP:</b> 3.519994412145855<br/><b>Velocity:</b> 27.86924674829272 m/s]]></description>
            <styleUrl>#red_point</styleUrl>
            <Point>
                <coordinates>35.02832584,32.10697731,-59.315</coordinates>
            </Point>
        </Placemark>
        <Placemark>
            <name>Point 406</name>
            <description><![CDATA[<b>Time:</b> 2026-03-22 07:09:45<br/><b>Satellites:</b> E13,E19,E27,E30<br/><b>RMS residual:</b> 2.634178031930877e-09<br/><b>PDOP:</b> 3.1244006777106796<br/><b>GDOP:</b> 3.5195535577411676<br/><b>Velocity:</b> 28.050724575143086 m/s]]></description>
            <styleUrl>#red_point</styleUrl>
            <Point>
                <coordinates>35.02883278,32.10671316,-58.915</coordinates>
            </Point>
        </Placemark>
        <Placemark>
            <name>Point 407</name>
            <description><![CDATA[<b>Time:</b> 2026-03-22 07:09:47<br/><b>Satellites:</b> E13,E19,E27,E30<br/><b>RMS residual:</b> 3.725290298461914e-09<br/><b>PDOP:</b> 3.123983637016831<br/><b>GDOP:</b> 3.5191098221856665<br/><b>Velocity:</b> 27.96221080055375 m/s]]></description>
            <styleUrl>#red_point</styleUrl>
            <Point>
                <coordinates>35.02933794,32.10644963,-58.317</coordinates>
            </Point>
        </Placemark>
        <Placemark>
            <name>Point 408</name>
            <description><![CDATA[<b>Time:</b> 2026-03-22 07:09:49<br/><b>Satellites:</b> E13,E19,E27,E30<br/><b>RMS residual:</b> 2.634178031930877e-09<br/><b>PDOP:</b> 3.1235698415532744<br/><b>GDOP:</b> 3.518670854681249<br/><b>Velocity:</b> 27.886928674005887 m/s]]></description>
            <styleUrl>#red_point</styleUrl>
            <Point>
                <coordinates>35.02984152,32.10618669,-57.075</coordinates>
            </Point>
        </Placemark>
        <Placemark>
            <name>Point 409</name>
            <description><![CDATA[<b>Time:</b> 2026-03-22 07:09:51<br/><b>Satellites:</b> E13,E19,E27,E30<br/><b>RMS residual:</b> 0.0<br/><b>PDOP:</b> 3.1231531394946597<br/><b>GDOP:</b> 3.5182275153087827<br/><b>Velocity:</b> 28.11933830115402 m/s]]></description>
            <styleUrl>#red_point</styleUrl>
            <Point>
                <coordinates>35.03035143,32.10592444,-56.119</coordinates>
            </Point>
        </Placemark>
        <Placemark>
            <name>Point 410</name>
            <description><![CDATA[<b>Time:</b> 2026-03-22 07:09:53<br/><b>Satellites:</b> E13,E19,E27,E30<br/><b>RMS residual:</b> 1.862645149230957e-09<br/><b>PDOP:</b> 3.1227374445549145<br/><b>GDOP:</b> 3.5177856010325104<br/><b>Velocity:</b> 27.988954522599045 m/s]]></description>
            <styleUrl>#red_point</styleUrl>
            <Point>
                <coordinates>35.03085897,32.10566334,-55.418</coordinates>
            </Point>
        </Placemark>
        <Placemark>
            <name>Point 411</name>
            <description><![CDATA[<b>Time:</b> 2026-03-22 07:09:55<br/><b>Satellites:</b> E13,E19,E27,E30<br/><b>RMS residual:</b> 0.0<br/><b>PDOP:</b> 3.1223207594626476<br/><b>GDOP:</b> 3.517342275312827<br/><b>Velocity:</b> 27.859138332545598 m/s]]></description>
            <styleUrl>#red_point</styleUrl>
            <Point>
                <coordinates>35.03136415,32.10540339,-54.971</coordinates>
            </Point>
        </Placemark>
        <Placemark>
            <name>Point 412</name>
            <description><![CDATA[<b>Time:</b> 2026-03-22 07:10:13<br/><b>Satellites:</b> E13,E19,E27,E30<br/><b>RMS residual:</b> 0.0<br/><b>PDOP:</b> 3.1185627112131233<br/><b>GDOP:</b> 3.5133383382447163<br/><b>Velocity:</b> 25.54196163456389 m/s]]></description>
            <styleUrl>#red_point</styleUrl>
            <Point>
                <coordinates>35.03582269,32.10323950,-38.752</coordinates>
            </Point>
        </Placemark>
        <Placemark>
            <name>Point 413</name>
            <description><![CDATA[<b>Time:</b> 2026-03-22 07:10:15<br/><b>Satellites:</b> E13,E19,E27,E30<br/><b>RMS residual:</b> 1.862645149230957e-09<br/><b>PDOP:</b> 3.118143519178725<br/><b>GDOP:</b> 3.5128909690109196<br/><b>Velocity:</b> 25.20742248077838 m/s]]></description>
            <styleUrl>#red_point</styleUrl>
            <Point>
                <coordinates>35.03631414,32.10306304,-36.086</coordinates>
            </Point>
        </Placemark>
        <Placemark>
            <name>Point 414</name>
            <description><![CDATA[<b>Time:</b> 2026-03-22 07:10:17<br/><b>Satellites:</b> E13,E19,E27,E30<br/><b>RMS residual:</b> 1.862645149230957e-09<br/><b>PDOP:</b> 3.117725917013278<br/><b>GDOP:</b> 3.5124457685537616<br/><b>Velocity:</b> 24.806304350882666 m/s]]></description>
            <styleUrl>#red_point</styleUrl>
            <Point>
                <coordinates>35.03680782,32.10291080,-33.818</coordinates>
            </Point>
        </Placemark>
        <Placemark>
            <name>Point 415</name>
            <description><![CDATA[<b>Time:</b> 2026-03-22 07:10:19<br/><b>Satellites:</b> E13,E19,E27,E30<br/><b>RMS residual:</b> 1.862645149230957e-09<br/><b>PDOP:</b> 3.117302866102495<br/><b>GDOP:</b> 3.5119927660718053<br/><b>Velocity:</b> 24.42450611468318 m/s]]></description>
            <styleUrl>#red_point</styleUrl>
            <Point>
                <coordinates>35.03730374,32.10278625,-31.706</coordinates>
            </Point>
        </Placemark>
        <Placemark>
            <name>Point 416</name>
            <description><![CDATA[<b>Time:</b> 2026-03-22 07:10:21<br/><b>Satellites:</b> E13,E19,E27,E30<br/><b>RMS residual:</b> 3.226196034939731e-09<br/><b>PDOP:</b> 3.1168863359382435<br/><b>GDOP:</b> 3.511549137245702<br/><b>Velocity:</b> 24.119840629083214 m/s]]></description>
            <styleUrl>#red_point</styleUrl>
            <Point>
                <coordinates>35.03780190,32.10269082,-29.653</coordinates>
            </Point>
        </Placemark>
        <Placemark>
            <name>Point 417</name>
            <description><![CDATA[<b>Time:</b> 2026-03-22 07:10:23<br/><b>Satellites:</b> E13,E19,E27,E30<br/><b>RMS residual:</b> 2.634178031930877e-09<br/><b>PDOP:</b> 3.116467121661751<br/><b>GDOP:</b> 3.5111015567371404<br/><b>Velocity:</b> 23.92095205233544 m/s]]></description>
            <styleUrl>#red_point</styleUrl>
            <Point>
                <coordinates>35.03830230,32.10262449,-27.656</coordinates>
            </Point>
        </Placemark>
        <Placemark>
            <name>Point 418</name>
            <description><![CDATA[<b>Time:</b> 2026-03-22 07:10:25<br/><b>Satellites:</b> E13,E19,E27,E30<br/><b>RMS residual:</b> 1.862645149230957e-09<br/><b>PDOP:</b> 3.116046209644197<br/><b>GDOP:</b> 3.5106516306786046<br/><b>Velocity:</b> 23.830488963708287 m/s]]></description>
            <styleUrl>#red_point</styleUrl>
            <Point>
                <coordinates>35.03880493,32.10258728,-25.718</coordinates>
            </Point>
        </Placemark>
        <Placemark>
            <name>Point 419</name>
            <description><![CDATA[<b>Time:</b> 2026-03-22 07:10:41<br/><b>Satellites:</b> E13,E19,E27,E30<br/><b>RMS residual:</b> 0.0<br/><b>PDOP:</b> 3.112676389115804<br/><b>GDOP:</b> 3.5070473734830734<br/><b>Velocity:</b> 24.388134333900155 m/s]]></description>
            <styleUrl>#red_point</styleUrl>
            <Point>
                <coordinates>35.04283458,32.10305319,-18.811</coordinates>
            </Point>
        </Placemark>
        <Placemark>
            <name>Point 420</name>
            <description><![CDATA[<b>Time:</b> 2026-03-22 07:10:43<br/><b>Satellites:</b> E13,E19,E27,E30<br/><b>RMS residual:</b> 3.226196034939731e-09<br/><b>PDOP:</b> 3.112255110452516<br/><b>GDOP:</b> 3.5065965083583657<br/><b>Velocity:</b> 24.53203220531471 m/s]]></description>
            <styleUrl>#red_point</styleUrl>
            <Point>
                <coordinates>35.04333440,32.10317431,-17.693</coordinates>
            </Point>
        </Placemark>
        <Placemark>
            <name>Point 421</name>
            <description><![CDATA[<b>Time:</b> 2026-03-22 07:10:45<br/><b>Satellites:</b> E13,E19,E27,E30<br/><b>RMS residual:</b> 0.0<br/><b>PDOP:</b> 3.1118326719385525<br/><b>GDOP:</b> 3.506143998296572<br/><b>Velocity:</b> 24.680796434327345 m/s]]></description>
            <styleUrl>#red_point</styleUrl>
            <Point>
                <coordinates>35.04383529,32.10330171,-16.316</coordinates>
            </Point>
        </Placemark>
        <Placemark>
            <name>Point 422</name>
            <description><![CDATA[<b>Time:</b> 2026-03-22 07:10:49<br/><b>Satellites:</b> E13,E19,E27,E30<br/><b>RMS residual:</b> 2.634178031930877e-09<br/><b>PDOP:</b> 3.110987592121316<br/><b>GDOP:</b> 3.5052384918241057<br/><b>Velocity:</b> 24.992573532450866 m/s]]></description>
            <styleUrl>#red_point</styleUrl>
            <Point>
                <coordinates>35.04484022,32.10357538,-12.788</coordinates>
            </Point>
        </Placemark>
        <Placemark>
            <name>Point 423</name>
            <description><![CDATA[<b>Time:</b> 2026-03-22 07:11:03<br/><b>Satellites:</b> E13,E19,E27,E30<br/><b>RMS residual:</b> 0.0<br/><b>PDOP:</b> 3.108020944719177<br/><b>GDOP:</b> 3.5020550539623936<br/><b>Velocity:</b> 26.09604094557821 m/s]]></description>
            <styleUrl>#red_point</styleUrl>
            <Point>
                <coordinates>35.04854003,32.10434506,7.811</coordinates>
            </Point>
        </Placemark>
        <Placemark>
            <name>Point 424</name>
            <description><![CDATA[<b>Time:</b> 2026-03-22 07:11:05<br/><b>Satellites:</b> E13,E19,E27,E30<br/><b>RMS residual:</b> 2.634178031930877e-09<br/><b>PDOP:</b> 3.107597789779836<br/><b>GDOP:</b> 3.5016009608264587<br/><b>Velocity:</b> 26.056312913208945 m/s]]></description>
            <styleUrl>#red_point</styleUrl>
            <Point>
                <coordinates>35.04908998,32.10437051,11.470</coordinates>
            </Point>
        </Placemark>
        <Placemark>
            <name>Point 425</name>
            <description><![CDATA[<b>Time:</b> 2026-03-22 07:11:09<br/><b>Satellites:</b> E13,E19,E27,E30<br/><b>RMS residual:</b> 1.862645149230957e-09<br/><b>PDOP:</b> 3.1067480134117154<br/><b>GDOP:</b> 3.500687550584813<br/><b>Velocity:</b> 26.173453654844202 m/s]]></description>
            <styleUrl>#red_point</styleUrl>
            <Point>
                <coordinates>35.05019412,32.10435078,18.550</coordinates>
            </Point>
        </Placemark>
        <Placemark>
            <name>Point 426</name>
            <description><![CDATA[<b>Time:</b> 2026-03-22 07:11:23<br/><b>Satellites:</b> E13,E19,E27,E30<br/><b>RMS residual:</b> 1.862645149230957e-09<br/><b>PDOP:</b> 3.103775565842717<br/><b>GDOP:</b> 3.497490050219883<br/><b>Velocity:</b> 27.1209872039165 m/s]]></description>
            <styleUrl>#red_point</styleUrl>
            <Point>
                <coordinates>35.05407629,32.10370635,30.649</coordinates>
            </Point>
        </Placemark>
        <Placemark>
            <name>Point 427</name>
            <description><![CDATA[<b>Time:</b> 2026-03-22 07:11:25<br/><b>Satellites:</b> E13,E19,E27,E30<br/><b>RMS residual:</b> 1.862645149230957e-09<br/><b>PDOP:</b> 3.1033531485166916<br/><b>GDOP:</b> 3.4970361882281535<br/><b>Velocity:</b> 27.087271506185438 m/s]]></description>
            <styleUrl>#red_point</styleUrl>
            <Point>
                <coordinates>35.05463155,32.10358291,31.534</coordinates>
            </Point>
        </Placemark>
        <Placemark>
            <name>Point 428</name>
            <description><![CDATA[<b>Time:</b> 2026-03-22 07:11:27<br/><b>Satellites:</b> E13,E19,E27,E30<br/><b>RMS residual:</b> 0.0<br/><b>PDOP:</b> 3.1029287164711503<br/><b>GDOP:</b> 3.4965793650655805<br/><b>Velocity:</b> 27.074406810211258 m/s]]></description>
            <styleUrl>#red_point</styleUrl>
            <Point>
                <coordinates>35.05518336,32.10345185,34.387</coordinates>
            </Point>
        </Placemark>
        <Placemark>
            <name>Point 429</name>
            <description><![CDATA[<b>Time:</b> 2026-03-22 07:11:29<br/><b>Satellites:</b> E13,E19,E27,E30<br/><b>RMS residual:</b> 1.862645149230957e-09<br/><b>PDOP:</b> 3.102501191140716<br/><b>GDOP:</b> 3.496118159793651<br/><b>Velocity:</b> 28.278601027388028 m/s]]></description>
            <styleUrl>#red_point</styleUrl>
            <Point>
                <coordinates>35.05575416,32.10330691,40.529</coordinates>
            </Point>
        </Placemark>
        <Placemark>
            <name>Point 430</name>
            <description><![CDATA[<b>Time:</b> 2026-03-22 07:11:31<br/><b>Satellites:</b> E13,E19,E27,E30<br/><b>RMS residual:</b> 1.862645149230957e-09<br/><b>PDOP:</b> 3.102074606036276<br/><b>GDOP:</b> 3.495658204145079<br/><b>Velocity:</b> 29.409736342084525 m/s]]></description>
            <styleUrl>#red_point</styleUrl>
            <Point>
                <coordinates>35.05633717,32.10314374,50.733</coordinates>
            </Point>
        </Placemark>
        <Placemark>
            <name>Point 431</name>
            <description><![CDATA[<b>Time:</b> 2026-03-22 07:11:33<br/><b>Satellites:</b> E13,E19,E27,E30<br/><b>RMS residual:</b> 1.862645149230957e-09<br/><b>PDOP:</b> 3.101652374749399<br/><b>GDOP:</b> 3.495204433740235<br/><b>Velocity:</b> 30.623757388913404 m/s]]></description>
            <styleUrl>#red_point</styleUrl>
            <Point>
                <coordinates>35.05692936,32.10296037,65.344</coordinates>
            </Point>
        </Placemark>
        <Placemark>
            <name>Point 432</name>
            <description><![CDATA[<b>Time:</b> 2026-03-22 07:11:35<br/><b>Satellites:</b> E13,E19,E27,E30<br/><b>RMS residual:</b> 0.0<br/><b>PDOP:</b> 3.101225003895019<br/><b>GDOP:</b> 3.494743293344237<br/><b>Velocity:</b> 31.98884819963898 m/s]]></description>
            <styleUrl>#red_point</styleUrl>
            <Point>
                <coordinates>35.05753072,32.10275680,84.363</coordinates>
            </Point>
        </Placemark>
        <Placemark>
            <name>Point 433</name>
            <description><![CDATA[<b>Time:</b> 2026-03-22 07:11:37<br/><b>Satellites:</b> E13,E19,E27,E30<br/><b>RMS residual:</b> 1.862645149230957e-09<br/><b>PDOP:</b> 3.1007969023756194<br/><b>GDOP:</b> 3.494280952900693<br/><b>Velocity:</b> 33.86079945220756 m/s]]></description>
            <styleUrl>#red_point</styleUrl>
            <Point>
                <coordinates>35.05813764,32.10252912,110.190</coordinates>
            </Point>
        </Placemark>
        <Placemark>
            <name>Point 434</name>
            <description><![CDATA[<b>Time:</b> 2026-03-22 07:11:57<br/><b>Satellites:</b> E07,E15,E21,E29<br/><b>RMS residual:</b> 1.862645149230957e-09<br/><b>PDOP:</b> 5.399091817181032<br/><b>GDOP:</b> 6.202541899637901<br/><b>Velocity:</b> 35.36099726505488 m/s]]></description>
            <styleUrl>#red_point</styleUrl>
            <Point>
                <coordinates>35.06442001,32.09968527,500.414</coordinates>
            </Point>
        </Placemark>
        <Placemark>
            <name>Point 435</name>
            <description><![CDATA[<b>Time:</b> 2026-03-22 07:11:59<br/><b>Satellites:</b> E07,E15,E21,E29<br/><b>RMS residual:</b> 2.634178031930877e-09<br/><b>PDOP:</b> 5.3991324248025245<br/><b>GDOP:</b> 6.202462581129141<br/><b>Velocity:</b> 33.64471142333274 m/s]]></description>
            <styleUrl>#red_point</styleUrl>
            <Point>
                <coordinates>35.06500666,32.09945470,528.825</coordinates>
            </Point>
        </Placemark>
        <Placemark>
            <name>Point 436</name>
            <description><![CDATA[<b>Time:</b> 2026-03-22 07:12:01<br/><b>Satellites:</b> E07,E15,E21,E29<br/><b>RMS residual:</b> 2.634178031930877e-09<br/><b>PDOP:</b> 5.399172319391067<br/><b>GDOP:</b> 6.202381809096943<br/><b>Velocity:</b> 31.723858369202034 m/s]]></description>
            <styleUrl>#red_point</styleUrl>
            <Point>
                <coordinates>35.06558073,32.09924418,552.148</coordinates>
            </Point>
        </Placemark>
        <Placemark>
            <name>Point 437</name>
            <description><![CDATA[<b>Time:</b> 2026-03-22 07:12:03<br/><b>Satellites:</b> E07,E15,E21,E29<br/><b>RMS residual:</b> 1.862645149230957e-09<br/><b>PDOP:</b> 5.399216522682708<br/><b>GDOP:</b> 6.202307059960006<br/><b>Velocity:</b> 29.992019070601103 m/s]]></description>
            <styleUrl>#red_point</styleUrl>
            <Point>
                <coordinates>35.06614052,32.09905137,570.811</coordinates>
            </Point>
        </Placemark>
        <Placemark>
            <name>Point 438</name>
            <description><![CDATA[<b>Time:</b> 2026-03-22 07:12:05<br/><b>Satellites:</b> E07,E15,E21,E29,E34<br/><b>RMS residual:</b> 3.6746368424197127<br/><b>PDOP:</b> 2.5371136584411476<br/><b>GDOP:</b> 2.7785982270023046<br/><b>Velocity:</b> 28.570513666111907 m/s]]></description>
            <styleUrl>#red_point</styleUrl>
            <Point>
                <coordinates>35.06668995,32.09887836,585.196</coordinates>
            </Point>
        </Placemark>
        <Placemark>
            <name>Point 439</name>
            <description><![CDATA[<b>Time:</b> 2026-03-22 07:12:07<br/><b>Satellites:</b> E07,E15,E21,E29,E34<br/><b>RMS residual:</b> 5.154688398716865<br/><b>PDOP:</b> 2.5364913786797896<br/><b>GDOP:</b> 2.777853130691905<br/><b>Velocity:</b> 26.82026083321799 m/s]]></description>
            <styleUrl>#red_point</styleUrl>
            <Point>
                <coordinates>35.06721393,32.09871759,595.813</coordinates>
            </Point>
        </Placemark>
        <Placemark>
            <name>Point 440</name>
            <description><![CDATA[<b>Time:</b> 2026-03-22 07:12:09<br/><b>Satellites:</b> E07,E15,E21,E29,E34<br/><b>RMS residual:</b> 4.7503540390001815<br/><b>PDOP:</b> 2.535870170164205<br/><b>GDOP:</b> 2.7771094161385173<br/><b>Velocity:</b> 25.1625798525698 m/s]]></description>
            <styleUrl>#red_point</styleUrl>
            <Point>
                <coordinates>35.06771271,32.09857244,603.328</coordinates>
            </Point>
        </Placemark>
        <Placemark>
            <name>Point 441</name>
            <description><![CDATA[<b>Time:</b> 2026-03-22 07:12:11<br/><b>Satellites:</b> E07,E15,E21,E29,E34<br/><b>RMS residual:</b> 3.928244501979508<br/><b>PDOP:</b> 2.535250242859661<br/><b>GDOP:</b> 2.776367234265955<br/><b>Velocity:</b> 25.110905212031245 m/s]]></description>
            <styleUrl>#red_point</styleUrl>
            <Point>
                <coordinates>35.06821524,32.09843469,609.526</coordinates>
            </Point>
        </Placemark>
        <Placemark>
            <name>Point 442</name>
            <description><![CDATA[<b>Time:</b> 2026-03-22 07:12:13<br/><b>Satellites:</b> E07,E15,E21,E29,E34<br/><b>RMS residual:</b> 5.258297143833605<br/><b>PDOP:</b> 2.534630742067845<br/><b>GDOP:</b> 2.7756254155908375<br/><b>Velocity:</b> 24.955315259578494 m/s]]></description>
            <styleUrl>#red_point</styleUrl>
            <Point>
                <coordinates>35.06871804,32.09830179,614.103</coordinates>
            </Point>
        </Placemark>
        <Placemark>
            <name>Point 443</name>
            <description><![CDATA[<b>Time:</b> 2026-03-22 07:12:15<br/><b>Satellites:</b> E07,E15,E21,E29,E34<br/><b>RMS residual:</b> 4.044322595442416<br/><b>PDOP:</b> 2.534011463337367<br/><b>GDOP:</b> 2.7748837579775776<br/><b>Velocity:</b> 24.65546039058729 m/s]]></description>
            <styleUrl>#red_point</styleUrl>
            <Point>
                <coordinates>35.06921438,32.09817128,619.263</coordinates>
            </Point>
        </Placemark>
        <Placemark>
            <name>Point 444</name>
            <description><![CDATA[<b>Time:</b> 2026-03-22 07:12:17<br/><b>Satellites:</b> E07,E15,E21,E29,E34<br/><b>RMS residual:</b> 4.497643335474049<br/><b>PDOP:</b> 2.5333935766671454<br/><b>GDOP:</b> 2.774143791609104<br/><b>Velocity:</b> 24.189645891521366 m/s]]></description>
            <styleUrl>#red_point</styleUrl>
            <Point>
                <coordinates>35.06970302,32.09804324,622.588</coordinates>
            </Point>
        </Placemark>
        <Placemark>
            <name>Point 445</name>
            <description><![CDATA[<b>Time:</b> 2026-03-22 07:12:19<br/><b>Satellites:</b> E07,E15,E21,E29,E34<br/><b>RMS residual:</b> 2.088082205828336<br/><b>PDOP:</b> 2.5327758458015075<br/><b>GDOP:</b> 2.77340385294742<br/><b>Velocity:</b> 24.16133338473197 m/s]]></description>
            <styleUrl>#red_point</styleUrl>
            <Point>
                <coordinates>35.07019220,32.09791676,625.012</coordinates>
            </Point>
        </Placemark>
        <Placemark>
            <name>Point 446</name>
            <description><![CDATA[<b>Time:</b> 2026-03-22 07:12:21<br/><b>Satellites:</b> E07,E15,E21,E29,E34<br/><b>RMS residual:</b> 0.5355914349880202<br/><b>PDOP:</b> 2.5321588145467495<br/><b>GDOP:</b> 2.772664692367188<br/><b>Velocity:</b> 23.74298593498208 m/s]]></description>
            <styleUrl>#red_point</styleUrl>
            <Point>
                <coordinates>35.07067215,32.09779099,627.754</coordinates>
            </Point>
        </Placemark>
        <Placemark>
            <name>Point 447</name>
            <description><![CDATA[<b>Time:</b> 2026-03-22 07:12:33<br/><b>Satellites:</b> E07,E15,E21,E29,E34<br/><b>RMS residual:</b> 7.161181981745029<br/><b>PDOP:</b> 2.528471654000347<br/><b>GDOP:</b> 2.768246561047347<br/><b>Velocity:</b> 24.303902383078373 m/s]]></description>
            <styleUrl>#red_point</styleUrl>
            <Point>
                <coordinates>35.07356015,32.09700425,645.289</coordinates>
            </Point>
        </Placemark>
        <Placemark>
            <name>Point 448</name>
            <description><![CDATA[<b>Time:</b> 2026-03-22 07:12:43<br/><b>Satellites:</b> E07,E15,E21,E29,E34<br/><b>RMS residual:</b> 1.4567518948567102<br/><b>PDOP:</b> 2.525418490059067<br/><b>GDOP:</b> 2.7645868103483537<br/><b>Velocity:</b> 25.036926661829384 m/s]]></description>
            <styleUrl>#red_point</styleUrl>
            <Point>
                <coordinates>35.07604024,32.09627893,652.695</coordinates>
            </Point>
        </Placemark>
        <Placemark>
            <name>Point 449</name>
            <description><![CDATA[<b>Time:</b> 2026-03-22 07:12:45<br/><b>Satellites:</b> E07,E15,E21,E29,E34<br/><b>RMS residual:</b> 2.479236230365781<br/><b>PDOP:</b> 2.5248100290561526<br/><b>GDOP:</b> 2.763857285769214<br/><b>Velocity:</b> 25.16677146668159 m/s]]></description>
            <styleUrl>#red_point</styleUrl>
            <Point>
                <coordinates>35.07654446,32.09613142,652.827</coordinates>
            </Point>
        </Placemark>
        <Placemark>
            <name>Point 450</name>
            <description><![CDATA[<b>Time:</b> 2026-03-22 07:12:47<br/><b>Satellites:</b> E07,E15,E21,E29,E34<br/><b>RMS residual:</b> 2.0686138577856763<br/><b>PDOP:</b> 2.5242012913628264<br/><b>GDOP:</b> 2.7631272003255134<br/><b>Velocity:</b> 25.04503131680019 m/s]]></description>
            <styleUrl>#red_point</styleUrl>
            <Point>
                <coordinates>35.07704644,32.09598510,652.904</coordinates>
            </Point>
        </Placemark>
        <Placemark>
            <name>Point 451</name>
            <description><![CDATA[<b>Time:</b> 2026-03-22 07:12:49<br/><b>Satellites:</b> E07,E15,E21,E29,E34<br/><b>RMS residual:</b> 3.5645061839082444<br/><b>PDOP:</b> 2.523594716724019<br/><b>GDOP:</b> 2.7623999519049267<br/><b>Velocity:</b> 25.080606851593174 m/s]]></description>
            <styleUrl>#red_point</styleUrl>
            <Point>
                <coordinates>35.07754935,32.09583931,653.733</coordinates>
            </Point>
        </Placemark>
        <Placemark>
            <name>Point 452</name>
            <description><![CDATA[<b>Time:</b> 2026-03-22 07:12:51<br/><b>Satellites:</b> E07,E15,E21,E29,E34<br/><b>RMS residual:</b> 2.65067816006092<br/><b>PDOP:</b> 2.522987630695781<br/><b>GDOP:</b> 2.7616717451071215<br/><b>Velocity:</b> 25.206170153066672 m/s]]></description>
            <styleUrl>#red_point</styleUrl>
            <Point>
                <coordinates>35.07805567,32.09569497,654.367</coordinates>
            </Point>
        </Placemark>
        <Placemark>
            <name>Point 453</name>
            <description><![CDATA[<b>Time:</b> 2026-03-22 07:12:55<br/><b>Satellites:</b> E07,E15,E21,E29,E34<br/><b>RMS residual:</b> 2.2527664829622274<br/><b>PDOP:</b> 2.5217771072073574<br/><b>GDOP:</b> 2.7602199570079278<br/><b>Velocity:</b> 25.2944212900146 m/s]]></description>
            <styleUrl>#red_point</styleUrl>
            <Point>
                <coordinates>35.07907072,32.09540873,657.414</coordinates>
            </Point>
        </Placemark>
        <Placemark>
            <name>Point 454</name>
            <description><![CDATA[<b>Time:</b> 2026-03-22 07:12:57<br/><b>Satellites:</b> E07,E15,E21,E29,E34<br/><b>RMS residual:</b> 1.8684833005883361<br/><b>PDOP:</b> 2.5211727217638153<br/><b>GDOP:</b> 2.759494968529965<br/><b>Velocity:</b> 25.29875520909683 m/s]]></description>
            <styleUrl>#red_point</styleUrl>
            <Point>
                <coordinates>35.07957943,32.09526553,658.631</coordinates>
            </Point>
        </Placemark>
        <Placemark>
            <name>Point 455</name>
            <description><![CDATA[<b>Time:</b> 2026-03-22 07:12:59<br/><b>Satellites:</b> E07,E15,E21,E29,E34<br/><b>RMS residual:</b> 2.7824640279267863<br/><b>PDOP:</b> 2.5205682492446875<br/><b>GDOP:</b> 2.7587696883220882<br/><b>Velocity:</b> 25.42230362979944 m/s]]></description>
            <styleUrl>#red_point</styleUrl>
            <Point>
                <coordinates>35.08009098,32.09512224,659.319</coordinates>
            </Point>
        </Placemark>
        <Placemark>
            <name>Point 456</name>
            <description><![CDATA[<b>Time:</b> 2026-03-22 07:13:01<br/><b>Satellites:</b> E07,E15,E21,E29,E34<br/><b>RMS residual:</b> 1.9807344862589507<br/><b>PDOP:</b> 2.519965077524644<br/><b>GDOP:</b> 2.7580460778748748<br/><b>Velocity:</b> 25.744323268241555 m/s]]></description>
            <styleUrl>#red_point</styleUrl>
            <Point>
                <coordinates>35.08060799,32.09497544,661.248</coordinates>
            </Point>
        </Placemark>
        <Placemark>
            <name>Point 457</name>
            <description><![CDATA[<b>Time:</b> 2026-03-22 07:13:03<br/><b>Satellites:</b> E07,E15,E21,E29,E34<br/><b>RMS residual:</b> 2.196972063448641<br/><b>PDOP:</b> 2.519362443447946<br/><b>GDOP:</b> 2.7573229917702795<br/><b>Velocity:</b> 25.98364150437967 m/s]]></description>
            <styleUrl>#red_point</styleUrl>
            <Point>
                <coordinates>35.08113105,32.09483011,662.847</coordinates>
            </Point>
        </Placemark>
        <Placemark>
            <name>Point 458</name>
            <description><![CDATA[<b>Time:</b> 2026-03-22 07:13:05<br/><b>Satellites:</b> E07,E15,E21,E29,E34<br/><b>RMS residual:</b> 3.4143408885192916<br/><b>PDOP:</b> 2.51875940336307<br/><b>GDOP:</b> 2.7565991174897158<br/><b>Velocity:</b> 26.25159320098646 m/s]]></description>
            <styleUrl>#red_point</styleUrl>
            <Point>
                <coordinates>35.08165853,32.09468166,665.254</coordinates>
            </Point>
        </Placemark>
        <Placemark>
            <name>Point 459</name>
            <description><![CDATA[<b>Time:</b> 2026-03-22 07:13:07<br/><b>Satellites:</b> E07,E15,E21,E29,E34<br/><b>RMS residual:</b> 2.9757237828245104<br/><b>PDOP:</b> 2.518159174303209<br/><b>GDOP:</b> 2.755878991931448<br/><b>Velocity:</b> 26.525786184811565 m/s]]></description>
            <styleUrl>#red_point</styleUrl>
            <Point>
                <coordinates>35.08219044,32.09453009,668.469</coordinates>
            </Point>
        </Placemark>
        <Placemark>
            <name>Point 460</name>
            <description><![CDATA[<b>Time:</b> 2026-03-22 07:13:19<br/><b>Satellites:</b> E07,E15,E21,E29,E34<br/><b>RMS residual:</b> 3.129328204597206<br/><b>PDOP:</b> 2.5145631465597176<br/><b>GDOP:</b> 2.751561890248681<br/><b>Velocity:</b> 27.095009306777783 m/s]]></description>
            <styleUrl>#red_point</styleUrl>
            <Point>
                <coordinates>35.08543065,32.09362420,688.794</coordinates>
            </Point>
        </Placemark>
        <Placemark>
            <name>Point 461</name>
            <description><![CDATA[<b>Time:</b> 2026-03-22 07:13:21<br/><b>Satellites:</b> E07,E15,E21,E29,E34<br/><b>RMS residual:</b> 2.4360075641718972<br/><b>PDOP:</b> 2.5139664135487707<br/><b>GDOP:</b> 2.7508453356403715<br/><b>Velocity:</b> 26.979337100678634 m/s]]></description>
            <styleUrl>#red_point</styleUrl>
            <Point>
                <coordinates>35.08597404,32.09347748,692.684</coordinates>
            </Point>
        </Placemark>
        <Placemark>
            <name>Point 462</name>
            <description><![CDATA[<b>Time:</b> 2026-03-22 07:13:23<br/><b>Satellites:</b> E07,E15,E21,E29,E34<br/><b>RMS residual:</b> 3.8412222981096997<br/><b>PDOP:</b> 2.513370143800943<br/><b>GDOP:</b> 2.7501292222382956<br/><b>Velocity:</b> 26.951642367636325 m/s]]></description>
            <styleUrl>#red_point</styleUrl>
            <Point>
                <coordinates>35.08651817,32.09333131,694.660</coordinates>
            </Point>
        </Placemark>
        <Placemark>
            <name>Point 463</name>
            <description><![CDATA[<b>Time:</b> 2026-03-22 07:13:25<br/><b>Satellites:</b> E07,E15,E21,E29,E34<br/><b>RMS residual:</b> 1.7330225188194794<br/><b>PDOP:</b> 2.5127751812545163<br/><b>GDOP:</b> 2.749414792075379<br/><b>Velocity:</b> 27.118813356546184 m/s]]></description>
            <styleUrl>#red_point</styleUrl>
            <Point>
                <coordinates>35.08706624,32.09318701,697.563</coordinates>
            </Point>
        </Placemark>
        <Placemark>
            <name>Point 464</name>
            <description><![CDATA[<b>Time:</b> 2026-03-22 07:13:27<br/><b>Satellites:</b> E07,E15,E21,E29,E34<br/><b>RMS residual:</b> 1.0945198173492112<br/><b>PDOP:</b> 2.512180499190552<br/><b>GDOP:</b> 2.748700529972324<br/><b>Velocity:</b> 26.93602914124097 m/s]]></description>
            <styleUrl>#red_point</styleUrl>
            <Point>
                <coordinates>35.08761345,32.09304984,698.936</coordinates>
            </Point>
        </Placemark>
        <Placemark>
            <name>Point 465</name>
            <description><![CDATA[<b>Time:</b> 2026-03-22 07:13:31<br/><b>Satellites:</b> E07,E15,E21,E29,E34<br/><b>RMS residual:</b> 0.5167806155630997<br/><b>PDOP:</b> 2.5109925059687535<br/><b>GDOP:</b> 2.747273341140096<br/><b>Velocity:</b> 26.606092823842552 m/s]]></description>
            <styleUrl>#red_point</styleUrl>
            <Point>
                <coordinates>35.08870532,32.09279981,697.302</coordinates>
            </Point>
        </Placemark>
        <Placemark>
            <name>Point 466</name>
            <description><![CDATA[<b>Time:</b> 2026-03-22 07:13:33<br/><b>Satellites:</b> E07,E15,E21,E29,E34<br/><b>RMS residual:</b> 3.8045258422006603<br/><b>PDOP:</b> 2.5104009595607137<br/><b>GDOP:</b> 2.746562930965289<br/><b>Velocity:</b> 26.996489336258836 m/s]]></description>
            <styleUrl>#red_point</styleUrl>
            <Point>
                <coordinates>35.08926091,32.09268443,696.801</coordinates>
            </Point>
        </Placemark>
        <Placemark>
            <name>Point 467</name>
            <description><![CDATA[<b>Time:</b> 2026-03-22 07:13:35<br/><b>Satellites:</b> E07,E15,E21,E29,E34<br/><b>RMS residual:</b> 0.8862638391823306<br/><b>PDOP:</b> 2.50980775036398<br/><b>GDOP:</b> 2.7458500160770325<br/><b>Velocity:</b> 27.464542070645823 m/s]]></description>
            <styleUrl>#red_point</styleUrl>
            <Point>
                <coordinates>35.08982780,32.09257294,696.946</coordinates>
            </Point>
        </Placemark>
        <Placemark>
            <name>Point 468</name>
            <description><![CDATA[<b>Time:</b> 2026-03-22 07:13:41<br/><b>Satellites:</b> E07,E15,E21,E29,E34<br/><b>RMS residual:</b> 1.0143766228214095<br/><b>PDOP:</b> 2.5080383690026973<br/><b>GDOP:</b> 2.7437244467343387<br/><b>Velocity:</b> 27.857183039818434 m/s]]></description>
            <styleUrl>#red_point</styleUrl>
            <Point>
                <coordinates>35.09155197,32.09230773,695.429</coordinates>
            </Point>
        </Placemark>
        <Placemark>
            <name>Point 469</name>
            <description><![CDATA[<b>Time:</b> 2026-03-22 07:13:45<br/><b>Satellites:</b> E07,E15,E21,E29,E34<br/><b>RMS residual:</b> 1.3111666645438849<br/><b>PDOP:</b> 2.5068574868371813<br/><b>GDOP:</b> 2.7423048230569327<br/><b>Velocity:</b> 28.159750811902924 m/s]]></description>
            <styleUrl>#red_point</styleUrl>
            <Point>
                <coordinates>35.09273221,32.09219517,693.336</coordinates>
            </Point>
        </Placemark>
        <Placemark>
            <name>Point 470</name>
            <description><![CDATA[<b>Time:</b> 2026-03-22 07:13:47<br/><b>Satellites:</b> E07,E15,E21,E29,E34<br/><b>RMS residual:</b> 0.6665454136287726<br/><b>PDOP:</b> 2.506270344268112<br/><b>GDOP:</b> 2.7415992693685434<br/><b>Velocity:</b> 28.28176435131954 m/s]]></description>
            <styleUrl>#red_point</styleUrl>
            <Point>
                <coordinates>35.09332958,32.09215740,692.164</coordinates>
            </Point>
        </Placemark>
        <Placemark>
            <name>Point 471</name>
            <description><![CDATA[<b>Time:</b> 2026-03-22 07:13:51<br/><b>Satellites:</b> E07,E15,E21,E29,E34<br/><b>RMS residual:</b> 1.1516399076010824<br/><b>PDOP:</b> 2.505095622139507<br/><b>GDOP:</b> 2.7401871514914378<br/><b>Velocity:</b> 28.792127138598904 m/s]]></description>
            <styleUrl>#red_point</styleUrl>
            <Point>
                <coordinates>35.09454060,32.09211031,691.937</coordinates>
            </Point>
        </Placemark>
        <Placemark>
            <name>Point 472</name>
            <description><![CDATA[<b>Time:</b> 2026-03-22 07:13:53<br/><b>Satellites:</b> E07,E15,E21,E29,E34<br/><b>RMS residual:</b> 4.379597621517726<br/><b>PDOP:</b> 2.5045100177348503<br/><b>GDOP:</b> 2.7394832169486807<br/><b>Velocity:</b> 29.18893167914272 m/s]]></description>
            <styleUrl>#red_point</styleUrl>
            <Point>
                <coordinates>35.09515873,32.09211095,690.393</coordinates>
            </Point>
        </Placemark>
        <Placemark>
            <name>Point 473</name>
            <description><![CDATA[<b>Time:</b> 2026-03-22 07:13:57<br/><b>Satellites:</b> E07,E15,E21,E29,E34<br/><b>RMS residual:</b> 5.020254943618759<br/><b>PDOP:</b> 2.503338470229348<br/><b>GDOP:</b> 2.738074441788825<br/><b>Velocity:</b> 28.971332635794496 m/s]]></description>
            <styleUrl>#red_point</styleUrl>
            <Point>
                <coordinates>35.09638522,32.09211966,688.196</coordinates>
            </Point>
        </Placemark>
        <Placemark>
            <name>Point 474</name>
            <description><![CDATA[<b>Time:</b> 2026-03-22 07:13:59<br/><b>Satellites:</b> E07,E15,E21,E29,E34<br/><b>RMS residual:</b> 0.8078234849034127<br/><b>PDOP:</b> 2.502754608928168<br/><b>GDOP:</b> 2.7373724004425397<br/><b>Velocity:</b> 29.37922629858945 m/s]]></description>
            <styleUrl>#red_point</styleUrl>
            <Point>
                <coordinates>35.09700740,32.09213243,687.646</coordinates>
            </Point>
        </Placemark>
        <Placemark>
            <name>Point 475</name>
            <description><![CDATA[<b>Time:</b> 2026-03-22 07:14:01<br/><b>Satellites:</b> E07,E15,E21,E29,E34<br/><b>RMS residual:</b> 0.553228061237587<br/><b>PDOP:</b> 2.502171235174117<br/><b>GDOP:</b> 2.7366709026820484<br/><b>Velocity:</b> 29.49274351768131 m/s]]></description>
            <styleUrl>#red_point</styleUrl>
            <Point>
                <coordinates>35.09763155,32.09215299,686.256</coordinates>
            </Point>
        </Placemark>
        <Placemark>
            <name>Point 476</name>
            <description><![CDATA[<b>Time:</b> 2026-03-22 07:14:03<br/><b>Satellites:</b> E07,E15,E21,E29<br/><b>RMS residual:</b> 2.634178031930877e-09<br/><b>PDOP:</b> 5.40341835610804<br/><b>GDOP:</b> 6.199377390356595<br/><b>Velocity:</b> 29.615538048187496 m/s]]></description>
            <styleUrl>#red_point</styleUrl>
            <Point>
                <coordinates>35.09825767,32.09217942,683.891</coordinates>
            </Point>
        </Placemark>
        <Placemark>
            <name>Point 477</name>
            <description><![CDATA[<b>Time:</b> 2026-03-22 07:14:05<br/><b>Satellites:</b> E07,E15,E21,E29,E34<br/><b>RMS residual:</b> 2.6266443964697483<br/><b>PDOP:</b> 2.5010055611552633<br/><b>GDOP:</b> 2.735268818455996<br/><b>Velocity:</b> 29.853458601342005 m/s]]></description>
            <styleUrl>#red_point</styleUrl>
            <Point>
                <coordinates>35.09888991,32.09219244,683.923</coordinates>
            </Point>
        </Placemark>
        <Placemark>
            <name>Point 478</name>
            <description><![CDATA[<b>Time:</b> 2026-03-22 07:14:07<br/><b>Satellites:</b> E07,E15,E21,E29,E34<br/><b>RMS residual:</b> 5.135121465634762<br/><b>PDOP:</b> 2.5004246995549475<br/><b>GDOP:</b> 2.7345703011144025<br/><b>Velocity:</b> 29.67174238861801 m/s]]></description>
            <styleUrl>#red_point</styleUrl>
            <Point>
                <coordinates>35.09951803,32.09221192,683.200</coordinates>
            </Point>
        </Placemark>
        <Placemark>
            <name>Point 479</name>
            <description><![CDATA[<b>Time:</b> 2026-03-22 07:14:09<br/><b>Satellites:</b> E07,E15,E21,E29,E34<br/><b>RMS residual:</b> 2.271522073866645<br/><b>PDOP:</b> 2.4998428291005674<br/><b>GDOP:</b> 2.733870161150515<br/><b>Velocity:</b> 29.495831561203076 m/s]]></description>
            <styleUrl>#red_point</styleUrl>
            <Point>
                <coordinates>35.10014202,32.09223575,681.576</coordinates>
            </Point>
        </Placemark>
        <Placemark>
            <name>Point 480</name>
            <description><![CDATA[<b>Time:</b> 2026-03-22 07:14:13<br/><b>Satellites:</b> E07,E15,E21,E29<br/><b>RMS residual:</b> 3.226196034939731e-09<br/><b>PDOP:</b> 5.403931909570858<br/><b>GDOP:</b> 6.199305806553767<br/><b>Velocity:</b> 29.4160325803569 m/s]]></description>
            <styleUrl>#red_point</styleUrl>
            <Point>
                <coordinates>35.10138879,32.09228283,678.416</coordinates>
            </Point>
        </Placemark>
        <Placemark>
            <name>Point 481</name>
            <description><![CDATA[<b>Time:</b> 2026-03-22 07:14:15<br/><b>Satellites:</b> E07,E15,E21,E29<br/><b>RMS residual:</b> 1.862645149230957e-09<br/><b>PDOP:</b> 5.404032599262991<br/><b>GDOP:</b> 6.199287256322798<br/><b>Velocity:</b> 29.283237071720688 m/s]]></description>
            <styleUrl>#red_point</styleUrl>
            <Point>
                <coordinates>35.10200890,32.09228924,679.878</coordinates>
            </Point>
        </Placemark>
        <Placemark>
            <name>Point 482</name>
            <description><![CDATA[<b>Time:</b> 2026-03-22 07:14:21<br/><b>Satellites:</b> E07,E15,E21,E29,E34<br/><b>RMS residual:</b> 2.1959591814512067<br/><b>PDOP:</b> 2.4963712495610806<br/><b>GDOP:</b> 2.7296927413727703<br/><b>Velocity:</b> 28.59505461644321 m/s]]></description>
            <styleUrl>#red_point</styleUrl>
            <Point>
                <coordinates>35.10384174,32.09238137,673.056</coordinates>
            </Point>
        </Placemark>
        <Placemark>
            <name>Point 483</name>
            <description><![CDATA[<b>Time:</b> 2026-03-22 07:14:25<br/><b>Satellites:</b> E07,E15,E21,E29,E34<br/><b>RMS residual:</b> 4.140339563887582<br/><b>PDOP:</b> 2.495218824258459<br/><b>GDOP:</b> 2.7283053906514487<br/><b>Velocity:</b> 27.978661998216847 m/s]]></description>
            <styleUrl>#red_point</styleUrl>
            <Point>
                <coordinates>35.10502936,32.09246233,671.102</coordinates>
            </Point>
        </Placemark>
        <Placemark>
            <name>Point 484</name>
            <description><![CDATA[<b>Time:</b> 2026-03-22 07:14:27<br/><b>Satellites:</b> E07,E15,E21,E29,E34<br/><b>RMS residual:</b> 3.230440634073305<br/><b>PDOP:</b> 2.4946447573303154<br/><b>GDOP:</b> 2.7276144563454694<br/><b>Velocity:</b> 27.814003234230594 m/s]]></description>
            <styleUrl>#red_point</styleUrl>
            <Point>
                <coordinates>35.10561307,32.09252756,668.801</coordinates>
            </Point>
        </Placemark>
        <Placemark>
            <name>Point 485</name>
            <description><![CDATA[<b>Time:</b> 2026-03-22 07:14:29<br/><b>Satellites:</b> E07,E15,E21,E29,E34<br/><b>RMS residual:</b> 1.5647673223017808<br/><b>PDOP:</b> 2.4940703496734073<br/><b>GDOP:</b> 2.726922815206203<br/><b>Velocity:</b> 27.737875930136155 m/s]]></description>
            <styleUrl>#red_point</styleUrl>
            <Point>
                <coordinates>35.10619399,32.09260080,666.835</coordinates>
            </Point>
        </Placemark>
        <Placemark>
            <name>Point 486</name>
            <description><![CDATA[<b>Time:</b> 2026-03-22 07:14:31<br/><b>Satellites:</b> E07,E15,E21,E29,E34<br/><b>RMS residual:</b> 2.026783973204695<br/><b>PDOP:</b> 2.493497357193763<br/><b>GDOP:</b> 2.726233030732035<br/><b>Velocity:</b> 27.676933054698523 m/s]]></description>
            <styleUrl>#red_point</styleUrl>
            <Point>
                <coordinates>35.10677158,32.09268565,665.393</coordinates>
            </Point>
        </Placemark>
        <Placemark>
            <name>Point 487</name>
            <description><![CDATA[<b>Time:</b> 2026-03-22 07:14:35<br/><b>Satellites:</b> E07,E15,E21,E29,E34<br/><b>RMS residual:</b> 0.052962429581133244<br/><b>PDOP:</b> 2.492350815310288<br/><b>GDOP:</b> 2.7248520642781657<br/><b>Velocity:</b> 27.414043058170463 m/s]]></description>
            <styleUrl>#red_point</styleUrl>
            <Point>
                <coordinates>35.10791095,32.09289004,666.485</coordinates>
            </Point>
        </Placemark>
        <Placemark>
            <name>Point 488</name>
            <description><![CDATA[<b>Time:</b> 2026-03-22 07:14:39<br/><b>Satellites:</b> E07,E15,E21,E29,E34<br/><b>RMS residual:</b> 0.3894338531717538<br/><b>PDOP:</b> 2.4912081868048546<br/><b>GDOP:</b> 2.7234758535722747<br/><b>Velocity:</b> 27.08475747656416 m/s]]></description>
            <styleUrl>#red_point</styleUrl>
            <Point>
                <coordinates>35.10901537,32.09316515,667.714</coordinates>
            </Point>
        </Placemark>
        <Placemark>
            <name>Point 489</name>
            <description><![CDATA[<b>Time:</b> 2026-03-22 07:14:41<br/><b>Satellites:</b> E07,E15,E21,E29,E34<br/><b>RMS residual:</b> 0.5415821006079603<br/><b>PDOP:</b> 2.4906376992946004<br/><b>GDOP:</b> 2.72278863912262<br/><b>Velocity:</b> 27.109786370049015 m/s]]></description>
            <styleUrl>#red_point</styleUrl>
            <Point>
                <coordinates>35.10955800,32.09332418,669.783</coordinates>
            </Point>
        </Placemark>
        <Placemark>
            <name>Point 490</name>
            <description><![CDATA[<b>Time:</b> 2026-03-22 07:14:45<br/><b>Satellites:</b> E07,E15,E21,E29,E34<br/><b>RMS residual:</b> 1.6226111686361742<br/><b>PDOP:</b> 2.4894973262545967<br/><b>GDOP:</b> 2.7214144257206523<br/><b>Velocity:</b> 27.10007980146565 m/s]]></description>
            <styleUrl>#red_point</styleUrl>
            <Point>
                <coordinates>35.11062173,32.09368976,673.985</coordinates>
            </Point>
        </Placemark>
        <Placemark>
            <name>Point 491</name>
            <description><![CDATA[<b>Time:</b> 2026-03-22 07:14:47<br/><b>Satellites:</b> E07,E15,E21,E29,E34<br/><b>RMS residual:</b> 3.118815182494228<br/><b>PDOP:</b> 2.488929608922624<br/><b>GDOP:</b> 2.720730511629983<br/><b>Velocity:</b> 27.008121657910166 m/s]]></description>
            <styleUrl>#red_point</styleUrl>
            <Point>
                <coordinates>35.11114101,32.09389379,675.547</coordinates>
            </Point>
        </Placemark>
        <Placemark>
            <name>Point 492</name>
            <description><![CDATA[<b>Time:</b> 2026-03-22 07:14:49<br/><b>Satellites:</b> E07,E15,E21,E29,E34<br/><b>RMS residual:</b> 0.8754007803609054<br/><b>PDOP:</b> 2.488361817142318<br/><b>GDOP:</b> 2.72004629538067<br/><b>Velocity:</b> 26.880010984277295 m/s]]></description>
            <styleUrl>#red_point</styleUrl>
            <Point>
                <coordinates>35.11165211,32.09410579,678.579</coordinates>
            </Point>
        </Placemark>
        <Placemark>
            <name>Point 493</name>
            <description><![CDATA[<b>Time:</b> 2026-03-22 07:14:51<br/><b>Satellites:</b> E07,E15,E21,E29,E34<br/><b>RMS residual:</b> 3.6269306718786996<br/><b>PDOP:</b> 2.4877942514220734<br/><b>GDOP:</b> 2.719362185897195<br/><b>Velocity:</b> 27.114011075892627 m/s]]></description>
            <styleUrl>#red_point</styleUrl>
            <Point>
                <coordinates>35.11216130,32.09433166,680.136</coordinates>
            </Point>
        </Placemark>
        <Placemark>
            <name>Point 494</name>
            <description><![CDATA[<b>Time:</b> 2026-03-22 07:14:53<br/><b>Satellites:</b> E07,E15,E21,E29,E34<br/><b>RMS residual:</b> 1.1801461020496153<br/><b>PDOP:</b> 2.4872281869312003<br/><b>GDOP:</b> 2.7186800571541876<br/><b>Velocity:</b> 27.071966170587224 m/s]]></description>
            <styleUrl>#red_point</styleUrl>
            <Point>
                <coordinates>35.11266410,32.09456628,681.320</coordinates>
            </Point>
        </Placemark>
        <Placemark>
            <name>Point 495</name>
            <description><![CDATA[<b>Time:</b> 2026-03-22 07:14:55<br/><b>Satellites:</b> E07,E15,E21,E29,E34<br/><b>RMS residual:</b> 3.0029227510892342<br/><b>PDOP:</b> 2.486662697845483<br/><b>GDOP:</b> 2.7179985323867304<br/><b>Velocity:</b> 26.956207267510994 m/s]]></description>
            <styleUrl>#red_point</styleUrl>
            <Point>
                <coordinates>35.11316008,32.09480689,682.755</coordinates>
            </Point>
        </Placemark>
        <Placemark>
            <name>Point 496</name>
            <description><![CDATA[<b>Time:</b> 2026-03-22 07:14:57<br/><b>Satellites:</b> E07,E15,E21,E29,E34<br/><b>RMS residual:</b> 1.7997395430178902<br/><b>PDOP:</b> 2.4860971880112595<br/><b>GDOP:</b> 2.7173167538925918<br/><b>Velocity:</b> 26.848502755824466 m/s]]></description>
            <styleUrl>#red_point</styleUrl>
            <Point>
                <coordinates>35.11364924,32.09505350,684.438</coordinates>
            </Point>
        </Placemark>
        <Placemark>
            <name>Point 497</name>
            <description><![CDATA[<b>Time:</b> 2026-03-22 07:14:59<br/><b>Satellites:</b> E07,E15,E21,E29,E34<br/><b>RMS residual:</b> 2.4076664846920957<br/><b>PDOP:</b> 2.4855318198818774<br/><b>GDOP:</b> 2.716634970881465<br/><b>Velocity:</b> 26.96401102527162 m/s]]></description>
            <styleUrl>#red_point</styleUrl>
            <Point>
                <coordinates>35.11413976,32.09530226,686.107</coordinates>
            </Point>
        </Placemark>
        <Placemark>
            <name>Point 498</name>
            <description><![CDATA[<b>Time:</b> 2026-03-22 07:15:01<br/><b>Satellites:</b> E07,E15,E21,E29,E34<br/><b>RMS residual:</b> 0.9978204305109714<br/><b>PDOP:</b> 2.484969035606175<br/><b>GDOP:</b> 2.7159567467237107<br/><b>Velocity:</b> 27.07587239111706 m/s]]></description>
            <styleUrl>#red_point</styleUrl>
            <Point>
                <coordinates>35.11462627,32.09556039,687.963</coordinates>
            </Point>
        </Placemark>
        <Placemark>
            <name>Point 499</name>
            <description><![CDATA[<b>Time:</b> 2026-03-22 07:15:03<br/><b>Satellites:</b> E07,E15,E21,E29<br/><b>RMS residual:</b> 1.862645149230957e-09<br/><b>PDOP:</b> 5.40689287491083<br/><b>GDOP:</b> 6.199368389458011<br/><b>Velocity:</b> 27.169088754477023 m/s]]></description>
            <styleUrl>#red_point</styleUrl>
            <Point>
                <coordinates>35.11511643,32.09581721,687.517</coordinates>
            </Point>
        </Placemark>
        <Placemark>
            <name>Point 500</name>
            <description><![CDATA[<b>Time:</b> 2026-03-22 07:15:07<br/><b>Satellites:</b> E07,E15,E21,E29,E34<br/><b>RMS residual:</b> 2.819006497296354<br/><b>PDOP:</b> 2.4832799917537582<br/><b>GDOP:</b> 2.7139196644973094<br/><b>Velocity:</b> 26.734546501198576 m/s]]></description>
            <styleUrl>#red_point</styleUrl>
            <Point>
                <coordinates>35.11608507,32.09631932,692.048</coordinates>
            </Point>
        </Placemark>
        <Placemark>
            <name>Point 501</name>
            <description><![CDATA[<b>Time:</b> 2026-03-22 07:15:09<br/><b>Satellites:</b> E07,E15,E21,E29,E34<br/><b>RMS residual:</b> 2.268165377984074<br/><b>PDOP:</b> 2.4827192390622335<br/><b>GDOP:</b> 2.7132435075904358<br/><b>Velocity:</b> 26.87858372672421 m/s]]></description>
            <styleUrl>#red_point</styleUrl>
            <Point>
                <coordinates>35.11656905,32.09657426,693.743</coordinates>
            </Point>
        </Placemark>
        <Placemark>
            <name>Point 502</name>
            <description><![CDATA[<b>Time:</b> 2026-03-22 07:15:11<br/><b>Satellites:</b> E07,E15,E21,E29,E34<br/><b>RMS residual:</b> 2.1229283725960433<br/><b>PDOP:</b> 2.4821584656583684<br/><b>GDOP:</b> 2.7125670997621656<br/><b>Velocity:</b> 26.899039675477425 m/s]]></description>
            <styleUrl>#red_point</styleUrl>
            <Point>
                <coordinates>35.11705480,32.09682787,694.358</coordinates>
            </Point>
        </Placemark>
        <Placemark>
            <name>Point 503</name>
            <description><![CDATA[<b>Time:</b> 2026-03-22 07:15:13<br/><b>Satellites:</b> E07,E15,E21,E29<br/><b>RMS residual:</b> 1.862645149230957e-09<br/><b>PDOP:</b> 5.407562748242878<br/><b>GDOP:</b> 6.199463257771156<br/><b>Velocity:</b> 26.51829403125875 m/s]]></description>
            <styleUrl>#red_point</styleUrl>
            <Point>
                <coordinates>35.11753305,32.09707800,696.584</coordinates>
            </Point>
        </Placemark>
        <Placemark>
            <name>Point 504</name>
            <description><![CDATA[<b>Time:</b> 2026-03-22 07:15:15<br/><b>Satellites:</b> E07,E15,E21,E29,E34<br/><b>RMS residual:</b> 1.2293746956042104<br/><b>PDOP:</b> 2.4810387921364963<br/><b>GDOP:</b> 2.7112163214448066<br/><b>Velocity:</b> 26.364897486248704 m/s]]></description>
            <styleUrl>#red_point</styleUrl>
            <Point>
                <coordinates>35.11800881,32.09732606,699.119</coordinates>
            </Point>
        </Placemark>
        <Placemark>
            <name>Point 505</name>
            <description><![CDATA[<b>Time:</b> 2026-03-22 07:15:17<br/><b>Satellites:</b> E07,E15,E21,E29,E34<br/><b>RMS residual:</b> 2.2733457593393<br/><b>PDOP:</b> 2.480480032460209<br/><b>GDOP:</b> 2.7105421696394227<br/><b>Velocity:</b> 26.405882173444702 m/s]]></description>
            <styleUrl>#red_point</styleUrl>
            <Point>
                <coordinates>35.11848385,32.09757731,700.382</coordinates>
            </Point>
        </Placemark>
        <Placemark>
            <name>Point 506</name>
            <description><![CDATA[<b>Time:</b> 2026-03-22 07:15:19<br/><b>Satellites:</b> E07,E15,E21,E29,E34<br/><b>RMS residual:</b> 2.128377308541387<br/><b>PDOP:</b> 2.4799220822722514<br/><b>GDOP:</b> 2.7098690018942464<br/><b>Velocity:</b> 26.4633099159727 m/s]]></description>
            <styleUrl>#red_point</styleUrl>
            <Point>
                <coordinates>35.11895817,32.09783175,700.375</coordinates>
            </Point>
        </Placemark>
        <Placemark>
            <name>Point 507</name>
            <description><![CDATA[<b>Time:</b> 2026-03-22 07:15:21<br/><b>Satellites:</b> E07,E15,E21,E29,E34<br/><b>RMS residual:</b> 0.5423217804112864<br/><b>PDOP:</b> 2.4793644502427483<br/><b>GDOP:</b> 2.7091960605901932<br/><b>Velocity:</b> 26.223171612486862 m/s]]></description>
            <styleUrl>#red_point</styleUrl>
            <Point>
                <coordinates>35.11943059,32.09808049,701.184</coordinates>
            </Point>
        </Placemark>
        <Placemark>
            <name>Point 508</name>
            <description><![CDATA[<b>Time:</b> 2026-03-22 07:15:29<br/><b>Satellites:</b> E07,E15,E21,E29,E34<br/><b>RMS residual:</b> 1.6072977499603858<br/><b>PDOP:</b> 2.4771414635973583<br/><b>GDOP:</b> 2.7065129884058847<br/><b>Velocity:</b> 26.009468807207035 m/s]]></description>
            <styleUrl>#red_point</styleUrl>
            <Point>
                <coordinates>35.12130702,32.09906886,706.018</coordinates>
            </Point>
        </Placemark>
        <Placemark>
            <name>Point 509</name>
            <description><![CDATA[<b>Time:</b> 2026-03-22 07:15:31<br/><b>Satellites:</b> E07,E15,E21,E29,E34<br/><b>RMS residual:</b> 0.035755881912262096<br/><b>PDOP:</b> 2.476587149407828<br/><b>GDOP:</b> 2.7058437864523164<br/><b>Velocity:</b> 25.80511801216205 m/s]]></description>
            <styleUrl>#red_point</styleUrl>
            <Point>
                <coordinates>35.12177147,32.09931363,708.103</coordinates>
            </Point>
        </Placemark>
        <Placemark>
            <name>Point 510</name>
            <description><![CDATA[<b>Time:</b> 2026-03-22 07:15:33<br/><b>Satellites:</b> E07,E15,E21,E29,E34<br/><b>RMS residual:</b> 2.49351484137622<br/><b>PDOP:</b> 2.47603376962036<br/><b>GDOP:</b> 2.7051757230941873<br/><b>Velocity:</b> 25.84916134646298 m/s]]></description>
            <styleUrl>#red_point</styleUrl>
            <Point>
                <coordinates>35.12223521,32.09956096,710.089</coordinates>
            </Point>
        </Placemark>
        <Placemark>
            <name>Point 511</name>
            <description><![CDATA[<b>Time:</b> 2026-03-22 07:15:37<br/><b>Satellites:</b> E07,E15,E21,E29,E34<br/><b>RMS residual:</b> 1.2349369480077472<br/><b>PDOP:</b> 2.4749273680310764<br/><b>GDOP:</b> 2.7038394881535863<br/><b>Velocity:</b> 26.39569804660848 m/s]]></description>
            <styleUrl>#red_point</styleUrl>
            <Point>
                <coordinates>35.12317768,32.10006574,710.205</coordinates>
            </Point>
        </Placemark>
        <Placemark>
            <name>Point 512</name>
            <description><![CDATA[<b>Time:</b> 2026-03-22 07:15:39<br/><b>Satellites:</b> E07,E15,E21,E29,E34<br/><b>RMS residual:</b> 2.711546947749108<br/><b>PDOP:</b> 2.4743758732298655<br/><b>GDOP:</b> 2.7031735026528367<br/><b>Velocity:</b> 26.35473660365499 m/s]]></description>
            <styleUrl>#red_point</styleUrl>
            <Point>
                <coordinates>35.12364637,32.10032382,711.439</coordinates>
            </Point>
        </Placemark>
        <Placemark>
            <name>Point 513</name>
            <description><![CDATA[<b>Time:</b> 2026-03-22 07:15:41<br/><b>Satellites:</b> E07,E15,E21,E29,E34<br/><b>RMS residual:</b> 3.6417044186306207<br/><b>PDOP:</b> 2.473824080575967<br/><b>GDOP:</b> 2.702506906604997<br/><b>Velocity:</b> 26.354194189600765 m/s]]></description>
            <styleUrl>#red_point</styleUrl>
            <Point>
                <coordinates>35.12411649,32.10057986,712.974</coordinates>
            </Point>
        </Placemark>
        <Placemark>
            <name>Point 514</name>
            <description><![CDATA[<b>Time:</b> 2026-03-22 07:15:43<br/><b>Satellites:</b> E07,E15,E21,E29,E34<br/><b>RMS residual:</b> 4.451237942888871<br/><b>PDOP:</b> 2.4732734657690876<br/><b>GDOP:</b> 2.701841805918882<br/><b>Velocity:</b> 26.46505990605803 m/s]]></description>
            <styleUrl>#red_point</styleUrl>
            <Point>
                <coordinates>35.12458542,32.10084148,713.436</coordinates>
            </Point>
        </Placemark>
        <Placemark>
            <name>Point 515</name>
            <description><![CDATA[<b>Time:</b> 2026-03-22 07:15:45<br/><b>Satellites:</b> E07,E15,E21,E29,E34<br/><b>RMS residual:</b> 1.20822282024932<br/><b>PDOP:</b> 2.4727248637859827<br/><b>GDOP:</b> 2.701179423314262<br/><b>Velocity:</b> 26.339391287324776 m/s]]></description>
            <styleUrl>#red_point</styleUrl>
            <Point>
                <coordinates>35.12504438,32.10111138,714.854</coordinates>
            </Point>
        </Placemark>
        <Placemark>
            <name>Point 516</name>
            <description><![CDATA[<b>Time:</b> 2026-03-22 07:15:47<br/><b>Satellites:</b> E07,E15,E21,E29,E34<br/><b>RMS residual:</b> 4.71511317363557<br/><b>PDOP:</b> 2.472175571412396<br/><b>GDOP:</b> 2.7005158509125478<br/><b>Velocity:</b> 26.239344814915484 m/s]]></description>
            <styleUrl>#red_point</styleUrl>
            <Point>
                <coordinates>35.12550158,32.10138044,715.765</coordinates>
            </Point>
        </Placemark>
        <Placemark>
            <name>Point 517</name>
            <description><![CDATA[<b>Time:</b> 2026-03-22 07:15:49<br/><b>Satellites:</b> E07,E15,E21,E29,E34<br/><b>RMS residual:</b> 2.992268986730243<br/><b>PDOP:</b> 2.471626309704006<br/><b>GDOP:</b> 2.6998520556477685<br/><b>Velocity:</b> 26.04929282515705 m/s]]></description>
            <styleUrl>#red_point</styleUrl>
            <Point>
                <coordinates>35.12595491,32.10164838,715.903</coordinates>
            </Point>
        </Placemark>
        <Placemark>
            <name>Point 518</name>
            <description><![CDATA[<b>Time:</b> 2026-03-22 07:15:51<br/><b>Satellites:</b> E07,E15,E21,E29,E34<br/><b>RMS residual:</b> 3.2725361608104873<br/><b>PDOP:</b> 2.4710781258288788<br/><b>GDOP:</b> 2.699189624589857<br/><b>Velocity:</b> 25.982973896220802 m/s]]></description>
            <styleUrl>#red_point</styleUrl>
            <Point>
                <coordinates>35.12640529,32.10191782,716.017</coordinates>
            </Point>
        </Placemark>
        <Placemark>
            <name>Point 519</name>
            <description><![CDATA[<b>Time:</b> 2026-03-22 07:15:53<br/><b>Satellites:</b> E07,E15,E21,E29,E34<br/><b>RMS residual:</b> 1.9662240963743627<br/><b>PDOP:</b> 2.470531535333918<br/><b>GDOP:</b> 2.6985292784365367<br/><b>Velocity:</b> 26.004629695246965 m/s]]></description>
            <styleUrl>#red_point</styleUrl>
            <Point>
                <coordinates>35.12685123,32.10219304,714.939</coordinates>
            </Point>
        </Placemark>
        <Placemark>
            <name>Point 520</name>
            <description><![CDATA[<b>Time:</b> 2026-03-22 07:15:55<br/><b>Satellites:</b> E07,E15,E21,E29,E34<br/><b>RMS residual:</b> 0.5966788917040994<br/><b>PDOP:</b> 2.4699847115999893<br/><b>GDOP:</b> 2.697868340686802<br/><b>Velocity:</b> 25.920864816712463 m/s]]></description>
            <styleUrl>#red_point</styleUrl>
            <Point>
                <coordinates>35.12729126,32.10247265,714.141</coordinates>
            </Point>
        </Placemark>
        <Placemark>
            <name>Point 521</name>
            <description><![CDATA[<b>Time:</b> 2026-03-22 07:15:57<br/><b>Satellites:</b> E07,E15,E21,E29,E34<br/><b>RMS residual:</b> 0.029925688247084994<br/><b>PDOP:</b> 2.4694385352528054<br/><b>GDOP:</b> 2.697208148967974<br/><b>Velocity:</b> 25.450172904663486 m/s]]></description>
            <styleUrl>#red_point</styleUrl>
            <Point>
                <coordinates>35.12772087,32.10274949,716.033</coordinates>
            </Point>
        </Placemark>
        <Placemark>
            <name>Point 522</name>
            <description><![CDATA[<b>Time:</b> 2026-03-22 07:15:59<br/><b>Satellites:</b> E07,E15,E21,E29,E34<br/><b>RMS residual:</b> 0.8195816735020933<br/><b>PDOP:</b> 2.468893273257981<br/><b>GDOP:</b> 2.6965490335910003<br/><b>Velocity:</b> 25.278295300488494 m/s]]></description>
            <styleUrl>#red_point</styleUrl>
            <Point>
                <coordinates>35.12814938,32.10302255,717.665</coordinates>
            </Point>
        </Placemark>
        <Placemark>
            <name>Point 523</name>
            <description><![CDATA[<b>Time:</b> 2026-03-22 07:16:03<br/><b>Satellites:</b> E07,E15,E21,E29,E34<br/><b>RMS residual:</b> 0.3426680466066796<br/><b>PDOP:</b> 2.4678049087513556<br/><b>GDOP:</b> 2.6952333615445263<br/><b>Velocity:</b> 25.39575480794888 m/s]]></description>
            <styleUrl>#red_point</styleUrl>
            <Point>
                <coordinates>35.12901456,32.10356645,718.191</coordinates>
            </Point>
        </Placemark>
        <Placemark>
            <name>Point 524</name>
            <description><![CDATA[<b>Time:</b> 2026-03-22 07:16:05<br/><b>Satellites:</b> E07,E15,E21,E29,E34<br/><b>RMS residual:</b> 1.4729137783335196<br/><b>PDOP:</b> 2.467261170889318<br/><b>GDOP:</b> 2.694575874024204<br/><b>Velocity:</b> 25.358539439202954 m/s]]></description>
            <styleUrl>#red_point</styleUrl>
            <Point>
                <coordinates>35.12945163,32.10383226,719.184</coordinates>
            </Point>
        </Placemark>
        <Placemark>
            <name>Point 525</name>
            <description><![CDATA[<b>Time:</b> 2026-03-22 07:16:07<br/><b>Satellites:</b> E07,E15,E21,E29,E34<br/><b>RMS residual:</b> 1.2586756243827804<br/><b>PDOP:</b> 2.466717850481942<br/><b>GDOP:</b> 2.6939187672929883<br/><b>Velocity:</b> 25.435936215424395 m/s]]></description>
            <styleUrl>#red_point</styleUrl>
            <Point>
                <coordinates>35.12989582,32.10409184,720.203</coordinates>
            </Point>
        </Placemark>
        <Placemark>
            <name>Point 526</name>
            <description><![CDATA[<b>Time:</b> 2026-03-22 07:16:11<br/><b>Satellites:</b> E07,E15,E21,E29,E34<br/><b>RMS residual:</b> 0.18826363241198732<br/><b>PDOP:</b> 2.4656340841887228<br/><b>GDOP:</b> 2.6926081923352934<br/><b>Velocity:</b> 25.91861171054131 m/s]]></description>
            <styleUrl>#red_point</styleUrl>
            <Point>
                <coordinates>35.13080636,32.10460222,721.750</coordinates>
            </Point>
        </Placemark>
        <Placemark>
            <name>Point 527</name>
            <description><![CDATA[<b>Time:</b> 2026-03-22 07:16:13<br/><b>Satellites:</b> E07,E15,E21,E29,E34<br/><b>RMS residual:</b> 0.9053767697144852<br/><b>PDOP:</b> 2.4650927424185847<br/><b>GDOP:</b> 2.691953367706157<br/><b>Velocity:</b> 25.96523589499038 m/s]]></description>
            <styleUrl>#red_point</styleUrl>
            <Point>
                <coordinates>35.13126902,32.10485525,723.155</coordinates>
            </Point>
        </Placemark>
        <Placemark>
            <name>Point 528</name>
            <description><![CDATA[<b>Time:</b> 2026-03-22 07:16:15<br/><b>Satellites:</b> E07,E15,E21,E29,E34<br/><b>RMS residual:</b> 0.098050002228214<br/><b>PDOP:</b> 2.464552256478185<br/><b>GDOP:</b> 2.6912996240732485<br/><b>Velocity:</b> 26.195350390549617 m/s]]></description>
            <styleUrl>#red_point</styleUrl>
            <Point>
                <coordinates>35.13174227,32.10510175,724.510</coordinates>
            </Point>
        </Placemark>
        <Placemark>
            <name>Point 529</name>
            <description><![CDATA[<b>Time:</b> 2026-03-22 07:16:17<br/><b>Satellites:</b> E07,E15,E21,E29,E34<br/><b>RMS residual:</b> 1.1031238779133274<br/><b>PDOP:</b> 2.464011955510341<br/><b>GDOP:</b> 2.6906459057776866<br/><b>Velocity:</b> 26.41149419850794 m/s]]></description>
            <styleUrl>#red_point</styleUrl>
            <Point>
                <coordinates>35.13222456,32.10534330,724.594</coordinates>
            </Point>
        </Placemark>
        <Placemark>
            <name>Point 530</name>
            <description><![CDATA[<b>Time:</b> 2026-03-22 07:16:19<br/><b>Satellites:</b> E07,E15,E21,E29,E34<br/><b>RMS residual:</b> 0.1838124390785183<br/><b>PDOP:</b> 2.4634723971378234<br/><b>GDOP:</b> 2.689993067683349<br/><b>Velocity:</b> 26.550574965007925 m/s]]></description>
            <styleUrl>#red_point</styleUrl>
            <Point>
                <coordinates>35.13271417,32.10557908,724.794</coordinates>
            </Point>
        </Placemark>
        <Placemark>
            <name>Point 531</name>
            <description><![CDATA[<b>Time:</b> 2026-03-22 07:16:21<br/><b>Satellites:</b> E07,E15,E21,E29,E34<br/><b>RMS residual:</b> 0.2552645498914422<br/><b>PDOP:</b> 2.4629337953846293<br/><b>GDOP:</b> 2.6893414357989314<br/><b>Velocity:</b> 26.646488060934903 m/s]]></description>
            <styleUrl>#red_point</styleUrl>
            <Point>
                <coordinates>35.13320748,32.10581276,725.114</coordinates>
            </Point>
        </Placemark>
        <Placemark>
            <name>Point 532</name>
            <description><![CDATA[<b>Time:</b> 2026-03-22 07:16:23<br/><b>Satellites:</b> E07,E15,E21,E29,E34<br/><b>RMS residual:</b> 2.084682042073164<br/><b>PDOP:</b> 2.462395397056525<br/><b>GDOP:</b> 2.6886898449481715<br/><b>Velocity:</b> 26.65249246761352 m/s]]></description>
            <styleUrl>#red_point</styleUrl>
            <Point>
                <coordinates>35.13370183,32.10604495,725.997</coordinates>
            </Point>
        </Placemark>
        <Placemark>
            <name>Point 533</name>
            <description><![CDATA[<b>Time:</b> 2026-03-22 07:16:25<br/><b>Satellites:</b> E07,E15,E21,E29,E34<br/><b>RMS residual:</b> 0.149651948422473<br/><b>PDOP:</b> 2.461857936575437<br/><b>GDOP:</b> 2.688039461820174<br/><b>Velocity:</b> 26.695925738576072 m/s]]></description>
            <styleUrl>#red_point</styleUrl>
            <Point>
                <coordinates>35.13419942,32.10627385,726.344</coordinates>
            </Point>
        </Placemark>
        <Placemark>
            <name>Point 534</name>
            <description><![CDATA[<b>Time:</b> 2026-03-22 07:16:27<br/><b>Satellites:</b> E07,E15,E21,E29,E34<br/><b>RMS residual:</b> 0.4940409368923111<br/><b>PDOP:</b> 2.461321575545373<br/><b>GDOP:</b> 2.6873904321952304<br/><b>Velocity:</b> 26.43788869060832 m/s]]></description>
            <styleUrl>#red_point</styleUrl>
            <Point>
                <coordinates>35.13469229,32.10650012,727.635</coordinates>
            </Point>
        </Placemark>
        <Placemark>
            <name>Point 535</name>
            <description><![CDATA[<b>Time:</b> 2026-03-22 07:16:29<br/><b>Satellites:</b> E07,E15,E21,E29,E34<br/><b>RMS residual:</b> 0.7896353358167273<br/><b>PDOP:</b> 2.460784671050269<br/><b>GDOP:</b> 2.686740408732811<br/><b>Velocity:</b> 26.461891937692496 m/s]]></description>
            <styleUrl>#red_point</styleUrl>
            <Point>
                <coordinates>35.13518728,32.10672416,728.273</coordinates>
            </Point>
        </Placemark>
        <Placemark>
            <name>Point 536</name>
            <description><![CDATA[<b>Time:</b> 2026-03-22 07:16:31<br/><b>Satellites:</b> E07,E15,E21,E29,E34<br/><b>RMS residual:</b> 1.179831011234875<br/><b>PDOP:</b> 2.4602490192718354<br/><b>GDOP:</b> 2.6860920162243045<br/><b>Velocity:</b> 26.14778511191447 m/s]]></description>
            <styleUrl>#red_point</styleUrl>
            <Point>
                <coordinates>35.13567623,32.10694583,728.792</coordinates>
            </Point>
        </Placemark>
        <Placemark>
            <name>Point 537</name>
            <description><![CDATA[<b>Time:</b> 2026-03-22 07:16:33<br/><b>Satellites:</b> E07,E15,E21,E29,E34<br/><b>RMS residual:</b> 1.0206400060392238<br/><b>PDOP:</b> 2.4597137600724532<br/><b>GDOP:</b> 2.685443968175579<br/><b>Velocity:</b> 25.71551456227388 m/s]]></description>
            <styleUrl>#red_point</styleUrl>
            <Point>
                <coordinates>35.13615494,32.10716676,730.512</coordinates>
            </Point>
        </Placemark>
        <Placemark>
            <name>Point 538</name>
            <description><![CDATA[<b>Time:</b> 2026-03-22 07:16:35<br/><b>Satellites:</b> E07,E15,E21,E29,E34<br/><b>RMS residual:</b> 0.4270444931111544<br/><b>PDOP:</b> 2.4591794650922627<br/><b>GDOP:</b> 2.684797085170306<br/><b>Velocity:</b> 25.567154892630107 m/s]]></description>
            <styleUrl>#red_point</styleUrl>
            <Point>
                <coordinates>35.13663485,32.10738054,729.843</coordinates>
            </Point>
        </Placemark>
        <Placemark>
            <name>Point 539</name>
            <description><![CDATA[<b>Time:</b> 2026-03-22 07:16:37<br/><b>Satellites:</b> E07,E15,E21,E29,E34<br/><b>RMS residual:</b> 1.831279945675897<br/><b>PDOP:</b> 2.4586452520803403<br/><b>GDOP:</b> 2.6841501061788757<br/><b>Velocity:</b> 24.948692340184852 m/s]]></description>
            <styleUrl>#red_point</styleUrl>
            <Point>
                <coordinates>35.13710335,32.10758889,730.292</coordinates>
            </Point>
        </Placemark>
        <Placemark>
            <name>Point 540</name>
            <description><![CDATA[<b>Time:</b> 2026-03-22 07:16:39<br/><b>Satellites:</b> E07,E15,E21,E29,E34<br/><b>RMS residual:</b> 1.8921959401908295<br/><b>PDOP:</b> 2.4581121183943666<br/><b>GDOP:</b> 2.683504494782467<br/><b>Velocity:</b> 24.184062608032868 m/s]]></description>
            <styleUrl>#red_point</styleUrl>
            <Point>
                <coordinates>35.13755972,32.10778632,732.357</coordinates>
            </Point>
        </Placemark>
        <Placemark>
            <name>Point 541</name>
            <description><![CDATA[<b>Time:</b> 2026-03-22 07:16:41<br/><b>Satellites:</b> E07,E15,E21,E29,E34<br/><b>RMS residual:</b> 0.4750738166543373<br/><b>PDOP:</b> 2.457579671700564<br/><b>GDOP:</b> 2.6828595897004255<br/><b>Velocity:</b> 23.59276053214364 m/s]]></description>
            <styleUrl>#red_point</styleUrl>
            <Point>
                <coordinates>35.13800628,32.10797670,734.332</coordinates>
            </Point>
        </Placemark>
        <Placemark>
            <name>Point 542</name>
            <description><![CDATA[<b>Time:</b> 2026-03-22 07:16:43<br/><b>Satellites:</b> E07,E15,E21,E29,E34<br/><b>RMS residual:</b> 1.946218265176697<br/><b>PDOP:</b> 2.4570473601416594<br/><b>GDOP:</b> 2.6822146990077966<br/><b>Velocity:</b> 22.85052005278016 m/s]]></description>
            <styleUrl>#red_point</styleUrl>
            <Point>
                <coordinates>35.13844326,32.10815143,737.753</coordinates>
            </Point>
        </Placemark>
        <Placemark>
            <name>Point 543</name>
            <description><![CDATA[<b>Time:</b> 2026-03-22 07:16:45<br/><b>Satellites:</b> E07,E15,E21,E29,E34<br/><b>RMS residual:</b> 0.23642873879794174<br/><b>PDOP:</b> 2.456517469701816<br/><b>GDOP:</b> 2.6815730626495733<br/><b>Velocity:</b> 21.64188822365971 m/s]]></description>
            <styleUrl>#red_point</styleUrl>
            <Point>
                <coordinates>35.13886219,32.10830863,740.165</coordinates>
            </Point>
        </Placemark>
        <Placemark>
            <name>Point 544</name>
            <description><![CDATA[<b>Time:</b> 2026-03-22 07:16:47<br/><b>Satellites:</b> E07,E15,E21,E29,E34<br/><b>RMS residual:</b> 4.649306460008376<br/><b>PDOP:</b> 2.4559864269057954<br/><b>GDOP:</b> 2.680929560158778<br/><b>Velocity:</b> 20.503804625598253 m/s]]></description>
            <styleUrl>#red_point</styleUrl>
            <Point>
                <coordinates>35.13926379,32.10844869,741.996</coordinates>
            </Point>
        </Placemark>
        <Placemark>
            <name>Point 545</name>
            <description><![CDATA[<b>Time:</b> 2026-03-22 07:16:51<br/><b>Satellites:</b> E07,E15,E21,E29,E34<br/><b>RMS residual:</b> 1.4608145637962393<br/><b>PDOP:</b> 2.4549265127501747<br/><b>GDOP:</b> 2.6796449661858497<br/><b>Velocity:</b> 17.62415426265324 m/s]]></description>
            <styleUrl>#red_point</styleUrl>
            <Point>
                <coordinates>35.13999293,32.10868639,744.497</coordinates>
            </Point>
        </Placemark>
        <Placemark>
            <name>Point 546</name>
            <description><![CDATA[<b>Time:</b> 2026-03-22 07:16:53<br/><b>Satellites:</b> E07,E15,E21,E29,E34<br/><b>RMS residual:</b> 0.7983028845842802<br/><b>PDOP:</b> 2.4543969967865435<br/><b>GDOP:</b> 2.6790030229696318<br/><b>Velocity:</b> 15.97278484287439 m/s]]></description>
            <styleUrl>#red_point</styleUrl>
            <Point>
                <coordinates>35.14031156,32.10878227,746.182</coordinates>
            </Point>
        </Placemark>
        <Placemark>
            <name>Point 547</name>
            <description><![CDATA[<b>Time:</b> 2026-03-22 07:16:59<br/><b>Satellites:</b> E07,E15,E21,E29,E34<br/><b>RMS residual:</b> 2.4752077675917117<br/><b>PDOP:</b> 2.452818032914292<br/><b>GDOP:</b> 2.6770891714264957<br/><b>Velocity:</b> 10.485872873520407 m/s]]></description>
            <styleUrl>#red_point</styleUrl>
            <Point>
                <coordinates>35.14105700,32.10897046,750.028</coordinates>
            </Point>
        </Placemark>
        <Placemark>
            <name>Point 548</name>
            <description><![CDATA[<b>Time:</b> 2026-03-22 07:17:03<br/><b>Satellites:</b> E07,E15,E21,E29<br/><b>RMS residual:</b> 1.862645149230957e-09<br/><b>PDOP:</b> 5.4165547746888825<br/><b>GDOP:</b> 6.202192394788824<br/><b>Velocity:</b> 7.389524463391237 m/s]]></description>
            <styleUrl>#red_point</styleUrl>
            <Point>
                <coordinates>35.14139476,32.10903850,749.897</coordinates>
            </Point>
        </Placemark>
        <Placemark>
            <name>Point 549</name>
            <description><![CDATA[<b>Time:</b> 2026-03-22 07:17:05<br/><b>Satellites:</b> E07,E15,E21,E29,E34<br/><b>RMS residual:</b> 0.12258152900293344<br/><b>PDOP:</b> 2.4512429835114165<br/><b>GDOP:</b> 2.6751785243192607<br/><b>Velocity:</b> 6.371840350306984 m/s]]></description>
            <styleUrl>#red_point</styleUrl>
            <Point>
                <coordinates>35.14152491,32.10906314,747.896</coordinates>
            </Point>
        </Placemark>
        <Placemark>
            <name>Point 550</name>
            <description><![CDATA[<b>Time:</b> 2026-03-22 07:17:07<br/><b>Satellites:</b> E07,E15,E21,E29,E34<br/><b>RMS residual:</b> 5.431402210997177<br/><b>PDOP:</b> 2.4507220964780787<br/><b>GDOP:</b> 2.674547032008277<br/><b>Velocity:</b> 6.036304851320631 m/s]]></description>
            <styleUrl>#red_point</styleUrl>
            <Point>
                <coordinates>35.14165017,32.10908276,746.787</coordinates>
            </Point>
        </Placemark>
        <Placemark>
            <name>Point 551</name>
            <description><![CDATA[<b>Time:</b> 2026-03-22 07:17:11<br/><b>Satellites:</b> E07,E15,E21,E29,E34<br/><b>RMS residual:</b> 2.735640456130153<br/><b>PDOP:</b> 2.4496788332073334<br/><b>GDOP:</b> 2.673281368936642<br/><b>Velocity:</b> 5.702111785635763 m/s]]></description>
            <styleUrl>#red_point</styleUrl>
            <Point>
                <coordinates>35.14188933,32.10911459,745.765</coordinates>
            </Point>
        </Placemark>
        <Placemark>
            <name>Point 552</name>
            <description><![CDATA[<b>Time:</b> 2026-03-22 07:17:13<br/><b>Satellites:</b> E07,E15,E21,E29,E34<br/><b>RMS residual:</b> 0.7427946522071419<br/><b>PDOP:</b> 2.4491573074634805<br/><b>GDOP:</b> 2.6726485241215037<br/><b>Velocity:</b> 5.969376703364936 m/s]]></description>
            <styleUrl>#red_point</styleUrl>
            <Point>
                <coordinates>35.14201461,32.10912722,744.904</coordinates>
            </Point>
        </Placemark>
        <Placemark>
            <name>Point 553</name>
            <description><![CDATA[<b>Time:</b> 2026-03-22 07:17:15<br/><b>Satellites:</b> E07,E15,E21,E29,E34<br/><b>RMS residual:</b> 0.22768586798654258<br/><b>PDOP:</b> 2.4486365825636836<br/><b>GDOP:</b> 2.6720166808719625<br/><b>Velocity:</b> 7.238474033236308 m/s]]></description>
            <styleUrl>#red_point</styleUrl>
            <Point>
                <coordinates>35.14216645,32.10914001,743.443</coordinates>
            </Point>
        </Placemark>
        <Placemark>
            <name>Point 554</name>
            <description><![CDATA[<b>Time:</b> 2026-03-22 07:17:19<br/><b>Satellites:</b> E07,E15,E21,E29,E34<br/><b>RMS residual:</b> 1.7459944713672755<br/><b>PDOP:</b> 2.4475956443794713<br/><b>GDOP:</b> 2.6707533497035087<br/><b>Velocity:</b> 10.019809979505009 m/s]]></description>
            <styleUrl>#red_point</styleUrl>
            <Point>
                <coordinates>35.14253481,32.10917799,737.485</coordinates>
            </Point>
        </Placemark>
        <Placemark>
            <name>Point 555</name>
            <description><![CDATA[<b>Time:</b> 2026-03-22 07:17:21<br/><b>Satellites:</b> E07,E15,E21,E29,E34<br/><b>RMS residual:</b> 5.863275401529618<br/><b>PDOP:</b> 2.447076983678913<br/><b>GDOP:</b> 2.670123965105757<br/><b>Velocity:</b> 12.734487111707272 m/s]]></description>
            <styleUrl>#red_point</styleUrl>
            <Point>
                <coordinates>35.14277449,32.10923224,727.454</coordinates>
            </Point>
        </Placemark>
        <Placemark>
            <name>Point 556</name>
            <description><![CDATA[<b>Time:</b> 2026-03-22 07:17:23<br/><b>Satellites:</b> E07,E15,E21,E29,E34<br/><b>RMS residual:</b> 3.6343280917218346<br/><b>PDOP:</b> 2.4465575897704874<br/><b>GDOP:</b> 2.6694933990739886<br/><b>Velocity:</b> 15.644124816382421 m/s]]></description>
            <styleUrl>#red_point</styleUrl>
            <Point>
                <coordinates>35.14305023,32.10930710,712.205</coordinates>
            </Point>
        </Placemark>
        <Placemark>
            <name>Point 557</name>
            <description><![CDATA[<b>Time:</b> 2026-03-22 07:17:25<br/><b>Satellites:</b> E07,E15,E21,E29,E34<br/><b>RMS residual:</b> 4.019411972894519<br/><b>PDOP:</b> 2.446039508212882<br/><b>GDOP:</b> 2.6688645841872844<br/><b>Velocity:</b> 18.640403550999615 m/s]]></description>
            <styleUrl>#red_point</styleUrl>
            <Point>
                <coordinates>35.14336036,32.10940277,691.702</coordinates>
            </Point>
        </Placemark>
        <Placemark>
            <name>Point 558</name>
            <description><![CDATA[<b>Time:</b> 2026-03-22 07:17:27<br/><b>Satellites:</b> E07,E15,E21,E29,E34<br/><b>RMS residual:</b> 3.7923893988747053<br/><b>PDOP:</b> 2.4455199131849072<br/><b>GDOP:</b> 2.6682334929760922<br/><b>Velocity:</b> 21.311830246315523 m/s]]></description>
            <styleUrl>#red_point</styleUrl>
            <Point>
                <coordinates>35.14369234,32.10951921,665.855</coordinates>
            </Point>
        </Placemark>
        <Placemark>
            <name>Point 559</name>
            <description><![CDATA[<b>Time:</b> 2026-03-22 07:17:45<br/><b>Satellites:</b> E13,E19,E27,E30<br/><b>RMS residual:</b> 0.0<br/><b>PDOP:</b> 3.020487737995852<br/><b>GDOP:</b> 3.405676314152168<br/><b>Velocity:</b> 27.792100630434618 m/s]]></description>
            <styleUrl>#red_point</styleUrl>
            <Point>
                <coordinates>35.14736942,32.11099928,298.669</coordinates>
            </Point>
        </Placemark>
        <Placemark>
            <name>Point 560</name>
            <description><![CDATA[<b>Time:</b> 2026-03-22 07:17:47<br/><b>Satellites:</b> E13,E19,E27,E30<br/><b>RMS residual:</b> 2.634178031930877e-09<br/><b>PDOP:</b> 3.020046759464667<br/><b>GDOP:</b> 3.405179431960702<br/><b>Velocity:</b> 26.366365222901553 m/s]]></description>
            <styleUrl>#red_point</styleUrl>
            <Point>
                <coordinates>35.14782532,32.11109837,270.235</coordinates>
            </Point>
        </Placemark>
        <Placemark>
            <name>Point 561</name>
            <description><![CDATA[<b>Time:</b> 2026-03-22 07:17:49<br/><b>Satellites:</b> E13,E19,E27,E30<br/><b>RMS residual:</b> 2.634178031930877e-09<br/><b>PDOP:</b> 3.019603067589686<br/><b>GDOP:</b> 3.404678732156745<br/><b>Velocity:</b> 24.778211902100363 m/s]]></description>
            <styleUrl>#red_point</styleUrl>
            <Point>
                <coordinates>35.14829159,32.11116700,248.760</coordinates>
            </Point>
        </Placemark>
        <Placemark>
            <name>Point 562</name>
            <description><![CDATA[<b>Time:</b> 2026-03-22 07:17:51<br/><b>Satellites:</b> E13,E19,E27,E30<br/><b>RMS residual:</b> 1.862645149230957e-09<br/><b>PDOP:</b> 3.0191609303994658<br/><b>GDOP:</b> 3.404180229541576<br/><b>Velocity:</b> 22.936737456856267 m/s]]></description>
            <styleUrl>#red_point</styleUrl>
            <Point>
                <coordinates>35.14875136,32.11120396,234.459</coordinates>
            </Point>
        </Placemark>
        <Placemark>
            <name>Point 563</name>
            <description><![CDATA[<b>Time:</b> 2026-03-22 07:17:53<br/><b>Satellites:</b> E13,E19,E27,E30<br/><b>RMS residual:</b> 2.634178031930877e-09<br/><b>PDOP:</b> 3.0187182751926773<br/><b>GDOP:</b> 3.4036806086840983<br/><b>Velocity:</b> 22.95349456600285 m/s]]></description>
            <styleUrl>#red_point</styleUrl>
            <Point>
                <coordinates>35.14923479,32.11120500,229.403</coordinates>
            </Point>
        </Placemark>
        <Placemark>
            <name>Point 564</name>
            <description><![CDATA[<b>Time:</b> 2026-03-22 07:17:55<br/><b>Satellites:</b> E13,E19,E27,E30<br/><b>RMS residual:</b> 2.634178031930877e-09<br/><b>PDOP:</b> 3.0182760855649655<br/><b>GDOP:</b> 3.4031818473515925<br/><b>Velocity:</b> 24.097905416303423 m/s]]></description>
            <styleUrl>#red_point</styleUrl>
            <Point>
                <coordinates>35.14974189,32.11117152,233.689</coordinates>
            </Point>
        </Placemark>
        <Placemark>
            <name>Point 565</name>
            <description><![CDATA[<b>Time:</b> 2026-03-22 07:17:57<br/><b>Satellites:</b> E13,E19,E27,E30<br/><b>RMS residual:</b> 2.634178031930877e-09<br/><b>PDOP:</b> 3.01783444243716<br/><b>GDOP:</b> 3.4026835486599185<br/><b>Velocity:</b> 25.96546301635965 m/s]]></description>
            <styleUrl>#red_point</styleUrl>
            <Point>
                <coordinates>35.15026158,32.11109639,248.575</coordinates>
            </Point>
        </Placemark>
        <Placemark>
            <name>Point 566</name>
            <description><![CDATA[<b>Time:</b> 2026-03-22 07:17:59<br/><b>Satellites:</b> E13,E19,E27,E30<br/><b>RMS residual:</b> 2.634178031930877e-09<br/><b>PDOP:</b> 3.0173902684212175<br/><b>GDOP:</b> 3.4021817089593736<br/><b>Velocity:</b> 28.726141316593175 m/s]]></description>
            <styleUrl>#red_point</styleUrl>
            <Point>
                <coordinates>35.15081137,32.11099811,270.696</coordinates>
            </Point>
        </Placemark>
        <Placemark>
            <name>Point 567</name>
            <description><![CDATA[<b>Time:</b> 2026-03-22 07:18:01<br/><b>Satellites:</b> E13,E19,E27,E30<br/><b>RMS residual:</b> 4.16500117164066e-09<br/><b>PDOP:</b> 3.0169481323531997<br/><b>GDOP:</b> 3.4016825858042274<br/><b>Velocity:</b> 30.108304706298778 m/s]]></description>
            <styleUrl>#red_point</styleUrl>
            <Point>
                <coordinates>35.15136897,32.11088544,297.156</coordinates>
            </Point>
        </Placemark>
        <Placemark>
            <name>Point 568</name>
            <description><![CDATA[<b>Time:</b> 2026-03-22 07:18:21<br/><b>Satellites:</b> E07,E15,E21,E29,E34<br/><b>RMS residual:</b> 7.363598922847105<br/><b>PDOP:</b> 2.4317393087541848<br/><b>GDOP:</b> 2.651481182453094<br/><b>Velocity:</b> 32.3550157685205 m/s]]></description>
            <styleUrl>#red_point</styleUrl>
            <Point>
                <coordinates>35.15724063,32.10925856,722.332</coordinates>
            </Point>
        </Placemark>
        <Placemark>
            <name>Point 569</name>
            <description><![CDATA[<b>Time:</b> 2026-03-22 07:18:23<br/><b>Satellites:</b> E07,E15,E21,E29,E34<br/><b>RMS residual:</b> 4.416381491762485<br/><b>PDOP:</b> 2.4312370593008223<br/><b>GDOP:</b> 2.6508697533489824<br/><b>Velocity:</b> 30.692399766825478 m/s]]></description>
            <styleUrl>#red_point</styleUrl>
            <Point>
                <coordinates>35.15780968,32.10916541,750.192</coordinates>
            </Point>
        </Placemark>
        <Placemark>
            <name>Point 570</name>
            <description><![CDATA[<b>Time:</b> 2026-03-22 07:18:25<br/><b>Satellites:</b> E07,E15,E21,E29,E34<br/><b>RMS residual:</b> 7.113691902481097<br/><b>PDOP:</b> 2.430735422956442<br/><b>GDOP:</b> 2.6502590797757803<br/><b>Velocity:</b> 29.17045778627857 m/s]]></description>
            <styleUrl>#red_point</styleUrl>
            <Point>
                <coordinates>35.15837180,32.10909134,773.014</coordinates>
            </Point>
        </Placemark>
        <Placemark>
            <name>Point 571</name>
            <description><![CDATA[<b>Time:</b> 2026-03-22 07:18:27<br/><b>Satellites:</b> E07,E15,E21,E29,E34<br/><b>RMS residual:</b> 4.738381607511477<br/><b>PDOP:</b> 2.4302344697067317<br/><b>GDOP:</b> 2.649649205023397<br/><b>Velocity:</b> 26.03626722870993 m/s]]></description>
            <styleUrl>#red_point</styleUrl>
            <Point>
                <coordinates>35.15889449,32.10904515,788.859</coordinates>
            </Point>
        </Placemark>
        <Placemark>
            <name>Point 572</name>
            <description><![CDATA[<b>Time:</b> 2026-03-22 07:18:29<br/><b>Satellites:</b> E07,E15,E21,E29,E34<br/><b>RMS residual:</b> 2.8541964274115514<br/><b>PDOP:</b> 2.429733445927981<br/><b>GDOP:</b> 2.6490390867297995<br/><b>Velocity:</b> 24.485231915716714 m/s]]></description>
            <styleUrl>#red_point</styleUrl>
            <Point>
                <coordinates>35.15941051,32.10905077,793.880</coordinates>
            </Point>
        </Placemark>
        <Placemark>
            <name>Point 573</name>
            <description><![CDATA[<b>Time:</b> 2026-03-22 07:18:31<br/><b>Satellites:</b> E07,E15,E21,E29,E34<br/><b>RMS residual:</b> 10.52509067449012<br/><b>PDOP:</b> 2.4292344423620102<br/><b>GDOP:</b> 2.6484315786632906<br/><b>Velocity:</b> 23.79061717804374 m/s]]></description>
            <styleUrl>#red_point</styleUrl>
            <Point>
                <coordinates>35.15990878,32.10910111,789.336</coordinates>
            </Point>
        </Placemark>
        <Placemark>
            <name>Point 574</name>
            <description><![CDATA[<b>Time:</b> 2026-03-22 07:18:37<br/><b>Satellites:</b> E07,E15,E21,E29,E34<br/><b>RMS residual:</b> 2.189323102406529<br/><b>PDOP:</b> 2.4277368818675575<br/><b>GDOP:</b> 2.6466072869073276<br/><b>Velocity:</b> 28.664616025636782 m/s]]></description>
            <styleUrl>#red_point</styleUrl>
            <Point>
                <coordinates>35.16136043,32.10947038,721.791</coordinates>
            </Point>
        </Placemark>
        <Placemark>
            <name>Point 575</name>
            <description><![CDATA[<b>Time:</b> 2026-03-22 07:18:53<br/><b>Satellites:</b> E13,E19,E27,E30<br/><b>RMS residual:</b> 1.862645149230957e-09<br/><b>PDOP:</b> 3.005427100900309<br/><b>GDOP:</b> 3.3886299848093486<br/><b>Velocity:</b> 16.99122695035098 m/s]]></description>
            <styleUrl>#red_point</styleUrl>
            <Point>
                <coordinates>35.16457244,32.11072052,450.436</coordinates>
            </Point>
        </Placemark>
        <Placemark>
            <name>Point 576</name>
            <description><![CDATA[<b>Time:</b> 2026-03-22 07:18:55<br/><b>Satellites:</b> E13,E19,E27,E30<br/><b>RMS residual:</b> 1.862645149230957e-09<br/><b>PDOP:</b> 3.004983216924712<br/><b>GDOP:</b> 3.388125113636552<br/><b>Velocity:</b> 14.727070983308826 m/s]]></description>
            <styleUrl>#red_point</styleUrl>
            <Point>
                <coordinates>35.16488209,32.11068929,451.600</coordinates>
            </Point>
        </Placemark>
        <Placemark>
            <name>Point 577</name>
            <description><![CDATA[<b>Time:</b> 2026-03-22 07:19:11<br/><b>Satellites:</b> E07,E15,E21,E29,E34<br/><b>RMS residual:</b> 2.2690700862661206<br/><b>PDOP:</b> 2.419373716716334<br/><b>GDOP:</b> 2.6364088991016787<br/><b>Velocity:</b> 24.491054173963246 m/s]]></description>
            <styleUrl>#red_point</styleUrl>
            <Point>
                <coordinates>35.16663591,32.10889950,741.785</coordinates>
            </Point>
        </Placemark>
        <Placemark>
            <name>Point 578</name>
            <description><![CDATA[<b>Time:</b> 2026-03-22 07:19:13<br/><b>Satellites:</b> E07,E15,E21,E29,E34<br/><b>RMS residual:</b> 3.6709955945121644<br/><b>PDOP:</b> 2.418887775906239<br/><b>GDOP:</b> 2.6358157012343852<br/><b>Velocity:</b> 21.40698147741326 m/s]]></description>
            <styleUrl>#red_point</styleUrl>
            <Point>
                <coordinates>35.16673484,32.10864395,772.487</coordinates>
            </Point>
        </Placemark>
        <Placemark>
            <name>Point 579</name>
            <description><![CDATA[<b>Time:</b> 2026-03-22 07:19:15<br/><b>Satellites:</b> E07,E15,E21,E29,E34<br/><b>RMS residual:</b> 4.196210441922704<br/><b>PDOP:</b> 2.4184038192314947<br/><b>GDOP:</b> 2.6352249939396084<br/><b>Velocity:</b> 18.666525052755677 m/s]]></description>
            <styleUrl>#red_point</styleUrl>
            <Point>
                <coordinates>35.16680020,32.10840343,797.867</coordinates>
            </Point>
        </Placemark>
        <Placemark>
            <name>Point 580</name>
            <description><![CDATA[<b>Time:</b> 2026-03-22 07:19:17<br/><b>Satellites:</b> E07,E15,E21,E29,E34<br/><b>RMS residual:</b> 3.3681463784630914<br/><b>PDOP:</b> 2.417919000212727<br/><b>GDOP:</b> 2.634632935824205<br/><b>Velocity:</b> 16.301852370969275 m/s]]></description>
            <styleUrl>#red_point</styleUrl>
            <Point>
                <coordinates>35.16683908,32.10816264,816.208</coordinates>
            </Point>
        </Placemark>
        <Placemark>
            <name>Point 581</name>
            <description><![CDATA[<b>Time:</b> 2026-03-22 07:19:19<br/><b>Satellites:</b> E07,E15,E21,E29,E34<br/><b>RMS residual:</b> 1.7698800335558633<br/><b>PDOP:</b> 2.4174348971536146<br/><b>GDOP:</b> 2.6340416542341094<br/><b>Velocity:</b> 13.928424725951158 m/s]]></description>
            <styleUrl>#red_point</styleUrl>
            <Point>
                <coordinates>35.16685242,32.10793641,828.249</coordinates>
            </Point>
        </Placemark>
        <Placemark>
            <name>Point 582</name>
            <description><![CDATA[<b>Time:</b> 2026-03-22 07:19:21<br/><b>Satellites:</b> E07,E15,E21,E29,E34<br/><b>RMS residual:</b> 2.65611538347368<br/><b>PDOP:</b> 2.4169522578586613<br/><b>GDOP:</b> 2.6334521481860373<br/><b>Velocity:</b> 12.270341383233196 m/s]]></description>
            <styleUrl>#red_point</styleUrl>
            <Point>
                <coordinates>35.16684334,32.10771975,833.161</coordinates>
            </Point>
        </Placemark>
        <Placemark>
            <name>Point 583</name>
            <description><![CDATA[<b>Time:</b> 2026-03-22 07:19:23<br/><b>Satellites:</b> E07,E15,E21,E29,E34<br/><b>RMS residual:</b> 2.8904301246082786<br/><b>PDOP:</b> 2.416470103610326<br/><b>GDOP:</b> 2.632863087647448<br/><b>Velocity:</b> 11.696346263151671 m/s]]></description>
            <styleUrl>#red_point</styleUrl>
            <Point>
                <coordinates>35.16680074,32.10751210,832.327</coordinates>
            </Point>
        </Placemark>
        <Placemark>
            <name>Point 584</name>
            <description><![CDATA[<b>Time:</b> 2026-03-22 07:19:25<br/><b>Satellites:</b> E07,E15,E21,E29<br/><b>RMS residual:</b> 2.634178031930877e-09<br/><b>PDOP:</b> 5.432658719901293<br/><b>GDOP:</b> 6.210364124233308<br/><b>Velocity:</b> 12.91053864624712 m/s]]></description>
            <styleUrl>#red_point</styleUrl>
            <Point>
                <coordinates>35.16674416,32.10728470,830.853</coordinates>
            </Point>
        </Placemark>
        <Placemark>
            <name>Point 585</name>
            <description><![CDATA[<b>Time:</b> 2026-03-22 07:19:27<br/><b>Satellites:</b> E07,E15,E21,E29,E34<br/><b>RMS residual:</b> 6.46938276641102<br/><b>PDOP:</b> 2.415508533554924<br/><b>GDOP:</b> 2.6316882619465014<br/><b>Velocity:</b> 13.833830235635277 m/s]]></description>
            <styleUrl>#red_point</styleUrl>
            <Point>
                <coordinates>35.16668489,32.10704099,828.929</coordinates>
            </Point>
        </Placemark>
        <Placemark>
            <name>Point 586</name>
            <description><![CDATA[<b>Time:</b> 2026-03-22 07:19:29<br/><b>Satellites:</b> E07,E15,E21,E29,E34<br/><b>RMS residual:</b> 3.489658839493672<br/><b>PDOP:</b> 2.4150271253684856<br/><b>GDOP:</b> 2.631099683914238<br/><b>Velocity:</b> 15.024613218801434 m/s]]></description>
            <styleUrl>#red_point</styleUrl>
            <Point>
                <coordinates>35.16661028,32.10677810,827.111</coordinates>
            </Point>
        </Placemark>
        <Placemark>
            <name>Point 587</name>
            <description><![CDATA[<b>Time:</b> 2026-03-22 07:19:31<br/><b>Satellites:</b> E07,E15,E21,E29,E34<br/><b>RMS residual:</b> 4.048761065424207<br/><b>PDOP:</b> 2.414548234428641<br/><b>GDOP:</b> 2.630514498937877<br/><b>Velocity:</b> 15.705140137128351 m/s]]></description>
            <styleUrl>#red_point</styleUrl>
            <Point>
                <coordinates>35.16651951,32.10650600,825.505</coordinates>
            </Point>
        </Placemark>
        <Placemark>
            <name>Point 588</name>
            <description><![CDATA[<b>Time:</b> 2026-03-22 07:19:33<br/><b>Satellites:</b> E07,E15,E21,E29,E34<br/><b>RMS residual:</b> 3.4284831429796543<br/><b>PDOP:</b> 2.4140687920073542<br/><b>GDOP:</b> 2.6299284431428767<br/><b>Velocity:</b> 16.158849740328225 m/s]]></description>
            <styleUrl>#red_point</styleUrl>
            <Point>
                <coordinates>35.16642300,32.10622650,824.746</coordinates>
            </Point>
        </Placemark>
        <Placemark>
            <name>Point 589</name>
            <description><![CDATA[<b>Time:</b> 2026-03-22 07:19:35<br/><b>Satellites:</b> E07,E15,E21,E29,E34<br/><b>RMS residual:</b> 3.3110215174710276<br/><b>PDOP:</b> 2.4135897495279464<br/><b>GDOP:</b> 2.629342762372389<br/><b>Velocity:</b> 16.152967532565913 m/s]]></description>
            <styleUrl>#red_point</styleUrl>
            <Point>
                <coordinates>35.16632654,32.10594708,824.028</coordinates>
            </Point>
        </Placemark>
        <Placemark>
            <name>Point 590</name>
            <description><![CDATA[<b>Time:</b> 2026-03-22 07:19:37<br/><b>Satellites:</b> E07,E15,E21,E29,E34<br/><b>RMS residual:</b> 4.498820141178935<br/><b>PDOP:</b> 2.4131126448810667<br/><b>GDOP:</b> 2.628759588310717<br/><b>Velocity:</b> 16.490489919523345 m/s]]></description>
            <styleUrl>#red_point</styleUrl>
            <Point>
                <coordinates>35.16623395,32.10566070,822.414</coordinates>
            </Point>
        </Placemark>
        <Placemark>
            <name>Point 591</name>
            <description><![CDATA[<b>Time:</b> 2026-03-22 07:19:39<br/><b>Satellites:</b> E07,E15,E21,E29,E34<br/><b>RMS residual:</b> 1.5516338318179386<br/><b>PDOP:</b> 2.412634791860328<br/><b>GDOP:</b> 2.6281751917463194<br/><b>Velocity:</b> 15.909341199758167 m/s]]></description>
            <styleUrl>#red_point</styleUrl>
            <Point>
                <coordinates>35.16614373,32.10538461,820.886</coordinates>
            </Point>
        </Placemark>
        <Placemark>
            <name>Point 592</name>
            <description><![CDATA[<b>Time:</b> 2026-03-22 07:19:41<br/><b>Satellites:</b> E07,E15,E21,E29,E34<br/><b>RMS residual:</b> 3.9995212246073244<br/><b>PDOP:</b> 2.4121576861865055<br/><b>GDOP:</b> 2.627591702526008<br/><b>Velocity:</b> 16.208794094955934 m/s]]></description>
            <styleUrl>#red_point</styleUrl>
            <Point>
                <coordinates>35.16604814,32.10510395,820.090</coordinates>
            </Point>
        </Placemark>
        <Placemark>
            <name>Point 593</name>
            <description><![CDATA[<b>Time:</b> 2026-03-22 07:19:43<br/><b>Satellites:</b> E07,E15,E21,E29,E34<br/><b>RMS residual:</b> 3.552911201286392<br/><b>PDOP:</b> 2.4116808609773974<br/><b>GDOP:</b> 2.6270084347856795<br/><b>Velocity:</b> 16.091989795963553 m/s]]></description>
            <styleUrl>#red_point</styleUrl>
            <Point>
                <coordinates>35.16595382,32.10482518,819.223</coordinates>
            </Point>
        </Placemark>
        <Placemark>
            <name>Point 594</name>
            <description><![CDATA[<b>Time:</b> 2026-03-22 07:19:45<br/><b>Satellites:</b> E07,E15,E21,E29,E34<br/><b>RMS residual:</b> 5.4678500733453<br/><b>PDOP:</b> 2.411205294469024<br/><b>GDOP:</b> 2.6264267578428875<br/><b>Velocity:</b> 15.828028036881285 m/s]]></description>
            <styleUrl>#red_point</styleUrl>
            <Point>
                <coordinates>35.16586139,32.10455088,818.467</coordinates>
            </Point>
        </Placemark>
        <Placemark>
            <name>Point 595</name>
            <description><![CDATA[<b>Time:</b> 2026-03-22 07:19:47<br/><b>Satellites:</b> E07,E15,E21,E29,E34<br/><b>RMS residual:</b> 2.9275641396136827<br/><b>PDOP:</b> 2.410729736870982<br/><b>GDOP:</b> 2.625844942924029<br/><b>Velocity:</b> 15.42583950920982 m/s]]></description>
            <styleUrl>#red_point</styleUrl>
            <Point>
                <coordinates>35.16577503,32.10428280,817.260</coordinates>
            </Point>
        </Placemark>
        <Placemark>
            <name>Point 596</name>
            <description><![CDATA[<b>Time:</b> 2026-03-22 07:19:49<br/><b>Satellites:</b> E07,E15,E21,E29,E34<br/><b>RMS residual:</b> 5.165515995143572<br/><b>PDOP:</b> 2.4102556959393895<br/><b>GDOP:</b> 2.6252650874321257<br/><b>Velocity:</b> 14.335370918716363 m/s]]></description>
            <styleUrl>#red_point</styleUrl>
            <Point>
                <coordinates>35.16568848,32.10403515,816.307</coordinates>
            </Point>
        </Placemark>
        <Placemark>
            <name>Point 597</name>
            <description><![CDATA[<b>Time:</b> 2026-03-22 07:19:51<br/><b>Satellites:</b> E07,E15,E21,E29,E34<br/><b>RMS residual:</b> 4.922536872087834<br/><b>PDOP:</b> 2.4097807853126456<br/><b>GDOP:</b> 2.6246838600793696<br/><b>Velocity:</b> 13.122648428930642 m/s]]></description>
            <styleUrl>#red_point</styleUrl>
            <Point>
                <coordinates>35.16561287,32.10380800,814.505</coordinates>
            </Point>
        </Placemark>
        <Placemark>
            <name>Point 598</name>
            <description><![CDATA[<b>Time:</b> 2026-03-22 07:19:53<br/><b>Satellites:</b> E07,E15,E21,E29,E34<br/><b>RMS residual:</b> 5.308008079028284<br/><b>PDOP:</b> 2.409308240588762<br/><b>GDOP:</b> 2.624105779827046<br/><b>Velocity:</b> 12.110259212702408 m/s]]></description>
            <styleUrl>#red_point</styleUrl>
            <Point>
                <coordinates>35.16554752,32.10359796,812.057</coordinates>
            </Point>
        </Placemark>
        <Placemark>
            <name>Point 599</name>
            <description><![CDATA[<b>Time:</b> 2026-03-22 07:19:55<br/><b>Satellites:</b> E07,E15,E21,E29,E34<br/><b>RMS residual:</b> 3.579256575715356<br/><b>PDOP:</b> 2.4088347773896355<br/><b>GDOP:</b> 2.623526365274345<br/><b>Velocity:</b> 11.054455194049071 m/s]]></description>
            <styleUrl>#red_point</styleUrl>
            <Point>
                <coordinates>35.16548841,32.10342271,803.118</coordinates>
            </Point>
        </Placemark>
        <Placemark>
            <name>Point 600</name>
            <description><![CDATA[<b>Time:</b> 2026-03-22 07:19:57<br/><b>Satellites:</b> E07,E15,E21,E29,E34<br/><b>RMS residual:</b> 3.9881499593927416<br/><b>PDOP:</b> 2.4083625462300158<br/><b>GDOP:</b> 2.6229484794515177<br/><b>Velocity:</b> 11.289664928836817 m/s]]></description>
            <styleUrl>#red_point</styleUrl>
            <Point>
                <coordinates>35.16543720,32.10328846,786.846</coordinates>
            </Point>
        </Placemark>
        <Placemark>
            <name>Point 601</name>
            <description><![CDATA[<b>Time:</b> 2026-03-22 07:19:59<br/><b>Satellites:</b> E07,E15,E21,E29,E34<br/><b>RMS residual:</b> 4.64992613003097<br/><b>PDOP:</b> 2.4078898660951613<br/><b>GDOP:</b> 2.6223698443810557<br/><b>Velocity:</b> 13.08487757112286 m/s]]></description>
            <styleUrl>#red_point</styleUrl>
            <Point>
                <coordinates>35.16539608,32.10319797,762.991</coordinates>
            </Point>
        </Placemark>
        <Placemark>
            <name>Point 602</name>
            <description><![CDATA[<b>Time:</b> 2026-03-22 07:20:01<br/><b>Satellites:</b> E07,E15,E21,E29,E34<br/><b>RMS residual:</b> 3.450583043852244<br/><b>PDOP:</b> 2.4074188048978313<br/><b>GDOP:</b> 2.6217934334025608<br/><b>Velocity:</b> 15.68244766046431 m/s]]></description>
            <styleUrl>#red_point</styleUrl>
            <Point>
                <coordinates>35.16535949,32.10314928,732.288</coordinates>
            </Point>
        </Placemark>
        <Placemark>
            <name>Point 603</name>
            <description><![CDATA[<b>Time:</b> 2026-03-22 07:20:03<br/><b>Satellites:</b> E07,E15,E21,E29,E34<br/><b>RMS residual:</b> 3.622982340535823<br/><b>PDOP:</b> 2.4069474505197603<br/><b>GDOP:</b> 2.6212164295057163<br/><b>Velocity:</b> 19.461772481571778 m/s]]></description>
            <styleUrl>#red_point</styleUrl>
            <Point>
                <coordinates>35.16533421,32.10314371,693.442</coordinates>
            </Point>
        </Placemark>
        <Placemark>
            <name>Point 604</name>
            <description><![CDATA[<b>Time:</b> 2026-03-22 07:20:17<br/><b>Satellites:</b> E13,E19,E27,E30<br/><b>RMS residual:</b> 1.862645149230957e-09<br/><b>PDOP:</b> 2.9869388553057<br/><b>GDOP:</b> 3.367514286418375<br/><b>Velocity:</b> 22.657468548810584 m/s]]></description>
            <styleUrl>#red_point</styleUrl>
            <Point>
                <coordinates>35.16558741,32.10345511,348.816</coordinates>
            </Point>
        </Placemark>
        <Placemark>
            <name>Point 605</name>
            <description><![CDATA[<b>Time:</b> 2026-03-22 07:20:19<br/><b>Satellites:</b> E13,E19,E27,E30<br/><b>RMS residual:</b> 2.634178031930877e-09<br/><b>PDOP:</b> 2.9864987562961<br/><b>GDOP:</b> 3.3670090539537525<br/><b>Velocity:</b> 19.119011027672048 m/s]]></description>
            <styleUrl>#red_point</styleUrl>
            <Point>
                <coordinates>35.16572060,32.10342756,312.833</coordinates>
            </Point>
        </Placemark>
        <Placemark>
            <name>Point 606</name>
            <description><![CDATA[<b>Time:</b> 2026-03-22 07:20:23<br/><b>Satellites:</b> E13,E19,E27,E30<br/><b>RMS residual:</b> 0.0<br/><b>PDOP:</b> 2.985617816056995<br/><b>GDOP:</b> 3.3659979703887033<br/><b>Velocity:</b> 14.988946773408333 m/s]]></description>
            <styleUrl>#red_point</styleUrl>
            <Point>
                <coordinates>35.16608474,32.10327939,263.356</coordinates>
            </Point>
        </Placemark>
        <Placemark>
            <name>Point 607</name>
            <description><![CDATA[<b>Time:</b> 2026-03-22 07:20:25<br/><b>Satellites:</b> E13,E19,E27,E30<br/><b>RMS residual:</b> 1.862645149230957e-09<br/><b>PDOP:</b> 2.9851773837315574<br/><b>GDOP:</b> 3.3654922348219256<br/><b>Velocity:</b> 14.628617155835505 m/s]]></description>
            <styleUrl>#red_point</styleUrl>
            <Point>
                <coordinates>35.16632024,32.10315906,249.800</coordinates>
            </Point>
        </Placemark>
        <Placemark>
            <name>Point 608</name>
            <description><![CDATA[<b>Time:</b> 2026-03-22 07:20:29<br/><b>Satellites:</b> E13,E19,E27,E30<br/><b>RMS residual:</b> 0.0<br/><b>PDOP:</b> 2.9842930678795496<br/><b>GDOP:</b> 3.364475689459583<br/><b>Velocity:</b> 16.0822054357924 m/s]]></description>
            <styleUrl>#red_point</styleUrl>
            <Point>
                <coordinates>35.16687277,32.10284231,242.945</coordinates>
            </Point>
        </Placemark>
        <Placemark>
            <name>Point 609</name>
            <description><![CDATA[<b>Time:</b> 2026-03-22 07:20:31<br/><b>Satellites:</b> E13,E19,E27,E30<br/><b>RMS residual:</b> 2.634178031930877e-09<br/><b>PDOP:</b> 2.9838517045090245<br/><b>GDOP:</b> 3.363968463182759<br/><b>Velocity:</b> 17.310509571556246 m/s]]></description>
            <styleUrl>#red_point</styleUrl>
            <Point>
                <coordinates>35.16718451,32.10267799,243.796</coordinates>
            </Point>
        </Placemark>
        <Placemark>
            <name>Point 610</name>
            <description><![CDATA[<b>Time:</b> 2026-03-22 07:20:33<br/><b>Satellites:</b> E13,E19,E27,E30<br/><b>RMS residual:</b> 0.0<br/><b>PDOP:</b> 2.9834111965712617<br/><b>GDOP:</b> 3.3634622428214827<br/><b>Velocity:</b> 18.836537254687425 m/s]]></description>
            <styleUrl>#red_point</styleUrl>
            <Point>
                <coordinates>35.16754156,32.10252742,245.944</coordinates>
            </Point>
        </Placemark>
        <Placemark>
            <name>Point 611</name>
            <description><![CDATA[<b>Time:</b> 2026-03-22 07:20:39<br/><b>Satellites:</b> E13,E19,E27,E30<br/><b>RMS residual:</b> 2.634178031930877e-09<br/><b>PDOP:</b> 2.9820865676916664<br/><b>GDOP:</b> 3.3619387923788615<br/><b>Velocity:</b> 20.39139354284837 m/s]]></description>
            <styleUrl>#red_point</styleUrl>
            <Point>
                <coordinates>35.16875088,32.10219503,252.660</coordinates>
            </Point>
        </Placemark>
        <Placemark>
            <name>Point 612</name>
            <description><![CDATA[<b>Time:</b> 2026-03-22 07:20:41<br/><b>Satellites:</b> E13,E19,E27,E30<br/><b>RMS residual:</b> 1.862645149230957e-09<br/><b>PDOP:</b> 2.981644902761255<br/><b>GDOP:</b> 3.3614305944476115<br/><b>Velocity:</b> 20.61021121498565 m/s]]></description>
            <styleUrl>#red_point</styleUrl>
            <Point>
                <coordinates>35.16917821,32.10211914,253.772</coordinates>
            </Point>
        </Placemark>
        <Placemark>
            <name>Point 613</name>
            <description><![CDATA[<b>Time:</b> 2026-03-22 07:20:45<br/><b>Satellites:</b> E13,E19,E27,E30<br/><b>RMS residual:</b> 1.862645149230957e-09<br/><b>PDOP:</b> 2.980760913058511<br/><b>GDOP:</b> 3.360413221062766<br/><b>Velocity:</b> 21.317355038640233 m/s]]></description>
            <styleUrl>#red_point</styleUrl>
            <Point>
                <coordinates>35.17006848,32.10206746,253.615</coordinates>
            </Point>
        </Placemark>
        <Placemark>
            <name>Point 614</name>
            <description><![CDATA[<b>Time:</b> 2026-03-22 07:20:47<br/><b>Satellites:</b> E13,E19,E27,E30<br/><b>RMS residual:</b> 2.634178031930877e-09<br/><b>PDOP:</b> 2.980320553871491<br/><b>GDOP:</b> 3.3599066867256813<br/><b>Velocity:</b> 21.26857825698552 m/s]]></description>
            <styleUrl>#red_point</styleUrl>
            <Point>
                <coordinates>35.17051852,32.10208603,254.372</coordinates>
            </Point>
        </Placemark>
        <Placemark>
            <name>Point 615</name>
            <description><![CDATA[<b>Time:</b> 2026-03-22 07:20:51<br/><b>Satellites:</b> E13,E19,E27,E30<br/><b>RMS residual:</b> 3.226196034939731e-09<br/><b>PDOP:</b> 2.9794366962018026<br/><b>GDOP:</b> 3.358888506060327<br/><b>Velocity:</b> 21.45862220120838 m/s]]></description>
            <styleUrl>#red_point</styleUrl>
            <Point>
                <coordinates>35.17141191,32.10221069,255.384</coordinates>
            </Point>
        </Placemark>
        <Placemark>
            <name>Point 616</name>
            <description><![CDATA[<b>Time:</b> 2026-03-22 07:20:55<br/><b>Satellites:</b> E13,E19,E27,E30<br/><b>RMS residual:</b> 1.862645149230957e-09<br/><b>PDOP:</b> 2.9785543612228773<br/><b>GDOP:</b> 3.357872283282868<br/><b>Velocity:</b> 21.351568435096883 m/s]]></description>
            <styleUrl>#red_point</styleUrl>
            <Point>
                <coordinates>35.17228435,32.10243091,255.758</coordinates>
            </Point>
        </Placemark>
        <Placemark>
            <name>Point 617</name>
            <description><![CDATA[<b>Time:</b> 2026-03-22 07:20:57<br/><b>Satellites:</b> E13,E19,E27,E30<br/><b>RMS residual:</b> 0.0<br/><b>PDOP:</b> 2.978111512466141<br/><b>GDOP:</b> 3.3573614790501303<br/><b>Velocity:</b> 20.516485005060254 m/s]]></description>
            <styleUrl>#red_point</styleUrl>
            <Point>
                <coordinates>35.17269196,32.10255947,255.427</coordinates>
            </Point>
        </Placemark>
        <Placemark>
            <name>Point 618</name>
            <description><![CDATA[<b>Time:</b> 2026-03-22 07:21:05<br/><b>Satellites:</b> E13,E19,E27,E30<br/><b>RMS residual:</b> 0.0<br/><b>PDOP:</b> 2.976346005239722<br/><b>GDOP:</b> 3.3553251570800477<br/><b>Velocity:</b> 16.058676999105046 m/s]]></description>
            <styleUrl>#red_point</styleUrl>
            <Point>
                <coordinates>35.17406002,32.10308732,261.337</coordinates>
            </Point>
        </Placemark>
        <Placemark>
            <name>Point 619</name>
            <description><![CDATA[<b>Time:</b> 2026-03-22 07:21:07<br/><b>Satellites:</b> E13,E19,E27,E30<br/><b>RMS residual:</b> 0.0<br/><b>PDOP:</b> 2.9759058875772566<br/><b>GDOP:</b> 3.3548173009121247<br/><b>Velocity:</b> 14.641303039894952 m/s]]></description>
            <styleUrl>#red_point</styleUrl>
            <Point>
                <coordinates>35.17433610,32.10320547,263.930</coordinates>
            </Point>
        </Placemark>
        <Placemark>
            <name>Point 620</name>
            <description><![CDATA[<b>Time:</b> 2026-03-22 07:21:09<br/><b>Satellites:</b> E13,E19,E27,E30<br/><b>RMS residual:</b> 0.0<br/><b>PDOP:</b> 2.9754645463319136<br/><b>GDOP:</b> 3.3543075314127226<br/><b>Velocity:</b> 13.683649823130756 m/s]]></description>
            <styleUrl>#red_point</styleUrl>
            <Point>
                <coordinates>35.17459292,32.10331889,265.692</coordinates>
            </Point>
        </Placemark>
        <Placemark>
            <name>Point 621</name>
            <description><![CDATA[<b>Time:</b> 2026-03-22 07:21:11<br/><b>Satellites:</b> E13,E19,E27,E30<br/><b>RMS residual:</b> 1.862645149230957e-09<br/><b>PDOP:</b> 2.975023175864955<br/><b>GDOP:</b> 3.35379755198722<br/><b>Velocity:</b> 12.744263559400668 m/s]]></description>
            <styleUrl>#red_point</styleUrl>
            <Point>
                <coordinates>35.17483120,32.10342543,267.741</coordinates>
            </Point>
        </Placemark>
        <Placemark>
            <name>Point 622</name>
            <description><![CDATA[<b>Time:</b> 2026-03-22 07:21:13<br/><b>Satellites:</b> E13,E19,E27,E30<br/><b>RMS residual:</b> 0.0<br/><b>PDOP:</b> 2.974585161556582<br/><b>GDOP:</b> 3.3532920752407285<br/><b>Velocity:</b> 11.9511608092455 m/s]]></description>
            <styleUrl>#red_point</styleUrl>
            <Point>
                <coordinates>35.17505337,32.10352816,269.072</coordinates>
            </Point>
        </Placemark>
        <Placemark>
            <name>Point 623</name>
            <description><![CDATA[<b>Time:</b> 2026-03-22 07:21:21<br/><b>Satellites:</b> E13,E19,E27,E30<br/><b>RMS residual:</b> 1.862645149230957e-09<br/><b>PDOP:</b> 2.9728237019716572<br/><b>GDOP:</b> 3.351255957230559<br/><b>Velocity:</b> 7.850531487899113 m/s]]></description>
            <styleUrl>#red_point</styleUrl>
            <Point>
                <coordinates>35.17576305,32.10380260,271.089</coordinates>
            </Point>
        </Placemark>
        <Placemark>
            <name>Point 624</name>
            <description><![CDATA[<b>Time:</b> 2026-03-22 07:21:23<br/><b>Satellites:</b> E13,E19,E27,E30<br/><b>RMS residual:</b> 2.634178031930877e-09<br/><b>PDOP:</b> 2.972384524335677<br/><b>GDOP:</b> 3.350748302183927<br/><b>Velocity:</b> 7.53514813158884 m/s]]></description>
            <styleUrl>#red_point</styleUrl>
            <Point>
                <coordinates>35.17591220,32.10384909,269.559</coordinates>
            </Point>
        </Placemark>
        <Placemark>
            <name>Point 625</name>
            <description><![CDATA[<b>Time:</b> 2026-03-22 07:21:25<br/><b>Satellites:</b> E13,E19,E27,E30<br/><b>RMS residual:</b> 1.862645149230957e-09<br/><b>PDOP:</b> 2.971943681699225<br/><b>GDOP:</b> 3.350238327482544<br/><b>Velocity:</b> 7.94661511223966 m/s]]></description>
            <styleUrl>#red_point</styleUrl>
            <Point>
                <coordinates>35.17607028,32.10389537,267.659</coordinates>
            </Point>
        </Placemark>
        <Placemark>
            <name>Point 626</name>
            <description><![CDATA[<b>Time:</b> 2026-03-22 07:21:27<br/><b>Satellites:</b> E13,E19,E27,E30<br/><b>RMS residual:</b> 1.862645149230957e-09<br/><b>PDOP:</b> 2.9715024445843152<br/><b>GDOP:</b> 3.3497276941908303<br/><b>Velocity:</b> 8.430551217721023 m/s]]></description>
            <styleUrl>#red_point</styleUrl>
            <Point>
                <coordinates>35.17624453,32.10392757,266.646</coordinates>
            </Point>
        </Placemark>
        <Placemark>
            <name>Point 627</name>
            <description><![CDATA[<b>Time:</b> 2026-03-22 07:21:29<br/><b>Satellites:</b> E13,E19,E27,E30<br/><b>RMS residual:</b> 2.634178031930877e-09<br/><b>PDOP:</b> 2.971063957310027<br/><b>GDOP:</b> 3.3492206850391297<br/><b>Velocity:</b> 10.973987068952997 m/s]]></description>
            <styleUrl>#red_point</styleUrl>
            <Point>
                <coordinates>35.17646729,32.10398427,266.922</coordinates>
            </Point>
        </Placemark>
        <Placemark>
            <name>Point 628</name>
            <description><![CDATA[<b>Time:</b> 2026-03-22 07:21:33<br/><b>Satellites:</b> E13,E21,E29,E34<br/><b>RMS residual:</b> 0.0<br/><b>PDOP:</b> 4.649554481556535<br/><b>GDOP:</b> 5.114583064863428<br/><b>Velocity:</b> 13.625936909235568 m/s]]></description>
            <styleUrl>#red_point</styleUrl>
            <Point>
                <coordinates>35.17701400,32.10413626,270.734</coordinates>
            </Point>
        </Placemark>
        <Placemark>
            <name>Point 629</name>
            <description><![CDATA[<b>Time:</b> 2026-03-22 07:21:41<br/><b>Satellites:</b> E13,E19,E27,E30<br/><b>RMS residual:</b> 2.634178031930877e-09<br/><b>PDOP:</b> 2.9684230196115107<br/><b>GDOP:</b> 3.3461620038149484<br/><b>Velocity:</b> 14.982397191615679 m/s]]></description>
            <styleUrl>#red_point</styleUrl>
            <Point>
                <coordinates>35.17819207,32.10436744,283.881</coordinates>
            </Point>
        </Placemark>
        <Placemark>
            <name>Point 630</name>
            <description><![CDATA[<b>Time:</b> 2026-03-22 07:21:43<br/><b>Satellites:</b> E13,E19,E27,E30<br/><b>RMS residual:</b> 1.862645149230957e-09<br/><b>PDOP:</b> 2.9679818960234963<br/><b>GDOP:</b> 3.3456503144688203<br/><b>Velocity:</b> 15.141670322571374 m/s]]></description>
            <styleUrl>#red_point</styleUrl>
            <Point>
                <coordinates>35.17850019,32.10443590,287.572</coordinates>
            </Point>
        </Placemark>
        <Placemark>
            <name>Point 631</name>
            <description><![CDATA[<b>Time:</b> 2026-03-22 07:21:47<br/><b>Satellites:</b> E13,E19,E27,E30<br/><b>RMS residual:</b> 2.634178031930877e-09<br/><b>PDOP:</b> 2.9671039184828945<br/><b>GDOP:</b> 3.3446326064928247<br/><b>Velocity:</b> 14.725107152907665 m/s]]></description>
            <styleUrl>#red_point</styleUrl>
            <Point>
                <coordinates>35.17911227,32.10455371,297.595</coordinates>
            </Point>
        </Placemark>
        <Placemark>
            <name>Point 632</name>
            <description><![CDATA[<b>Time:</b> 2026-03-22 07:21:49<br/><b>Satellites:</b> E13,E19,E27,E30<br/><b>RMS residual:</b> 0.0<br/><b>PDOP:</b> 2.9666635953117826<br/><b>GDOP:</b> 3.3441215293152897<br/><b>Velocity:</b> 13.70479908171844 m/s]]></description>
            <styleUrl>#red_point</styleUrl>
            <Point>
                <coordinates>35.17938987,32.10461371,302.115</coordinates>
            </Point>
        </Placemark>
        <Placemark>
            <name>Point 633</name>
            <description><![CDATA[<b>Time:</b> 2026-03-22 07:21:51<br/><b>Satellites:</b> E13,E19,E27,E30<br/><b>RMS residual:</b> 3.226196034939731e-09<br/><b>PDOP:</b> 2.9662271808868748<br/><b>GDOP:</b> 3.343615877700352<br/><b>Velocity:</b> 10.499310056005074 m/s]]></description>
            <styleUrl>#red_point</styleUrl>
            <Point>
                <coordinates>35.17960851,32.10464189,304.413</coordinates>
            </Point>
        </Placemark>
        <Placemark>
            <name>Point 634</name>
            <description><![CDATA[<b>Time:</b> 2026-03-22 07:21:53<br/><b>Satellites:</b> E13,E19,E27,E30<br/><b>RMS residual:</b> 0.0<br/><b>PDOP:</b> 2.9657879474642304<br/><b>GDOP:</b> 3.3431058759332792<br/><b>Velocity:</b> 8.541749857354542 m/s]]></description>
            <styleUrl>#red_point</styleUrl>
            <Point>
                <coordinates>35.17978888,32.10463806,303.069</coordinates>
            </Point>
        </Placemark>
        <Placemark>
            <name>Point 635</name>
            <description><![CDATA[<b>Time:</b> 2026-03-22 07:21:57<br/><b>Satellites:</b> E13,E19,E27,E30<br/><b>RMS residual:</b> 0.0<br/><b>PDOP:</b> 2.9649097392876946<br/><b>GDOP:</b> 3.34208613699547<br/><b>Velocity:</b> 7.373498944314138 m/s]]></description>
            <styleUrl>#red_point</styleUrl>
            <Point>
                <coordinates>35.18010573,32.10462477,298.925</coordinates>
            </Point>
        </Placemark>
        <Placemark>
            <name>Point 636</name>
            <description><![CDATA[<b>Time:</b> 2026-03-22 07:21:59<br/><b>Satellites:</b> E13,E19,E27,E30<br/><b>RMS residual:</b> 3.226196034939731e-09<br/><b>PDOP:</b> 2.9644721311195186<br/><b>GDOP:</b> 3.3415780674602034<br/><b>Velocity:</b> 6.971966396803719 m/s]]></description>
            <styleUrl>#red_point</styleUrl>
            <Point>
                <coordinates>35.18025219,32.10461043,298.023</coordinates>
            </Point>
        </Placemark>
        <Placemark>
            <name>Point 637</name>
            <description><![CDATA[<b>Time:</b> 2026-03-22 07:22:01<br/><b>Satellites:</b> E13,E19,E27,E30<br/><b>RMS residual:</b> 3.226196034939731e-09<br/><b>PDOP:</b> 2.964033907431678<br/><b>GDOP:</b> 3.341069085487669<br/><b>Velocity:</b> 6.797436284708753 m/s]]></description>
            <styleUrl>#red_point</styleUrl>
            <Point>
                <coordinates>35.18039504,32.10459668,297.194</coordinates>
            </Point>
        </Placemark>
        <Placemark>
            <name>Point 638</name>
            <description><![CDATA[<b>Time:</b> 2026-03-22 07:22:03<br/><b>Satellites:</b> E13,E19,E27,E30<br/><b>RMS residual:</b> 1.862645149230957e-09<br/><b>PDOP:</b> 2.963602456879008<br/><b>GDOP:</b> 3.3405693194902746<br/><b>Velocity:</b> 7.177938219290521 m/s]]></description>
            <styleUrl>#red_point</styleUrl>
            <Point>
                <coordinates>35.18054313,32.10457255,299.073</coordinates>
            </Point>
        </Placemark>
        <Placemark>
            <name>Point 639</name>
            <description><![CDATA[<b>Time:</b> 2026-03-22 07:22:09<br/><b>Satellites:</b> E13,E19,E27,E30<br/><b>RMS residual:</b> 0.0<br/><b>PDOP:</b> 2.9622822289027284<br/><b>GDOP:</b> 3.339033440259818<br/><b>Velocity:</b> 8.638741887666924 m/s]]></description>
            <styleUrl>#red_point</styleUrl>
            <Point>
                <coordinates>35.18105070,32.10452895,303.090</coordinates>
            </Point>
        </Placemark>
        <Placemark>
            <name>Point 640</name>
            <description><![CDATA[<b>Time:</b> 2026-03-22 07:22:11<br/><b>Satellites:</b> E13,E19,E27,E30<br/><b>RMS residual:</b> 0.0<br/><b>PDOP:</b> 2.9618433245318565<br/><b>GDOP:</b> 3.3385228374586897<br/><b>Velocity:</b> 9.452074770962062 m/s]]></description>
            <styleUrl>#red_point</styleUrl>
            <Point>
                <coordinates>35.18124995,32.10452081,304.771</coordinates>
            </Point>
        </Placemark>
        <Placemark>
            <name>Point 641</name>
            <description><![CDATA[<b>Time:</b> 2026-03-22 07:22:13<br/><b>Satellites:</b> E13,E19,E27,E30<br/><b>RMS residual:</b> 0.0<br/><b>PDOP:</b> 2.9614039396922176<br/><b>GDOP:</b> 3.338011532526046<br/><b>Velocity:</b> 10.59353959117026 m/s]]></description>
            <styleUrl>#red_point</styleUrl>
            <Point>
                <coordinates>35.18147277,32.10452011,307.328</coordinates>
            </Point>
        </Placemark>
        <Placemark>
            <name>Point 642</name>
            <description><![CDATA[<b>Time:</b> 2026-03-22 07:22:19<br/><b>Satellites:</b> E13,E19,E27,E30<br/><b>RMS residual:</b> 1.862645149230957e-09<br/><b>PDOP:</b> 2.960088669638441<br/><b>GDOP:</b> 3.3364809930845283<br/><b>Velocity:</b> 12.515179708399915 m/s]]></description>
            <styleUrl>#red_point</styleUrl>
            <Point>
                <coordinates>35.18220607,32.10458654,319.974</coordinates>
            </Point>
        </Placemark>
        <Placemark>
            <name>Point 643</name>
            <description><![CDATA[<b>Time:</b> 2026-03-22 07:22:21<br/><b>Satellites:</b> E13,E19,E27,E30<br/><b>RMS residual:</b> 2.634178031930877e-09<br/><b>PDOP:</b> 2.9596500209346934<br/><b>GDOP:</b> 3.3359702919333576<br/><b>Velocity:</b> 13.254829701808339 m/s]]></description>
            <styleUrl>#red_point</styleUrl>
            <Point>
                <coordinates>35.18247824,32.10463757,323.255</coordinates>
            </Point>
        </Placemark>
        <Placemark>
            <name>Point 644</name>
            <description><![CDATA[<b>Time:</b> 2026-03-22 07:22:23<br/><b>Satellites:</b> E13,E19,E27,E30<br/><b>RMS residual:</b> 1.862645149230957e-09<br/><b>PDOP:</b> 2.9592111522800244<br/><b>GDOP:</b> 3.3354591953776755<br/><b>Velocity:</b> 14.213774019070144 m/s]]></description>
            <styleUrl>#red_point</styleUrl>
            <Point>
                <coordinates>35.18276898,32.10469929,326.111</coordinates>
            </Point>
        </Placemark>
        <Placemark>
            <name>Point 645</name>
            <description><![CDATA[<b>Time:</b> 2026-03-22 07:22:29<br/><b>Satellites:</b> E13,E19,E27,E30<br/><b>RMS residual:</b> 1.862645149230957e-09<br/><b>PDOP:</b> 2.9578963750388967<br/><b>GDOP:</b> 3.333927586574587<br/><b>Velocity:</b> 16.168956874522838 m/s]]></description>
            <styleUrl>#red_point</styleUrl>
            <Point>
                <coordinates>35.18371657,32.10494260,330.618</coordinates>
            </Point>
        </Placemark>
        <Placemark>
            <name>Point 646</name>
            <description><![CDATA[<b>Time:</b> 2026-03-22 07:22:31<br/><b>Satellites:</b> E13,E19,E27,E30<br/><b>RMS residual:</b> 3.226196034939731e-09<br/><b>PDOP:</b> 2.9574575516229133<br/><b>GDOP:</b> 3.3334160255595644<br/><b>Velocity:</b> 16.85085943038541 m/s]]></description>
            <styleUrl>#red_point</styleUrl>
            <Point>
                <coordinates>35.18405570,32.10503623,332.440</coordinates>
            </Point>
        </Placemark>
        <Placemark>
            <name>Point 647</name>
            <description><![CDATA[<b>Time:</b> 2026-03-22 07:22:35<br/><b>Satellites:</b> E13,E19,E27,E30<br/><b>RMS residual:</b> 3.226196034939731e-09<br/><b>PDOP:</b> 2.9565800186540243<br/><b>GDOP:</b> 3.3323927230647383<br/><b>Velocity:</b> 17.380492015002314 m/s]]></description>
            <styleUrl>#red_point</styleUrl>
            <Point>
                <coordinates>35.18475588,32.10521433,335.436</coordinates>
            </Point>
        </Placemark>
        <Placemark>
            <name>Point 648</name>
            <description><![CDATA[<b>Time:</b> 2026-03-22 07:22:39<br/><b>Satellites:</b> E13,E19,E27,E30<br/><b>RMS residual:</b> 2.634178031930877e-09<br/><b>PDOP:</b> 2.955705037326947<br/><b>GDOP:</b> 3.331372446996632<br/><b>Velocity:</b> 17.87400988596731 m/s]]></description>
            <styleUrl>#red_point</styleUrl>
            <Point>
                <coordinates>35.18548825,32.10536312,337.384</coordinates>
            </Point>
        </Placemark>
        <Placemark>
            <name>Point 649</name>
            <description><![CDATA[<b>Time:</b> 2026-03-22 07:22:41<br/><b>Satellites:</b> E13,E19,E27,E30<br/><b>RMS residual:</b> 1.862645149230957e-09<br/><b>PDOP:</b> 2.955265470325187<br/><b>GDOP:</b> 3.330859257513763<br/><b>Velocity:</b> 18.202373151656154 m/s]]></description>
            <styleUrl>#red_point</styleUrl>
            <Point>
                <coordinates>35.18586726,32.10542244,338.868</coordinates>
            </Point>
        </Placemark>
        <Placemark>
            <name>Point 650</name>
            <description><![CDATA[<b>Time:</b> 2026-03-22 07:22:43<br/><b>Satellites:</b> E13,E19,E27,E30<br/><b>RMS residual:</b> 3.226196034939731e-09<br/><b>PDOP:</b> 2.9548279751889024<br/><b>GDOP:</b> 3.33034873471003<br/><b>Velocity:</b> 17.739363291992944 m/s]]></description>
            <styleUrl>#red_point</styleUrl>
            <Point>
                <coordinates>35.18623862,32.10547039,340.202</coordinates>
            </Point>
        </Placemark>
        <Placemark>
            <name>Point 651</name>
            <description><![CDATA[<b>Time:</b> 2026-03-22 07:22:47<br/><b>Satellites:</b> E13,E19,E27,E30<br/><b>RMS residual:</b> 2.634178031930877e-09<br/><b>PDOP:</b> 2.9539515810972476<br/><b>GDOP:</b> 3.329325450020442<br/><b>Velocity:</b> 16.588081946583817 m/s]]></description>
            <styleUrl>#red_point</styleUrl>
            <Point>
                <coordinates>35.18695362,32.10555518,339.793</coordinates>
            </Point>
        </Placemark>
        <Placemark>
            <name>Point 652</name>
            <description><![CDATA[<b>Time:</b> 2026-03-22 07:22:49<br/><b>Satellites:</b> E13,E19,E27,E30<br/><b>RMS residual:</b> 1.862645149230957e-09<br/><b>PDOP:</b> 2.953516043930261<br/><b>GDOP:</b> 3.328817213641017<br/><b>Velocity:</b> 15.672182561769326 m/s]]></description>
            <styleUrl>#red_point</styleUrl>
            <Point>
                <coordinates>35.18728399,32.10558288,340.549</coordinates>
            </Point>
        </Placemark>
        <Placemark>
            <name>Point 653</name>
            <description><![CDATA[<b>Time:</b> 2026-03-22 07:22:51<br/><b>Satellites:</b> E13,E19,E27,E30<br/><b>RMS residual:</b> 3.226196034939731e-09<br/><b>PDOP:</b> 2.95307711345047<br/><b>GDOP:</b> 3.328304196693437<br/><b>Velocity:</b> 14.783776335976802 m/s]]></description>
            <styleUrl>#red_point</styleUrl>
            <Point>
                <coordinates>35.18759621,32.10559863,342.198</coordinates>
            </Point>
        </Placemark>
        <Placemark>
            <name>Point 654</name>
            <description><![CDATA[<b>Time:</b> 2026-03-22 07:22:53<br/><b>Satellites:</b> E13,E19,E27,E30<br/><b>RMS residual:</b> 2.634178031930877e-09<br/><b>PDOP:</b> 2.9526394211671994<br/><b>GDOP:</b> 3.3277925413986074<br/><b>Velocity:</b> 14.232742256483679 m/s]]></description>
            <styleUrl>#red_point</styleUrl>
            <Point>
                <coordinates>35.18789732,32.10560615,343.531</coordinates>
            </Point>
        </Placemark>
        <Placemark>
            <name>Point 655</name>
            <description><![CDATA[<b>Time:</b> 2026-03-22 07:22:55<br/><b>Satellites:</b> E13,E19,E27,E30<br/><b>RMS residual:</b> 0.0<br/><b>PDOP:</b> 2.952203677307301<br/><b>GDOP:</b> 3.3272835489994574<br/><b>Velocity:</b> 13.853290753921657 m/s]]></description>
            <styleUrl>#red_point</styleUrl>
            <Point>
                <coordinates>35.18819009,32.10560732,345.525</coordinates>
            </Point>
        </Placemark>
        <Placemark>
            <name>Point 656</name>
            <description><![CDATA[<b>Time:</b> 2026-03-22 07:23:01<br/><b>Satellites:</b> E13,E19,E27,E30<br/><b>RMS residual:</b> 3.226196034939731e-09<br/><b>PDOP:</b> 2.950894029573494<br/><b>GDOP:</b> 3.3257516945847674<br/><b>Velocity:</b> 13.851440872814718 m/s]]></description>
            <styleUrl>#red_point</styleUrl>
            <Point>
                <coordinates>35.18904098,32.10557247,355.513</coordinates>
            </Point>
        </Placemark>
        <Placemark>
            <name>Point 657</name>
            <description><![CDATA[<b>Time:</b> 2026-03-22 07:23:07<br/><b>Satellites:</b> E13,E19,E27,E30<br/><b>RMS residual:</b> 0.0<br/><b>PDOP:</b> 2.94958101902255<br/><b>GDOP:</b> 3.324214427826503<br/><b>Velocity:</b> 14.575767485526246 m/s]]></description>
            <styleUrl>#red_point</styleUrl>
            <Point>
                <coordinates>35.18993062,32.10548350,360.915</coordinates>
            </Point>
        </Placemark>
        <Placemark>
            <name>Point 658</name>
            <description><![CDATA[<b>Time:</b> 2026-03-22 07:23:09<br/><b>Satellites:</b> E13,E19,E27,E30<br/><b>RMS residual:</b> 1.862645149230957e-09<br/><b>PDOP:</b> 2.949144483863519<br/><b>GDOP:</b> 3.3237034282328284<br/><b>Velocity:</b> 15.621041402065472 m/s]]></description>
            <styleUrl>#red_point</styleUrl>
            <Point>
                <coordinates>35.19025594,32.10543655,363.374</coordinates>
            </Point>
        </Placemark>
        <Placemark>
            <name>Point 659</name>
            <description><![CDATA[<b>Time:</b> 2026-03-22 07:23:11<br/><b>Satellites:</b> E13,E19,E27,E30<br/><b>RMS residual:</b> 2.634178031930877e-09<br/><b>PDOP:</b> 2.9487073332409666<br/><b>GDOP:</b> 3.3231914919543892<br/><b>Velocity:</b> 16.68235162965517 m/s]]></description>
            <styleUrl>#red_point</styleUrl>
            <Point>
                <coordinates>35.19060238,32.10537965,365.387</coordinates>
            </Point>
        </Placemark>
        <Placemark>
            <name>Point 660</name>
            <description><![CDATA[<b>Time:</b> 2026-03-22 07:23:13<br/><b>Satellites:</b> E13,E19,E27,E30<br/><b>RMS residual:</b> 2.634178031930877e-09<br/><b>PDOP:</b> 2.948273675513345<br/><b>GDOP:</b> 3.322684118074092<br/><b>Velocity:</b> 17.74533876453471 m/s]]></description>
            <styleUrl>#red_point</styleUrl>
            <Point>
                <coordinates>35.19096995,32.10531389,367.028</coordinates>
            </Point>
        </Placemark>
        <Placemark>
            <name>Point 661</name>
            <description><![CDATA[<b>Time:</b> 2026-03-22 07:23:15<br/><b>Satellites:</b> E13,E19,E27,E30<br/><b>RMS residual:</b> 1.862645149230957e-09<br/><b>PDOP:</b> 2.9478366588942726<br/><b>GDOP:</b> 3.322172218561905<br/><b>Velocity:</b> 18.30568208135841 m/s]]></description>
            <styleUrl>#red_point</styleUrl>
            <Point>
                <coordinates>35.19134805,32.10524071,367.907</coordinates>
            </Point>
        </Placemark>
        <Placemark>
            <name>Point 662</name>
            <description><![CDATA[<b>Time:</b> 2026-03-22 07:23:17<br/><b>Satellites:</b> E13,E19,E27,E30<br/><b>RMS residual:</b> 1.862645149230957e-09<br/><b>PDOP:</b> 2.9473998678777593<br/><b>GDOP:</b> 3.3216601757241304<br/><b>Velocity:</b> 18.87196192995668 m/s]]></description>
            <styleUrl>#red_point</styleUrl>
            <Point>
                <coordinates>35.19173671,32.10516067,368.061</coordinates>
            </Point>
        </Placemark>
        <Placemark>
            <name>Point 663</name>
            <description><![CDATA[<b>Time:</b> 2026-03-22 07:23:33<br/><b>Satellites:</b> E13,E19,E27,E30<br/><b>RMS residual:</b> 0.0<br/><b>PDOP:</b> 2.943913468379381<br/><b>GDOP:</b> 3.317570701514111<br/><b>Velocity:</b> 18.157483035166706 m/s]]></description>
            <styleUrl>#red_point</styleUrl>
            <Point>
                <coordinates>35.19482200,32.10423584,367.063</coordinates>
            </Point>
        </Placemark>
        <Placemark>
            <name>Point 664</name>
            <description><![CDATA[<b>Time:</b> 2026-03-22 07:23:39<br/><b>Satellites:</b> E13,E19,E27,E30<br/><b>RMS residual:</b> 0.0<br/><b>PDOP:</b> 2.94260889973777<br/><b>GDOP:</b> 3.3160385031646373<br/><b>Velocity:</b> 16.322431765615704 m/s]]></description>
            <styleUrl>#red_point</styleUrl>
            <Point>
                <coordinates>35.19577946,32.10384313,373.180</coordinates>
            </Point>
        </Placemark>
        <Placemark>
            <name>Point 665</name>
            <description><![CDATA[<b>Time:</b> 2026-03-22 07:23:49<br/><b>Satellites:</b> E13,E19,E27,E30<br/><b>RMS residual:</b> 1.862645149230957e-09<br/><b>PDOP:</b> 2.94043609223175<br/><b>GDOP:</b> 3.3134826695096824<br/><b>Velocity:</b> 13.74367380725123 m/s]]></description>
            <styleUrl>#red_point</styleUrl>
            <Point>
                <coordinates>35.19692453,32.10347913,379.257</coordinates>
            </Point>
        </Placemark>
        <Placemark>
            <name>Point 666</name>
            <description><![CDATA[<b>Time:</b> 2026-03-22 07:23:51<br/><b>Satellites:</b> E13,E19,E27,E30<br/><b>RMS residual:</b> 3.226196034939731e-09<br/><b>PDOP:</b> 2.9400010030096095<br/><b>GDOP:</b> 3.312970740620673<br/><b>Velocity:</b> 13.40970893473776 m/s]]></description>
            <styleUrl>#red_point</styleUrl>
            <Point>
                <coordinates>35.19720016,32.10342440,381.602</coordinates>
            </Point>
        </Placemark>
        <Placemark>
            <name>Point 667</name>
            <description><![CDATA[<b>Time:</b> 2026-03-22 07:23:53<br/><b>Satellites:</b> E13,E19,E27,E30<br/><b>RMS residual:</b> 3.226196034939731e-09<br/><b>PDOP:</b> 2.939566941317195<br/><b>GDOP:</b> 3.3124598850686597<br/><b>Velocity:</b> 14.375613949178856 m/s]]></description>
            <styleUrl>#red_point</styleUrl>
            <Point>
                <coordinates>35.19750393,32.10341390,383.361</coordinates>
            </Point>
        </Placemark>
        <Placemark>
            <name>Point 668</name>
            <description><![CDATA[<b>Time:</b> 2026-03-22 07:23:55<br/><b>Satellites:</b> E13,E19,E27,E30<br/><b>RMS residual:</b> 2.634178031930877e-09<br/><b>PDOP:</b> 2.939134692740946<br/><b>GDOP:</b> 3.3119512927884642<br/><b>Velocity:</b> 14.912148139445366 m/s]]></description>
            <styleUrl>#red_point</styleUrl>
            <Point>
                <coordinates>35.19781923,32.10342353,384.965</coordinates>
            </Point>
        </Placemark>
        <Placemark>
            <name>Point 669</name>
            <description><![CDATA[<b>Time:</b> 2026-03-22 07:23:57<br/><b>Satellites:</b> E13,E19,E27,E30<br/><b>RMS residual:</b> 1.862645149230957e-09<br/><b>PDOP:</b> 2.9387013969236495<br/><b>GDOP:</b> 3.3114414167598087<br/><b>Velocity:</b> 15.785299305436094 m/s]]></description>
            <styleUrl>#red_point</styleUrl>
            <Point>
                <coordinates>35.19815188,32.10345263,385.572</coordinates>
            </Point>
        </Placemark>
        <Placemark>
            <name>Point 670</name>
            <description><![CDATA[<b>Time:</b> 2026-03-22 07:23:59<br/><b>Satellites:</b> E13,E19,E27,E30<br/><b>RMS residual:</b> 1.862645149230957e-09<br/><b>PDOP:</b> 2.9382673123781933<br/><b>GDOP:</b> 3.3109302523823554<br/><b>Velocity:</b> 18.048492364597177 m/s]]></description>
            <styleUrl>#red_point</styleUrl>
            <Point>
                <coordinates>35.19852716,32.10351274,387.508</coordinates>
            </Point>
        </Placemark>
        <Placemark>
            <name>Point 671</name>
            <description><![CDATA[<b>Time:</b> 2026-03-22 07:24:01<br/><b>Satellites:</b> E13,E19,E27,E30<br/><b>RMS residual:</b> 1.862645149230957e-09<br/><b>PDOP:</b> 2.9378309267588265<br/><b>GDOP:</b> 3.310415608131899<br/><b>Velocity:</b> 18.83879920050761 m/s]]></description>
            <styleUrl>#red_point</styleUrl>
            <Point>
                <coordinates>35.19891389,32.10359644,388.448</coordinates>
            </Point>
        </Placemark>
        <Placemark>
            <name>Point 672</name>
            <description><![CDATA[<b>Time:</b> 2026-03-22 07:24:05<br/><b>Satellites:</b> E13,E19,E27,E30<br/><b>RMS residual:</b> 1.862645149230957e-09<br/><b>PDOP:</b> 2.936963487255645<br/><b>GDOP:</b> 3.3093935169538327<br/><b>Velocity:</b> 9.339289683133348 m/s]]></description>
            <styleUrl>#red_point</styleUrl>
            <Point>
                <coordinates>35.19929264,32.10369392,389.158</coordinates>
            </Point>
        </Placemark>
        <Placemark>
            <name>Point 673</name>
            <description><![CDATA[<b>Time:</b> 2026-03-22 07:24:07<br/><b>Satellites:</b> E13,E19,E27,E30<br/><b>RMS residual:</b> 3.226196034939731e-09<br/><b>PDOP:</b> 2.936529131727922<br/><b>GDOP:</b> 3.3088813430519357<br/><b>Velocity:</b> 19.02548810632506 m/s]]></description>
            <styleUrl>#red_point</styleUrl>
            <Point>
                <coordinates>35.19967192,32.10381013,388.841</coordinates>
            </Point>
        </Placemark>
        <Placemark>
            <name>Point 674</name>
            <description><![CDATA[<b>Time:</b> 2026-03-22 07:24:09<br/><b>Satellites:</b> E13,E19,E27,E30<br/><b>RMS residual:</b> 1.862645149230957e-09<br/><b>PDOP:</b> 2.936095697882447<br/><b>GDOP:</b> 3.3083704009533297<br/><b>Velocity:</b> 19.75729237461478 m/s]]></description>
            <styleUrl>#red_point</styleUrl>
            <Point>
                <coordinates>35.20006538,32.10393180,388.969</coordinates>
            </Point>
        </Placemark>
        <Placemark>
            <name>Point 675</name>
            <description><![CDATA[<b>Time:</b> 2026-03-22 07:24:13<br/><b>Satellites:</b> E13,E19,E27,E30<br/><b>RMS residual:</b> 1.862645149230957e-09<br/><b>PDOP:</b> 2.935226237103741<br/><b>GDOP:</b> 3.307344330087233<br/><b>Velocity:</b> 9.79827197541467 m/s]]></description>
            <styleUrl>#red_point</styleUrl>
            <Point>
                <coordinates>35.20045369,32.10405682,389.636</coordinates>
            </Point>
        </Placemark>
        <Placemark>
            <name>Point 676</name>
            <description><![CDATA[<b>Time:</b> 2026-03-22 07:24:15<br/><b>Satellites:</b> E13,E19,E27,E30<br/><b>RMS residual:</b> 1.862645149230957e-09<br/><b>PDOP:</b> 2.934793137625796<br/><b>GDOP:</b> 3.3068333277401742<br/><b>Velocity:</b> 20.04955962473981 m/s]]></description>
            <styleUrl>#red_point</styleUrl>
            <Point>
                <coordinates>35.20085133,32.10418379,390.570</coordinates>
            </Point>
        </Placemark>
        <Placemark>
            <name>Point 677</name>
            <description><![CDATA[<b>Time:</b> 2026-03-22 07:24:17<br/><b>Satellites:</b> E13,E19,E27,E30<br/><b>RMS residual:</b> 3.226196034939731e-09<br/><b>PDOP:</b> 2.934359793537043<br/><b>GDOP:</b> 3.3063218099021263<br/><b>Velocity:</b> 20.85036288737253 m/s]]></description>
            <styleUrl>#red_point</styleUrl>
            <Point>
                <coordinates>35.20126188,32.10432238,389.578</coordinates>
            </Point>
        </Placemark>
        <Placemark>
            <name>Point 678</name>
            <description><![CDATA[<b>Time:</b> 2026-03-22 07:24:19<br/><b>Satellites:</b> E13,E19,E27,E30<br/><b>RMS residual:</b> 2.634178031930877e-09<br/><b>PDOP:</b> 2.9339281282146623<br/><b>GDOP:</b> 3.3058124472560815<br/><b>Velocity:</b> 19.212168745709597 m/s]]></description>
            <styleUrl>#red_point</styleUrl>
            <Point>
                <coordinates>35.20164652,32.10443534,390.717</coordinates>
            </Point>
        </Placemark>
        <Placemark>
            <name>Point 679</name>
            <description><![CDATA[<b>Time:</b> 2026-03-22 07:24:23<br/><b>Satellites:</b> E13,E19,E27,E30<br/><b>RMS residual:</b> 2.634178031930877e-09<br/><b>PDOP:</b> 2.9330621108503974<br/><b>GDOP:</b> 3.304789738645063<br/><b>Velocity:</b> 18.151279269761897 m/s]]></description>
            <styleUrl>#red_point</styleUrl>
            <Point>
                <coordinates>35.20239391,32.10464355,391.241</coordinates>
            </Point>
        </Placemark>
        <Placemark>
            <name>Point 680</name>
            <description><![CDATA[<b>Time:</b> 2026-03-22 07:24:27<br/><b>Satellites:</b> E13,E19,E27,E30<br/><b>RMS residual:</b> 0.0<br/><b>PDOP:</b> 2.9321967055239178<br/><b>GDOP:</b> 3.303767506017408<br/><b>Velocity:</b> 14.809845397087523 m/s]]></description>
            <styleUrl>#red_point</styleUrl>
            <Point>
                <coordinates>35.20301526,32.10479671,389.400</coordinates>
            </Point>
        </Placemark>
        <Placemark>
            <name>Point 681</name>
            <description><![CDATA[<b>Time:</b> 2026-03-22 07:24:29<br/><b>Satellites:</b> E13,E19,E27,E30<br/><b>RMS residual:</b> 2.634178031930877e-09<br/><b>PDOP:</b> 2.9317621418699336<br/><b>GDOP:</b> 3.3032534601268244<br/><b>Velocity:</b> 14.333527006406836 m/s]]></description>
            <styleUrl>#red_point</styleUrl>
            <Point>
                <coordinates>35.20331178,32.10485152,388.183</coordinates>
            </Point>
        </Placemark>
        <Placemark>
            <name>Point 682</name>
            <description><![CDATA[<b>Time:</b> 2026-03-22 07:24:31<br/><b>Satellites:</b> E13,E19,E27,E30<br/><b>RMS residual:</b> 3.226196034939731e-09<br/><b>PDOP:</b> 2.9313295448625385<br/><b>GDOP:</b> 3.3027419205957647<br/><b>Velocity:</b> 13.925022062906029 m/s]]></description>
            <styleUrl>#red_point</styleUrl>
            <Point>
                <coordinates>35.20360257,32.10489325,389.080</coordinates>
            </Point>
        </Placemark>
        <Placemark>
            <name>Point 683</name>
            <description><![CDATA[<b>Time:</b> 2026-03-22 07:24:33<br/><b>Satellites:</b> E13,E19,E27,E30<br/><b>RMS residual:</b> 1.862645149230957e-09<br/><b>PDOP:</b> 2.9308995192823595<br/><b>GDOP:</b> 3.3022336480053687<br/><b>Velocity:</b> 13.473687265331277 m/s]]></description>
            <styleUrl>#red_point</styleUrl>
            <Point>
                <coordinates>35.20388424,32.10493287,388.940</coordinates>
            </Point>
        </Placemark>
        <Placemark>
            <name>Point 684</name>
            <description><![CDATA[<b>Time:</b> 2026-03-22 07:24:35<br/><b>Satellites:</b> E13,E19,E27,E30<br/><b>RMS residual:</b> 1.862645149230957e-09<br/><b>PDOP:</b> 2.9304662806122397<br/><b>GDOP:</b> 3.301720735616417<br/><b>Velocity:</b> 13.388555385247784 m/s]]></description>
            <styleUrl>#red_point</styleUrl>
            <Point>
                <coordinates>35.20416556,32.10496398,388.954</coordinates>
            </Point>
        </Placemark>
        <Placemark>
            <name>Point 685</name>
            <description><![CDATA[<b>Time:</b> 2026-03-22 07:24:37<br/><b>Satellites:</b> E13,E19,E27,E30<br/><b>RMS residual:</b> 2.634178031930877e-09<br/><b>PDOP:</b> 2.93003672206504<br/><b>GDOP:</b> 3.301212694758219<br/><b>Velocity:</b> 13.049413999967031 m/s]]></description>
            <styleUrl>#red_point</styleUrl>
            <Point>
                <coordinates>35.20444047,32.10497863,391.224</coordinates>
            </Point>
        </Placemark>
        <Placemark>
            <name>Point 686</name>
            <description><![CDATA[<b>Time:</b> 2026-03-22 07:24:39<br/><b>Satellites:</b> E13,E19,E27,E30<br/><b>RMS residual:</b> 1.862645149230957e-09<br/><b>PDOP:</b> 2.929603789994684<br/><b>GDOP:</b> 3.3007000352312064<br/><b>Velocity:</b> 12.759098088619579 m/s]]></description>
            <styleUrl>#red_point</styleUrl>
            <Point>
                <coordinates>35.20470856,32.10498416,394.455</coordinates>
            </Point>
        </Placemark>
        <Placemark>
            <name>Point 687</name>
            <description><![CDATA[<b>Time:</b> 2026-03-22 07:24:41<br/><b>Satellites:</b> E13,E19,E27,E30<br/><b>RMS residual:</b> 1.862645149230957e-09<br/><b>PDOP:</b> 2.929172472257283<br/><b>GDOP:</b> 3.3001893648351848<br/><b>Velocity:</b> 12.567717033306215 m/s]]></description>
            <styleUrl>#red_point</styleUrl>
            <Point>
                <coordinates>35.20497361,32.10498338,396.873</coordinates>
            </Point>
        </Placemark>
        <Placemark>
            <name>Point 688</name>
            <description><![CDATA[<b>Time:</b> 2026-03-22 07:24:43<br/><b>Satellites:</b> E13,E19,E27,E30<br/><b>RMS residual:</b> 1.862645149230957e-09<br/><b>PDOP:</b> 2.9287433578737265<br/><b>GDOP:</b> 3.2996816813191887<br/><b>Velocity:</b> 12.928749726147187 m/s]]></description>
            <styleUrl>#red_point</styleUrl>
            <Point>
                <coordinates>35.20524487,32.10497633,400.397</coordinates>
            </Point>
        </Placemark>
        <Placemark>
            <name>Point 689</name>
            <description><![CDATA[<b>Time:</b> 2026-03-22 07:24:45<br/><b>Satellites:</b> E13,E19,E27,E30<br/><b>RMS residual:</b> 3.226196034939731e-09<br/><b>PDOP:</b> 2.928312687906566<br/><b>GDOP:</b> 3.2991718057545607<br/><b>Velocity:</b> 13.692644529855349 m/s]]></description>
            <styleUrl>#red_point</styleUrl>
            <Point>
                <coordinates>35.20552879,32.10495520,405.518</coordinates>
            </Point>
        </Placemark>
        <Placemark>
            <name>Point 690</name>
            <description><![CDATA[<b>Time:</b> 2026-03-22 07:24:47<br/><b>Satellites:</b> E13,E19,E27,E30<br/><b>RMS residual:</b> 2.634178031930877e-09<br/><b>PDOP:</b> 2.9278771095757303<br/><b>GDOP:</b> 3.298655054931834<br/><b>Velocity:</b> 14.419516819598138 m/s]]></description>
            <styleUrl>#red_point</styleUrl>
            <Point>
                <coordinates>35.20583102,32.10492844,408.528</coordinates>
            </Point>
        </Placemark>
        <Placemark>
            <name>Point 691</name>
            <description><![CDATA[<b>Time:</b> 2026-03-22 07:24:49<br/><b>Satellites:</b> E13,E19,E27,E30<br/><b>RMS residual:</b> 1.862645149230957e-09<br/><b>PDOP:</b> 2.9274443758650572<br/><b>GDOP:</b> 3.2981420777177153<br/><b>Velocity:</b> 15.278342497430856 m/s]]></description>
            <styleUrl>#red_point</styleUrl>
            <Point>
                <coordinates>35.20615104,32.10489669,411.497</coordinates>
            </Point>
        </Placemark>
        <Placemark>
            <name>Point 692</name>
            <description><![CDATA[<b>Time:</b> 2026-03-22 07:24:51<br/><b>Satellites:</b> E13,E19,E27,E30<br/><b>RMS residual:</b> 2.634178031930877e-09<br/><b>PDOP:</b> 2.9270126552769726<br/><b>GDOP:</b> 3.29763026679345<br/><b>Velocity:</b> 15.380123766967946 m/s]]></description>
            <styleUrl>#red_point</styleUrl>
            <Point>
                <coordinates>35.20647180,32.10485950,415.030</coordinates>
            </Point>
        </Placemark>
        <Placemark>
            <name>Point 693</name>
            <description><![CDATA[<b>Time:</b> 2026-03-22 07:24:53<br/><b>Satellites:</b> E13,E19,E27,E30<br/><b>RMS residual:</b> 3.226196034939731e-09<br/><b>PDOP:</b> 2.9265807997665787<br/><b>GDOP:</b> 3.2971181683533017<br/><b>Velocity:</b> 15.91211086319603 m/s]]></description>
            <styleUrl>#red_point</styleUrl>
            <Point>
                <coordinates>35.20680454,32.10481565,416.681</coordinates>
            </Point>
        </Placemark>
        <Placemark>
            <name>Point 694</name>
            <description><![CDATA[<b>Time:</b> 2026-03-22 07:24:55<br/><b>Satellites:</b> E13,E19,E27,E30<br/><b>RMS residual:</b> 1.862645149230957e-09<br/><b>PDOP:</b> 2.926149323518451<br/><b>GDOP:</b> 3.296606413308895<br/><b>Velocity:</b> 15.294813832832348 m/s]]></description>
            <styleUrl>#red_point</styleUrl>
            <Point>
                <coordinates>35.20712068,32.10476150,419.704</coordinates>
            </Point>
        </Placemark>
        <Placemark>
            <name>Point 695</name>
            <description><![CDATA[<b>Time:</b> 2026-03-22 07:25:01<br/><b>Satellites:</b> E13,E19,E27,E30<br/><b>RMS residual:</b> 2.634178031930877e-09<br/><b>PDOP:</b> 2.9248611743585378<br/><b>GDOP:</b> 3.2950790847657156<br/><b>Velocity:</b> 13.31419986281008 m/s]]></description>
            <styleUrl>#red_point</styleUrl>
            <Point>
                <coordinates>35.20797459,32.10459659,426.480</coordinates>
            </Point>
        </Placemark>
        <Placemark>
            <name>Point 696</name>
            <description><![CDATA[<b>Time:</b> 2026-03-22 07:25:03<br/><b>Satellites:</b> E13,E19,E27,E30<br/><b>RMS residual:</b> 1.862645149230957e-09<br/><b>PDOP:</b> 2.924427585875322<br/><b>GDOP:</b> 3.2945633494816264<br/><b>Velocity:</b> 12.910293657030753 m/s]]></description>
            <styleUrl>#red_point</styleUrl>
            <Point>
                <coordinates>35.20824093,32.10454354,426.692</coordinates>
            </Point>
        </Placemark>
        <Placemark>
            <name>Point 697</name>
            <description><![CDATA[<b>Time:</b> 2026-03-22 07:25:05<br/><b>Satellites:</b> E13,E19,E27,E30<br/><b>RMS residual:</b> 0.0<br/><b>PDOP:</b> 2.9240002982897604<br/><b>GDOP:</b> 3.2940565569066433<br/><b>Velocity:</b> 12.405585706776606 m/s]]></description>
            <styleUrl>#red_point</styleUrl>
            <Point>
                <coordinates>35.20849442,32.10448625,425.041</coordinates>
            </Point>
        </Placemark>
        <Placemark>
            <name>Point 698</name>
            <description><![CDATA[<b>Time:</b> 2026-03-22 07:25:09<br/><b>Satellites:</b> E13,E19,E27,E30<br/><b>RMS residual:</b> 0.0<br/><b>PDOP:</b> 2.9231401966428034<br/><b>GDOP:</b> 3.2930345633171716<br/><b>Velocity:</b> 11.695800300476286 m/s]]></description>
            <styleUrl>#red_point</styleUrl>
            <Point>
                <coordinates>35.20896845,32.10434493,422.349</coordinates>
            </Point>
        </Placemark>
        <Placemark>
            <name>Point 699</name>
            <description><![CDATA[<b>Time:</b> 2026-03-22 07:25:11<br/><b>Satellites:</b> E13,E19,E27,E30<br/><b>RMS residual:</b> 0.0<br/><b>PDOP:</b> 2.922711947062996<br/><b>GDOP:</b> 3.2925260851805978<br/><b>Velocity:</b> 11.387518707887708 m/s]]></description>
            <styleUrl>#red_point</styleUrl>
            <Point>
                <coordinates>35.20918777,32.10425943,422.801</coordinates>
            </Point>
        </Placemark>
        <Placemark>
            <name>Point 700</name>
            <description><![CDATA[<b>Time:</b> 2026-03-22 07:25:13<br/><b>Satellites:</b> E13,E19,E27,E30<br/><b>RMS residual:</b> 2.634178031930877e-09<br/><b>PDOP:</b> 2.9222822585383286<br/><b>GDOP:</b> 3.2920152950240484<br/><b>Velocity:</b> 11.311779698589008 m/s]]></description>
            <styleUrl>#red_point</styleUrl>
            <Point>
                <coordinates>35.20940166,32.10416740,423.061</coordinates>
            </Point>
        </Placemark>
        <Placemark>
            <name>Point 701</name>
            <description><![CDATA[<b>Time:</b> 2026-03-22 07:25:15<br/><b>Satellites:</b> E13,E19,E27,E30<br/><b>RMS residual:</b> 2.634178031930877e-09<br/><b>PDOP:</b> 2.9218542812903334<br/><b>GDOP:</b> 3.2915067213087412<br/><b>Velocity:</b> 10.730176521642576 m/s]]></description>
            <styleUrl>#red_point</styleUrl>
            <Point>
                <coordinates>35.20959349,32.10406408,424.240</coordinates>
            </Point>
        </Placemark>
        <Placemark>
            <name>Point 702</name>
            <description><![CDATA[<b>Time:</b> 2026-03-22 07:25:17<br/><b>Satellites:</b> E13,E19,E27,E30<br/><b>RMS residual:</b> 1.862645149230957e-09<br/><b>PDOP:</b> 2.921426946099061<br/><b>GDOP:</b> 3.2909990372903386<br/><b>Velocity:</b> 10.933142164238602 m/s]]></description>
            <styleUrl>#red_point</styleUrl>
            <Point>
                <coordinates>35.20978622,32.10395530,425.529</coordinates>
            </Point>
        </Placemark>
        <Placemark>
            <name>Point 703</name>
            <description><![CDATA[<b>Time:</b> 2026-03-22 07:25:19<br/><b>Satellites:</b> E13,E19,E27,E30<br/><b>RMS residual:</b> 2.634178031930877e-09<br/><b>PDOP:</b> 2.9209955169826833<br/><b>GDOP:</b> 3.2904852369103765<br/><b>Velocity:</b> 10.74904905279353 m/s]]></description>
            <styleUrl>#red_point</styleUrl>
            <Point>
                <coordinates>35.20997376,32.10384559,426.401</coordinates>
            </Point>
        </Placemark>
        <Placemark>
            <name>Point 704</name>
            <description><![CDATA[<b>Time:</b> 2026-03-22 07:25:23<br/><b>Satellites:</b> E13,E19,E27,E30<br/><b>RMS residual:</b> 2.634178031930877e-09<br/><b>PDOP:</b> 2.920138486503815<br/><b>GDOP:</b> 3.2894654121758253<br/><b>Velocity:</b> 10.342914014117952 m/s]]></description>
            <styleUrl>#red_point</styleUrl>
            <Point>
                <coordinates>35.21034150,32.10361552,430.742</coordinates>
            </Point>
        </Placemark>
        <Placemark>
            <name>Point 705</name>
            <description><![CDATA[<b>Time:</b> 2026-03-22 07:25:29<br/><b>Satellites:</b> E13,E19,E27,E30<br/><b>RMS residual:</b> 1.862645149230957e-09<br/><b>PDOP:</b> 2.9188554710517507<br/><b>GDOP:</b> 3.28793761710651<br/><b>Velocity:</b> 7.588843781413782 m/s]]></description>
            <styleUrl>#red_point</styleUrl>
            <Point>
                <coordinates>35.21077113,32.10334591,438.385</coordinates>
            </Point>
        </Placemark>
        <Placemark>
            <name>Point 706</name>
            <description><![CDATA[<b>Time:</b> 2026-03-22 07:25:31<br/><b>Satellites:</b> E13,E19,E27,E30<br/><b>RMS residual:</b> 3.725290298461914e-09<br/><b>PDOP:</b> 2.9184233133072803<br/><b>GDOP:</b> 3.287422001116245<br/><b>Velocity:</b> 6.398709548417114 m/s]]></description>
            <styleUrl>#red_point</styleUrl>
            <Point>
                <coordinates>35.21088064,32.10328232,441.064</coordinates>
            </Point>
        </Placemark>
        <Placemark>
            <name>Point 707</name>
            <description><![CDATA[<b>Time:</b> 2026-03-22 07:25:35<br/><b>Satellites:</b> E13,E19,E27,E30<br/><b>RMS residual:</b> 1.862645149230957e-09<br/><b>PDOP:</b> 2.9175720281784203<br/><b>GDOP:</b> 3.2864081683237676<br/><b>Velocity:</b> 9.955817951975424 m/s]]></description>
            <styleUrl>#red_point</styleUrl>
            <Point>
                <coordinates>35.21112727,32.10317344,464.076</coordinates>
            </Point>
        </Placemark>
        <Placemark>
            <name>Point 708</name>
            <description><![CDATA[<b>Time:</b> 2026-03-22 07:25:41<br/><b>Satellites:</b> E13,E19,E27,E30<br/><b>RMS residual:</b> 1.862645149230957e-09<br/><b>PDOP:</b> 2.916290401208096<br/><b>GDOP:</b> 3.2848798006183006<br/><b>Velocity:</b> 19.72701891010962 m/s]]></description>
            <styleUrl>#red_point</styleUrl>
            <Point>
                <coordinates>35.21154353,32.10297724,551.449</coordinates>
            </Point>
        </Placemark>
        <Placemark>
            <name>Point 709</name>
            <description><![CDATA[<b>Time:</b> 2026-03-22 07:25:55<br/><b>Satellites:</b> E15,E21,E29,E34<br/><b>RMS residual:</b> 0.0<br/><b>PDOP:</b> 3.019041155895315<br/><b>GDOP:</b> 3.3748282369935403<br/><b>Velocity:</b> 22.72538398258506 m/s]]></description>
            <styleUrl>#red_point</styleUrl>
            <Point>
                <coordinates>35.21274541,32.10250036,870.459</coordinates>
            </Point>
        </Placemark>
        <Placemark>
            <name>Point 710</name>
            <description><![CDATA[<b>Time:</b> 2026-03-22 07:25:57<br/><b>Satellites:</b> E15,E21,E29,E34<br/><b>RMS residual:</b> 2.634178031930877e-09<br/><b>PDOP:</b> 3.0177914303511257<br/><b>GDOP:</b> 3.373323467443257<br/><b>Velocity:</b> 19.392807966687045 m/s]]></description>
            <styleUrl>#red_point</styleUrl>
            <Point>
                <coordinates>35.21291896,32.10249277,905.604</coordinates>
            </Point>
        </Placemark>
        <Placemark>
            <name>Point 711</name>
            <description><![CDATA[<b>Time:</b> 2026-03-22 07:26:09<br/><b>Satellites:</b> E15,E21,E29,E34<br/><b>RMS residual:</b> 1.862645149230957e-09<br/><b>PDOP:</b> 3.010324559134781<br/><b>GDOP:</b> 3.3643281389051394<br/><b>Velocity:</b> 18.787661171036515 m/s]]></description>
            <styleUrl>#red_point</styleUrl>
            <Point>
                <coordinates>35.21457561,32.10238230,1037.140</coordinates>
            </Point>
        </Placemark>
        <Placemark>
            <name>Point 712</name>
            <description><![CDATA[<b>Time:</b> 2026-03-22 07:26:21<br/><b>Satellites:</b> E07,E15,E27,E30<br/><b>RMS residual:</b> 1.862645149230957e-09<br/><b>PDOP:</b> 6.39162972695482<br/><b>GDOP:</b> 7.381820673664583<br/><b>Velocity:</b> 8.757713947459234 m/s]]></description>
            <styleUrl>#red_point</styleUrl>
            <Point>
                <coordinates>35.21593106,32.10231701,1103.298</coordinates>
            </Point>
        </Placemark>
        <Placemark>
            <name>Point 713</name>
            <description><![CDATA[<b>Time:</b> 2026-03-22 07:26:23<br/><b>Satellites:</b> E07,E15,E27,E30<br/><b>RMS residual:</b> 2.634178031930877e-09<br/><b>PDOP:</b> 6.397594878176676<br/><b>GDOP:</b> 7.388751272407452<br/><b>Velocity:</b> 7.181128068888538 m/s]]></description>
            <styleUrl>#red_point</styleUrl>
            <Point>
                <coordinates>35.21603808,32.10240504,1106.275</coordinates>
            </Point>
        </Placemark>
        <Placemark>
            <name>Point 714</name>
            <description><![CDATA[<b>Time:</b> 2026-03-22 07:26:49<br/><b>Satellites:</b> E13,E19,E27,E34<br/><b>RMS residual:</b> 0.0<br/><b>PDOP:</b> 2.6635206761593273<br/><b>GDOP:</b> 2.9973316157803627<br/><b>Velocity:</b> 31.13639528660097 m/s]]></description>
            <styleUrl>#red_point</styleUrl>
            <Point>
                <coordinates>35.21280905,32.10603975,741.297</coordinates>
            </Point>
        </Placemark>
        <Placemark>
            <name>Point 715</name>
            <description><![CDATA[<b>Time:</b> 2026-03-22 07:26:59<br/><b>Satellites:</b> E13,E19,E27,E30<br/><b>RMS residual:</b> 1.862645149230957e-09<br/><b>PDOP:</b> 2.8997617687961723<br/><b>GDOP:</b> 3.265063079839565<br/><b>Velocity:</b> 16.403227110394166 m/s]]></description>
            <styleUrl>#red_point</styleUrl>
            <Point>
                <coordinates>35.21248927,32.10677284,539.601</coordinates>
            </Point>
        </Placemark>
        <Placemark>
            <name>Point 716</name>
            <description><![CDATA[<b>Time:</b> 2026-03-22 07:27:01<br/><b>Satellites:</b> E13,E19,E27,E30<br/><b>RMS residual:</b> 3.226196034939731e-09<br/><b>PDOP:</b> 2.8993421292483847<br/><b>GDOP:</b> 3.2645574200720593<br/><b>Velocity:</b> 14.543637692466575 m/s]]></description>
            <styleUrl>#red_point</styleUrl>
            <Point>
                <coordinates>35.21255811,32.10679395,511.345</coordinates>
            </Point>
        </Placemark>
        <Placemark>
            <name>Point 717</name>
            <description><![CDATA[<b>Time:</b> 2026-03-22 07:27:05<br/><b>Satellites:</b> E13,E19,E27,E30<br/><b>RMS residual:</b> 1.862645149230957e-09<br/><b>PDOP:</b> 2.8984976727271694<br/><b>GDOP:</b> 3.2635387417183646<br/><b>Velocity:</b> 11.157163553626571 m/s]]></description>
            <styleUrl>#red_point</styleUrl>
            <Point>
                <coordinates>35.21256627,32.10667644,467.552</coordinates>
            </Point>
        </Placemark>
        <Placemark>
            <name>Point 718</name>
            <description><![CDATA[<b>Time:</b> 2026-03-22 07:27:09<br/><b>Satellites:</b> E13,E19,E27,E30<br/><b>RMS residual:</b> 0.0<br/><b>PDOP:</b> 2.8976588785254425<br/><b>GDOP:</b> 3.262526682084442<br/><b>Velocity:</b> 14.426975088358065 m/s]]></description>
            <styleUrl>#red_point</styleUrl>
            <Point>
                <coordinates>35.21223128,32.10634024,449.326</coordinates>
            </Point>
        </Placemark>
        <Placemark>
            <name>Point 719</name>
            <description><![CDATA[<b>Time:</b> 2026-03-22 07:27:15<br/><b>Satellites:</b> E13,E19,E27,E30<br/><b>RMS residual:</b> 1.862645149230957e-09<br/><b>PDOP:</b> 2.896404665918983<br/><b>GDOP:</b> 3.2610135308703794<br/><b>Velocity:</b> 7.1710061884589145 m/s]]></description>
            <styleUrl>#red_point</styleUrl>
            <Point>
                <coordinates>35.21178316,32.10598722,447.197</coordinates>
            </Point>
        </Placemark>
        <Placemark>
            <name>Point 720</name>
            <description><![CDATA[<b>Time:</b> 2026-03-22 07:27:23<br/><b>Satellites:</b> E13,E21,E29,E34<br/><b>RMS residual:</b> 2.634178031930877e-09<br/><b>PDOP:</b> 3.8426144228343824<br/><b>GDOP:</b> 4.2268192742155115<br/><b>Velocity:</b> 6.134941114314453 m/s]]></description>
            <styleUrl>#red_point</styleUrl>
            <Point>
                <coordinates>35.21120455,32.10547490,445.902</coordinates>
            </Point>
        </Placemark>
        <Placemark>
            <name>Point 721</name>
            <description><![CDATA[<b>Time:</b> 2026-03-22 07:27:29<br/><b>Satellites:</b> E13,E21,E29,E34<br/><b>RMS residual:</b> 1.862645149230957e-09<br/><b>PDOP:</b> 3.831500172642042<br/><b>GDOP:</b> 4.214571797221257<br/><b>Velocity:</b> 10.954582251507551 m/s]]></description>
            <styleUrl>#red_point</styleUrl>
            <Point>
                <coordinates>35.21089189,32.10516246,446.857</coordinates>
            </Point>
        </Placemark>
        <Placemark>
            <name>Point 722</name>
            <description><![CDATA[<b>Time:</b> 2026-03-22 07:27:37<br/><b>Satellites:</b> E13,E19,E27,E30<br/><b>RMS residual:</b> 1.862645149230957e-09<br/><b>PDOP:</b> 2.8918139438379575<br/><b>GDOP:</b> 3.2554616064857647<br/><b>Velocity:</b> 3.6855559411104037 m/s]]></description>
            <styleUrl>#red_point</styleUrl>
            <Point>
                <coordinates>35.21063426,32.10492303,453.441</coordinates>
            </Point>
        </Placemark>
        <Placemark>
            <name>Point 723</name>
            <description><![CDATA[<b>Time:</b> 2026-03-22 07:27:41<br/><b>Satellites:</b> E13,E19,E27,E30<br/><b>RMS residual:</b> 1.862645149230957e-09<br/><b>PDOP:</b> 2.8909750167105557<br/><b>GDOP:</b> 3.25444476377348<br/><b>Velocity:</b> 4.60386309918577 m/s]]></description>
            <styleUrl>#red_point</styleUrl>
            <Point>
                <coordinates>35.21058405,32.10477253,450.342</coordinates>
            </Point>
        </Placemark>
        <Placemark>
            <name>Point 724</name>
            <description><![CDATA[<b>Time:</b> 2026-03-22 07:27:43<br/><b>Satellites:</b> E13,E19,E27,E30<br/><b>RMS residual:</b> 2.634178031930877e-09<br/><b>PDOP:</b> 2.8905594062267173<br/><b>GDOP:</b> 3.253941236076014<br/><b>Velocity:</b> 6.911492645744272 m/s]]></description>
            <styleUrl>#red_point</styleUrl>
            <Point>
                <coordinates>35.21055539,32.10467094,442.803</coordinates>
            </Point>
        </Placemark>
        <Placemark>
            <name>Point 725</name>
            <description><![CDATA[<b>Time:</b> 2026-03-22 07:27:45<br/><b>Satellites:</b> E13,E19,E27,E30<br/><b>RMS residual:</b> 0.0<br/><b>PDOP:</b> 2.8901429875249396<br/><b>GDOP:</b> 3.253436338336917<br/><b>Velocity:</b> 9.321193883271235 m/s]]></description>
            <styleUrl>#red_point</styleUrl>
            <Point>
                <coordinates>35.21050462,32.10454144,431.925</coordinates>
            </Point>
        </Placemark>
        <Placemark>
            <name>Point 726</name>
            <description><![CDATA[<b>Time:</b> 2026-03-22 07:27:47<br/><b>Satellites:</b> E13,E19,E27,E30<br/><b>RMS residual:</b> 1.862645149230957e-09<br/><b>PDOP:</b> 2.8897260616809737<br/><b>GDOP:</b> 3.252930783554443<br/><b>Velocity:</b> 11.770443062354893 m/s]]></description>
            <styleUrl>#red_point</styleUrl>
            <Point>
                <coordinates>35.21043173,32.10438403,417.709</coordinates>
            </Point>
        </Placemark>
        <Placemark>
            <name>Point 727</name>
            <description><![CDATA[<b>Time:</b> 2026-03-22 07:27:59<br/><b>Satellites:</b> E13,E19,E29,E34<br/><b>RMS residual:</b> 0.0<br/><b>PDOP:</b> 8.382580386581813<br/><b>GDOP:</b> 9.027740885525256<br/><b>Velocity:</b> 12.308660990273138 m/s]]></description>
            <styleUrl>#red_point</styleUrl>
            <Point>
                <coordinates>35.20977165,32.10346543,325.815</coordinates>
            </Point>
        </Placemark>
    </Folder>
</Document>
</kml>
