time,x,y,z,clock_bias_m,num_sats,satellites,rms_residual_m,worst_residual_m,min_elevation_deg,mean_elevation_deg,lat_deg,lon_deg,alt_m,velocity_mps,utc_time
2026-03-22 06:44:38.416831+00:00,4436434.664088467,3084667.1709823855,3375939.4239804256,-729.289169108553,5,"E07,E21,E29,G11,G24",57.32867918484351,127.8006245829165,17.230099143062034,40.95522621026977,32.169382622910774,34.81101238133967,-762.1374464761466,,2026-03-22 06:44:38
2026-03-22 06:44:40.416831+00:00,4433513.734449919,3081544.6546395654,3375085.865593215,-3046.846384899779,5,"E07,E30,G06,G12,G25",134.22798076335954,299.25862001627684,17.214436224932935,32.829724043542555,32.18295015263141,34.801501730989955,-4755.266783777624,2180.0516154958054,2026-03-22 06:44:40
2026-03-22 06:44:42.416831+00:00,4436109.802954245,3084405.10152235,3376174.033260122,-1086.3404330427409,5,"E07,E27,E30,G11,G24",24.94491975187041,54.1004799567163,17.204389037139876,44.934622886558124,32.17317307044502,34.81069726681523,-989.627469743602,2006.6039045915902,2026-03-22 06:44:42
2026-03-22 06:44:44.416831+00:00,4436082.462147702,3084399.414260743,3376152.136919777,-1121.2772524436944,5,"E07,E27,E30,G11,G24",15.626210792918188,32.18695251643658,17.19336272195149,44.92968987087865,32.17312930718379,34.81081326333366,-1023.0358570730314,17.743409815396053,2026-03-22 06:44:44
2026-03-22 06:44:46.416831+00:00,4436110.940782058,3084404.537738988,3376163.653259541,-1105.2192280342729,5,"E07,E27,E30,G11,G24",22.29364311873481,47.958636935800314,17.182249104618492,44.92457634898405,32.17309088464408,34.810685470076166,-994.6362784747034,15.571678824440607,2026-03-22 06:44:46
2026-03-22 06:44:48.416831+00:00,4436108.471348334,3084403.0313441786,3376159.6361181135,-1113.8433494971753,5,"E07,E27,E30,G11,G24",20.47481256759816,43.71171838790178,17.171158622093895,44.919550641859026,32.17307408361318,34.81068730360858,-999.2193932412192,2.47511380985117,2026-03-22 06:44:48
2026-03-22 06:44:50.416831+00:00,4433096.672346555,3082355.630250617,3382515.7626243574,-3272.2334494160323,5,"E15,E29,G01,G11,G24",1624528.0098456482,3632555.035194516,-34.40811098195521,32.59593534879482,32.23908501828561,34.811094066071206,-692.9181236755103,3662.756087579829,2026-03-22 06:44:50
2026-03-22 06:44:52.416831+00:00,4436089.458594302,3084399.1500977143,3376155.520457835,-1113.5843748618815,5,"E07,E27,E30,G11,G24",15.287946470630354,31.343378830701113,17.148892806309025,44.90951063338665,32.17312827455487,34.81076860867986,-1016.4995529381558,3660.103253563835,2026-03-22 06:44:52
2026-03-22 06:44:54.416831+00:00,4436585.481425416,3085158.175200236,3376723.0606976757,-175.20598893679906,5,"E27,E30,G11,G24,G29",88.17306439432645,196.39024645462632,20.18170771315582,45.51337629716185,32.17342410575597,34.814373853015795,-2.8020154293626547,534.8503713850758,2026-03-22 06:44:54
2026-03-22 06:44:56.416831+00:00,4438229.389545372,3087352.926107655,3377533.207562908,1872.4372507621206,5,"E15,E27,E30,G06,G12",207.33099352974952,449.5764554813504,28.553982822621176,44.60157093837255,32.16711249595579,34.823523516510676,2631.701944912784,1429.6593471627082,2026-03-22 06:44:56
2026-03-22 06:44:58.416831+00:00,4438056.822091289,3086698.932762882,3376784.2785901604,1073.4680572214343,5,"E07,E15,E27,G06,G12",233.31412307479312,504.821394380182,17.118200194703075,42.31381119142499,32.16386939206338,34.8188778112178,1796.9504950242117,504.5744314361242,2026-03-22 06:44:58
2026-03-22 06:45:00.416831+00:00,4437972.538876788,3086594.703964722,3376683.179907236,950.7904129828137,5,"E07,E15,E27,G06,G12",187.25540405150426,389.46200824156404,17.107650432848416,42.31319480001973,32.16371551979158,34.81848095043745,1634.1779376063496,83.94677823133357,2026-03-22 06:45:00
2026-03-22 06:45:02.416831+00:00,4437936.937802868,3086536.3514584303,3376631.916710698,887.7392349576785,5,"E07,E15,E27,G06,G12",163.17812446423224,329.0970667824149,17.096851286002313,42.31248529500725,32.163624455738564,34.818188650091486,1553.942073263228,42.72109190440671,2026-03-22 06:45:02
2026-03-22 06:45:04.416831+00:00,4437903.685881635,3086441.1266838685,3376527.426915266,777.5350852443877,5,"E15,E27,G06,G12,G29",78.65863095881117,174.6652382425964,20.240984457503636,42.942545668832665,32.16321893553595,34.817561276375,1429.182600817643,72.61467707260441,2026-03-22 06:45:04
2026-03-22 06:45:06.416831+00:00,4437911.34233898,3086520.34665505,3376619.411663136,877.5036790669226,5,"E07,E15,E27,G06,G12",166.0370237435108,333.31645330041647,17.074652119034965,42.31108524334338,32.16367372573852,34.818204282942716,1521.7610592897981,60.81862176533424,2026-03-22 06:45:06
2026-03-22 06:45:08.416831+00:00,4436448.813052297,3084698.4093982656,3375878.3682005955,-673.5896018687883,5,"E07,E21,E29,G11,G24",66.96435601543016,149.41061644628644,17.064026165141236,40.89467378456682,32.16877507893166,34.811198693049924,-769.7158778319135,1225.5195526224081,2026-03-22 06:45:08
2026-03-22 06:45:10.416831+00:00,4437962.339945277,3086605.2815011987,3376703.718783072,997.8663757029174,5,"E07,E15,E27,G06,G12",202.180116199619,426.96566957235336,17.051908746909024,42.309584693959195,32.1638834716829,34.81863471109469,1643.1363399010152,1285.3140138419642,2026-03-22 06:45:10
2026-03-22 06:45:12.416831+00:00,4437909.232871388,3086527.762334215,3376633.125692987,909.8720282084854,5,"E07,E15,E27,G06,G12",169.37875311995734,341.9097335599363,17.041218433393897,42.30889293850764,32.163766383288646,34.81828157690428,1531.1799173131585,58.76428957006558,2026-03-22 06:45:12
2026-03-22 06:45:14.416831+00:00,4437903.107278357,3086514.972373264,3376621.0479782796,899.28453764877,5,"E07,E15,E27,G06,G12",163.19438850162445,327.34729013592005,17.030201288327987,42.308143403442934,32.16373338989668,34.81820735559975,1514.311334727332,9.313661788722188,2026-03-22 06:45:14
2026-03-22 06:45:16.416831+00:00,4437905.184726995,3086513.534679466,3376620.6024067984,904.2909480436953,5,"E07,E15,E27,G06,G12",163.40075745626035,329.13345643877983,17.019115401922097,42.30738424875812,32.163725743437986,34.81818227303368,1514.8230072231963,1.282701275223446,2026-03-22 06:45:16
2026-03-22 06:45:18.416831+00:00,4437915.162264663,3086526.401955316,3376628.3074938585,923.7435683738406,5,"E07,E15,E27,G06,G12",167.77541781539296,338.50116600468755,17.007992510453573,42.30661388093079,32.16370997497601,34.8182338558194,1532.0782301872969,9.006753192822188,2026-03-22 06:45:18
2026-03-22 06:45:20.416831+00:00,4436642.165274638,3085611.5396064124,3376078.093752191,-237.46195511672076,5,"E07,E15,E30,G12,G32",68.34809819690204,152.47480725869536,10.413189381781335,31.055945411366217,32.167034452953715,34.81797703882639,-87.7083870973438,830.6969386565956,2026-03-22 06:45:20
2026-03-22 06:45:22.416831+00:00,4436863.206497703,3085580.3780989787,3376309.317011975,-204.8138562158497,6,"E07,E15,E27,E30,G25,G32",22.05901250785464,46.45318868756294,10.417728263493187,30.93913529584618,32.16801368674035,34.81636777234213,173.9467384396121,160.6972757274389,2026-03-22 06:45:22
2026-03-22 06:45:24.416831+00:00,4436430.643739708,3084687.2921833536,3375881.6240312154,-662.0410866637795,5,"E07,E21,E29,G11,G24",68.38978194048411,152.6087667942047,16.975149842253025,40.86203359657363,32.16890204410318,34.81121189170254,-785.9822184396908,540.2856369743974,2026-03-22 06:45:24
2026-03-22 06:45:26.416831+00:00,4436641.469311767,3085619.2506596465,3376084.1521352767,-236.9238427538809,5,"E07,E15,E30,G12,G32",65.66241474096276,146.45419931784272,10.423279829970753,31.055755474438776,32.16706230626858,34.818048369448526,-81.23966496158391,488.36760137806164,2026-03-22 06:45:26
2026-03-22 06:45:28.416831+00:00,4436352.947026577,3084628.7083471515,3376053.180246374,-728.0340661544623,5,"E07,E29,E34,G11,G24",9.865674431646234,19.045721150934696,16.951094789683612,38.63075441510144,32.17067870399456,34.811172186201595,-776.948213448748,516.0858552112537,2026-03-22 06:45:28
2026-03-22 06:45:30.416831+00:00,4436864.017503908,3085568.3995217867,3376305.0832855455,-224.68314837997764,6,"E07,E15,E27,E30,G25,G32",23.064170104276435,55.58525685220957,10.431307853673156,30.941071829596197,32.16801100743911,34.81625860171962,166.46703676879406,549.4696710534714,2026-03-22 06:45:30
2026-03-22 06:45:32.416831+00:00,4436424.853021863,3084688.384509065,3375863.422299912,-679.6996882649764,5,"E07,E21,E29,G11,G24",75.16327478094423,167.78502298146486,16.930941017719643,40.84578917794955,32.16878291869514,34.81125645441013,-799.1697754403576,539.063143596292,2026-03-22 06:45:32
2026-03-22 06:45:34.416831+00:00,4437976.394578532,3086622.1302802768,3376718.035228359,1022.4030630841075,5,"E07,E15,E27,G06,G12",205.7525192079964,434.56938993930817,16.91873246645941,42.30049129592447,32.16389118560679,34.818696262254115,1668.6690223701298,1311.2033754550853,2026-03-22 06:45:34
2026-03-22 06:45:36.416831+00:00,4436641.867787657,3085619.3417631313,3376082.7192515684,-258.5218842467501,5,"E07,E15,E30,G12,G32",84.73766411359338,189.19068263098598,10.440087369313432,31.05540565483107,32.167049547548935,34.81804675022522,-81.68156370613724,893.0527638453566,2026-03-22 06:45:36
2026-03-22 06:45:38.416831+00:00,4436597.743947864,3085158.613718205,3376730.138073882,-114.2254379767301,5,"E27,E30,G11,G24,G29",89.48771326338463,199.3491331525147,20.438537851360188,45.502344296757634,32.173428582502126,34.814303441217454,9.700114855542779,397.92222107644847,2026-03-22 06:45:38
2026-03-22 06:45:40.416831+00:00,4436196.590696816,3085002.882775076,3376621.4573117783,-407.216838053913,5,"E15,E27,E30,G11,G29",191.25195399158503,427.45797672867775,20.449578316232078,39.936347495316795,32.17460752029357,34.81537620296524,-402.19987872987986,221.91640629134176,2026-03-22 06:45:40
2026-03-22 06:45:42.416831+00:00,4436287.2565735215,3085276.433017801,3376853.5454113213,-85.41108650454359,5,"E27,E30,G11,G25,G32",103.72428786796318,231.8819222152233,10.456211486633531,34.90366630057567,32.17527162648376,34.8172086310947,-83.41027155704796,185.01008245702374,2026-03-22 06:45:42
2026-03-22 06:45:44.416831+00:00,4436649.249057634,3085332.483970336,3375710.1247507553,-636.9946808935324,5,"E15,E29,E34,G12,G25",44.957569277994764,99.2824001647532,20.832955588865072,36.9525696190645,32.164962373020806,34.815505163811004,-413.5549546806142,600.331382413751,2026-03-22 06:45:44
2026-03-22 06:45:46.416831+00:00,4436832.5010497,3085425.511651865,3375758.9269957975,-503.9015988148825,5,"E15,E29,G06,G12,G25",96.78967952651453,210.83280910924077,26.97102792721672,39.636149421238784,32.16435764450201,34.815205656005915,-215.25537396036088,105.61380265871915,2026-03-22 06:45:46
2026-03-22 06:45:48.416831+00:00,4436407.281310113,3084666.1261303327,3375790.2497197017,-765.5621310419609,5,"E21,E29,G06,G12,G24",7.5307050190784315,12.979995090514421,32.04459150609228,46.2011503920078,32.168354570952985,34.81116904123376,-861.0960735986009,435.4478471299524,2026-03-22 06:45:48
2026-03-22 06:45:50.416831+00:00,4436275.667510537,3085245.93510948,3376837.355105218,-141.54386375803537,5,"E19,E27,E30,G11,G25",127.23268872325131,283.9633364342153,24.32082805342214,37.68657426201193,32.17527735569907,34.81701330750028,-114.82377960346639,602.0652649247471,2026-03-22 06:45:50
2026-03-22 06:45:52.416831+00:00,4435876.467192398,3083981.385842324,3375852.4687727317,-1575.474872634699,5,"E13,E27,E30,G11,G32",205.7998308315834,459.9535243399441,10.48047792924238,34.06047898684539,32.17279984187265,34.80842047892465,-1527.7526480667293,825.9005434956309,2026-03-22 06:45:52
2026-03-22 06:45:54.416831+00:00,4436588.358353052,3085292.6137039964,3375685.224858729,-722.9999494598405,5,"E15,E29,E34,G12,G25",31.324879454331036,68.25026649981737,20.810162803072316,36.96350341095198,32.16512158093749,34.815526702023725,-488.3984997635707,750.6793684081539,2026-03-22 06:45:54
2026-03-22 06:45:56.416831+00:00,4436994.702220218,3085447.7845513993,3376529.394700427,-350.8725638027519,5,"E07,E15,E21,E29,E34",41.9320598119113,80.15020650625229,16.794429868993213,29.84354830162866,32.16953873620137,34.814417732448966,318.42295554466546,474.81997954471905,2026-03-22 06:45:56
2026-03-22 06:45:58.416831+00:00,4436386.111333491,3084668.032608241,3375832.201293375,-808.277128984482,5,"E21,E29,E34,G11,G24",68.65088683737723,153.03993579745293,20.801321711590518,41.5955272049019,32.168753092249446,34.81131378830759,-852.5523322690278,605.077393211719,2026-03-22 06:45:58
2026-03-22 06:46:00.416831+00:00,4436379.283273705,3084664.828254233,3375843.774363855,-819.4930033052972,5,"E21,E29,E34,G11,G24",58.2068984728063,129.6038289628923,20.796790235865576,41.59268330641271,32.16887715206136,34.81132722402999,-852.6845668703318,6.906993654687919,2026-03-22 06:46:00
2026-03-22 06:46:02.416831+00:00,4436090.820605965,3084848.8117200267,3375742.003601253,-985.8448483230611,5,"E13,E19,E30,G12,G24",46.58862431535442,103.17225033044815,22.781602650773788,40.543229183504366,32.16873305743739,34.81467524071522,-1018.4331683507189,178.47823010497535,2026-03-22 06:46:02
2026-03-22 06:46:04.416831+00:00,4436087.572677795,3084836.1573349237,3375732.8595314794,-999.1675503212132,5,"E13,E19,E30,G12,G24",50.561216332812634,112.13490422815084,22.793766223361697,40.54279891859956,32.168710742764254,34.81458473632097,-1031.6743794335052,7.973338569227548,2026-03-22 06:46:04
2026-03-22 06:46:06.416831+00:00,4436574.5833592275,3085046.096712711,3376670.423480959,-296.621511414517,5,"E19,E27,G11,G24,G29",47.02082315125159,104.35459389910102,20.602731308876397,44.695941899570165,32.17337254188825,34.813464172424794,-92.56516704056412,538.5814946549747,2026-03-22 06:46:06
2026-03-22 06:46:08.416831+00:00,4436855.657234652,3085532.5979608013,3376308.672943107,-347.2026089696078,5,"E13,E27,E30,G25,G32",13.264884913396822,29.142567805945873,10.494871660860007,29.9108384632844,32.16816949973924,34.815997588911024,145.26529494207352,334.12177401217946,2026-03-22 06:46:08
2026-03-22 06:46:10.416831+00:00,4436443.32233482,3084661.859872942,3375888.3231824217,-794.3278616173907,5,"E07,E21,E29,G11,G24",74.82159686069897,167.028167411685,16.720406041201162,40.76789757112128,32.16897291964883,34.81091373230774,-785.893647113815,525.5708345637879,2026-03-22 06:46:10
2026-03-22 06:46:12.416831+00:00,4436817.506021399,3084829.2676128373,3376137.2810641695,-480.1989563712016,5,"E07,E21,E29,G11,G19",23.917216282461016,48.2912056222558,16.708561384483815,30.765523447848274,32.168939428997504,34.81010620630901,-312.39090378023684,239.80138112758823,2026-03-22 06:46:12
2026-03-22 06:46:14.416831+00:00,4436842.498259488,3084838.120413332,3376155.087680355,-468.70190037163013,5,"E07,E21,E29,G11,G19",26.813262911999253,55.365117363631725,16.697440712343667,30.76208774642244,32.16895257036757,34.81003200360795,-281.2628105543554,15.969186119316431,2026-03-22 06:46:14
2026-03-22 06:46:16.416831+00:00,4436112.150172523,3084789.0832232316,3375734.6276620803,-1027.2688766154756,5,"E13,E19,E30,G12,G24",48.16170197810919,106.72414738312364,22.86643159965833,40.54006154322811,32.16875640254412,34.81402612076106,-1036.4020701991394,422.07807367626594,2026-03-22 06:46:16
2026-03-22 06:46:18.416831+00:00,4436412.435692742,3085367.840745016,3376271.2617080193,-373.6784253236757,5,"E27,E30,G12,G24,G29",104.58779083290158,232.94283337518573,20.672297546081623,47.39381907345603,32.170082695285224,34.817246498260445,-262.29545413237065,422.2285405842494,2026-03-22 06:46:18
2026-03-22 06:46:20.416831+00:00,4436393.570359972,3084579.72173103,3375821.6860568323,-892.4483170410222,5,"E21,E29,E34,G11,G24",46.99530604290549,104.42203985899687,20.749834841934373,41.56453061434265,32.16888549098285,34.81049979566016,-895.6414208291098,453.76363536732777,2026-03-22 06:46:20
2026-03-22 06:46:22.416831+00:00,4434227.053378329,3083537.0657511707,3372664.4839468226,-2946.268488478876,5,"E13,E29,E34,G11,G25",70.51022619862863,155.39189226552844,20.746249609790983,31.22900642606917,32.15617400941488,34.81453862372431,-4585.9886484453455,1984.2411954911263,2026-03-22 06:46:22
2026-03-22 06:46:24.416831+00:00,4436384.700538435,3084565.9182871534,3375803.513329828,-920.613448474966,5,"E15,E21,E29,G11,G24",221.54519703223707,494.427512280643,32.16030059790295,45.86833209994497,32.16881955854159,34.81043331230766,-918.1515889288858,1972.782570107839,2026-03-22 06:46:24
2026-03-22 06:46:26.416831+00:00,4436942.969257951,3084804.688781424,3376205.657617728,-430.1586856539061,5,"E07,E21,E29,G11,G19",22.41422478131688,34.42843063175678,16.631034509718926,30.74169566455215,32.1690341602563,34.80913286395241,-200.66508606541902,364.1412296124442,2026-03-22 06:46:26
2026-03-22 06:46:28.416831+00:00,4436445.661866808,3085326.890920739,3376267.424641534,-379.9141971747316,5,"E27,E30,G12,G24,G29",108.36471490262947,241.4246034771204,20.731020943743044,47.38822378931849,32.17003468975717,34.816688898660665,-261.03935636393726,361.8787368788574,2026-03-22 06:46:28
2026-03-22 06:46:30.416831+00:00,4436440.231869979,3084541.478113322,3375846.9559061336,-879.3269979138734,5,"E21,E29,E34,G11,G24",62.137427325214624,138.45048566907644,20.726076516243033,41.550272579582355,32.16899928146797,34.80988438692793,-868.2376386774704,445.4482911544704,2026-03-22 06:46:30
2026-03-22 06:46:32.416831+00:00,4436895.889592027,3084747.0980067076,3376153.5894944416,-487.2951042718216,5,"E07,E21,E29,G11,G19",30.233257942130997,63.3866126164794,16.598170816810626,30.731739042224557,32.16898013568015,34.80891645957682,-288.9363317741081,293.226728700218,2026-03-22 06:46:32
2026-03-22 06:46:34.416831+00:00,4436708.383113471,3085179.1733251913,3375674.440504197,-772.1088662113272,5,"E15,E29,G12,G25,G32",78.54594294396563,175.49885464832187,10.538019443061984,34.97049445467056,32.164877089669226,34.81381268679725,-465.54858523979783,335.9432672326509,2026-03-22 06:46:34
2026-03-22 06:46:36.416831+00:00,4436476.268584265,3085294.3840405433,3376268.588617852,-373.01785868449,5,"E27,E30,G12,G24,G29",104.2986027178956,232.3011316768825,20.777985727264113,47.38372676945009,32.170012038538985,34.81622065108834,-254.8600896289572,324.09977034855046,2026-03-22 06:46:36
2026-03-22 06:46:38.416831+00:00,4436470.620690164,3085288.912929059,3376235.618134367,-386.299021778997,5,"E27,E30,G12,G24,G29",111.20494726453033,247.8021646142006,20.789837443882796,47.38260292438459,32.16979761254531,34.81620721654168,-278.9837255049497,16.947599755546108,2026-03-22 06:46:38
2026-03-22 06:46:40.416831+00:00,4436696.3070021495,3084892.462819989,3376671.9909416563,-312.3070327615719,5,"E19,E27,G11,G24,G29",49.77916207580154,110.55179940909147,20.802453636908165,44.71489700771998,32.17332577913059,34.81138994077593,-81.37863685563207,315.6454606599782,2026-03-22 06:46:40
2026-03-22 06:46:42.416831+00:00,4436693.643722845,3084878.597451523,3376659.1015894036,-324.4810730270185,5,"E19,E27,G11,G24,G29",52.67936554277127,117.0780157931149,20.814250481808152,44.716022066856006,32.17327590083105,34.81128535817507,-96.79278162308037,9.558725082901354,2026-03-22 06:46:42
2026-03-22 06:46:44.416831+00:00,4437142.549942073,3086647.310117357,3377445.710587477,1138.0999648780412,5,"E15,E27,E30,G12,G24",28.358403716492905,61.66426521912217,28.222073838843308,51.687540039926645,32.17266136241191,34.82396225804902,1488.8103303955868,993.5561136384252,2026-03-22 06:46:44
2026-03-22 06:46:46.416831+00:00,4436498.381257128,3085234.499740019,3376256.777954277,-380.81889658403117,5,"E27,E30,G12,G24,G29",98.75368762401182,219.85491251200438,20.836786047736773,47.37813330980218,32.16999887867573,34.81556550762281,-274.72260530665517,977.8224868637249,2026-03-22 06:46:46
2026-03-22 06:46:48.416831+00:00,4437100.308353177,3085222.313416518,3376494.859413744,-427.8328424548951,5,"E07,E15,E21,E29,E34",40.527303568566445,79.23166805878282,16.50774726631122,29.788740362286983,32.169476855469675,34.811815968437124,264.46887558791786,323.708015339703,2026-03-22 06:46:48
2026-03-22 06:46:50.416831+00:00,4437261.253812219,3085308.179466136,3376649.994267971,-286.64391634238353,5,"E07,E15,E21,E29,E34",67.40468299355025,137.02202266827226,16.495947460472987,29.786131164749342,32.16979122816464,34.8115892835117,500.4151398856193,119.73224530085898,2026-03-22 06:46:50
2026-03-22 06:46:52.416831+00:00,4436506.269743798,3084443.5090326183,3375811.973550681,-868.9459625242841,5,"E21,E29,E34,G11,G24",55.63244530851346,123.86494113877416,20.67338863412243,41.51895462908896,32.16874038960507,34.80863170990651,-888.3055854719132,710.6220206226667,2026-03-22 06:46:52
2026-03-22 06:46:54.416831+00:00,4436979.524414705,3084663.501234036,3376139.2068540333,-456.8479258943371,5,"E07,E21,E29,G11,G19",17.88939259956007,29.663112957030535,16.477190538638684,30.694546204823645,32.1687697481805,34.8076825141374,-278.8600797476247,307.9968291405553,2026-03-22 06:46:54
2026-03-22 06:46:56.416831+00:00,4436974.774929172,3084662.950290283,3376119.396608256,-465.75591898947476,5,"E07,E21,E29,G11,G19",38.66679969957741,82.61057407036424,16.46632574104429,30.691198867231652,32.16863875293679,34.80770646306435,-292.97455471847206,10.189541079075923,2026-03-22 06:46:56
2026-03-22 06:46:58.416831+00:00,4436985.453842001,3084660.288589144,3376106.069518795,-459.9377582960603,5,"E07,E21,E29,G11,G19",22.821832533679885,44.74813925102353,16.45546018480578,30.687833799152134,32.16850220980258,34.80761865965618,-293.93405057676136,8.64197815402404,2026-03-22 06:46:58
2026-03-22 06:47:00.416831+00:00,4436981.071500897,3084654.347789283,3376094.4169141534,-469.39871043801503,5,"E07,E21,E29,G11,G19",28.53564206247804,58.61622183024883,16.444523163294622,30.684471301439107,32.168446813825646,34.80759346450476,-306.05442339368165,6.897122796285644,2026-03-22 06:47:00
2026-03-22 06:47:02.416831+00:00,4436999.571159815,3084664.669059427,3376090.8794087684,-457.4657330925612,5,"E07,E21,E29,G11,G19",23.44270059053545,46.15282420441508,16.433606523686816,30.681065346596284,32.168318587901936,34.807571352653916,-290.0928658666089,10.738714329688175,2026-03-22 06:47:02
2026-03-22 06:47:04.416831+00:00,4436260.906211169,3084615.6517666876,3375663.9590921523,-1014.5111074285223,5,"E13,E19,E30,G12,G24",41.353549721701135,91.3441432416439,23.158384704779454,40.52878252329875,32.168105834120944,34.811615681680316,-1054.4556505503133,427.2849043920319,2026-03-22 06:47:04
2026-03-22 06:47:06.416831+00:00,4436568.235534384,3084440.1861173655,3375690.74274374,-861.9474087016258,5,"E13,E21,E29,G11,G24",17.189419778774084,35.19598385319114,23.170043165054583,42.00527157418444,32.167579627427145,34.80822770446052,-911.3875998957083,177.45201533926965,2026-03-22 06:47:06
2026-03-22 06:47:08.416831+00:00,4436387.379494068,3084766.5391541994,3376532.2129363297,-500.31814589764593,5,"E15,E27,E30,G11,G29",193.53597074185492,432.56511329859495,20.96541328608309,40.11979876744372,32.17382201208602,34.812163699771695,-431.34710020851344,460.2410501537514,2026-03-22 06:47:08
2026-03-22 06:47:10.416831+00:00,4436595.522579612,3084917.3478880455,3376457.3277612748,-436.6317558660861,5,"E19,E27,E30,G24,G29",58.82369793938068,98.4702716358006,20.977755345289495,40.70939839491503,32.17201629194597,34.81221662838271,-253.69702065736055,133.86056897666867,2026-03-22 06:47:10
2026-03-22 06:47:12.416831+00:00,4437272.8365318095,3086647.0463416604,3377374.6312451176,1214.577904240872,5,"E15,E27,E30,G12,G24",25.660145976693837,55.530935268849134,28.133775974185657,51.65855303706644,32.17160620285682,34.82317131044181,1541.3671600557864,1035.863964494058,2026-03-22 06:47:12
2026-03-22 06:47:14.416831+00:00,4436606.129303306,3085200.0158771737,3376134.3955939463,-348.27442472657924,5,"E27,E30,G12,G24,G29",108.44064520625844,241.61292238160968,21.00135529704711,47.36205098939697,32.16873441068125,34.81461308373504,-281.66692077275366,1009.5271373429313,2026-03-22 06:47:14
2026-03-22 06:47:16.416831+00:00,4436462.542826117,3084342.7275019935,3375562.1930385507,-973.020406820762,5,"E21,E29,E34,G11,G19",162.40023174895333,355.79114113003016,19.304090851847924,31.510258677285996,32.167282017302774,34.80801894174124,-1100.3790645059198,520.330711916013,2026-03-22 06:47:16
2026-03-22 06:47:18.416831+00:00,4436349.865632473,3085216.0599331246,3376010.5876155156,-570.2129261874139,5,"E15,E27,G12,G24,G29",87.5723220363258,194.86392935737967,21.02387317337412,50.23496621679663,32.16875548655041,34.81630405658849,-517.9229712793604,494.0808086447952,2026-03-22 06:47:18
2026-03-22 06:47:20.416831+00:00,4437261.253123704,3085198.1295503215,3376387.457113384,-359.01764960689053,5,"E07,E15,E21,E29,E34",40.66566980645676,74.03186320140958,16.332992331430813,29.75454288535793,32.16808889090545,34.81063137831292,307.45548680983484,493.1985594627899,2026-03-22 06:47:20
2026-03-22 06:47:22.416831+00:00,4437110.800322968,3084625.8352923007,3376009.6266899025,-413.24910781261775,5,"E07,E21,E29,G11,G19",26.253518690240615,52.200500033795834,16.32459580205814,30.647238714088054,32.16736623753598,34.80656010953496,-274.80765776894987,351.0386702064286,2026-03-22 06:47:22
2026-03-22 06:47:24.416831+00:00,4436470.44022143,3084306.7634812454,3375554.1494028666,-976.387043763089,5,"E07,E21,E29,E34,G11",126.48771344260568,281.245751298964,16.315193110666172,30.91414226050687,32.167288046646576,34.80765801571178,-1116.5503855925053,424.065867306356,2026-03-22 06:47:24
2026-03-22 06:47:26.416831+00:00,4436713.907523206,3084392.0538700074,3375624.359479755,-782.5616928978703,5,"E21,E29,G06,G12,G24",12.5228932350833,24.938827477395535,32.36011628559439,46.0234957481308,32.16663040920736,34.80692693837562,-868.7393534369767,133.67893658526344,2026-03-22 06:47:26
2026-03-22 06:47:28.416831+00:00,4436474.433983841,3084281.8862086167,3375520.853225487,-985.1465199246595,5,"E07,E21,E29,E34,G11",131.081439009803,291.74057688191533,16.29348998045119,30.91064519422914,32.16708627215596,34.80741724468824,-1143.5218588253483,141.5962873323174,2026-03-22 06:47:28
2026-03-22 06:47:30.416831+00:00,4436679.218596094,3084380.094436377,3375649.1775122397,-811.2444806443616,5,"E21,E29,E34,G11,G24",56.50085844616693,125.84402690827847,20.580831830863172,41.46442423952455,32.1669894326161,34.807032774449986,-885.4156924104318,130.43074406189254,2026-03-22 06:47:30
2026-03-22 06:47:32.416831+00:00,4436673.340399684,3084371.513549159,3375649.3443436637,-816.442787671864,5,"E21,E29,E34,G11,G24",50.95886910588439,113.39922101795673,20.576076313714726,41.461511493140605,32.167037401119465,34.806993645004766,-893.5587087851018,5.201265499990649,2026-03-22 06:47:32
2026-03-22 06:47:34.416831+00:00,4436684.150966398,3084368.921872054,3375654.429188275,-807.768774037386,5,"E21,E29,E34,G11,G24",55.60837617987209,123.8433642424643,20.571217617541475,41.45858018904746,32.16704070438512,34.80690564863,-884.5900539858267,6.112298823115741,2026-03-22 06:47:34
2026-03-22 06:47:36.416831+00:00,4436683.581637223,3084362.6401381604,3375660.6815913725,-805.8438852691954,5,"E21,E29,E34,G11,G24",50.037999151751265,111.33325281366706,20.566445109114404,41.45564561550699,32.16710790222725,34.80685440362732,-884.6923305774108,4.4406323006447375,2026-03-22 06:47:36
2026-03-22 06:47:38.416831+00:00,4436739.976044639,3084369.480535043,3375695.625157369,-756.1961007607159,5,"E07,E21,E29,G11,G24",77.18213493103576,172.3331786841154,16.23793474007992,40.587941257140095,32.16713359677558,34.80657262747099,-823.5868310043588,33.34731256723458,2026-03-22 06:47:38
2026-03-22 06:47:40.416831+00:00,4436704.978927253,3084338.4396880576,3375669.260026712,-795.2638583345876,5,"E21,E29,E34,G11,G24",45.006625982181426,100.02400535717607,20.556649100401724,41.44978794939732,32.16715536544567,34.80651419671526,-876.9465639265254,26.848894397450152,2026-03-22 06:47:40
2026-03-22 06:47:42.416831+00:00,4436701.170306143,3084325.62621922,3375684.4991339217,-794.8373588274073,5,"E21,E29,E34,G11,G24",45.88649950178247,102.00507555529475,20.551914337966988,41.44682701150765,32.1673218482832,34.8064256895274,-877.671839909628,10.135592816384635,2026-03-22 06:47:42
2026-03-22 06:47:44.416831+00:00,4436693.986293866,3084306.419615096,3375668.1983791073,-809.5517624239055,5,"E21,E29,E34,G11,G24",42.20597468160534,93.72442315891385,20.547045377630205,41.44395103282857,32.16727836320266,34.80630195030293,-900.6238120477647,13.097884198355798,2026-03-22 06:47:44
2026-03-22 06:47:46.416831+00:00,4437093.99649476,3085030.0021402515,3375565.7014357415,-580.0240786067204,5,"E15,E29,G06,G12,G25",112.51187265290876,244.30407613888383,27.590958170186312,39.74827397050488,32.162935792152474,34.810180165377744,-327.51416430529207,416.55895588998317,2026-03-22 06:47:46
2026-03-22 06:47:48.416831+00:00,4436681.702160311,3084269.1785683506,3375667.995777433,-825.3416455245344,5,"E21,E29,E34,G11,G24",42.351010376588626,94.05480294674635,20.537427807490065,41.4381062150036,32.167427322242446,34.80605206212208,-927.2639440242201,435.69004410264114,2026-03-22 06:47:48
2026-03-22 06:47:50.416831+00:00,4437097.150547594,3084992.617389037,3375574.2500943583,-586.2272364856785,5,"E15,E29,G06,G12,G25",110.70667932086184,240.2559674270451,27.61196599584464,39.75194933651737,32.163091079448996,34.80983564651298,-338.8374761119485,419.7467518834684,2026-03-22 06:47:50
2026-03-22 06:47:52.416831+00:00,4436269.780946307,3084223.804855702,3375416.140829744,-1242.1817922845446,5,"E15,E21,E29,G11,G24",148.651774373615,237.17968951910734,32.44342006165508,45.847118274923375,32.167252889161375,34.808150332062155,-1369.5760788396,570.2218226496129,2026-03-22 06:47:52
2026-03-22 06:47:54.416831+00:00,4437235.481015095,3085132.7996555455,3376169.6091709025,-289.8892887816017,5,"E07,E15,E27,E30,G25",0.6903490852000785,1.257243562489748,16.147903950741473,35.033646894531714,32.166706606300444,34.81021869111315,141.99289434961975,762.6537074792742,2026-03-22 06:47:54
2026-03-22 06:47:56.416831+00:00,4436303.003726812,3084184.0594454557,3375440.4388021524,-1223.0897071858492,5,"E15,E21,E29,G11,G24",152.72336127484286,256.2407751567662,32.45673597607739,45.84588267625462,32.167416367540746,34.80760316684295,-1352.754127960652,758.5036760074266,2026-03-22 06:47:56
2026-03-22 06:47:58.416831+00:00,4436753.866697334,3084198.608791418,3375729.3993899296,-789.5915801237165,5,"E21,E29,E34,G11,G24",49.188704254594064,109.44266552850604,20.512809322202724,41.423279491376796,32.167805017062534,34.80500086860709,-878.5121172247455,267.8559887999985,2026-03-22 06:47:58
2026-03-22 06:48:00.416831+00:00,4436744.4636044325,3084173.891442746,3375725.957423111,-804.9292852842764,5,"E21,E29,E34,G11,G24",45.237963536570014,100.56227882578969,20.507974077897284,41.42035517338634,32.167883558934406,34.80484257485273,-898.8228285377845,13.334284917667148,2026-03-22 06:48:00
2026-03-22 06:48:02.416831+00:00,4436755.706924481,3084160.3473983924,3375735.4258634634,-801.8484448053373,5,"E21,E29,E34,G11,G24",44.435145488277975,98.75812916830182,20.503053661415674,41.41738791689661,32.16794863905183,34.80465660279725,-892.511039099656,9.993807406067512,2026-03-22 06:48:02
2026-03-22 06:48:04.416831+00:00,4436772.529424586,3084149.232996411,3375744.187465005,-796.4406205868798,5,"E21,E29,E34,G11,G24",52.039407189777926,115.85167158395052,20.49808747754306,41.414418827870826,32.16797966533682,34.80445801804863,-881.5237649343908,10.99195276962308,2026-03-22 06:48:04
2026-03-22 06:48:06.416831+00:00,4436568.29049737,3084029.70934994,3375590.133076256,-978.5679802132619,5,"E07,E21,E29,E34,G11",140.1041137903941,312.69388162344694,16.08429449864399,30.876152953855716,32.16793637584827,34.804653488746986,-1163.249429420568,141.1844504088628,2026-03-22 06:48:06
2026-03-22 06:48:08.416831+00:00,4436788.87093571,3084129.3483508085,3375771.001128153,-784.3858609938978,5,"E21,E29,E34,G11,G24",53.676182459262144,119.53019868955016,20.48833894798011,41.4084479662841,32.16817444631244,34.80418598505422,-865.4971246030182,151.07689471698316,2026-03-22 06:48:08
2026-03-22 06:48:10.416831+00:00,4436602.488414262,3084030.736151762,3375636.783896446,-953.4086752057525,5,"E07,E21,E29,E34,G11",129.12942812652457,288.1127466596663,16.06204974021727,30.872359601658047,32.1681548977759,34.80445544389451,-1114.146745488979,124.97707328650539,2026-03-22 06:48:10
2026-03-22 06:48:12.416831+00:00,4436809.854408599,3084118.286566863,3375780.5875324183,-775.7175250049328,5,"E21,E29,E34,G11,G24",50.725262543544474,112.90597148239613,20.47848852265928,41.40250810430603,32.16819521805182,34.80396267631445,-851.1530277719721,133.55262680917943,2026-03-22 06:48:12
2026-03-22 06:48:14.416831+00:00,4436789.003676522,3084116.5210631145,3375754.7673439174,-799.1309319037806,5,"E21,E29,E34,G11,G24",45.117518527845476,100.3034844994545,20.473695897937727,41.399612892758626,32.16808514024688,34.80407349808901,-880.2453619241714,16.617401766599556,2026-03-22 06:48:14
2026-03-22 06:48:16.416831+00:00,4437264.144841863,3084345.672982827,3376076.8956217975,-387.9085182331782,5,"E07,E21,E29,G11,G19",30.216916465988362,58.00288064777851,16.027746663673458,30.555024520658275,32.16804301671732,34.80319307226075,-267.77512374706566,309.04544840512705,2026-03-22 06:48:16
2026-03-22 06:48:18.416831+00:00,4435073.302007366,3083365.640628388,3373412.1879747612,-2399.133705626637,5,"E07,E29,E34,G11,G25",58.34704514575601,128.68923818320036,16.032366267198103,29.91846329115905,32.159019011454674,34.80792095396406,-3682.6618758179247,1793.1064235975098,2026-03-22 06:48:18
2026-03-22 06:48:20.416831+00:00,4436608.339228081,3084504.5163174714,3376564.376379077,-395.75139917939987,5,"E19,E27,E30,G11,G25",110.78957437750037,240.4816206842661,24.47400835790946,37.89937856903604,32.173914634353494,34.808545034610184,-387.27048851922154,1843.2084011626246,2026-03-22 06:48:20
2026-03-22 06:48:22.416831+00:00,4438638.408102926,3086957.488098406,3377536.6486515277,2014.9692148853953,5,"E15,E27,E30,G06,G12",205.49394777589902,450.5997457243502,27.90719444529987,44.61125592861079,32.166610941877565,34.817608102187236,2726.6347465477884,1664.5993186389228,2026-03-22 06:48:22
2026-03-22 06:48:24.416831+00:00,4436778.176041186,3084128.0075139184,3375682.0351387467,-799.1152406711892,5,"E13,E21,E29,G06,G12",41.56839089727691,91.68712066859007,23.644903176542574,36.92254298871379,32.16754106001599,34.80423903918104,-920.9441833151504,1930.4154334822601,2026-03-22 06:48:24
2026-03-22 06:48:26.416831+00:00,4437095.059768695,3084712.056523966,3376638.801538844,-92.78210686848871,5,"E27,E30,G11,G24,G29",112.90132986129198,251.39002422615886,21.4227153762597,45.4521460925799,32.171994845498595,34.80740597111314,90.90318928193301,582.436796410856,2026-03-22 06:48:26
2026-03-22 06:48:28.416831+00:00,4436549.239648207,3084087.788782937,3375552.108132732,-986.5229216127747,5,"E13,E21,E29,E34,G11",2.645493181466575,3.406346034258604,20.440694798842717,32.397127577402514,32.16756197845807,34.805274493901386,-1168.6733327247202,683.4713555275838,2026-03-22 06:48:28
2026-03-22 06:48:30.416831+00:00,4436091.817316204,3083030.2547469917,3372540.2035338357,-2558.2555532658957,5,"E13,E21,E29,G11,G24",321.36905115636347,633.8954112790525,23.705009682741952,42.04130562840603,32.149260914386424,34.79883406240128,-3600.7517925193533,1612.388193011447,2026-03-22 06:48:30
2026-03-22 06:48:32.416831+00:00,4437045.215785114,3082931.4349039965,3374184.7082956727,-2843.93668594675,5,"E15,E27,E30,G06,G25",93.9267418609926,157.49102933704853,27.844189350660685,38.584636170223675,32.15833364414417,34.79220358836461,-2110.4569882471114,951.7260521801343,2026-03-22 06:48:32
2026-03-22 06:48:34.416831+00:00,4436441.423532767,3085009.922195248,3375953.6854094244,-544.2210457805651,5,"E07,E15,G12,G24,G29",79.02585345754459,176.5091359578073,15.927464322883148,41.322488672195206,32.16852525689597,34.813955333134246,-584.2121636793017,1397.6725772569725,2026-03-22 06:48:34
2026-03-22 06:48:36.416831+00:00,4436476.056846097,3085069.183067837,3376007.0570351346,-474.1428776404706,5,"E15,E27,G12,G24,G29",87.19424737403635,194.0673201046884,21.47902428868171,50.29324279559575,32.168633720484735,34.81426156185654,-503.0881814127788,43.473692743914775,2026-03-22 06:48:36
2026-03-22 06:48:38.416831+00:00,4436515.654575032,3084167.452378583,3375531.730186708,-930.5046024542077,5,"E13,E21,E29,E34,G11",4.911802748038775,6.319932997226715,20.416724945365303,32.41107390699974,32.167320458575574,34.80617139716464,-1164.3742547053844,510.05436693407466,2026-03-22 06:48:38
2026-03-22 06:48:40.416831+00:00,4437470.931294598,3086578.8734418205,3377378.5215521306,1429.005090222623,5,"E15,E27,E30,G12,G24",12.849542640754917,24.79358922690153,27.858256186750154,51.566514175095065,32.17104211423893,34.82137904242727,1648.1392312711105,1592.02257384818,2026-03-22 06:48:40
2026-03-22 06:48:42.416831+00:00,4436722.161113011,3085064.3270947705,3376104.0931403427,-221.85795603795626,5,"E27,E30,G12,G24,G29",106.11453129410519,236.42427827045321,21.514688537694607,47.31096413045585,32.16841762936143,34.81272955892714,-282.7348967222497,1058.1440354422862,2026-03-22 06:48:42
2026-03-22 06:48:44.416831+00:00,4437450.71843987,3086611.6211391785,3377370.5990463416,1450.324500333101,5,"E15,E27,E30,G12,G24",15.187831667464554,30.67185888066888,27.84618235670692,51.56242340365757,32.170971543719254,34.821786346059724,1645.7037795344368,1064.0667094113821,2026-03-22 06:48:44
2026-03-22 06:48:46.416831+00:00,4437297.849360965,3084623.833833347,3376131.8513625967,-170.95807826023878,5,"E07,E21,E29,G11,G19",5.209114421683615,7.260008219629526,15.863133360016338,30.50303529268478,32.167567374490964,34.80541069554086,-80.69463425129652,1173.5803287901733,2026-03-22 06:48:46
2026-03-22 06:48:48.416831+00:00,4437162.011805844,3084571.4920038977,3375995.6588641936,-285.33570021188314,5,"E07,E21,E29,G11,G19",30.41467967987263,54.99750833213329,15.852894195421415,30.500003738485606,32.16720664916624,34.8057770892542,-272.90727983321995,99.67435115517507,2026-03-22 06:48:48
2026-03-22 06:48:50.416831+00:00,4437139.138195215,3084572.9377965513,3375988.3787289923,-288.99814360365116,5,"E07,E21,E29,G11,G19",38.84344349438313,74.83221036568284,15.841931326027872,30.496581153325042,32.16723728496605,34.80592810461092,-291.9829320823774,12.023859074178183,2026-03-22 06:48:50
2026-03-22 06:48:52.416831+00:00,4437274.81288517,3084661.4308476476,3376097.2894473006,-159.46384910123993,5,"E07,E21,E29,G11,G19",10.683995096922924,14.958595547825098,15.830544451487334,30.49274854466783,32.16729131706862,34.80587740324233,-96.94083193317056,97.5963448972008,2026-03-22 06:48:52
2026-03-22 06:48:54.416831+00:00,4437135.344882859,3084595.8366937097,3375975.8132704534,-267.1474564300281,5,"E07,E21,E29,G11,G19",38.26712318680574,72.9061875231564,15.820156604900097,30.489695214859427,32.1670935576668,34.80615041084673,-290.2448953697458,98.12030656400403,2026-03-22 06:48:54
2026-03-22 06:48:56.416831+00:00,4437167.029274921,3084612.0528161903,3375988.8979138834,-232.95521244234556,5,"E07,E21,E29,G11,G19",25.911932501259436,42.85033504664898,15.809222347718938,30.486190815518903,32.16702409619999,34.80609983028194,-253.42115400452167,18.960954764573344,2026-03-22 06:48:56
2026-03-22 06:48:58.416831+00:00,4437195.841661424,3084611.272408428,3376009.0138160842,-203.87049643145374,5,"E07,E21,E29,G11,G19",24.65110304810756,39.46467312052846,15.798207095307541,30.482687876946972,32.167066213764514,34.80591866758487,-223.0626386096701,17.574215300059986,2026-03-22 06:48:58
2026-03-22 06:49:00.416831+00:00,4437165.374409824,3084592.8694977504,3375982.484366363,-219.18022607688343,5,"E07,E21,E29,G11,G19",26.347495256817684,43.38433754816651,15.787388503732297,30.47932885603965,32.16703423204392,34.80594284345854,-267.25490676239133,22.196465056563216,2026-03-22 06:49:00
2026-03-22 06:49:02.416831+00:00,4436653.278535193,3084363.732677427,3375630.069104961,-653.2904583605364,5,"E21,E29,E34,G11,G24",41.987218599277924,93.30198496952653,20.357711993375997,41.327993840136344,32.166990661520934,34.807047329545796,-921.5241730352864,331.2636350819007,2026-03-22 06:49:02
2026-03-22 06:49:04.416831+00:00,4436531.527383474,3084306.3886311897,3375545.6849688576,-758.9531677919376,5,"E07,E21,E29,E34,G11",116.2664055823918,259.37459106743336,15.766997103572303,30.822062483742865,32.16698359789307,34.807284996772424,-1078.7799570495263,79.423493076289,2026-03-22 06:49:04
2026-03-22 06:49:06.416831+00:00,4436957.107442802,3084790.910295315,3376490.383021878,-24.462266613406122,5,"E19,E27,G11,G24,G29",44.853009835800144,99.38287203758955,21.654709029660225,44.78819941271041,32.17118966593126,34.80892734690029,-45.89908868353814,571.9121526260191,2026-03-22 06:49:06
2026-03-22 06:49:08.416831+00:00,4437185.433910166,3084622.1164049283,3375917.6450205212,-196.37755943044658,5,"E07,E21,E29,G11,G19",9.323853864380652,13.210090283304453,15.744328126454018,30.465637209666625,32.16638001298845,34.80607605660167,-273.70030469540507,319.6299310644672,2026-03-22 06:49:08
2026-03-22 06:49:10.416831+00:00,4438139.133871799,3086123.7907359623,3376269.0879163267,869.6440522552585,5,"E07,E15,E27,G06,G12",137.57313349062926,244.4421328306198,15.734452489931492,42.20347580648807,32.161188984461766,34.813375043197134,1301.9270883677527,906.6533960558378,2026-03-22 06:49:10
2026-03-22 06:49:12.416831+00:00,4436455.824822108,3085171.7720745825,3375843.416473831,-368.4526506699887,5,"E07,E15,G12,G24,G29",80.71618460415792,180.30605015531182,15.72070857653558,41.311963711741946,32.16718296968613,34.815277085103475,-554.6918991440907,990.0839693358859,2026-03-22 06:49:12
2026-03-22 06:49:14.416831+00:00,4437051.093846994,3084573.890795824,3375435.9545048675,-346.35098836470297,5,"E13,E29,G11,G19,G25",60.08429144237016,95.01240663230419,18.544546487845476,31.17348425030094,32.16336432475592,34.8064692457423,-646.8094678986818,468.46357692737223,2026-03-22 06:49:14
2026-03-22 06:49:16.416831+00:00,4437314.325480951,3084633.2714297534,3375979.5061149863,-116.79118372605029,5,"E07,E21,E29,G11,G19",44.090742251546644,96.32425675168633,15.70053583236464,30.45162266024017,32.16631357840778,34.80539314617422,-145.78954357188195,303.4243339219502,2026-03-22 06:49:16
2026-03-22 06:49:18.416831+00:00,4437260.996221801,3085252.9526639828,3376003.1588959675,-108.63267790198013,5,"E07,E15,E27,E30,G25",2.2845959397468953,4.227168753743172,15.689497214154507,35.02800857648549,32.16500611781661,34.81111013367513,129.17633356526494,311.210658552059,2026-03-22 06:49:18
2026-03-22 06:49:20.416831+00:00,4437266.765278479,3085236.324684781,3375992.076181416,-114.6353194410141,5,"E07,E15,E27,E30,G25",6.612072361086648,12.23873170092702,15.678688106349906,35.02783494354464,32.16494434661011,34.810930483039186,119.25046403612942,10.399498414793529,2026-03-22 06:49:20
2026-03-22 06:49:22.416831+00:00,4437875.765086611,3085478.7655234686,3376207.1003074604,265.49529987222263,5,"E07,E15,E29,G19,G25",2.8792780178637716,4.319904666393995,15.668182477464896,28.32978149901141,32.16352107808969,34.80935520562127,774.155065507628,344.92524601324817,2026-03-22 06:49:22
2026-03-22 06:49:24.416831+00:00,4436577.401203204,3084238.6064993353,3375349.890261183,-777.0456040668477,5,"E13,E21,E29,E34,G11",0.5492453634213613,0.7044950760900974,20.30233988784741,32.474774045470426,32.1654935997792,34.80641717995157,-1183.8840975267813,994.8055390770569,2026-03-22 06:49:24
2026-03-22 06:49:26.416831+00:00,4436849.280104224,3084316.70644853,3375466.0330401547,-564.6317434622883,6,"E13,E21,E29,G06,G12,G24",30.763602060585924,67.97277319431305,24.027235845890452,42.170041344513315,32.165094407989045,34.805451608277274,-895.3430836861953,152.8944766752065,2026-03-22 06:49:26
2026-03-22 06:49:28.416831+00:00,4437292.097134569,3085008.077094916,3375449.623212157,-260.9099463228514,5,"E15,E21,E29,G06,G12",176.82150836133854,350.6675685495138,32.74538164097002,40.76178513606043,32.161328848444725,34.80879038213457,-262.20802834816277,410.5939525561354,2026-03-22 06:49:28
2026-03-22 06:49:30.416831+00:00,4436811.63481065,3084309.7500319523,3375438.704974721,-596.3832271716706,5,"E13,E21,E29,G11,G24",23.94653216792379,50.88154147937894,24.05193169682857,42.039221449999935,32.165053240125395,34.805618884391976,-939.4188514612615,423.85844909637206,2026-03-22 06:49:30
2026-03-22 06:49:32.416831+00:00,4437696.09242119,3085127.647833802,3375249.624908087,-225.96540243408276,5,"E07,E15,G06,G12,G25",377.8416272912952,844.8179618418217,15.621439706928644,35.67201308616574,32.15788206125255,34.807386364861195,-30.06744463928044,609.7075837463033,2026-03-22 06:49:32
2026-03-22 06:49:34.416831+00:00,4436821.012466951,3084263.344058097,3375344.15878464,-634.5939772411823,5,"E13,E21,E34,G11,G24",50.99402354775909,113.5354354120791,20.275501409322736,38.8068910563788,32.16442158468232,34.80515809890374,-1005.6555886594579,616.7906040189445,2026-03-22 06:49:34
2026-03-22 06:49:36.416831+00:00,4436755.115019212,3084892.8698398727,3375637.401133143,-308.84401741801213,5,"E13,E27,E30,G12,G24",139.9320771238841,287.77806521207094,24.089177443633353,47.730210261076934,32.165194847655115,34.81103752496792,-591.14950490091,348.79659491405005,2026-03-22 06:49:36
2026-03-22 06:49:38.416831+00:00,4436976.318244295,3084366.9472269383,3375286.1203661496,-474.9514272466712,5,"E13,E19,E29,G11,G24",8.671072588862142,11.466783817857504,24.10284984333333,40.393354718091075,32.16308225141275,34.80512015847099,-878.5413487926126,335.0088203475112,2026-03-22 06:49:38
2026-03-22 06:49:40.416831+00:00,4436042.230303474,3084225.374148907,3374874.283843573,-1390.6955567364953,5,"E15,E21,E29,G12,G24",3.688398587298677,6.160397555679083,32.78749718563011,47.66122066598195,32.16400829709987,34.80954147175444,-1815.441877817735,515.3087761088136,2026-03-22 06:49:40
2026-03-22 06:49:42.416831+00:00,4432455.456416252,3083005.512560867,3375047.369942315,-3042.9438312326797,5,"E07,E15,E21,G06,G12",236.21607583380688,528.1276884004474,15.548358964152225,36.613014136232984,32.18282399212416,34.82064082620621,-4805.328676633537,1896.2441832217623,2026-03-22 06:49:42
2026-03-22 06:49:44.416831+00:00,4436889.938585864,3084279.295090656,3375391.544581185,-578.8750879285284,5,"E21,E29,E34,G11,G24",32.60369584463409,72.19413953647017,20.250258528696147,41.26479429465853,32.16446792461905,34.80487981777927,-924.8132728133351,2313.309870501931,2026-03-22 06:49:44
2026-03-22 06:49:46.416831+00:00,4437920.482881876,3085444.481869406,3375485.065002041,191.3091833688294,5,"E15,E29,G06,G12,G19",99.45955670632901,220.49521117657423,18.335598515041106,37.87453676303716,32.157927102939404,34.8087862245548,404.33302228339016,779.1706880608656,2026-03-22 06:49:46
2026-03-22 06:49:48.416831+00:00,4437194.114772456,3084715.811478724,3376473.6552361683,84.54172817450721,5,"E21,E30,G11,G24,G29",71.98102780235645,160.32577497512102,21.900294141211617,39.83892412745853,32.170333430345806,34.806839177811874,73.62958850618452,713.421652960467,2026-03-22 06:49:48
2026-03-22 06:49:50.416831+00:00,4436927.310920882,3084278.9602001286,3375361.2713431143,-572.9156388897364,5,"E21,E29,E34,G11,G24",39.453817427334286,87.64057817682624,20.234814790782014,41.25566836232931,32.16409036675596,34.80465071933651,-915.114114863798,612.2542895625004,2026-03-22 06:49:50
2026-03-22 06:49:52.416831+00:00,4437977.419499467,3085464.3326894115,3375476.758081456,212.04137806524844,5,"E15,E29,G06,G12,G19",99.61915418603316,221.01398933306336,18.29692881250863,37.865382183323604,32.15758493143301,34.80861447027532,449.0814608577639,793.910125880046,2026-03-22 06:49:52
2026-03-22 06:49:54.416831+00:00,4437722.988487176,3085148.2953063305,3376145.81851357,16.810024601120652,5,"E07,E15,E21,E29,E34",59.58468465682706,129.7744510397315,15.493465478208714,29.584458577085904,32.1645609635013,34.80740333000994,475.6519984016195,391.2341464329507,2026-03-22 06:49:54
2026-03-22 06:49:56.416831+00:00,4436945.084972065,3084280.4499574522,3375332.6035552067,-583.8317950978559,5,"E21,E29,E34,G11,G24",33.44649953490571,74.10825431719422,20.219518863098216,41.246518218148964,32.163797330968215,34.804556119424355,-917.3008911022916,710.564563726794,2026-03-22 06:49:56
2026-03-22 06:49:58.416831+00:00,4436943.165064376,3084278.1517484086,3375331.5833937684,-593.8911593447605,5,"E21,E29,E34,G11,G24",31.189506831316617,69.01372968032956,20.214509813951548,41.24344377147308,32.163803409226475,34.804547729903376,-920.288923102431,1.5818138088322726,2026-03-22 06:49:58
2026-03-22 06:50:00.416831+00:00,4437986.55209524,3085447.2605142253,3375443.4312528945,183.96541015273547,5,"E15,E29,G06,G12,G19",100.83851327116658,223.86890110373497,18.245746832120602,37.85337379506113,32.157341298903,34.80841062230713,429.44107940234244,785.4905706111617,2026-03-22 06:50:00
2026-03-22 06:50:02.416831+00:00,4436928.502337902,3084268.3518038206,3375300.1619220553,-634.5205129012674,5,"E21,E29,E34,G11,G24",31.894499353631264,70.61034613102674,20.204425050545858,41.23736793962737,32.1636481658415,34.80455114838346,-951.9429010543972,795.2705730804139,2026-03-22 06:50:02
2026-03-22 06:50:04.416831+00:00,4436939.020329377,3084274.7394955154,3375321.1748593054,-632.7745990531628,5,"E21,E29,E34,G11,G24",27.90888090188187,61.598255418241024,20.199427138152895,41.23422417022859,32.16374963055304,34.804543105975995,-930.3595111016184,12.175531628310711,2026-03-22 06:50:04
2026-03-22 06:50:06.416831+00:00,4436930.366207007,3084272.830237301,3375316.5167256193,-650.8043686098888,5,"E21,E29,E34,G11,G24",26.077408725231248,57.44777001440525,20.19444645412698,41.23115055924253,32.16375341553387,34.80457885887398,-939.777130135335,5.005929243155529,2026-03-22 06:50:06
2026-03-22 06:50:08.416831+00:00,4437482.149066667,3084531.65720294,3375689.744070444,-185.0133392883185,5,"E07,E21,E29,G11,G19",36.18185383177661,58.79239843040705,15.420157903100343,30.362168254161617,32.163718381141095,34.80349297164606,-232.4935256196186,357.3354073139333,2026-03-22 06:50:08
2026-03-22 06:50:10.416831+00:00,4436853.884672114,3084241.172787961,3375265.1464382284,-737.3312282708537,5,"E07,E21,E29,E34,G11",109.36262950999651,243.99733905866742,15.410662853467972,30.759509530176352,32.163749475749576,34.80476611487169,-1035.5813775453717,406.01123571030524,2026-03-22 06:50:10
2026-03-22 06:50:12.416831+00:00,4437474.002856429,3084523.061348294,3375682.2328057108,-213.05447742218843,5,"E07,E21,E29,G11,G19",39.29176285254751,62.58912402763963,15.398419038372417,30.355235428075673,32.16371670430279,34.80346743529457,-246.30774013046175,399.36473332791013,2026-03-22 06:50:12
2026-03-22 06:50:14.416831+00:00,4437030.735742054,3084279.926593964,3375303.3564297124,-614.6865057415921,5,"E21,E29,G06,G12,G24",11.203621810733505,21.19111781194806,32.89929134982929,45.706770739462385,32.163237794711776,34.80403320446686,-873.5878471424803,315.8906265382368,2026-03-22 06:50:14
2026-03-22 06:50:16.416831+00:00,4437943.833683623,3085405.970923204,3375429.258197545,58.296003376976074,5,"E15,E29,G06,G12,G19",92.5408737889922,206.0476668216288,18.144185831925082,37.82959130247244,32.15751456326875,34.80830974613466,372.2500577233732,727.5944848359164,2026-03-22 06:50:16
2026-03-22 06:50:18.416831+00:00,4437562.926466086,3084919.6668011774,3375396.215332614,-224.13310553836084,5,"E29,G06,G12,G19,G25",17.088780039827576,37.463857881724834,18.13337195298688,34.88259956366459,32.16009589988356,34.80638182737673,-145.10983735788614,309.3031839452572,2026-03-22 06:50:18
2026-03-22 06:50:20.416831+00:00,4437593.535865189,3084928.568012304,3375406.181124259,-209.42790969404425,5,"E29,G06,G12,G19,G25",16.22824331617162,35.50107463821769,18.120464855306842,34.88022847846314,32.1600269496462,34.80627408149327,-114.2272523259744,16.699430200291527,2026-03-22 06:50:20
2026-03-22 06:50:22.416831+00:00,4437132.442031694,3084889.4656333397,3375157.3261202644,-662.0739469254622,5,"E15,E29,E34,G12,G25",6.996194809717991,11.03821199759841,20.153495879941133,37.23233452546704,32.16005155607274,34.80872411965221,-586.087913133204,262.709598388027,2026-03-22 06:50:22
2026-03-22 06:50:24.416831+00:00,4437038.229864472,3084286.9244831577,3375313.706765567,-662.0919378542337,5,"E21,E29,G06,G12,G24",10.141396906448293,18.292391695082188,32.93140894326963,45.68744923948191,32.16326809892568,34.80404877607945,-859.4876476945356,314.7962342296211,2026-03-22 06:50:24
2026-03-22 06:50:26.416831+00:00,4437192.016330316,3084949.1683328543,3375171.5032924376,-635.1109548187551,5,"E15,E29,E34,G12,G25",18.182871407926626,37.771138451993465,20.14311941673737,37.23583993874608,32.15976137843217,34.80888328103273,-508.28103705123067,347.2891523312493,2026-03-22 06:50:26
2026-03-22 06:50:28.416831+00:00,4437035.958646579,3084280.0993623203,3375317.355709088,-686.1907446496768,5,"E21,E29,G06,G12,G24",9.27650673474143,15.818880908191204,32.944341894897406,45.679740017435634,32.16332361627942,34.80400310005601,-862.4216523002833,351.1695514376121,2026-03-22 06:50:28
2026-03-22 06:50:30.416831+00:00,4436938.972863545,3084278.94695875,3375320.9497684883,-776.7181729327191,5,"E21,E29,E34,G11,G24",26.189643986053913,57.73005773127079,20.13384775146895,41.19391757531078,32.163736568532016,34.80458002481872,-928.4793602181599,48.529597689658075,2026-03-22 06:50:30
2026-03-22 06:50:32.416831+00:00,4436948.85488055,3084279.937667463,3375333.656187872,-775.6116871279855,5,"E21,E29,E34,G11,G24",33.349358813354726,73.92194591462612,20.12875794629172,41.19076797952869,32.16379190937359,34.804528843495675,-914.3676383681595,8.063635306092596,2026-03-22 06:50:32
2026-03-22 06:50:34.416831+00:00,4436937.105563647,3084280.5832711207,3375326.650598667,-799.0230469186635,5,"E21,E29,E34,G11,G24",32.04003258926286,70.96922785788774,20.12375562930647,41.18766870994631,32.16378297224239,34.80460557215959,-925.9518775315955,6.847290191618989,2026-03-22 06:50:34
2026-03-22 06:50:36.416831+00:00,4436934.188655084,3084273.111329149,3375321.5696197585,-810.3052728926972,5,"E21,E29,E34,G11,G24",31.435167204662577,69.60545793175697,20.118661599437537,41.18456638465125,32.16377615497531,34.80455817233105,-934.2945076385513,4.7474893118153965,2026-03-22 06:50:36
2026-03-22 06:50:38.416831+00:00,4436941.750740678,3084283.979133962,3375333.288213069,-813.2395791456584,5,"E21,E29,E34,G11,G24",28.392686591393726,62.72998409718275,20.11360578891578,41.181407230757756,32.163806031522654,34.80460702460775,-917.5487722847611,8.840528111599815,2026-03-22 06:50:38
2026-03-22 06:50:40.416831+00:00,4436933.434440975,3084279.3888612203,3375325.231306183,-833.8718363763637,5,"E21,E29,E34,G11,G24",25.168657273302525,55.424382988363504,20.108545436258503,41.17830693706502,32.16378988211627,34.80461739122013,-929.8362976824865,6.227864665414936,2026-03-22 06:50:40
2026-03-22 06:50:42.416831+00:00,4436943.687183703,3084282.4388644393,3375334.6624603984,-835.8276472714504,5,"E21,E29,E34,G11,G24",25.299706656288933,55.72442730143666,20.10342794522255,41.17515365322144,32.163813110907896,34.80458189501374,-916.2154341395944,7.130356283493327,2026-03-22 06:50:42
2026-03-22 06:50:44.416831+00:00,4438008.520373172,3085463.8878485733,3375452.759612741,-40.45623594323979,5,"E15,E29,G06,G12,G19",112.45736959604095,250.25144224613905,17.96599144620561,37.78714751576582,32.15728038839493,34.80842240848283,457.71170049440116,797.4393959570015,2026-03-22 06:50:44
2026-03-22 06:50:46.416831+00:00,4437998.893240327,3085465.7480572024,3375453.206117737,-57.09963992234047,5,"E15,E29,G06,G12,G19",109.58558902134064,244.11228344216943,17.953382640662806,37.784156163420676,32.157316637769476,34.80849685187449,452.15644864644855,4.90768350836299,2026-03-22 06:50:46
2026-03-22 06:50:48.416831+00:00,4437139.768542489,3084919.1382748308,3375144.376101398,-796.2305194510418,5,"E15,E29,E34,G12,G25",8.37890970258119,13.248908817768097,20.087487884541627,37.25653551779196,32.15984249109152,34.80893808013924,-573.5490734037012,532.0370005017676,2026-03-22 06:50:48
2026-03-22 06:50:50.416831+00:00,4437159.066057246,3084920.666375858,3375163.0268303743,-789.0307524084453,5,"E15,E29,E34,G12,G25",8.751651774357203,13.840720221400261,20.082318617068143,37.25837695860933,32.159904639774204,34.8088345910167,-549.4697771063074,13.44041349717577,2026-03-22 06:50:50
2026-03-22 06:50:52.416831+00:00,4437988.579754579,3085450.878153859,3375444.617768333,-95.90730267562095,5,"E15,E29,G06,G12,G19",101.44198342528037,226.04744840413332,17.91530870340172,37.77506496596986,32.15733245521011,34.8084298390064,433.2303038351238,511.9841208314849,2026-03-22 06:50:52
2026-03-22 06:50:54.416831+00:00,4437162.271519358,3084918.1300110603,3375152.211471123,-807.7126067241728,5,"E15,E29,E34,G12,G25",11.399426173309097,20.647073946893215,20.072032182678473,37.262064593728546,32.159816380792016,34.80879311212568,-554.2242585700005,512.8614154664363,2026-03-22 06:50:54
2026-03-22 06:50:56.416831+00:00,4436930.451214153,3084271.219298095,3375297.5070615923,-929.7867343853164,5,"E21,E29,E34,G11,G24",18.616828705780208,40.49095929041505,20.067666678633625,41.15331017190113,32.1636123539984,34.80456431900561,-950.616020347923,351.1925871457018,2026-03-22 06:50:56
2026-03-22 06:50:58.416831+00:00,4437993.3093467755,3085444.648768706,3375407.426301589,-138.57887124635602,5,"E15,E29,G06,G12,G19",97.59792076047363,217.62788109853864,17.877007297445434,37.76584181776458,32.15704696314493,34.808347003257026,413.7125156065449,793.5184893719419,2026-03-22 06:50:58
2026-03-22 06:51:00.416831+00:00,4438008.422600864,3085442.1737518157,3375392.141801701,-143.81974909148553,5,"E15,E29,G06,G12,G19",106.51911732800498,237.60902102664113,17.864112829359545,37.76269981144678,32.15687750503991,34.80823401277408,414.88676723465323,10.818411327265427,2026-03-22 06:51:00
2026-03-22 06:51:02.416831+00:00,4437037.5202546,3084290.4914698205,3375304.3720109016,-885.7269676572012,5,"E07,E21,E29,G11,G24",75.46505727369032,168.52750144898891,15.12845725319516,40.15922027849725,32.16318985001621,34.804084125631015,-863.2266037818044,754.4413464313619,2026-03-22 06:51:02
2026-03-22 06:51:04.416831+00:00,4438064.310571768,3085466.712901842,3375360.016432519,-143.11880538409468,5,"E15,E29,G06,G12,G19",107.78582578957247,240.48115353286266,17.838174487295728,37.756306483206565,32.156344797352794,34.80810941617901,448.49584044422954,781.1676379360603,2026-03-22 06:51:04
2026-03-22 06:51:06.416831+00:00,4438109.338667654,3085487.2887405455,3375341.634012793,-134.14551465741727,5,"E15,E29,G06,G12,G19",112.39012471363519,250.73274886235595,17.825071333978364,37.75303208919648,32.155970660822526,34.80801603888532,479.9555753134191,26.404582521157074,2026-03-22 06:51:06
2026-03-22 06:51:08.416831+00:00,4438013.35382004,3085246.2082186537,3376164.925897512,-203.36903473389617,5,"E15,E21,E29,E34,G15",1.0336135476957222,1.52797045186162,3.7867838028706595,27.238281106174167,32.163294100721025,34.80649856173402,734.9596797265112,431.6081661794836,2026-03-22 06:51:08
2026-03-22 06:51:10.416831+00:00,4436975.304491362,3084230.4291262534,3375130.439696504,-1042.8546208598761,5,"E07,E21,E29,E34,G11",106.52136857311599,237.70558557659388,15.086391904407066,30.700684068415928,32.16227170962324,34.80393773063499,-1028.0824636500329,891.5597671221641,2026-03-22 06:51:10
2026-03-22 06:51:12.416831+00:00,4437087.624861721,3084282.502829674,3375158.58109564,-980.1171490003921,5,"E21,E29,E34,G11,G24",26.36120386739534,58.164552833884954,20.02479856287258,41.128431346661344,32.161901079885034,34.80371134830385,-909.8665052810684,63.48124630740754,2026-03-22 06:51:12
2026-03-22 06:51:14.416831+00:00,4438070.894322045,3086771.956110474,3376928.9622361236,1432.4594716799277,5,"E15,E27,G06,G12,G24",202.66718055436112,452.87469600886106,33.23430291640947,52.569192185544196,32.164718021135364,34.819428029698855,1919.048579362221,1604.559585328015,2026-03-22 06:51:14
2026-03-22 06:51:16.416831+00:00,4437034.68739805,3084894.6462029098,3376119.8241047487,-301.93803289468195,5,"E15,E27,E30,G11,G25",190.31793733670835,425.3603317402303,27.366032275824363,41.87130315270461,32.167770793445015,34.809360851701804,-139.149606349878,1145.9408573329654,2026-03-22 06:51:16
2026-03-22 06:51:18.416831+00:00,4436920.201915881,3084006.4611448958,3375397.7680032775,-1291.2715011647215,5,"E07,E27,E30,G11,G24",25.659870629677805,42.134122896939516,15.040297825113141,43.914675780647705,32.165143836542036,34.80232120565643,-1032.288109430112,575.1835873394344,2026-03-22 06:51:18
2026-03-22 06:51:20.416831+00:00,4437116.621332474,3084271.7899068235,3375032.5773475105,-1071.9136781401583,5,"E21,E29,E34,G11,G24",6.001435399166463,11.332687348127365,20.003399062538804,41.11609670510474,32.16085404865354,34.80344259876263,-961.9594222130254,246.1423136015721,2026-03-22 06:51:20
2026-03-22 06:51:22.416831+00:00,4437169.561021533,3084272.964607486,3375032.4982596887,-1050.2264985883808,5,"E21,E29,E34,G11,G24",17.54043327477501,38.05361459776759,19.997813510232042,41.11292044431614,32.16064153029231,34.80313245037339,-924.6343447025865,26.47638973771515,2026-03-22 06:51:22
2026-03-22 06:51:24.416831+00:00,4436895.126252438,3084946.555511258,3375479.6297342447,-865.9120003151953,5,"E15,E27,G15,G24,G29",66.76773462043296,149.15699331462383,3.7179394827635317,39.465050725725554,32.16329126483061,34.810657419986676,-551.8825948219746,426.8974419199486,2026-03-22 06:51:24
2026-03-22 06:51:26.416831+00:00,4436338.794952155,3084193.4310689047,3374416.9829755086,-1922.8302043681015,5,"E15,E21,E29,G12,G24",6.798528952509881,11.203596401959658,33.127940226689674,47.596772124972965,32.159434512687845,34.807468114646824,-1868.1706822076812,708.1523627011454,2026-03-22 06:51:26
2026-03-22 06:51:28.416831+00:00,4436388.460668343,3084203.761358407,3374431.3241645177,-1904.7202341725504,5,"E15,E21,E29,E34,G24",327.5369989945232,732.3489323034883,19.985946523756223,39.90193953317733,32.15931991757456,34.80725742799244,-1821.02263186872,26.358432938359996,2026-03-22 06:51:28
2026-03-22 06:51:30.416831+00:00,4436306.569041162,3083574.478823341,3377239.7360402755,-1879.3509841019895,5,"E15,E21,E29,G24,G29",152.78784346744413,341.45054303482175,22.488713249931806,40.39212810134261,32.18280970189455,34.802273664097214,-686.63901842013,1439.6075864136653,2026-03-22 06:51:30
2026-03-22 06:51:32.416831+00:00,4438250.6851943005,3085230.3450849606,3375876.628466463,-335.2768938290164,5,"E15,E21,E29,E34,G15",2.9533513041522683,4.401415798813105,3.6840642708398574,27.21555976837383,32.16020156497024,34.8049245075494,738.7983314553276,1447.3720108397754,2026-03-22 06:51:32
2026-03-22 06:51:34.416831+00:00,4436451.813222798,3084197.7944902945,3374394.2412159126,-1925.5802341210458,5,"E07,E15,E21,E29,G24",332.1076005581752,742.5651787035167,14.961121592784371,38.88977901189751,32.15880332917763,34.806822003159354,-1799.6076270490885,1274.713012897292,2026-03-22 06:51:34
2026-03-22 06:51:36.416831+00:00,4437865.930748241,3085165.912768489,3375298.0041743466,-586.6579820576954,5,"E07,E15,E27,E30,G25",7.437421662339772,14.097659666091204,14.947784591464961,35.01496242252196,32.15747723765428,34.80669171454917,132.23085032682866,968.7322722736891,2026-03-22 06:51:36
2026-03-22 06:51:38.416831+00:00,4438304.720712252,3085223.0274819625,3375807.560268468,-367.631575339077,5,"E15,E21,E29,E34,G15",7.521943544304002,11.232123106718063,3.6583864888422566,27.209851471458443,32.15948143410037,34.80453388781158,736.0596364596859,337.4337475966088,2026-03-22 06:51:38
2026-03-22 06:51:40.416831+00:00,4438193.547848278,3086574.5421494716,3376460.1949230386,1067.2220555077113,5,"E15,E27,E30,G12,G24",1.4734312290746494,2.248149923980236,27.293028179299014,51.36733702835302,32.16119813833063,34.816968067295626,1659.33158544451,752.4764605159949,2026-03-22 06:51:40
2026-03-22 06:51:42.416831+00:00,4437916.516885105,3085149.1431990834,3375223.4798849784,-629.2570502964926,5,"E07,E15,E27,E30,G25",10.583875302125687,21.728819340467453,14.916171499828812,35.014242666090496,32.156754876470536,34.80623965759519,119.62573034595698,953.6734776233236,2026-03-22 06:51:42
2026-03-22 06:51:44.416831+00:00,4438221.963220774,3086551.0090384474,3376405.609294448,1031.8998915032373,5,"E15,E27,E30,G12,G24",2.2141755957910614,3.3738147728145123,27.280202717646368,51.362648028916304,32.16073405487957,34.81659134911571,1638.6499628517777,929.5099833087914,2026-03-22 06:51:44
2026-03-22 06:51:46.416831+00:00,4437964.0563223865,3085151.3171561337,3375178.229155558,-634.891831095276,5,"E07,E15,E27,E30,G25",8.577530899152002,16.752115845680237,14.89512052809013,35.01372508423553,32.15621610904099,34.80597092615218,129.63847789913416,939.6961395834531,2026-03-22 06:51:46
2026-03-22 06:51:48.416831+00:00,4438262.716188486,3086542.6144144046,3376353.440594575,1010.7714848593203,5,"E15,E27,E30,G12,G24",2.2925021128891925,3.4884300008416176,27.267374164799545,51.35793050779405,32.16019832703521,34.81627169920197,1635.1473678704351,922.7713290526469,2026-03-22 06:51:48
2026-03-22 06:51:50.416831+00:00,4436608.074500732,3084177.0121812117,3374148.7878921935,-2007.081921253484,5,"E15,E21,E29,E34,G24",320.52239746696773,716.6640127822757,19.925821642644962,39.863913175338794,32.15636982036019,34.805695241360176,-1831.6722094807774,1816.2052870378354,2026-03-22 06:51:50
2026-03-22 06:51:52.416831+00:00,4437238.010004198,3085048.3362001246,3374912.7285040272,-914.748325512713,5,"E07,E15,G12,G24,G29",73.59799093172961,164.4220565073192,14.862379541188519,41.26586827891716,32.15733259082909,34.80946816206186,-566.1234109504148,659.4750834698647,2026-03-22 06:51:52
2026-03-22 06:51:54.416831+00:00,4436579.048354354,3083540.370680852,3376964.2404877436,-1961.3635666783487,5,"E15,E21,E29,G11,G24",102.54412221347208,228.69209111481905,33.232501016227154,45.75542711679431,32.179725527801,34.800327467392265,-660.4752793675289,1314.9992283850504,2026-03-22 06:51:54
2026-03-22 06:51:56.416831+00:00,4438368.68621497,3085288.3568297517,3374676.737888038,-577.2823976425751,5,"E15,E29,G06,G12,G25",128.47551198271208,273.39044461771846,28.882718364366603,39.949517692766946,32.150417537529904,34.80471548367737,210.25880727544427,1694.9135223188953,2026-03-22 06:51:56
2026-03-22 06:51:58.416831+00:00,4437865.941228629,3084938.1242175237,3374556.082979882,-1022.7098749294574,5,"E15,E27,E30,G12,G25",108.26090661406414,233.37214866280556,27.227483004268088,43.75215079874368,32.152436761347005,34.8047089172102,-372.69739376194775,312.239095414696,2026-03-22 06:51:58
2026-03-22 06:52:00.416831+00:00,4436692.7045648005,3084171.8687911555,3374131.6654482754,-2025.4533578447954,5,"E07,E15,E21,E29,G24",330.89703192137114,739.8595073446631,14.823765630044852,38.83126799990418,32.15591953651585,34.805138231798864,-1784.4409795990214,732.0795532122106,2026-03-22 06:52:00
2026-03-22 06:52:02.416831+00:00,4437543.772855879,3084225.6929175872,3374620.5634299326,-1222.5186930074663,5,"E21,E29,E34,G11,G24",17.842281925320805,38.8061240054667,19.889093145923166,41.0500798390518,32.15615058558016,34.80045643032853,-906.5974606443197,491.48639582738645,2026-03-22 06:52:02
2026-03-22 06:52:04.416831+00:00,4436665.166212442,3084165.6720747375,3374062.0365071646,-2078.981281880882,5,"E15,E21,E29,G11,G24",148.19804169818178,331.04882879927754,33.2502807547489,45.7631718986097,32.15551332914439,34.80525095443191,-1843.6366403335705,521.417409309417,2026-03-22 06:52:04
2026-03-22 06:52:06.416831+00:00,4437526.901225452,3084219.179005717,3374601.4634128995,-1245.1369013995384,5,"E21,E29,E34,G11,G24",7.618902011878933,14.505906730890274,19.878701448453924,41.04369836930213,32.15608909244671,34.800501809492005,-931.6392178228125,509.0264263623526,2026-03-22 06:52:06
2026-03-22 06:52:08.416831+00:00,4437531.877972482,3084224.3075526576,3374596.45858436,-1248.8114291519273,5,"E21,E29,E34,G11,G24",11.69168646352154,24.461204927414656,19.873433363406615,41.04048644894025,32.15601720931049,34.800516344663244,-928.3652017004788,4.362290494368839,2026-03-22 06:52:08
2026-03-22 06:52:10.416831+00:00,4437536.1842598,3084226.598560084,3374571.6463101567,-1248.590213221538,5,"E21,E29,E34,G11,G24",21.43464292029825,47.03499171882868,19.868069140456527,41.0373241226212,32.15580449765772,34.80051023305912,-937.470300514251,12.643593008230354,2026-03-22 06:52:10
2026-03-22 06:52:12.416831+00:00,4437533.358715377,3084224.1696421965,3374590.9468057477,-1250.3678253384428,5,"E21,E29,E34,G11,G24",18.541519946293167,40.42539823055267,19.862949889239776,41.03405164928036,32.15596966379923,34.800506184096484,-930.3359629139304,9.828434176565452,2026-03-22 06:52:12
2026-03-22 06:52:14.416831+00:00,4437510.430315375,3084216.7569700144,3374574.9638210284,-1278.0351467275523,5,"E21,E29,E34,G11,G24",6.996015583721846,13.337598230689764,19.85781988499221,41.030871653643786,32.15595830731405,34.8005803882994,-958.3635497307405,14.457826911794589,2026-03-22 06:52:14
2026-03-22 06:52:16.416831+00:00,4437523.810791054,3084222.80248442,3374592.738650658,-1267.0839765873727,5,"E21,E29,E34,G11,G24",7.753447628675464,14.78644471988082,19.8525760463224,41.027591867130795,32.15602472693399,34.800552055750316,-936.6804181430489,11.527466570985329,2026-03-22 06:52:16
2026-03-22 06:52:18.416831+00:00,4437901.892398262,3084953.1520687114,3374479.1480141175,-1048.444685919845,5,"E15,E29,G06,G12,G25",125.86670037389545,274.6312306188047,28.999705998705576,39.96739778686524,32.15166648706982,34.80462219292413,-381.38514245674014,415.1081334102916,2026-03-22 06:52:18
2026-03-22 06:52:20.416831+00:00,4442731.634932536,3086958.898371418,3381706.371027468,3254.3961154871786,5,"E15,E21,E29,E34,G24",92.39863083941478,206.4559287726879,19.838873496063055,39.790903862337075,32.18228252006484,34.79286848434136,7792.488365646452,4460.442345297436,2026-03-22 06:52:20
2026-03-22 06:52:22.416831+00:00,4436690.186059324,3084157.8561803456,3374089.766596134,-2083.664949163369,5,"E15,E21,E29,E34,G24",334.7599545861435,748.5036799274385,19.841337989969002,39.80753487059638,32.15564788926899,34.80503147125535,-1815.2625601524487,5058.596764598201,2026-03-22 06:52:22
2026-03-22 06:52:24.416831+00:00,4436679.927667934,3083932.4509013607,3373285.637848202,-2052.361729638613,5,"E15,E29,E34,G11,G25",205.96597876830322,460.2019912675023,19.831862348693754,35.53957043787719,32.15016450588809,34.80313097051611,-2359.258970347233,417.5930488041999,2026-03-22 06:52:24
2026-03-22 06:52:26.416831+00:00,4437735.126817654,3084853.880376396,3374404.932919631,-1204.6238007150282,5,"E15,E29,E34,G12,G25",5.162869931451859,8.235667608678341,19.825521796780322,37.34267915844569,32.152028951402755,34.80476715612921,-584.7843794543296,896.5627390144608,2026-03-22 06:52:26
2026-03-22 06:52:28.416831+00:00,4437740.672662282,3084859.7397705307,3374408.596471661,-1197.1621651431985,5,"E15,E29,E34,G12,G25",6.239454121473124,9.954709433019161,19.820258610222986,37.34441760835331,32.15201901784056,34.804784602530724,-576.1478830622509,4.430307713589484,2026-03-22 06:52:28
2026-03-22 06:52:30.416831+00:00,4441009.742409814,3087775.899354623,3376920.6098411065,752.9088572377332,5,"E07,E15,E21,E34,G25",3.007083735551068,5.151925873011351,14.654233983241248,28.07327788533296,32.150329347810974,34.81038325208663,4442.493470189162,2524.9264792462586,2026-03-22 06:52:30
2026-03-22 06:52:32.416831+00:00,4437734.166307258,3084241.032133359,3374745.4419378736,-1066.042425633212,5,"E07,E21,E29,G06,G24",29.15694869136277,64.35872759670019,14.64933537805296,36.63851908447606,32.15631160619101,34.799437945549926,-700.3632905846462,2643.673603286554,2026-03-22 06:52:32
2026-03-22 06:52:34.416831+00:00,4439546.239883934,3083700.120639063,3371338.0559891127,-3989.6580204021197,5,"E15,E27,E30,G11,G25",533.5462524091782,1190.8836880996823,27.090906641463192,41.99142077744646,32.12462873003046,34.783768135574086,-1514.3495665835217,1948.4913969377162,2026-03-22 06:52:34
2026-03-22 06:52:36.416831+00:00,4437696.906612287,3084833.3909812816,3374361.656963378,-1218.0423037359094,5,"E15,E29,E34,G12,G25",9.075580002875167,14.48950606584549,19.799303489350642,37.35151568648409,32.151905260903725,34.80482007307709,-644.2856461601332,1860.5441455224725,2026-03-22 06:52:36
2026-03-22 06:52:38.416831+00:00,4437731.308715002,3084861.167270515,3374403.546437249,-1173.2313345721786,5,"E15,E29,E34,G12,G25",3.0650379723895202,4.894280146807432,19.794020687463277,37.353192312618816,32.15201344907348,34.80485368994605,-584.6551072150469,30.453878800292383,2026-03-22 06:52:38
2026-03-22 06:52:40.416831+00:00,4438138.966713309,3085123.784155607,3374539.854268838,-821.8687722302122,5,"E15,E29,E34,G06,G12",148.2339736593447,274.99637320265174,19.786709535757076,38.11729510104118,32.15072837929005,34.80467296121289,-101.8118740869686,251.8593341888381,2026-03-22 06:52:40
2026-03-22 06:52:42.416831+00:00,4437669.205993675,3084797.857777394,3374370.377293808,-1228.0630911631686,5,"E15,E21,E29,E34,G12",138.8397941012033,304.99700436741114,19.783669538280257,38.20561631307123,32.15217835768519,34.80467838130863,-676.0730710681528,298.17175536604793,2026-03-22 06:52:42
2026-03-22 06:52:44.416831+00:00,4437748.98988057,3084861.626426451,3374396.2995072277,-1146.8594891005791,5,"E15,E29,E34,G12,G25",6.070440999736935,9.698418006300926,19.778026003521646,37.35837295881068,32.151887176533364,34.80475069779752,-575.9982537413016,52.68745192001514,2026-03-22 06:52:44
2026-03-22 06:52:46.416831+00:00,4437756.968051062,3084873.5961947,3374391.210023049,-1133.8851655137016,5,"E15,E29,E34,G12,G25",5.232397256760123,8.360957138240337,19.77269155176362,37.36005770335587,32.15178408321061,34.804806615058844,-567.3760889740661,7.6293742459156775,2026-03-22 06:52:46
2026-03-22 06:52:48.416831+00:00,4438375.575431999,3085123.918947258,3375352.4836347783,-574.3777321389199,5,"E07,E15,E21,E29,E34",59.83387608026491,132.96721244603395,14.560437214898489,29.383178110257933,32.155999756210285,34.803242594421775,495.2084106039256,585.1033089987876,2026-03-22 06:52:48
2026-03-22 06:52:50.416831+00:00,4438110.386179682,3084532.2117348933,3374954.3429009556,-691.2073238586929,5,"E07,E21,E29,G11,G19",42.41314741287447,90.03193264454603,14.551986255729679,30.078752709573983,32.155626091126884,34.79969653417256,-186.9493094542995,380.4467139553832,2026-03-22 06:52:50
2026-03-22 06:52:52.416831+00:00,4437463.000286342,3084254.4480285146,3374489.5563900797,-1240.6896109443205,5,"E21,E29,E34,G11,G19",15.577252304088885,32.20763419568539,17.153019652565618,31.11979749196712,32.15538984369878,34.80119552949137,-1018.5801462484524,421.9856846414707,2026-03-22 06:52:52
2026-03-22 06:52:54.416831+00:00,4438715.492219832,3085825.3339548404,3374962.875248775,14.470238964185855,5,"E07,E15,E30,G06,G12",146.6545881441835,327.18604730814695,14.533264939311692,35.35735449666349,32.149764915690845,34.807290551984906,863.122367631644,1032.0428017992906,2026-03-22 06:52:54
2026-03-22 06:52:56.416831+00:00,4437642.3674757155,3084926.8504047403,3374319.5327767315,-1164.469060110059,5,"E15,E21,E29,E34,G12",144.32280707460063,317.7360148951411,19.747030423540682,38.21183914646618,32.15154250651382,34.80596363637429,-659.451991234906,770.1881170483784,2026-03-22 06:52:56
2026-03-22 06:52:58.416831+00:00,4440389.145991703,3086440.014195803,3372228.6063472335,-1760.409589505023,5,"E15,E27,G06,G12,G25",108.10183077152557,240.09611538797617,29.18849903111986,44.988440509656144,32.12061390282541,34.80251578755666,869.5094054695219,1884.5709198677725,2026-03-22 06:52:58
2026-03-22 06:53:00.416831+00:00,4440912.7928392375,3087993.4090751023,3373537.7165175965,110.6556820976716,5,"E15,E27,E30,G06,G12",55.50276130784257,123.53955433517694,27.02864653291966,44.5608089556725,32.124297561979695,34.81286119426793,2680.7062665689737,1048.9293482063138,2026-03-22 06:53:00
2026-03-22 06:53:02.416831+00:00,4437675.546269708,3085022.1437786506,3374323.962126618,-1094.8757462776798,5,"E15,E29,E34,G12,G25",5.88383445272859,9.41409346461296,19.731139755209817,37.37362840847915,32.15118451679953,34.80659235021371,-587.9777605887502,2231.947858459744,2026-03-22 06:53:02
2026-03-22 06:53:04.416831+00:00,4441120.97894547,3088046.025707016,3377988.325847291,1669.4598704620114,5,"E15,E21,E29,E34,G11",664.2121018650906,1484.6540604569018,19.722337550686937,36.41059231406735,32.15729746664018,34.812059851354654,5218.603122607805,2934.383654078331,2026-03-22 06:53:04
2026-03-22 06:53:06.416831+00:00,4440043.127767015,3087599.9849549984,3377184.211084497,725.1584175280126,5,"E21,E29,E34,G11,G24",258.2199706788576,577.3284054100513,19.721082446521876,40.93738751284659,32.15662856115365,34.814699131169256,3825.859992807731,708.3989107664391,2026-03-22 06:53:06
2026-03-22 06:53:08.416831+00:00,4441127.3924838435,3088148.7167299096,3377983.3641543076,1692.7650843966737,5,"E21,E29,E34,G11,G25",18.199394294511617,38.83938675746322,19.71192436734507,33.529172717356666,32.15695320825369,34.812914116558815,5270.05206398014,727.217671323969,2026-03-22 06:53:08
2026-03-22 06:53:10.416831+00:00,4438382.546763705,3085453.9460722907,3375387.549192251,-422.93656018618174,5,"E15,E21,E29,E34,G15",25.193125538367152,54.05340259894729,3.258622952280709,27.11977616073554,32.15533594983813,34.80607280397917,678.1947257621214,2320.249029832931,2026-03-22 06:53:10
2026-03-22 06:53:12.416831+00:00,4438367.501491639,3085472.4822387164,3375368.4884053674,-432.62200931548574,5,"E15,E21,E29,E34,G15",43.709152434515275,96.4397234134376,3.250003473430875,27.11780024370979,32.15519895034785,34.80632515515748,666.5492461258546,15.274678997793874,2026-03-22 06:53:12
2026-03-22 06:53:14.416831+00:00,4438342.485492364,3085481.499533423,3375340.165059024,-457.2346591921719,5,"E15,E21,E29,E34,G15",34.68431478846505,75.91977128013968,3.2414328854907466,27.115856524906377,32.15505660345854,34.80655498849324,638.4431929979473,19.425008183102634,2026-03-22 06:53:14
2026-03-22 06:53:16.416831+00:00,4437395.553793605,3084576.1961585223,3374424.878893151,-1201.7804587456467,5,"E21,E29,E34,G11,G24",6.938344898301359,13.35257102549076,19.695500515514066,40.92994186390928,32.15428031191317,34.8044047236268,-944.4179049581289,799.062358042013,2026-03-22 06:53:16
2026-03-22 06:53:18.416831+00:00,4437387.993286078,3084591.269901657,3374421.3707620692,-1211.1584238585995,5,"E07,E21,E29,E34,G11",92.41267789277371,206.2265924103558,14.403596151090102,30.570350721653455,32.15424202405456,34.8045816996183,-944.2566113946959,8.612287585952817,2026-03-22 06:53:18
2026-03-22 06:53:20.416831+00:00,4437381.879717682,3084609.759119658,3374395.4640409746,-1236.9669265365308,5,"E07,E21,E29,E34,G11",97.2413242245462,217.0461482964456,14.393070946838217,30.56828160034332,32.15401764096923,34.8047796524486,-953.3594313375652,16.204822574557838,2026-03-22 06:53:20
2026-03-22 06:53:22.416831+00:00,4437420.747800111,3084636.4773173057,3374409.8150277305,-1220.4210496980447,5,"E07,E21,E29,E34,G11",85.92247027869544,191.68666059151292,14.382350757579648,30.566096196212772,32.153900830717554,34.804777035341736,-905.7910818019882,24.650257291521562,2026-03-22 06:53:22
2026-03-22 06:53:24.416831+00:00,4438057.860224717,3084919.272414774,3374791.555644887,-701.819714333875,5,"E07,E21,E29,G11,G19",48.31260262697747,103.4940207451582,14.370617401444713,30.01821139038711,32.15352996417603,34.803383587939436,-123.07555375806987,397.3698552756341,2026-03-22 06:53:24
2026-03-22 06:53:26.416831+00:00,4437389.9340083925,3084601.6751598953,3374266.5447366545,-1316.811492887499,5,"E21,E29,E34,G11,G25",169.60238839690192,379.04690523445606,19.668223528991057,33.56135875758672,32.15302361164898,34.804660537704386,-1020.2763584153727,453.49473550518763,2026-03-22 06:53:26
2026-03-22 06:53:28.416831+00:00,4437482.061446653,3084631.135481768,3374307.6467428054,-1270.0426381062343,5,"E21,E29,E34,G11,G24",13.443457482616925,28.736687637865543,19.66238398709171,40.91037778464472,32.1528936597277,34.80435950021575,-920.1218848368153,52.54700361308046,2026-03-22 06:53:28
2026-03-22 06:53:30.416831+00:00,4437455.682223175,3084604.303215468,3374231.0663827355,-1330.840921939674,5,"E21,E29,E34,G11,G25",172.92326443214867,386.47603330761194,19.656831483902437,33.56552762285271,32.15248636406254,34.80428554591126,-992.1807616502047,42.66258751683988,2026-03-22 06:53:30
2026-03-22 06:53:32.416831+00:00,4437457.812508976,3084596.61362439,3374190.05837608,-1370.4532404001714,5,"E15,E21,E29,E34,G11",230.2167291222603,514.493093919009,19.6512550107738,36.43911156284141,32.15218589115373,34.80420571395216,-1016.2390558309853,20.888540748477322,2026-03-22 06:53:32
2026-03-22 06:53:34.416831+00:00,4437152.082974385,3086445.5445577344,3374218.0572839207,-2075.0797680542,5,"E15,E29,E34,G11,G25",21.952225125750928,44.186379712074995,19.653670552009963,35.61450545223851,32.148538360810335,34.82214878489149,-320.16400878410786,937.123268764416,2026-03-22 06:53:34
2026-03-22 06:53:36.416831+00:00,4437080.819252604,3083241.865334772,3373616.665616742,-2879.7353412035427,5,"E19,E27,E30,G11,G32",212.5102081259007,475.1580651924014,11.144849644269573,34.65349737331677,32.15300448732651,34.79469151409882,-2238.062640197575,1630.207886975988,2026-03-22 06:53:36
2026-03-22 06:53:38.416831+00:00,4438835.2034114385,3084090.8639992075,3372139.108048295,-3254.2956175337454,5,"E19,E27,E30,G06,G24",25.400688018634384,41.615000668913126,24.709994201700145,42.19305129751788,32.132479590088224,34.79146987497383,-1394.0671006226912,1222.8899048011197,2026-03-22 06:53:38
2026-03-22 06:53:40.416831+00:00,4434036.2406720705,3082935.499336535,3371491.420561517,-4526.439076825208,5,"E15,E21,E29,E34,G11",52.67954287033358,116.53218872100115,19.64132786248062,36.45380068579618,32.14961254033366,34.81045454463683,-5633.663184609264,2489.197157625478,2026-03-22 06:53:40
2026-03-22 06:53:42.416831+00:00,4434077.51212418,3082943.030882796,3371463.105675114,-4529.928851123294,5,"E15,E21,E29,E34,G11",57.138549052898185,126.60175450146198,19.635508819312367,36.455025693638724,32.1492127556636,34.81027019059028,-5616.40031851083,25.307062948511827,2026-03-22 06:53:42
2026-03-22 06:53:44.416831+00:00,4433319.199092258,3082577.260020831,3370897.3493360886,-5222.743165388448,5,"E07,E15,E21,E29,G11",336.2666151545803,751.5995645970106,14.280022615948557,35.38782408336713,32.14888244637751,34.81167694882282,-6621.382441394031,507.1753180588732,2026-03-22 06:53:44
2026-03-22 06:53:46.416831+00:00,4437896.518710226,3085223.124457699,3373832.0268486706,-1350.2290397724062,5,"E15,E29,E34,G12,G25",15.268933097998726,30.902600057423115,19.610139162898403,37.409200406221935,32.14600681977992,34.80700459797861,-598.9961560629308,3023.441152320076,2026-03-22 06:53:46
2026-03-22 06:53:48.416831+00:00,4435017.407669922,3084883.8036904265,3372687.988182309,-3689.3428270804693,5,"E19,E27,G06,G12,G24",4.96865808806729,6.82659188657999,24.703779734814624,48.56671864804966,32.14954498676341,34.82147944334423,-3373.1210781205446,1558.3038403685746,2026-03-22 06:53:48
2026-03-22 06:53:50.416831+00:00,4437741.421985235,3084583.839773228,3373963.341846345,-1443.8318425239804,5,"E21,E29,E34,G11,G24",4.70583959358847,9.098859410732985,19.59953561985022,40.87468679000031,32.14937188993611,34.802378368254054,-945.8938848795369,1511.3536407819656,2026-03-22 06:53:50
2026-03-22 06:53:52.416831+00:00,4436857.590096437,3084497.833753599,3373386.3566878876,-2322.733029747595,5,"E15,E21,E29,G12,G24",8.6074506864011,13.91011019796133,33.59439990423521,47.50038835940202,32.148684372599185,34.80697823518233,-1908.9247491164133,529.4968640483787,2026-03-22 06:53:52
2026-03-22 06:53:54.416831+00:00,4436864.527060534,3084496.6989331455,3373367.8315786687,-2342.0974845417304,5,"E15,E21,E29,G12,G24",7.468687817487087,12.066460348665714,33.60084348966547,47.49902798160359,32.14851865486214,34.806926370307465,-1914.5082527343184,9.906928887269384,2026-03-22 06:53:54
2026-03-22 06:53:56.416831+00:00,4437948.29285718,3085207.00217627,3373722.7781051714,-1437.3703446253712,5,"E15,E29,G12,G25,G32",101.27549496533985,226.37270107120275,11.151680580207872,35.731180958465984,32.1450127319354,34.80655098946601,-628.922377102077,671.76373001416,2026-03-22 06:53:56
2026-03-22 06:53:58.416831+00:00,4436904.363553722,3084512.5947934813,3373348.61564783,-2358.5679785285643,5,"E15,E21,E29,G12,G24",10.27461929084425,17.931806419044733,33.613654933378484,47.49624550617365,32.148171334260475,34.80682365476801,-1889.3571562152356,654.2147102391615,2026-03-22 06:53:58
2026-03-22 06:54:00.416831+00:00,4436886.6520129815,3084496.151203392,3373326.612114778,-2396.4403026007694,5,"E15,E21,E29,G12,G24",8.61646995221408,13.909195508807898,33.62019489395202,47.49491223765287,32.14811813843719,34.80678769374901,-1921.3253805283457,16.342014848404933,2026-03-22 06:54:00
2026-03-22 06:54:02.416831+00:00,4436900.630696505,3084495.1410119254,3373321.9696617415,-2403.7324419595616,5,"E15,E21,E29,E34,G12",357.68248585363415,799.632831107825,19.57101218531309,38.242338355914804,32.14803035617348,34.806694295595335,-1914.5660442113876,7.3820127684256045,2026-03-22 06:54:02
2026-03-22 06:54:04.416831+00:00,4437673.9057217445,3084870.7021397073,3374637.292962989,-1182.9259653944728,5,"E19,E27,E30,G11,G15",81.85705936137059,182.91843552142382,3.027897023240466,33.0359802816751,32.15399833331528,34.80528403880041,-495.55638049636036,785.6646568612539,2026-03-22 06:54:04
2026-03-22 06:54:06.416831+00:00,4443095.743439549,3088525.3548813034,3375355.74533147,2798.748354085332,5,"E07,E15,E29,G12,G24",221.07312869850048,494.3131950199604,14.160396225126206,43.58933147732739,32.1281280374983,34.8042897307825,5422.56287520472,3288.958220532584,2026-03-22 06:54:06
2026-03-22 06:54:08.416831+00:00,4437691.518777431,3084870.636680736,3374600.4986057747,-1209.9875928851588,5,"E19,E27,E30,G11,G15",82.62367104411595,184.63374437764287,3.0109479178962832,33.033173032439166,32.15364815861621,34.80517689019182,-502.9258766910061,3283.786189022934,2026-03-22 06:54:08
2026-03-22 06:54:10.416831+00:00,4436932.522370888,3084494.0255288123,3373238.346900796,-2470.656997509762,5,"E15,E21,E29,G12,G24",7.689943853357062,12.39624822512269,33.652423864573684,47.488052497726585,32.14726903916799,34.80649156700776,-1937.43013665732,802.0861506526296,2026-03-22 06:54:10
2026-03-22 06:54:12.416831+00:00,4438035.717048178,3085209.9292247663,3373588.294929921,-1552.130246113889,5,"E15,E29,G12,G25,G32",103.68194863206472,231.75624324008822,11.170078609555555,35.75661026653552,32.143633295080924,34.80604748100853,-638.2807210972533,680.4447481190638,2026-03-22 06:54:12
2026-03-22 06:54:14.416831+00:00,4437345.363080621,3084745.4035124895,3373321.3109296057,-2166.7255809569374,5,"E15,E21,E29,G12,G25",139.09849963990513,282.83194283023477,29.60471004623809,40.2597238524224,32.145587021664745,34.80618146169023,-1484.787089142017,436.93626374830325,2026-03-22 06:54:14
2026-03-22 06:54:16.416831+00:00,4438071.316357285,3085216.750488747,3373532.332534876,-1578.850872997469,5,"E15,E29,G12,G25,G32",103.88901026805897,232.21954791992903,11.174508870519212,35.76287171277934,32.143046997294455,34.80589145231612,-640.0083361230791,445.4509652636112,2026-03-22 06:54:16
2026-03-22 06:54:18.416831+00:00,4438873.177924241,3085538.7002574895,3374608.809711259,-902.7495921197249,5,"E15,E21,E29,E34,G15",34.38991969756409,75.34752522036433,2.97169279897859,27.052142206424143,32.14722562245844,34.803842186372506,645.8184679932892,690.1877891971811,2026-03-22 06:54:18
2026-03-22 06:54:20.416831+00:00,4437937.930563695,3084596.018600438,3373678.8793135136,-1654.019774218331,5,"E21,E29,E34,G11,G24",5.438931050378213,10.555753845721483,19.51560927684215,40.82510833161809,32.146391836011254,34.801295383067874,-954.7537245107815,810.5718470007439,2026-03-22 06:54:20
2026-03-22 06:54:22.416831+00:00,4437956.243434,3084597.5062339236,3373651.547515189,-1668.2662341202547,5,"E07,E21,E29,E34,G11",96.97213138816477,216.4931502789259,14.069425548125269,30.50332491931091,32.146106873970076,34.80119753185805,-955.8455800404772,16.466644101531728,2026-03-22 06:54:22
2026-03-22 06:54:24.416831+00:00,4437978.335585245,3084598.0597595624,3373623.1962239514,-1679.372523270614,5,"E07,E21,E29,E34,G11",98.64154229390377,220.2333356961608,14.059061460263717,30.501206844145393,32.14580179193234,34.80106868362649,-955.3035408128053,17.97335007794222,2026-03-22 06:54:24
2026-03-22 06:54:26.416831+00:00,4443326.379964198,3087923.625389338,3377627.8003079807,2711.427679291751,5,"E15,E21,E29,G24,G29",213.44503885715093,470.80445271357894,23.514201560899103,40.37838179224108,32.14619998742358,34.79766401662031,6500.741285324097,3731.548582928432,2026-03-22 06:54:26
2026-03-22 06:54:28.416831+00:00,4438031.12834991,3084620.6400409774,3373558.34917124,-1708.0293216204586,5,"E21,E29,E34,G11,G24",1.356553964766169,2.6352807357907295,19.492623386754563,40.81189361744229,32.14503669661359,34.800945829868986,-942.1904734550044,3725.246113494735,2026-03-22 06:54:28
2026-03-22 06:54:30.416831+00:00,4440685.405952323,3087760.0574618266,3376163.1524958317,178.35410522939938,5,"E21,E29,G11,G24,G29",57.94368469875547,128.99788980185986,23.531986862942116,41.60912000274926,32.14587003324233,34.81220682731172,3806.3230372872204,2433.420005507218,2026-03-22 06:54:30
2026-03-22 06:54:32.416831+00:00,4440709.952128258,3087762.0074340547,3376130.8316896018,166.1958030070762,5,"E21,E29,G11,G24,G29",58.02490093617137,129.17954450845718,23.543807317032837,41.60933860026553,32.14552141503641,34.81207534248486,3807.132122097537,20.315952229996217,2026-03-22 06:54:32
2026-03-22 06:54:34.416831+00:00,4440735.886782181,3087760.3318902226,3376104.974751702,152.48364441072536,5,"E21,E29,G11,G24,G29",52.92469516467144,117.72155103832483,23.555620361289318,41.60953808360639,32.1452265809704,34.81190392955247,3810.5934385489672,18.33026840251564,2026-03-22 06:54:34
2026-03-22 06:54:36.416831+00:00,4435556.0122598745,3084978.4654944995,3371867.3175303717,-4171.848912043553,5,"E13,E19,E27,G06,G12",5.441871433827037,7.446093283593655,24.729201588381304,40.56240341335821,32.14089315842887,34.819042033509895,-3389.623702734709,3623.7970223231014,2026-03-22 06:54:36
2026-03-22 06:54:38.416831+00:00,4440793.198476992,3087753.1320181554,3376039.7957258737,125.37297420042202,5,"E21,E29,G11,G24,G29",37.98089433645096,84.0585439056158,23.579376704628142,41.61001587859959,32.14452326919477,34.81149472127201,3812.2755063269287,3624.1022364924197,2026-03-22 06:54:38
2026-03-22 06:54:40.416831+00:00,4441289.070571785,3087970.0375961275,3376370.6977681518,535.0883156101522,5,"E13,E21,E29,G11,G15",715.9161375151872,1600.8137955591083,2.8695095461472024,29.559733279123456,32.14450235306422,34.81038260010007,4437.8991495631635,317.18816408160905,2026-03-22 06:54:40
2026-03-22 06:54:42.416831+00:00,4439282.321770699,3085815.118315626,3373439.6644774633,-993.6043145651281,5,"E07,E15,E29,G06,G12",670.1098671666063,1498.405160650611,13.969864992141574,36.90580524446996,32.13593041524202,34.80377270160133,441.8710865471512,2077.3585395437613,2026-03-22 06:54:42
2026-03-22 06:54:44.416831+00:00,4438442.691193017,3053788.6900835903,3344379.5245688274,-39103.00094253759,5,"E15,E27,E34,G11,G24",1304.5388282635445,2915.8362391851842,19.225312643424747,47.816065777725115,32.00406892314264,34.529199313201204,-31009.750927856192,21626.88613923768,2026-03-22 06:54:44
2026-03-22 06:54:46.416831+00:00,4435894.152794129,3085412.0975808837,3371511.0738742966,-4270.614109394906,5,"E15,E29,G06,G12,G25",67.42124439834842,140.3002381399274,29.758595827211465,40.06928391368001,32.13565061587919,34.82076958255699,-3134.410553496331,20872.565231815563,2026-03-22 06:54:46
2026-03-22 06:54:48.416831+00:00,4438185.721374139,3086514.5321123325,3373937.8781029168,-2319.570497664452,5,"E07,E15,E21,E29,G11",542.811234073732,1213.6857711710036,13.929772625534108,35.38349409585574,32.14213839740685,34.816493262035166,282.6012279242277,1757.5570557643653,2026-03-22 06:54:48
2026-03-22 06:54:50.416831+00:00,4434150.876251588,3083478.7640823903,3372855.4943665876,-4167.355564520631,5,"E15,E21,G06,G12,G25",514.6540801974435,1150.7281127907336,29.80204604363463,39.828716082362334,32.158093618522,34.8144922139459,-4565.451397909783,2582.025234542977,2026-03-22 06:54:50
2026-03-22 06:54:52.416831+00:00,4440294.534212328,3087770.8325472255,3375516.0405180375,-553.315181387764,5,"E15,E21,E29,G06,G24",116.73671831667316,248.2145653627813,32.47094651886139,42.13902669658923,32.14244103334862,34.81466451369911,3195.515059649013,3976.332816471429,2026-03-22 06:54:52
2026-03-22 06:54:54.416831+00:00,4438175.2974501,3086585.972493808,3373851.9703215035,-2371.6052301161644,5,"E07,E15,E21,E29,G11",540.1090337867909,1207.6441288925707,13.898517285244218,35.38425989464237,32.14132781580994,34.8171779654641,264.18838722538203,1471.7495897361741,2026-03-22 06:54:54
2026-03-22 06:54:58.416831+00:00,4440292.653210765,3085492.63744426,3372029.3511037435,-2310.276346172709,5,"E13,E19,E27,E34,G24",1687.917068496226,2871.81854717806,19.38715679333585,39.23627648775207,32.12206437239041,34.79485624528187,238.55514937452972,750.021573053787,2026-03-22 06:54:58
2026-03-22 06:55:00.416831+00:00,4466129.30665967,3098610.0791495587,3386884.038826806,18150.461501207225,5,"E15,E21,G11,G24,G29",1803.1857401639654,4032.019189823419,23.715914471589343,43.38065763567907,32.098002109631146,34.75299600035557,32447.514267574996,16280.829875043362,2026-03-22 06:55:00
2026-03-22 06:55:02.416831+00:00,4438211.668788132,3084841.3077704716,3373179.99579292,-1903.9982911999741,5,"E07,E21,E29,E34,G11",91.16337525848563,203.51263416558504,13.861023835071013,30.460264822628993,32.14083153762791,34.80177436397405,-911.3234504358843,17005.692907747623,2026-03-22 06:55:02
2026-03-22 06:55:04.416831+00:00,4438172.6432725135,3084859.824960343,3373159.1330553982,-1931.216422042917,5,"E21,E29,E34,G11,G24",1.7816525386820956,3.474651213735342,19.39190238142126,40.75162441030291,32.140775258304714,34.80217165658979,-940.6075185509399,23.985052673166024,2026-03-22 06:55:04
2026-03-22 06:55:06.416831+00:00,4437936.542010226,3084787.901430505,3373005.6638872633,-2120.697958834659,5,"E21,E29,E34,G11,G24",50.52913835909758,112.67336735874414,19.38746769749004,40.74867706201794,32.14073041244531,34.802974102925134,-1221.1692046234384,145.31825914699508,2026-03-22 06:55:06
2026-03-22 06:55:08.416831+00:00,4438169.141092188,3084942.226270326,3373223.1075266707,-1895.7356164626817,5,"E07,E21,E29,E34,G11",81.37998846236806,181.60092639178038,13.828534141125333,30.4534699100635,32.141051964443555,34.80291009491754,-869.1851318757981,176.9182194078968,2026-03-22 06:55:08
2026-03-22 06:55:10.416831+00:00,4438096.344288679,3084949.350666833,3373175.1791355526,-1949.9039120718905,5,"E21,E29,E34,G11,G24",1.1824620145201017,2.307403165847063,19.37636800174546,40.74130443210295,32.14095324103344,34.8034125537899,-941.8538971235976,43.72431332184942,2026-03-22 06:55:10
2026-03-22 06:55:12.416831+00:00,4438065.859405147,3084979.3357048067,3373167.746491913,-1959.5293730438866,5,"E21,E29,E34,G11,G24",1.1406966080429304,2.2263227440416813,19.371166543960122,40.737892652907775,32.140934466339424,34.803857999666754,-952.5118359075859,21.700661382228564,2026-03-22 06:55:12
2026-03-22 06:55:14.416831+00:00,4438063.684145364,3085024.1233185492,3373187.894869023,-1945.208644097778,5,"E21,E29,E34,G11,G24",1.8487295912533022,3.6088842228055,19.365894615485658,40.73439698600449,32.14097424895068,34.80426100281248,-921.6595167517662,24.57956061461652,2026-03-22 06:55:14
2026-03-22 06:55:16.416831+00:00,4443497.376196029,3088459.1486556837,3377389.3624951965,2621.723443858965,5,"E15,E21,E29,G11,G24",492.6044148087774,1101.3999661430717,33.85210740903806,45.660813337934485,32.14224336338578,34.80128693471318,6751.54770055227,3839.8157046268707,2026-03-22 06:55:16
2026-03-22 06:55:18.416831+00:00,4443484.0811876,3088500.447699713,3377400.0446820874,2628.4533245303473,5,"E15,E21,E29,G11,G24",489.77841368962714,1095.0802956707776,33.85821111458529,45.65970398223845,32.142264198011496,34.80172633511428,6767.9452466685325,22.34097918410342,2026-03-22 06:55:18
2026-03-22 06:55:20.416831+00:00,4432393.185833108,3080771.3279295536,3371366.2983856616,-7377.338549151197,5,"E07,E15,E27,E30,G11",306.77318697091476,535.5243418999016,13.758179447888622,39.06645260295826,32.16107336159483,34.801549829046884,-7888.232245191,7401.914390132591,2026-03-22 06:55:20
2026-03-22 06:55:22.416831+00:00,4435090.289058139,3083506.516846605,3369026.7822346864,-7470.650710298632,5,"E15,E27,E30,G06,G25",412.061080500427,921.3331762552261,26.604260652053586,38.716186289814985,32.125054350868865,34.80904501066675,-5935.883847059682,2248.8308095045377,2026-03-22 06:55:22
2026-03-22 06:55:24.416831+00:00,4435783.779922657,3085978.143005251,3371163.9907412026,-4497.682302838698,5,"E15,E27,G06,G12,G25",24.636947891257254,50.959364879876375,29.95181013891117,45.22123059256079,32.13188238105766,34.82636502746291,-3122.0265685683116,1670.1441290797022,2026-03-22 06:55:24
2026-03-22 06:55:26.416831+00:00,4433797.001106616,3084068.589894629,3372742.458152708,-4317.735339834485,5,"E07,E15,E21,G06,G12",116.72901710616237,260.9241574332118,13.720749895761312,36.65367875176478,32.15700784731843,34.82177266795641,-4586.4563499726355,1587.8635422587734,2026-03-22 06:55:26
2026-03-22 06:55:28.416831+00:00,4436995.756806704,3085215.036077845,3372644.2133780904,-2834.2485467276356,5,"E07,E15,E21,E29,G24",347.9256445770018,777.9484365060925,13.723124944121928,38.35037023095366,32.140506500750426,34.812385424031994,-1861.0791280446574,1699.7079834192089,2026-03-22 06:55:28
2026-03-22 06:55:30.416831+00:00,4437948.520618612,3087295.4885369246,3373914.947261668,-2333.0343594973997,5,"E15,E21,E29,E34,G11",1.3991308116190162,2.0408122800290585,19.332166481203565,36.51175132640263,32.140758184520074,34.82472364649491,483.10602038446814,1308.7022119874457,2026-03-22 06:55:30
2026-03-22 06:55:32.416831+00:00,4436782.095630818,3084135.752586343,3369071.19433403,-6657.849060567184,5,"E15,E27,E30,G11,G25",68.61842114458545,152.84541795402765,26.56387794226144,42.31389169417872,32.11700399656003,34.80428275081164,-4431.598528308794,2949.848341590929,2026-03-22 06:55:32
2026-03-22 06:55:34.416831+00:00,4436787.460431604,3084171.4647759856,3369083.893313795,-6633.813683612653,5,"E15,E27,E30,G11,G25",778.9628853812171,1741.7620704062283,26.557909551547006,42.31735912490437,32.11698212742688,34.804561215571134,-4403.851924045943,19.140308667910165,2026-03-22 06:55:34
2026-03-22 06:55:36.416831+00:00,4439455.659450003,3088510.2044167216,3375080.4874298815,-1081.5972613363308,5,"E07,E21,E29,G06,G24",66.29081402445146,147.96010638400912,13.66927703389668,35.955052895046094,32.14039466441427,34.82616962777115,2738.1534007033333,3933.9257957212812,2026-03-22 06:55:36
2026-03-22 06:55:38.416831+00:00,4439487.46188519,3088576.339588664,3375134.0769360973,-1026.8848601591412,5,"E21,E29,G06,G24,G29",15.071629225293353,31.10588813573122,23.91694929789424,37.99911430329369,32.14049738180144,34.826552374017886,2820.749115356244,45.43426853190837,2026-03-22 06:55:38
2026-03-22 06:55:40.416831+00:00,4426647.253456925,3075682.7037832006,3373918.3225359605,-9047.063635923985,5,"E07,E27,E30,G11,G29",1591.0063628673454,3557.594845019281,13.604992021818203,35.01893693021957,32.217260077516514,34.791993588057615,-12979.488272608258,9118.591661088045,2026-03-22 06:55:40
2026-03-22 06:55:42.416831+00:00,4434168.889022156,3085344.8595129554,3373630.5671076425,-3077.4061942850576,5,"E15,E27,E30,G12,G25",7.5265409622927955,10.841375034302473,26.566577945180068,44.113981177739426,32.15882547903051,34.83063303394077,-3238.267878311686,6124.03172160103,2026-03-22 06:55:42
2026-03-22 06:55:44.416831+00:00,4438095.516475992,3086596.874549287,3370748.2827735324,-3830.4171034350616,5,"E19,E27,E30,G11,G24",257.1792462549013,574.9244467765093,24.750648890666863,45.441811424371586,32.117907433267206,34.81775561909817,-1436.6612924598157,2514.632567348559,2026-03-22 06:55:44
2026-03-22 06:55:46.416831+00:00,4438334.220573187,3086954.3726161127,3370991.3936017687,-3414.3619661134103,5,"E19,E27,E30,G11,G24",310.4238857917175,694.0079929716885,24.74929166318945,45.43839409778558,32.11784601147829,34.81942165697491,-968.5481967609376,246.92478035191345,2026-03-22 06:55:46
2026-03-22 06:55:48.416831+00:00,4439321.691319507,3088767.7628496382,3374993.016207907,-1119.508351971555,5,"E07,E21,E29,G06,G24",61.424325796183666,137.06263118982315,13.60590318989919,35.91028439784826,32.139548998004145,34.82922010400077,2723.0539522357285,2251.4698585501665,2026-03-22 06:55:48
2026-03-22 06:55:50.416831+00:00,4435214.250150848,3085080.662712592,3372724.5826790277,-3469.6358243046357,5,"E07,E15,E21,E34,G11",73.10817445477642,135.82156372070312,13.598880192376035,32.29241900955407,32.14850899745932,34.82200129028718,-3121.656608659774,2983.771566723006,2026-03-22 06:55:50
2026-03-22 06:55:52.416831+00:00,4434332.179281428,3083708.150322347,3373412.961472216,-4895.858466976174,5,"E07,E15,E29,G11,G29",452.61395802538397,1011.9826397411525,13.578070121026682,33.39295100781929,32.16100836169238,34.815391961412274,-4031.842609126121,885.3960473944677,2026-03-22 06:55:52
2026-03-22 06:55:54.416831+00:00,4436822.163638474,3085542.0044132615,3373542.1743878983,-2799.8640204233466,5,"E07,E15,E29,G11,G24",159.1447456515119,355.49411999061704,13.576264689373096,41.57083314220961,32.14715288110447,34.81628220462162,-1345.938564251177,1547.5576647315038,2026-03-22 06:55:54
2026-03-22 06:55:56.416831+00:00,4437602.079360064,3085868.394767482,3373022.041886594,-2045.1984888892202,5,"E21,E29,E34,G11,G24",1.6701392650354827,3.272053834050894,19.25491835368409,40.66209163332851,32.13921365463392,34.81440246225188,-922.7218443565071,496.3207166298166,2026-03-22 06:55:56
2026-03-22 06:55:58.416831+00:00,4437558.053801585,3085902.847004156,3373009.9654153134,-2061.5662498371303,5,"E21,E29,E34,G11,G24",1.4998397555891907,2.9388605915009975,19.24974795909284,40.65864421679504,32.139200475198834,34.81496874087696,-943.0970274759457,28.596536371796347,2026-03-22 06:55:58
2026-03-22 06:56:00.416831+00:00,4437540.530367489,3085951.9715106706,3373024.0697769583,-2054.6733846712127,5,"E21,E29,E34,G11,G24",0.009236712294501744,0.018101632595062256,19.244515452986967,40.6551168554313,32.13924265074733,34.81550231903585,-924.0270533878356,27.014907459696698,2026-03-22 06:56:00
2026-03-22 06:56:02.416831+00:00,4436967.681542065,3085939.3249568413,3372725.9810968568,-2569.8030726260936,5,"E15,E21,E29,G11,G24",143.03788541964474,229.0454629510641,34.000437328007095,45.650569648688325,32.13925726278376,34.81885950748806,-1486.945076238364,322.9444895481569,2026-03-22 06:56:02
2026-03-22 06:56:04.416831+00:00,4437479.22849756,3086037.261883045,3373024.6855337643,-2062.6795260073727,5,"E21,E29,E34,G11,G24",2.415110418804727,4.7344274036586285,19.23409597284964,40.64813630773494,32.139255184700936,34.81661559455489,-925.0815393459052,300.20670787760815,2026-03-22 06:56:04
2026-03-22 06:56:06.416831+00:00,4437452.175208445,3086083.975400338,3373025.292337776,-2065.4921179700686,5,"E21,E29,E34,G11,G24",2.745426099727241,5.382754400372505,19.228863795211616,40.64463916803135,32.13923841413793,34.817185863566785,-920.9812446590513,26.992597878598584,2026-03-22 06:56:06
2026-03-22 06:56:08.416831+00:00,4437420.476089665,3086128.6722655185,3373019.556281209,-2074.5947817541546,5,"E21,E29,E34,G11,G24",1.055838794480198,2.070409018546343,19.223632080549166,40.641157570180674,32.139197024534475,34.81776670024236,-924.4593715043738,27.54789571515855,2026-03-22 06:56:08
2026-03-22 06:56:10.416831+00:00,4437388.261912303,3086172.221858475,3373011.035343278,-2081.973394301991,5,"E21,E29,E34,G11,G24",3.0549297752143354,5.991326980292797,19.218385444542147,40.6376813807134,32.13913953544631,34.81834067026523,-930.3312488710508,27.417725347765337,2026-03-22 06:56:10
2026-03-22 06:56:12.416831+00:00,4437295.0880852,3086186.600826003,3372950.84956136,-2142.160594139467,5,"E21,E29,E34,G11,G24",21.125764843502655,46.51968735828996,19.21332346084841,40.634359172670045,32.139007506002976,34.81902975227513,-1020.1671950351447,55.92505053493912,2026-03-22 06:56:12
2026-03-22 06:56:14.416831+00:00,4437374.961020036,3086282.495131087,3373041.2636220385,-2048.920795229843,5,"E07,E21,E29,E34,G11",80.37568248733695,179.40051227808,13.476967314369722,30.379046297374895,32.13912068024392,34.8193808222555,-870.1811585640535,77.05534672425317,2026-03-22 06:56:14
2026-03-22 06:56:16.416831+00:00,4436464.698103377,3092463.4093247694,3375498.4260102534,1890.773593870501,5,"E15,E27,E30,G06,G24",202.58717887162666,452.8172425404191,26.489500335296178,45.65766955246494,32.14452139934149,34.87864826316871,2795.1018148725852,3356.7069372067035,2026-03-22 06:56:16
2026-03-22 06:56:18.416831+00:00,4434395.499165666,3084661.459306969,3368735.453480789,-7679.434593823382,5,"E15,E27,G06,G12,G25",147.6053955320357,329.59148487076163,30.23961907134981,45.2948906400525,32.12240010468896,34.82331011259805,-6015.427784834988,5265.211433512664,2026-03-22 06:56:18
2026-03-22 06:56:20.416831+00:00,4437405.072762138,3088413.6032505506,3373810.7716252054,-2368.9729093102437,5,"E07,E15,E21,E29,G11",250.8423787904282,560.7654810063541,13.439560246295125,35.38914141502388,32.139039133107325,34.837739990422065,590.7201845310628,3496.246976151023,2026-03-22 06:56:20
2026-03-22 06:56:22.416831+00:00,4434724.38217677,3086268.370041327,3370008.857323224,-5843.989574915966,5,"E15,E27,G06,G12,G25",29.932868154660287,64.60364603623748,30.25003749893459,45.30294002328598,32.1264331389599,34.83530737571014,-4332.40297454223,2561.3804820861224,2026-03-22 06:56:22
2026-03-22 06:56:24.416831+00:00,4436946.099796066,3087031.5690022367,3373871.5977195026,-1909.1387033942751,5,"E07,E15,E21,G24,G29",59.306074670385875,132.362062741071,13.415337277004635,36.122427140747796,32.145098322154254,34.82849514434639,-364.3226476004347,2260.490278836977,2026-03-22 06:56:24
2026-03-22 06:56:27.416836+00:00,4434082.429205286,3087118.72217439,3371541.137873396,-3947.0914446717197,5,"E07,E21,E29,G11,G32",1098.8323994429857,2341.9714834727347,11.293250570131631,28.78811610998553,32.13833901086539,34.84659772417892,-3552.197245455347,1231.0430337357134,2026-03-22 06:56:27
2026-03-22 06:56:51.491996+00:00,4436344.043281544,3088284.3726105327,3370599.917579316,1790804.9276193478,5,"E27,E30,G11,G25,G32",204.61796742811737,457.5181566365063,11.304988766491888,35.8401943549762,32.11904661412675,34.843040343773644,-1916.8934405734763,112.6823770417656,2026-03-22 06:56:51
2026-03-22 06:56:53.431996+00:00,4436464.095877633,3089049.8717848044,3372702.2254032893,1791942.1640621258,5,"E29,E34,G11,G25,G32",25.347603161281373,56.40291839838028,11.30727448533836,29.192833257740027,32.13253476158512,34.848972086668056,-345.0744435451925,1154.9267635195938,2026-03-22 06:56:53
2026-03-22 06:56:55.431996+00:00,4437229.0181361195,3087500.1328228163,3372513.5969088157,1793000.0062061984,5,"E13,E29,G11,G19,G25",26.56826724676797,57.66764800995588,15.629958147571596,31.60999787313824,32.13232950632608,34.83085924748622,-663.4855982474983,869.249334305011,2026-03-22 06:56:55
2026-03-22 06:56:57.431996+00:00,4436667.993373724,3087458.9150388935,3372597.2071284233,1792576.749192433,5,"E13,E19,E30,G12,G24",9.215266894204241,14.882858727127314,24.778266193843574,40.34267043444477,32.13529020341971,34.83389722204935,-1028.9081729305908,284.35820656153305,2026-03-22 06:56:57
2026-03-22 06:56:59.431996+00:00,4436837.425113226,3088825.950692164,3369495.8336738776,1790149.9559278623,5,"E19,E27,G12,G25,G32",156.65905657632558,349.65661565214396,11.304505371840929,37.258784204414724,32.10718520014477,34.84476362473135,-1898.7607953194529,1696.7624241642766,2026-03-22 06:56:59
2026-03-22 06:57:01.431996+00:00,4436293.353133167,3088218.384421185,3372739.257199673,1792628.5323855693,5,"E13,E27,G12,G24,G29",62.1855272929086,120.73335343971848,24.39100627913993,47.101248088146,32.13576886677798,34.84277325952813,-846.3441099412739,1672.195208460952,2026-03-22 06:57:01
2026-03-22 06:57:03.431996+00:00,4436916.092128005,3088210.5152475107,3372928.0879997974,1793127.4129568138,5,"E13,E30,G12,G24,G29",118.86600630399354,265.47499504312873,24.404928996247033,40.265214773271374,32.134780615010555,34.83893387666296,-316.90455028787255,325.39316628559993,2026-03-22 06:57:03
2026-03-22 06:57:05.431997+00:00,4436934.806279699,3088262.092814748,3372970.5563362134,1793135.4149231315,5,"E27,E30,G12,G24,G29",107.60661331448576,239.89776362106204,24.41591368771945,46.98414944032835,32.134889911493545,34.8392692423664,-256.3575433474034,34.69156849902731,2026-03-22 06:57:05
2026-03-22 06:57:07.431997+00:00,4435540.970042148,3088328.055941862,3372318.160839181,1791909.5700531725,5,"E13,E27,G11,G24,G29",200.1255233987148,447.2935375496745,24.422827510422657,45.37444878684105,32.13521449405333,34.84828431981211,-1540.1481114244089,770.1867429070322,2026-03-22 06:57:07
2026-03-22 06:57:09.431997+00:00,4440305.290946196,3091078.608988783,3375603.441766891,1795147.7669689741,5,"E21,E29,G11,G19,G25",31.52826554226429,69.20482873171568,15.539432311414545,33.06239136116906,32.13400860680033,34.84335916942262,4849.171675735153,3203.8011218961533,2026-03-22 06:57:09
2026-03-22 06:57:11.431997+00:00,4438034.114277454,3088622.8999160132,3371410.8439810406,1792317.9610109238,5,"E19,E30,G06,G12,G25",49.36648930733771,109.5350142493844,24.772244803396188,34.58039483419545,32.11766207658152,34.835752521747686,-147.1156594986096,2681.7264357424,2026-03-22 06:57:11
2026-03-22 06:57:13.431997+00:00,4437498.008374917,3088101.722717304,3371730.6000832687,1792260.503947868,5,"E15,E21,E30,G06,G12",71.10968482480835,158.6692084595561,26.27469979024842,39.26244394114502,32.123642021897524,34.83446442736771,-601.9148617638275,406.5953689177639,2026-03-22 06:57:13
2026-03-22 06:57:15.431997+00:00,4437342.417951511,3088274.2172327153,3372584.3145361277,1792966.8628921579,5,"E13,G06,G12,G25,G32",69.38030174640345,155.06247944012284,11.336271318017337,32.043114819670535,32.130302252185096,34.83690684922262,-172.61883985809982,442.37741373264174,2026-03-22 06:57:15
2026-03-22 06:57:17.431997+00:00,4436549.310946482,3087917.2345392164,3372343.2650834247,1792342.9982216884,5,"E13,E19,E30,G12,G24",5.139809600108801,8.297715578228235,24.781237562347748,40.335078664545904,32.13256198293401,34.8386033569788,-1024.7698670858517,451.2649453292993,2026-03-22 06:57:17
2026-03-22 06:57:19.431997+00:00,4436820.344639739,3087846.5983866784,3372504.7514549475,1792483.5844253208,5,"E07,E21,E29,E34,G11",71.20915055676197,158.9083270765841,13.136539201382467,30.304290814990544,32.13292176349164,34.83634771823355,-784.6666216664016,161.65285112964824,2026-03-22 06:57:19
2026-03-22 06:57:21.431997+00:00,4436791.944633034,3087879.6444992796,3372473.7016697563,1792447.4330576595,5,"E07,E21,E29,E34,G11",72.45671680261718,161.7047917880118,13.126174280463246,30.30201037456132,32.132705884837385,34.83680716949452,-804.9355266653001,26.752079822469273,2026-03-22 06:57:21
2026-03-22 06:57:23.431997+00:00,4435774.900207627,3087810.916429402,3371894.035003202,1791485.0483763695,5,"E07,E15,E21,E29,G24",352.22981349194833,787.5782396271825,13.117182387345808,38.07570476976004,32.13247131383631,34.84236816452244,-1853.3750256095082,586.326776455671,2026-03-22 06:57:23
2026-03-22 06:57:25.431997+00:00,4436713.674025329,3087960.611536115,3372391.4913060786,1792350.4277040593,5,"E21,E29,E34,G11,G24",5.22065891732517,10.285837598145008,19.013933317452622,40.50628885287823,32.13216429255147,34.83798548518946,-863.8959835469723,536.4624122547273,2026-03-22 06:57:25
2026-03-22 06:57:27.431997+00:00,4435778.2170683965,3087912.4882804374,3371882.8051846973,1791469.6474852127,5,"E07,E15,E21,E29,G24",340.29438878107743,760.8888712376356,13.096237881170705,38.06611407746374,32.132094047487364,34.84323180454281,-1807.9009417397901,532.9533600832459,2026-03-22 06:57:27
2026-03-22 06:57:29.431997+00:00,4436623.550234748,3088012.5126321637,3372312.12684366,1792255.6260187742,5,"E21,E29,E34,G11,G24",46.14668150285987,102.87309093773365,19.003025390575278,40.499347554600945,32.13177073856158,34.83898271886784,-943.6399949351326,476.68388894707255,2026-03-22 06:57:29
2026-03-22 06:57:31.431997+00:00,4436611.976749958,3088063.389744929,3372315.545659155,1792242.7384237025,5,"E07,E21,E29,G11,G24",97.66038513297678,218.2559898979962,13.074276170507721,39.31109214682051,32.13170299167661,34.839495411462764,-925.2527545727789,26.144380146224098,2026-03-22 06:57:31
2026-03-22 06:57:33.431996+00:00,4438864.278020747,3091261.3784495248,3374608.6228315933,1793733.8521354476,5,"E15,E21,E29,G24,G29",11.361295031095679,22.09228055551648,24.558387413854557,40.34228214223525,32.13158453311175,34.85366867496401,3407.0443866681308,2267.0584601025216,2026-03-22 06:57:33
2026-03-22 06:57:35.431996+00:00,4436652.00602731,3088178.068717926,3372321.3417746266,1792266.4525022719,5,"E07,E21,E29,E34,G11",79.78275645266561,178.123426605016,13.053328426460622,30.285771163872205,32.131275385110975,34.8402506698676,-838.8686659298837,2215.4345458327243,2026-03-22 06:57:35
2026-03-22 06:57:37.431996+00:00,4437355.08990575,3089231.0164585514,3372220.078324775,1792753.852244066,5,"E15,E29,E34,G06,G12",171.95813913746116,367.70589834824204,18.976784946702246,37.83131365664753,32.1248491452974,34.84515219919828,105.400400782004,635.0748323792973,2026-03-22 06:57:37
2026-03-22 06:57:39.431996+00:00,4436665.397800321,3088838.3344006166,3371996.1882289853,1792170.032088293,5,"E15,E29,G12,G25,G32",125.63707669730734,280.86911917105317,11.352274778058867,36.05827803846539,32.12692976532993,34.84591305736685,-683.0289562121034,412.31091845480086,2026-03-22 06:57:39
2026-03-22 06:57:41.431996+00:00,4436648.266916043,3088875.284542687,3371971.3050343655,1792151.8232257126,5,"E15,E29,G12,G25,G32",119.43442231729689,266.9962891340256,11.353773214918974,36.06105997204982,32.126705879668606,34.84633819350919,-690.2885244172066,23.863955925343323,2026-03-22 06:57:41
2026-03-22 06:57:43.431996+00:00,4435907.044952415,3088455.3845057664,3371709.270481488,1791519.8544035966,5,"E15,E21,E29,G12,G25",135.17972148180547,266.63590977340937,30.665185194993466,40.65448174644339,32.12877308029576,34.84717466366526,-1547.9786791931838,445.64227449607444,2026-03-22 06:57:43
2026-03-22 06:57:45.431996+00:00,4434228.100798293,3087923.9577846816,3371825.1747650136,1790768.1900233866,5,"E15,E21,E34,G12,G29",80.41244500114954,131.32326771691442,18.974609320067607,36.39986757592952,32.13772680746381,34.85272241002746,-2910.247549473308,882.425865934739,2026-03-22 06:57:45
2026-03-22 06:57:47.431996+00:00,4435798.583880601,3088383.7956919596,3369017.435433142,1788825.713061813,5,"E15,E27,E30,G11,G24",793.6478856543556,1774.6011073701084,26.182543463806162,49.21808332612457,32.10882900542632,34.847208819093986,-3089.196935597807,1624.9052409699416,2026-03-22 06:57:47
2026-03-22 06:57:49.431996+00:00,4439802.685175776,3092980.849876736,3372655.684992077,1795035.2828558972,5,"E07,E27,E30,G11,G24",160.16753194164303,357.9715628437698,12.990596824641608,42.89476593204445,32.10827756196184,34.86293116762378,3853.182290009223,3549.7392232695834,2026-03-22 06:57:49
2026-03-22 06:57:51.431996+00:00,4435541.77109294,3088393.834774258,3371637.597337746,1791189.414474626,5,"E07,E15,E21,E29,G24",352.04337012948923,787.1623710617423,12.971318139349215,38.00900549303269,32.12983239534277,34.84885172846174,-1869.7399652162567,3171.4586093611924,2026-03-22 06:57:51
2026-03-22 06:57:53.431996+00:00,4436492.759709785,3088532.4024208696,3372133.161188015,1792064.8085634576,5,"E21,E29,E34,G11,G24",9.216880518068109,18.988737996667624,18.935856039710114,40.456583004411186,32.1294939639392,34.844297371045556,-878.1999734118581,540.6394065707485,2026-03-22 06:57:53
2026-03-22 06:57:55.431996+00:00,4436542.273503629,3089156.688442728,3371860.9955233387,1791998.888550298,5,"E15,E29,G12,G25,G32",122.12870159901607,273.02268677949905,11.364165555598273,36.080464656192866,32.12550933783285,34.849427693945806,-686.442700792104,341.41572968202905,2026-03-22 06:57:55
2026-03-22 06:57:57.431996+00:00,4436473.148636189,3089074.6156000625,3372107.08132577,1792162.728173755,5,"E13,E19,E30,G12,G25",102.91277558082339,229.79862389340997,24.78475081835849,33.68865636186926,32.12788593778015,34.84913247928475,-643.3340449240059,134.23153593688994,2026-03-22 06:57:57
2026-03-22 06:57:59.431996+00:00,4436435.247513991,3088651.8968933253,3372073.609179845,1791976.06285431,5,"E21,E29,E34,G11,G24",9.060224907652104,18.611573286354542,18.919103700685774,40.445892198162426,32.128938021271196,34.84568510843861,-892.0251462068409,212.86614611202566,2026-03-22 06:57:59
2026-03-22 06:58:01.431996+00:00,4437631.068470893,3091163.841624781,3373558.9845337663,1792582.0326506249,5,"E07,E21,E29,G11,G15",3.0652341371014744,5.581472791731358,2.024271635250023,26.870909361212416,32.12869068410665,34.860287170265266,1944.6321529652923,1576.8793578530592,2026-03-22 06:58:01
2026-03-22 06:58:03.431996+00:00,4432542.045344151,3087379.8034073845,3371638.892832874,1789478.2044753477,5,"E07,E15,E27,G06,G29",3.941559248821794,8.441506702452898,12.896839811361536,34.917223378447304,32.14443813140561,34.858205944472665,-4444.203216983937,3312.999160695493,2026-03-22 06:58:03
2026-03-22 06:58:05.431997+00:00,4441851.015013172,3092076.9556661467,3375787.241080635,1796286.997496955,5,"E15,E21,E29,G24,G29",91.76729950391227,153.46605619043112,24.74617750297443,40.33608540436468,32.12659868923183,34.84268410761497,6504.258691865951,5610.900616135752,2026-03-22 06:58:05
2026-03-22 06:58:07.431997+00:00,4439539.169481652,3092153.1083895257,3374773.55440466,1794167.3408193358,5,"E21,E29,E34,G11,G29",24.512218451274087,51.72043268755078,18.892020997376985,32.61286103109546,32.127746046706655,34.857333709073465,4395.335698308423,1262.7341046256013,2026-03-22 06:58:07
2026-03-22 06:58:09.431997+00:00,4439169.26948911,3092046.3869107733,3374537.3612231016,1793840.9344131958,5,"E21,E29,G11,G24,G29",3.0874064186362884,5.253614891320467,24.76122894243626,41.59409675525971,32.12769047747613,34.85864526239222,3961.022547167726,225.83328891239148,2026-03-22 06:58:09
2026-03-22 06:58:11.431997+00:00,4436318.40144501,3088908.323531214,3371946.1491063377,1791781.3142040274,5,"E21,E29,E34,G11,G24",17.520993797856033,38.35617585107684,18.88553625963676,40.42446466421421,32.12772163572192,34.84862326101048,-916.9373178472742,2484.4149519086614,2026-03-22 06:58:11
2026-03-22 06:58:13.431997+00:00,4436287.294369315,3088944.5723657412,3371933.0339329303,1791740.9278290216,5,"E07,E21,E29,G11,G24",92.43870156738728,206.57570800930262,12.855795348169208,39.216023020612155,32.127644556849276,34.849126958954336,-927.9899890981615,24.767094785064124,2026-03-22 06:58:13
2026-03-22 06:58:15.431997+00:00,4436307.541235517,3089001.4465978835,3371918.9281876003,1791737.259354625,5,"E21,E29,E34,G11,G24",11.072552414558196,23.437075305730104,18.874181308433617,40.41725614406327,32.12730123487796,34.849499034103935,-893.8977643316612,30.99833029408177,2026-03-22 06:58:15
2026-03-22 06:58:17.431997+00:00,4436225.178065141,3089026.326680222,3371872.8261150266,1791650.3234407278,5,"E07,E21,E29,G11,G24",99.71016858811828,222.84392492473125,12.83512666841203,39.20700099296924,32.12720510797976,34.8502142800756,-963.6160004502162,48.806022751198924,2026-03-22 06:58:17
2026-03-22 06:58:19.431997+00:00,4436263.417371839,3089088.8121423787,3371871.524397017,1791660.0831485752,5,"E21,E29,E34,G11,G24",9.415406782377689,19.483031019568443,18.862979777947096,40.41010042407586,32.12687338216968,34.850526178392336,-907.4938974697143,36.63458757610518,2026-03-22 06:58:19
2026-03-22 06:58:21.431997+00:00,4437485.735361451,3091615.681937019,3373365.619649337,1792279.0999656192,5,"E07,E21,E29,G11,G15",1.053410605880637,1.917868260294199,1.9414573913141804,26.841928029322354,32.12654784801001,34.86509505061972,1959.5373054435477,1589.9255367626436,2026-03-22 06:58:21
2026-03-22 06:58:23.431997+00:00,4433032.134965091,3087749.5927942637,3369710.804018827,1788838.367517692,5,"E21,E29,E34,G11,G32",53.51802969854888,119.52801572158933,11.394171637875628,29.953289661068652,32.126758525115726,34.85845335450961,-4950.290949741378,3469.1093613206267,2026-03-22 06:58:23
2026-03-22 06:58:25.431997+00:00,4432617.812725296,3088990.4655562853,3372342.3950848547,1790454.8228809224,6,"E15,E27,E30,G06,G12,G25",4.837863677473422,7.117363080382347,26.098048114441305,42.25728753093713,32.145094148479615,34.87176274690139,-3237.6753424704075,1469.4131199829048,2026-03-22 06:58:25
2026-03-22 06:58:27.431997+00:00,4433828.78318978,3089477.837014401,3369090.8789825435,1788195.1559068675,5,"E15,E27,E30,G06,G12",404.30428655942956,903.9784439019859,26.082111142741788,44.51118939942636,32.11414382004642,34.86866148319772,-3889.608555368148,1751.8802304686008,2026-03-22 06:58:27
2026-03-22 06:58:29.431997+00:00,4435883.33307287,3090078.577048199,3371926.8612085916,1791692.1728818591,5,"E07,E15,G12,G24,G29",34.80354549862098,77.66264801099896,12.771002611143265,41.1181731173338,32.126078885133126,34.861436608658146,-663.1526277903467,1776.5738794638828,2026-03-22 06:58:29
2026-03-22 06:58:31.431997+00:00,4437328.377619646,3090402.9697917094,3372717.085445746,1792352.349358556,5,"E15,E21,E29,G15,G32",52.659514808857836,117.2696190290153,1.904765702477871,25.295720026098554,32.12553844892657,34.8555051015224,918.2859897045419,839.3209664952433,2026-03-22 06:58:31
2026-03-22 06:58:33.431996+00:00,4432550.180697553,3089158.1582082747,3372276.184116309,1790334.9148987853,5,"E15,E27,E30,G06,G25",4.299122184603704,7.859791833907366,26.074952300069953,38.78708181665867,32.144394425191905,34.87363183027218,-3238.70325104706,2478.6659850604415,2026-03-22 06:58:33
2026-03-22 06:58:35.431996+00:00,4441354.504369357,3093351.5998735516,3373105.1120779347,1795690.0569254954,5,"E15,E29,G12,G24,G29",0.6666358848492309,1.1923366710543633,24.921542328055615,45.366435033544114,32.10459443124387,34.856761305619706,5350.156994616613,4893.5720563697105,2026-03-22 06:58:35
2026-03-22 06:58:37.431996+00:00,4434009.489580917,3095768.577922245,3377973.6074142386,1798323.448521798,5,"E15,E27,E30,G06,G24",657.2240263334353,1469.5456522777677,26.097864068898453,45.32505442943417,32.16399673968872,34.92225142922648,4008.6222301321104,4568.7326462016235,2026-03-22 06:58:37
2026-03-22 06:58:39.431996+00:00,4432278.463112042,3088205.970908277,3371296.5456817583,1788942.2145284782,5,"E07,E15,E27,G06,G29",3.0116358543974338,6.453021466732025,12.71023701783827,34.912053646982386,32.14059326316641,34.8669940908067,-4409.6042857375,5117.925137763681,2026-03-22 06:58:39
2026-03-22 06:58:41.431996+00:00,4441765.000474217,3093031.143511414,3375751.003648223,1796010.2397890135,5,"E07,E15,E21,E29,G24",1171.9774122664182,2620.6119569651783,12.696153977844078,37.87652775337325,32.12404855566853,34.85149419563924,6886.939216266386,5768.85771944944,2026-03-22 06:58:41
2026-03-22 06:58:43.431996+00:00,4441745.149206931,3093076.649122081,3375732.258459171,1795982.375169153,5,"E07,E15,E21,E29,G24",1172.875667569242,2622.6205168180168,12.68578088405465,37.87173095724533,32.12385901607002,34.85200958440194,6885.198023577221,26.534013679017292,2026-03-22 06:58:43
2026-03-22 06:58:45.431996+00:00,4441537.55857335,3092956.2024565823,3375338.998434879,1795668.7221175272,5,"E15,E21,E29,G24,G29",79.10690839962596,154.8084976039827,24.9696759216784,40.326856639149966,32.12200440967361,34.85221905403708,6473.51846843306,230.3555496869069,2026-03-22 06:58:45
2026-03-22 06:58:47.431996+00:00,4434944.997403932,3089546.949286474,3371001.640245752,1790253.7935236949,5,"E07,E15,E21,E29,G12",387.96934681441746,867.5186331532896,12.681163093037437,37.110769318330156,32.124161801963105,34.862498002499414,-2064.5576646877453,4298.184093637847,2026-03-22 06:58:47
2026-03-22 06:58:49.431996+00:00,4436085.352724915,3090342.946681238,3371320.574229578,1791186.563784192,5,"E15,E29,E34,G12,G25",55.38691719041014,123.0791090093553,18.777889399320504,37.629076988040794,32.119928230549775,34.8625117734621,-717.1725689051673,713.3969786531138,2026-03-22 06:58:49
2026-03-22 06:58:51.431996+00:00,4436090.526920229,3090389.5234680506,3371315.497597077,1791178.0684934226,5,"E15,E29,E34,G12,G25",50.244027653250384,111.50032747909427,18.77210710746252,37.630329762224775,32.11974142290124,34.86288544764177,-693.7273130621761,23.568737580253533,2026-03-22 06:58:51
2026-03-22 06:58:53.431996+00:00,4436074.048305079,3090440.0645194477,3371293.7698080624,1791147.3402837412,5,"E15,E29,E34,G12,G25",47.5169452671423,105.35386059805751,18.76643211161258,37.6315939559381,32.11950175383232,34.86342475876507,-692.2629731986672,28.714279762181807,2026-03-22 06:58:53
2026-03-22 06:58:55.431996+00:00,4436069.112859259,3090491.888637966,3371273.049548548,1791126.8104382413,5,"E15,E29,E34,G12,G25",48.00020997724658,106.44425151869655,18.760666337643283,37.63282583235324,32.11922084431955,34.8639052959988,-681.6195874456316,28.015295108084906,2026-03-22 06:58:55
2026-03-22 06:58:57.431996+00:00,4436030.7110992605,3090528.6792575386,3371254.501311353,1791081.5779091879,5,"E15,E29,G12,G25,G32",119.93378265360704,268.1149070635438,11.406242274705447,36.1643985539085,32.11912940763683,34.8644578446152,-700.3558613155037,28.161507251030823,2026-03-22 06:58:57
2026-03-22 06:58:59.431996+00:00,4436003.429380795,3090565.869428274,3371211.821640282,1791037.941900251,5,"E15,E29,E34,G12,G25",56.94885084857866,126.59552389010787,18.7494196635591,37.635454489361905,32.118808789134675,34.864946503277835,-724.0008629141375,31.420356795006153,2026-03-22 06:58:59
2026-03-22 06:59:01.431996+00:00,4435996.444583954,3090618.046856595,3371199.543595443,1791016.9900486819,5,"E15,E29,E34,G12,G25",57.11705751930242,126.97439448907971,18.743702826156284,37.63670165556073,32.118599455493055,34.86544251946415,-710.1206585858017,27.027864317050717,2026-03-22 06:59:01
2026-03-22 06:59:03.431996+00:00,4435966.494669819,3090653.6407675487,3371175.888659924,1790976.89737782,5,"E15,E29,E34,G12,G25",56.43972377919021,125.45138248801231,18.738077539376324,37.638020694258515,32.118439028702895,34.86593346086444,-726.2768095806241,26.09348495352627,2026-03-22 06:59:03
2026-03-22 06:59:05.431997+00:00,4435939.381654874,3090700.6480593677,3371158.372275328,1790937.718137499,5,"E15,E29,E34,G12,G25",59.99152552676827,133.4387051947415,18.73248359447541,37.63931684043534,32.118283041812305,34.86650645800623,-731.6714419638738,28.511495669488465,2026-03-22 06:59:05
2026-03-22 06:59:07.431997+00:00,4436652.66429135,3090995.9432246373,3372105.78900666,1791525.4185116878,5,"E07,E15,E21,E29,E34",41.944279712909065,93.23513048887253,12.57328153930978,28.9075147038245,32.12190364889146,34.86475307142787,410.6987959295511,611.0584703892994,2026-03-22 06:59:07
2026-03-22 06:59:09.431997+00:00,4441369.0144431675,3093516.8169473447,3375157.8029730045,1795353.6923742024,5,"E15,E21,E29,G24,G29",74.30756536548063,133.6169395595789,25.10300161314421,40.320696954153874,32.11974971929662,34.85810867497331,6531.3894477617,3078.699089353507,2026-03-22 06:59:09
2026-03-22 06:59:11.431997+00:00,4436628.320615894,3091099.373857008,3372102.5592920654,1791475.186805773,5,"E07,E15,E21,E29,E34",46.969318223850685,104.53219189867377,12.55233358998468,28.902147435576683,32.121691259066786,34.86579976196242,442.14012365601957,3068.090734026742,2026-03-22 06:59:11
2026-03-22 06:59:13.431997+00:00,4435864.145035663,3090330.089445167,3371467.663357608,1790921.2367277502,5,"E07,E21,E29,E34,G11",64.6171307849754,144.1747872978449,12.54439061037471,30.16900136360754,32.121957434995856,34.86374004284746,-798.910375053063,628.2626185190439,2026-03-22 06:59:13
2026-03-22 06:59:15.431997+00:00,4435737.330653167,3090328.730314702,3371376.5915098083,1790798.296397963,5,"E21,E29,E34,G11,G24",21.16526775870153,46.65784652158618,18.704959061771763,40.30859381632837,32.121764509187635,34.86449650408432,-936.1172752398998,78.06698454685059,2026-03-22 06:59:15
2026-03-22 06:59:17.431997+00:00,4432155.852766447,3090132.362129582,3371897.4127619257,1789687.6515021943,5,"E15,E27,G06,G12,G25",7.039371660764616,10.220560677349567,31.147419913691543,45.55682306771393,32.140379370864935,34.88449827039017,-3242.420312197879,1812.2361251953837,2026-03-22 06:59:17
2026-03-22 06:59:19.431997+00:00,4435379.690698786,3091171.8039904055,3371480.6842527506,1790907.5973746942,5,"E07,E15,G12,G24,G29",21.73422179403962,48.34426972642541,12.511687911718385,41.09633934528377,32.12165534695929,34.87399429301415,-721.0729234227911,1706.402139472023,2026-03-22 06:59:19
2026-03-22 06:59:21.431997+00:00,4431351.168401127,3088576.4724092633,3368535.0724701765,1786993.2106323936,5,"E15,E21,E29,G11,G32",168.52643361795324,376.75082229822874,11.433461025922966,35.189119183504566,32.12212197742142,34.87584170437732,-6343.20176100079,2812.5329639156744,2026-03-22 06:59:21
2026-03-22 06:59:23.431997+00:00,4438577.25251584,3093726.154067729,3373926.904610904,1792763.7860110572,5,"E21,E29,G11,G24,G29",7.77046332814056,13.13516291230917,25.17262400846106,41.58400269070859,32.12075686580175,34.87682538778146,4038.3128835512325,5191.51631631447,2026-03-22 06:59:23
2026-03-22 06:59:25.431997+00:00,4431602.702452144,3087921.792038158,3369755.9473502156,1786612.1119842445,5,"E15,E27,E30,G06,G25",52.72108838172571,117.41923141106963,25.91240448435142,38.79080055550138,32.13226106404365,34.868618672075115,-5836.168651882559,4993.291790788581,2026-03-22 06:59:25
2026-03-22 06:59:27.431997+00:00,4438540.991271039,3093810.662797759,3373902.324939209,1792692.7132134072,5,"E21,E29,G11,G24,G29",8.249545117042372,13.940254729241133,25.1947961034719,41.58335802122032,32.120480240776665,34.87777916401795,4040.97630092036,5000.277434007776,2026-03-22 06:59:27
2026-03-22 06:59:29.431997+00:00,4438529.768257002,3093857.0930080647,3373884.055525414,1792662.198437736,5,"E21,E29,G11,G24,G29",9.77393209407496,17.57116897776723,25.2059256854574,41.583066474159054,32.120257687995945,34.87825049764344,4045.9509868733585,25.57094031077634,2026-03-22 06:59:29
2026-03-22 06:59:31.431997+00:00,4438514.796975012,3093902.079002646,3373870.421266436,1792628.5787490048,5,"E21,E29,G11,G24,G29",8.759802844955495,14.797480750828981,25.217016862271098,41.58274713087539,32.12008920499944,34.878731980051185,4050.0868349410594,24.66663744195351,2026-03-22 06:59:31
2026-03-22 06:59:33.431996+00:00,4436865.623423827,3093222.734010513,3372764.6776840957,1791181.0948595977,5,"E07,E21,E29,G11,G15",3.951336760066872,7.190100211650133,1.6440950395601464,26.73637086028978,32.119993590344656,34.88281840449365,1987.3255224851891,1049.2802645273746,2026-03-22 06:59:33
2026-03-22 06:59:35.431996+00:00,4458453.351964648,3102353.9314047433,3383136.869735616,1807420.3767345757,5,"E15,E21,G11,G24,G29",436.98217358839554,977.0106640271842,25.244774359654585,43.789629216658135,32.08938192499699,34.831599937207805,26926.049883846194,12815.919371607666,2026-03-22 06:59:35
2026-03-22 06:59:37.431996+00:00,4438469.846804005,3094027.4648556733,3373817.468748852,1792517.3935170518,5,"E21,E29,G11,G24,G29",11.11264852739739,21.163638077676296,25.25041450173201,41.58185376522549,32.11951814459531,34.880093476333165,4051.428618828766,11784.754541889188,2026-03-22 06:59:37
2026-03-22 06:59:39.431996+00:00,4435514.115903474,3090843.915347924,3371212.1773768594,1790371.1808768276,5,"E21,E29,E34,G11,G24",20.7943059331543,45.81754084303975,18.63667654343134,40.26447879412651,32.11997446022871,34.87032877295424,-929.2082360461354,2532.729543280466,2026-03-22 06:59:39
2026-03-22 06:59:41.431996+00:00,4435485.08960297,3090877.9355322355,3371186.6931869686,1790322.233581558,5,"E21,E29,E34,G11,G24",25.935912264700658,57.45080376043916,18.63097471928523,40.26082440970481,32.11980071990847,34.87080046213032,-946.4543073251843,25.735884461083156,2026-03-22 06:59:41
2026-03-22 06:59:43.431996+00:00,4435467.072279838,3090919.359887262,3371170.6528950552,1790281.8729307537,5,"E21,E29,E34,G11,G24",25.809463047531093,57.16540914401412,18.625242188691328,40.257138252713716,32.119635503298475,34.871269825297674,-947.4437906602398,23.968166840850728,2026-03-22 06:59:43
2026-03-22 06:59:45.431996+00:00,4435444.764653412,3090959.522468261,3371166.8569065738,1790239.5306092803,5,"E07,E21,E29,G11,G24",93.51439153914856,208.9750887528062,12.378619749712009,39.005228278178166,32.11958415685405,34.87175421231673,-945.5149194812402,23.04925507381461,2026-03-22 06:59:45
2026-03-22 06:59:47.431996+00:00,4435427.436073348,3091003.0796026727,3371149.154483093,1790199.4059298546,5,"E07,E21,E29,G11,G24",93.21115020524535,208.2964327968657,12.368296798006737,39.000625201823354,32.11939768244041,34.87223794383638,-945.876091465354,25.054338158713097,2026-03-22 06:59:47
2026-03-22 06:59:49.431996+00:00,4435408.758842784,3091036.6433857987,3371116.3408061597,1790157.438913569,5,"E21,E29,E34,G11,G24",25.86528239597637,57.291511569172144,18.608014981499508,40.24608646170292,32.11912847849274,34.87264295408332,-960.0475893486291,25.259175922559372,2026-03-22 06:59:49
2026-03-22 06:59:51.431996+00:00,4435388.897781116,3091087.749793343,3371117.76746063,1790119.7975704935,5,"E07,E21,E29,G11,G24",91.06745634321263,203.49958313256502,12.347604371939907,38.99138949286676,32.11907739049833,34.8732076682337,-948.341410137713,27.424268475307137,2026-03-22 06:59:51
2026-03-22 06:59:53.431996+00:00,4435373.154128855,3091134.766841166,3371091.29640637,1790079.117077859,5,"E21,E29,E34,G11,G24",27.765387296767884,61.577919099479914,18.596590862419827,40.2386709765695,32.11880820529623,34.87371187355242,-950.5867247711867,28.103300901134375,2026-03-22 06:59:53
2026-03-22 06:59:55.431996+00:00,4435385.643433377,3091191.586671846,3371100.750614631,1790070.6889377683,5,"E21,E29,E34,G11,G24",15.530661544488344,33.81204829737544,18.59074767825785,40.234894042360835,32.118675497969484,34.874130225863134,-909.3663396853954,29.46972149412682,2026-03-22 06:59:55
2026-03-22 06:59:57.431996+00:00,4435326.560589295,3091222.011720858,3371064.418091649,1790000.7625439644,5,"E21,E29,E34,G11,G24",25.40122147999211,56.243804052472115,18.58521007578027,40.23126086085481,32.11854697433104,34.874752786875625,-955.0027985321358,37.86990328235183,2026-03-22 06:59:57
2026-03-22 06:59:59.431996+00:00,4435300.518359699,3091268.2265094495,3371062.3101104745,1789963.86311319,5,"E21,E29,E34,G11,G24",25.183240894382607,55.75150812789798,18.579598585894168,40.22752623784131,32.118506606958974,34.875312418365944,-951.8379809288308,26.544528586408564,2026-03-22 06:59:59
2026-03-22 07:00:01.431996+00:00,4435394.25690684,3091367.6552265477,3371152.6398817585,1790032.1975924664,5,"E07,E21,E29,E34,G11",65.43054582875035,146.0033046193421,12.295283045736973,30.110057498657604,32.11855522641435,34.87560886028888,-790.5278095630929,81.90307165190944,2026-03-22 07:00:01
2026-03-22 07:00:03.431996+00:00,4435231.712731377,3091350.49004831,3371047.5582094807,1789880.1936624162,5,"E21,E29,E34,G11,G24",30.487266471897062,67.70976766198874,18.568429630805266,40.22008648749941,32.11843903837053,34.8764446207148,-967.6503586340696,97.15633042873897,2026-03-22 07:00:03
2026-03-22 07:00:05.431997+00:00,4435219.114805784,3091397.837156275,3371061.3594425223,1789860.3571500378,5,"E21,E29,E34,G11,G24",23.85924545022562,52.759443160146475,18.56277681071247,40.21630328459071,32.11846419869222,34.87693262193721,-946.13594728522,25.45057860070237,2026-03-22 07:00:05
2026-03-22 07:00:07.431997+00:00,4435182.899126751,3091458.3028791295,3371012.3035043646,1789826.1051563828,5,"E07,E29,E34,G11,G24",116.29829572607349,259.4237021021545,12.264557584043507,35.717717628057535,32.118066131109934,34.87767780549923,-968.0970206204802,42.936476673915266,2026-03-22 07:00:07
2026-03-22 07:00:09.431997+00:00,4435286.883452765,3091539.270361822,3371176.234816389,1789903.0582792966,5,"E07,E21,E29,E34,G11",60.04143835371353,133.92660181969404,12.25306828907894,30.099994629446,32.118687298653924,34.87775159433877,-769.4761905288324,105.16885039322297,2026-03-22 07:00:09
2026-03-22 07:00:11.431997+00:00,4435255.014923113,3091578.9145298842,3371186.106914302,1789868.1274654977,5,"E07,E21,E29,E34,G11",59.28893492461898,132.23994518071413,12.242463205786875,30.097472073128614,32.11877936888448,34.878289390637846,-767.1699510626495,25.907149402595742,2026-03-22 07:00:11
2026-03-22 07:00:13.431997+00:00,4435085.193202876,3091550.2583055566,3371095.3201084174,1789713.7500479792,5,"E21,E29,E34,G11,G24",29.337933572319876,65.12128341943026,18.54063512125261,40.20124925077005,32.11883250800934,34.879069420699956,-947.3110433649272,97.34325860062937,2026-03-22 07:00:13
2026-03-22 07:00:15.431997+00:00,4436183.447977118,3093079.138268889,3371427.1912281415,1790808.6004955848,5,"E07,E15,E30,G06,G12",109.74028926128527,245.12652007490396,12.223672090940433,34.837793223480816,32.11285602911258,34.88570373932989,732.7450280021876,955.7426342291022,2026-03-22 07:00:15
2026-03-22 07:00:17.431997+00:00,4441027.967770097,3094350.3067733347,3377282.8321344173,1794312.9868921186,5,"E15,E21,E29,G24,G29",134.55072941124695,292.7754190042615,25.4711387191357,40.29388254797474,32.1350186297562,34.86741173077707,7827.978460445069,3852.7189040503076,2026-03-22 07:00:17
2026-03-22 07:00:19.431997+00:00,4440805.26971936,3095140.6387423333,3375193.7427429515,1794364.5241220512,5,"E15,E21,E29,G11,G24",522.1935895840172,1167.569144334644,33.51584412397288,45.48063420661253,32.11779317641119,34.87562303385619,6944.963588091545,1122.3316720735581,2026-03-22 07:00:19
2026-03-22 07:00:21.431997+00:00,4435077.907767621,3091744.0829963074,3371246.368975098,1789682.0188497968,5,"E07,E21,E29,E34,G11",63.6596067661277,142.03724860027432,12.189280414705681,30.08484955851919,32.11948348070455,34.88079869417855,-778.1874125637114,3870.4336167035144,2026-03-22 07:00:21
2026-03-22 07:00:23.431997+00:00,4437981.991697747,3094972.9236364113,3373769.7293274538,1791728.1437956276,5,"E07,E21,E29,E34,G11",408.2508083542164,912.8282504156232,12.168456401761135,30.07281611739335,32.11848024004455,34.89126114304478,4145.094453704543,2511.297613796855,2026-03-22 07:00:23
2026-03-22 07:00:25.431997+00:00,4437946.571040308,3095000.7475172915,3373783.114893805,1791692.1264817768,5,"E07,E21,E29,E34,G11",406.9834922395625,909.9943299815059,12.15781184189665,30.07028708369961,32.118645358148136,34.891717380039594,4141.084480961785,23.494492477980184,2026-03-22 07:00:25
2026-03-22 07:00:27.431997+00:00,4440674.689174809,3095257.267589049,3375267.2641727934,1794226.9804850763,5,"E15,E21,E29,G11,G24",518.6314171194947,1159.6031957641244,33.47727689795442,45.474606274923566,32.1185477762487,34.877426145088236,6949.804298808798,1558.1343158828688,2026-03-22 07:00:27
2026-03-22 07:00:29.431997+00:00,4440481.286013545,3095173.567394035,3375033.1595869507,1793974.2243729287,5,"E15,E21,E29,G24,G29",51.695742234709435,100.45557913184166,25.54336977463576,40.29680184936749,32.117750774932446,34.87786995123757,6650.421509494074,157.49243040927524,2026-03-22 07:00:29
2026-03-22 07:00:31.431997+00:00,4440444.3377470765,3095201.14607038,3375061.3899068907,1793934.791876564,5,"E15,E21,E29,G24,G29",51.683088392465905,100.52713990956545,25.55419543981842,40.29605654679422,32.11803581343391,34.87833309064479,6653.115038144402,27.031041174293428,2026-03-22 07:00:31
2026-03-22 07:00:33.431996+00:00,4434684.8842485985,3091829.4599913135,3371272.8355086576,1789307.2479109883,5,"E21,E29,E34,G11,G24",46.76899249827409,104.27735021710396,18.485813078996507,40.16333550207621,32.12099762316436,34.88392306457753,-995.820857886225,3837.0814083765104,2026-03-22 07:00:33
2026-03-22 07:00:35.431996+00:00,4434675.838590321,3091865.4807189987,3371312.270188917,1789294.876206462,5,"E21,E29,E34,G11,G24",36.74302963542615,81.77596095949411,18.480182325612095,40.15946708585723,32.12123564534025,34.88429105612755,-963.689965043217,27.08510090342945,2026-03-22 07:00:35
2026-03-22 07:00:37.431996+00:00,4434801.289226965,3091973.4404150513,3371452.1078463453,1789394.8408434454,5,"E07,E21,E29,E34,G11",55.563368784509116,123.89021192118526,12.103290688069794,30.064368755313886,32.121514192013414,34.88446923461301,-749.8879909971729,108.33712272483109,2026-03-22 07:00:37
2026-03-22 07:00:39.431996+00:00,4440307.261733973,3095321.8967581857,3375157.32825476,1793789.8565248745,5,"E15,E21,E29,G24,G29",49.63473189265322,95.94671937823296,25.597575794488538,40.293130615046344,32.11897567774602,34.88021142197575,6667.364859646186,3716.7375278845047,2026-03-22 07:00:39
2026-03-22 07:00:41.431996+00:00,4434544.760846032,3091944.158619059,3371360.744159261,1789159.24308112,5,"E21,E29,E34,G11,G24",38.0313425248602,84.6694446504116,18.463726270311703,40.14806542949204,32.12190578124654,34.88576960899407,-990.869186504744,3841.5355723405855,2026-03-22 07:00:41
2026-03-22 07:00:43.431996+00:00,4434496.187731196,3092513.206235456,3371079.959086713,1789016.1228702106,5,"E15,E21,E29,G12,G25",150.8357901938354,336.9919774085283,31.582659281826388,40.98115540968052,32.11839110352429,34.89101098816882,-898.2424961142242,318.2038631828433,2026-03-22 07:00:43
2026-03-22 07:00:45.431996+00:00,4434647.329481639,3092085.1959824003,3371523.3720249655,1789230.9231429675,5,"E07,E21,E29,E34,G11",58.70478604579596,130.93456460535526,12.0605626434913,30.05416187087588,32.12235767228045,34.88637400816781,-764.8222582740709,317.2741871226291,2026-03-22 07:00:45
2026-03-22 07:00:47.431996+00:00,4434443.797343371,3092045.2716956693,3371412.3908689423,1789046.5566698,5,"E21,E29,E34,G11,G24",38.24616038473158,85.15153202787042,18.44706485716816,40.13661517919142,32.12242013004254,34.887260690300316,-984.5692497510463,117.61812888643829,2026-03-22 07:00:47
2026-03-22 07:00:49.431996+00:00,4434859.792549775,3091619.9082473037,3374169.145608536,1789358.2635325752,5,"E15,E21,E29,G11,G24",193.62426143244747,431.51219928637147,33.37132751656919,45.46023423335116,32.14300318085238,34.88104105464084,564.6635674452409,1410.1137160907099,2026-03-22 07:00:49
2026-03-22 07:00:51.431996+00:00,4440522.173233495,3094913.393328794,3377700.020511226,1793767.188739911,5,"E15,E21,E29,G24,G29",120.16169635075052,261.1857254207134,25.655637371372283,40.28149762948359,32.13864618248669,34.87536308084865,7971.118031478487,3720.7753415051006,2026-03-22 07:00:51
2026-03-22 07:00:53.431996+00:00,4440495.728386906,3094954.8121871324,3377722.0360407224,1793737.241611616,5,"E15,E21,E29,G24,G29",118.4717191696594,257.37518943473697,25.66646087887775,40.28075649645701,32.13880455982894,34.87588284053038,7984.512975062244,26.92366652320757,2026-03-22 07:00:53
2026-03-22 07:00:55.431996+00:00,4440045.332987734,3095611.4297505757,3375307.308984293,1793503.8339933874,5,"E15,E21,E29,G24,G29",44.22999228872461,83.51275630667806,25.68428122100961,40.287303764680814,32.120356054206404,34.88431125416581,6705.365617500618,1271.309305132787,2026-03-22 07:00:55
2026-03-22 07:00:57.431996+00:00,4439557.023534491,3096219.241782046,3372882.69713155,1793209.9626312514,5,"E15,E27,G12,G24,G29",101.2982427310255,225.98914509639144,25.702249430407296,50.71289808728341,32.102106660631776,34.892545476084656,5371.7307435218245,1273.4426002169903,2026-03-22 07:00:57
2026-03-22 07:00:59.431996+00:00,4437126.4791643685,3094672.004748601,3376551.8219586527,1790843.7407134871,5,"E15,E29,E34,G11,G25",726.6743085426606,1604.417599312961,18.419886866034034,36.01628115139506,32.143899596062596,34.893830006040716,4884.77159595117,2332.5932655339993,2026-03-22 07:00:59
2026-03-22 07:01:01.431996+00:00,4430742.957273425,3090140.9764619884,3371752.465032331,1785813.6734390336,5,"E07,E15,E21,E29,G11",79.13333321400017,176.63722435757518,11.960393219328532,35.38499729841781,32.14481200164172,34.89314409143419,-4296.6754767932,4591.116312305575,2026-03-22 07:01:01
2026-03-22 07:01:03.431996+00:00,4428002.620199645,3089531.959437755,3367575.141074383,1783540.220889593,5,"E07,E15,E21,E29,G06",682.2846954391375,1525.6012752614915,11.977583646615997,31.31408611480382,32.125344659472354,34.90447819832325,-8716.916435654275,2516.465003898522,2026-03-22 07:01:03
2026-03-22 07:01:05.431997+00:00,4440019.228665653,3095925.830851852,3375547.2659678743,1793503.3287320612,5,"E15,E21,E29,G11,G24",523.371511932166,1170.2028597593307,33.29322996453766,45.44579449000097,32.12142805286105,34.887199277111286,6967.110986669548,7887.252328404647,2026-03-22 07:01:05
2026-03-22 07:01:07.431997+00:00,4433044.587617597,3092334.096132817,3370893.2931853556,1787700.232927605,5,"E15,E21,E29,G12,G25",178.67383004532365,397.91293723508716,31.711551039955495,41.02799372516417,32.12316675254166,34.89825561396755,-2092.6356335543096,4560.85624366668,2026-03-22 07:01:07
2026-03-22 07:01:09.431997+00:00,4432984.713545851,3092369.8622971363,3370879.1230852148,1787643.0330676166,5,"E15,E21,E29,G12,G25",178.84348586812567,398.2904082275927,31.72184874168558,41.03161563979503,32.12319589410439,34.89892969463578,-2124.429202016443,35.584107110667816,2026-03-22 07:01:09
2026-03-22 07:01:11.431997+00:00,4435089.274037887,3093438.031390944,3370585.383501731,1788480.3177638156,5,"E19,E30,G06,G12,G25",34.020080501684475,74.7341525927186,24.789366092554406,34.642574372800276,32.109744229567845,34.89545411642624,-301.0370523687452,1189.1638890949569,2026-03-22 07:01:11
2026-03-22 07:01:13.431997+00:00,4434069.808786727,3092641.0528650354,3371539.932440384,1788620.4307006919,5,"E21,E29,E34,G11,G24",21.25613592473124,46.8586904220283,18.373956407817865,40.08690094470322,32.123231134710615,34.894707316620384,-887.9255723925307,803.9974883927459,2026-03-22 07:01:13
2026-03-22 07:01:15.431997+00:00,4439763.587369026,3096097.3127783802,3375346.228259449,1793178.2143277866,5,"E15,E21,E29,G24,G29",39.75904597762827,73.44640577211976,25.792842588168853,40.280311061059855,32.12042884095505,34.890236030880246,6765.693292294629,3835.7768116469956,2026-03-22 07:01:15
2026-03-22 07:01:17.431997+00:00,4433906.026929584,3092693.236094569,3371459.3492548983,1788455.4208433833,5,"E21,E29,E34,G11,G24",49.116173543902285,109.53790666908026,18.36296599508612,40.07951309363387,32.12311667969008,34.89615398681448,-1019.2601973479614,3905.335477490799,2026-03-22 07:01:17
2026-03-22 07:01:19.431997+00:00,4434086.526472641,3092834.7861039005,3371602.33425288,1788600.9349093712,5,"E07,E21,E29,E34,G11",55.71727960228632,124.2402337230742,11.88178423814757,30.010626112331675,32.1231104931343,34.89629002337988,-749.2676450582221,135.14917668389774,2026-03-22 07:01:19
2026-03-22 07:01:21.431997+00:00,4439689.437469055,3096245.9209406325,3375335.4893162427,1793082.0591996203,5,"E15,E21,E29,G24,G29",38.285906140714935,70.07377430796623,25.825556171166575,40.278295958705336,32.12023106293962,34.89197531528342,6780.467216911726,3773.7547361749707,2026-03-22 07:01:21
2026-03-22 07:01:23.431997+00:00,4434031.924897092,3092930.703677848,3371591.7984657,1788530.7937698443,5,"E07,E21,E29,E34,G11",56.42380059707621,125.82484267652035,11.861005801854912,30.005496591449962,32.122981621475425,34.89745484565813,-746.3235668987036,3775.3587639394245,2026-03-22 07:01:23
2026-03-22 07:01:25.431997+00:00,4433885.169048188,3093464.1729404265,3371190.185367931,1788300.6369837737,5,"E15,E29,E34,G12,G25",79.08149436296051,176.3218993321061,18.339496787703176,37.72946006632925,32.11902736422187,34.90298160861007,-803.3001574724913,341.8405379716745,2026-03-22 07:01:25
2026-03-22 07:01:27.431997+00:00,4436547.555751456,3096975.307562715,3371410.462957589,1790471.65164709,5,"E27,E30,G11,G24,G29",151.62037587501635,338.7489984370768,25.55718729075659,45.116206222923765,32.10061538103682,34.917342942768705,2865.1189388204366,2205.95169428494,2026-03-22 07:01:27
2026-03-22 07:01:29.431997+00:00,4433360.620981625,3093723.604335159,3368721.794510725,1785791.651479697,5,"E27,E30,G11,G24,G32",569.619043383069,1272.5241705961525,11.490207636784698,42.24130735629649,32.1015186081959,34.908417577536056,-2354.0034300731495,2643.816612608315,2026-03-22 07:01:29
2026-03-22 07:01:31.431997+00:00,4433860.319370102,3093652.0725504807,3371179.131133216,1788245.1766041168,5,"E15,E29,E34,G12,G25",67.19213055671503,145.18255002051592,18.321916930895533,37.73277078901229,32.11852508042978,34.90476539845051,-735.3770680241287,1254.3243751021082,2026-03-22 07:01:31
2026-03-22 07:01:33.431996+00:00,4433844.985673645,3093703.3666845732,3371181.761518105,1788224.8865169922,5,"E15,E29,E34,G12,G25",65.07573438573736,141.36581067368388,18.316112589843463,37.733927186266996,32.11846472798475,34.90530418885121,-719.7699281545356,26.800803332872604,2026-03-22 07:01:33
2026-03-22 07:01:35.431996+00:00,4432517.3267431,3092920.741823751,3370783.7896369854,1787119.554817515,5,"E07,E15,E21,E29,G12",413.4513497144958,924.4982398822904,11.800780708746013,37.06719079367677,32.122794257040454,34.906553850737716,-2232.8048650035635,795.8582673431921,2026-03-22 07:01:35
2026-03-22 07:01:37.431996+00:00,4436408.618045791,3097213.941203357,3371372.9677012987,1790312.6194260132,5,"E27,E30,G11,G24,G29",155.42658422039278,347.26584062352777,25.529086765744772,45.11066797998041,32.100220462182904,34.92025720881395,2864.4009409295395,2912.0800000566187,2026-03-22 07:01:37
2026-03-22 07:01:39.431996+00:00,4433754.675573614,3093831.5079336083,3371159.0729368003,1788123.4889467661,5,"E15,E29,E34,G12,G25",67.30839787938352,145.683220397681,18.29883909397768,37.73749634910444,32.11829494438127,34.90696553463934,-732.4558968190104,2152.325279796668,2026-03-22 07:01:39
2026-03-22 07:01:41.431996+00:00,4433723.5084786955,3093872.4681762382,3371148.5064100255,1788088.3406511783,5,"E15,E29,E34,G12,G25",65.79372698940207,142.73417473956943,18.29306549695471,37.7386827710886,32.11822439533749,34.90751052818278,-739.8693436998874,26.271566236488987,2026-03-22 07:01:41
2026-03-22 07:01:43.431996+00:00,4433716.807255808,3093921.558629254,3371151.4645384615,1788074.1123477004,5,"E15,E29,E34,G12,G25",60.127999265380524,131.2770477347076,18.287171414868627,37.73981224237127,32.118138636534816,34.90797780462385,-719.1581367217004,24.81697750185071,2026-03-22 07:01:43
2026-03-22 07:01:45.431996+00:00,4433589.246618265,3093903.159170111,3371105.759933403,1787957.9472114628,5,"E15,E29,E34,G12,G25",94.01912785865518,209.80770852044225,18.281877353217514,37.74130922217624,32.118341617100526,34.908591512774194,-840.9741783319041,68.37244925891258,2026-03-22 07:01:45
2026-03-22 07:01:47.431996+00:00,4433658.372807583,3094005.388095753,3371136.4910276607,1788008.7053990185,5,"E15,E29,E34,G12,G25",67.4772201549133,146.31417313218117,18.275611674673215,37.742173648057964,32.118024004909344,34.90906072821156,-727.0743605913594,63.58770211618587,2026-03-22 07:01:47
2026-03-22 07:01:49.431996+00:00,4436243.816380925,3097469.1425126377,3371324.5633049686,1790120.459345342,5,"E27,E30,G11,G24,G29",156.09526718191898,348.76092107594013,25.495156680161926,45.10390325799651,32.09979832118167,34.923472095099825,2847.968305309303,2163.1854007987313,2026-03-22 07:01:49
2026-03-22 07:01:51.431996+00:00,4433592.68881204,3094081.6686860207,3371112.509533092,1787934.0003216425,5,"E15,E29,E34,G12,G25",70.17652146447254,151.8286403864622,18.26403862867478,37.74454472853343,32.11788977641308,34.91012201561776,-748.472265268676,2153.3940138002595,2026-03-22 07:01:51
2026-03-22 07:01:53.431996+00:00,4434361.401734071,3094641.569448992,3371347.855891113,1788565.3965254598,5,"E15,E29,E34,G06,G12",204.40641736952844,449.78661197796464,18.254061386517225,37.542959247451385,32.115128690688856,34.91032566319201,181.95401723776013,489.8459781164526,2026-03-22 07:01:53
2026-03-22 07:01:55.431996+00:00,4433538.333902869,3094169.6870028935,3371093.9539798284,1787868.145290329,5,"E15,E29,E34,G12,G25",70.04512834233681,152.07253468036652,18.25241448741927,37.74686340902822,32.11772022627878,34.9112166015242,-753.4258136730641,491.06513779965394,2026-03-22 07:01:55
2026-03-22 07:01:57.431996+00:00,4436446.073173199,3096841.5028312346,3373855.4516884703,1789991.184732594,5,"E21,E29,E34,G11,G24",4.622164304993793,9.11859281733632,18.24199092237497,39.99437202024706,32.12004695937748,34.916796195611255,4029.3991863746196,2409.326517910379,2026-03-22 07:01:57
2026-03-22 07:01:59.431996+00:00,4429945.902790319,3093429.764066218,3371842.5387858464,1786775.99379138,5,"E15,E27,G06,G12,G25",7.9477875995842915,11.684094615280628,30.951387186331477,45.76886541315347,32.13960262204638,34.92658426028347,-3208.543204391375,3806.047646861939,2026-03-22 07:01:59
2026-03-22 07:02:01.431996+00:00,4429917.358587031,3093469.2800529646,3371841.191802327,1786745.3627405767,5,"E15,E27,G06,G12,G25",8.38615268285697,12.330578126013279,30.94371064855795,45.771400815227345,32.13959606954691,34.927101118809404,-3209.9192628655583,24.382878801038558,2026-03-22 07:02:01
2026-03-22 07:02:03.431996+00:00,4429893.770708762,3093514.189972985,3371824.824449899,1786706.4957441937,5,"E15,E27,G06,G12,G25",6.724547264564182,9.889065638184547,30.935945466493123,45.773833554943934,32.13944043304892,34.92763478147817,-3213.2296834168956,26.65135617087204,2026-03-22 07:02:03
2026-03-22 07:02:05.431997+00:00,4433335.610947183,3093798.964087141,3371349.8329437003,1787738.1658068085,5,"E21,E29,E34,G11,G24",35.62943868290456,79.26535086333752,18.223911771734464,39.987443340106225,32.12148943282102,34.909224243169646,-937.8640615763143,1743.0551698742663,2026-03-22 07:02:05
2026-03-22 07:02:07.431997+00:00,4433375.819207086,3094436.761399803,3371052.0230408553,1787664.9696200308,5,"E15,E29,E34,G12,G25",73.70457628252456,159.82631759345531,18.217541035696502,37.75379389319751,32.117305993161196,34.91452324809781,-759.1277339030057,352.5240610354893,2026-03-22 07:02:07
2026-03-22 07:02:09.431997+00:00,4433194.618321431,3094392.6678408617,3370993.4395001,1787502.4286731088,5,"E15,E21,E29,G12,G25",147.5770240643148,329.7010329775512,32.02543341856423,41.13489048354335,32.11769198233788,34.91523917799006,-937.4948627054691,97.7369353799329,2026-03-22 07:02:09
2026-03-22 07:02:11.431997+00:00,4433341.882882816,3094543.739109391,3371039.0680306097,1787606.6744757777,5,"E15,E29,E34,G12,G25",73.00567569319081,158.5857956521213,18.205773544854722,37.75599750575782,32.11704686773426,34.91565872673453,-737.7249375013635,107.92513841939702,2026-03-22 07:02:11
2026-03-22 07:02:13.431997+00:00,4433238.705323365,3094537.823452416,3370998.796610165,1787504.4597651633,5,"E15,E29,E34,G12,G25",94.38637276046674,210.63489678129554,18.200293406529315,37.75738694774943,32.11716115867673,34.91623317206303,-833.6602744981647,55.458072172578994,2026-03-22 07:02:13
2026-03-22 07:02:15.431997+00:00,4433241.823248157,3094596.526339773,3370996.402564245,1787489.0826723734,5,"E15,E29,E34,G12,G25",88.32510454904507,197.0529877357185,18.194268480314083,37.758427292845866,32.11696949494127,34.91672438227489,-804.3093070313334,29.417179907980966,2026-03-22 07:02:15
2026-03-22 07:02:17.431997+00:00,4433405.7828897,3094064.5458194828,3371331.0340085155,1787712.6787230647,5,"E21,E29,G06,G12,G24",12.139218318202314,21.192794386297464,30.848089235258815,44.173802956894676,32.12034098928824,34.91110680531466,-770.3988541476429,324.7553854510141,2026-03-22 07:02:17
2026-03-22 07:02:19.431997+00:00,4433787.728510522,3094553.4375129957,3372193.1554292305,1788309.4671689586,5,"E19,E27,G11,G24,G29",87.62010590521425,195.10982473939657,24.789962709270515,44.958740076092226,32.12408206778009,34.913038826301204,190.24323178827763,531.072238331856,2026-03-22 07:02:19
2026-03-22 07:02:21.431997+00:00,4433357.180932508,3094160.051820413,3371290.8360740407,1787628.5981635705,5,"E21,E29,G06,G12,G24",13.566639457030226,25.074360985308886,30.83248524993678,44.16465651546942,32.11996294085354,34.91223160166659,-779.2339347405359,537.1926420784303,2026-03-22 07:02:21
2026-03-22 07:02:23.431997+00:00,4433334.149343157,3094205.21920013,3371276.5159321046,1787592.1376998937,5,"E21,E29,G06,G12,G24",11.259577954336681,18.499565083533525,30.824678807719664,44.16008926554602,32.11982015964085,34.91276382770794,-780.94987589214,26.342042268864873,2026-03-22 07:02:23
2026-03-22 07:02:25.431997+00:00,4433177.315221572,3094860.6025807774,3370927.5116708204,1787338.0848049314,5,"E15,E29,E34,G12,G25",75.91368854374417,164.95156468823552,18.16441651406961,37.76376049347749,32.11597207126427,34.91941041882934,-757.7082997560501,379.4496974950867,2026-03-22 07:02:25
2026-03-22 07:02:27.431997+00:00,4433164.52181247,3094908.8687499785,3370914.1357969013,1787311.5286999473,5,"E15,E29,E34,G12,G25",78.23313678875886,169.66673220321536,18.15842763151775,37.76483176834798,32.115787715176815,34.919907429606994,-750.3031947733834,25.84670389487409,2026-03-22 07:02:27
2026-03-22 07:02:29.431997+00:00,4433237.411275919,3094428.7406384703,3371303.5678631617,1787454.5092037518,5,"E07,E21,E29,E34,G11",51.61532398899917,115.04749193415046,11.52045067995464,29.920044487421933,32.11979371781098,34.91529308399546,-725.4008315578103,311.2447636403421,2026-03-22 07:02:29
2026-03-22 07:02:31.431997+00:00,4433048.0045286305,3094394.6432021875,3371173.489938659,1787277.8867120722,5,"E21,E29,E34,G11,G24",42.49289641290111,94.674988001585,18.14713724395434,39.93732256260237,32.119638467655676,34.91614570196313,-942.6314203571528,116.14411039974873,2026-03-22 07:02:31
2026-03-22 07:02:33.431996+00:00,4433015.273721051,3094437.7295169192,3371151.756349576,1787233.1881256956,5,"E21,E29,E34,G11,G24",45.2790627121713,100.92591378092766,18.141252693290813,39.933476723415815,32.11948288751004,34.91671868705961,-956.0307526979595,29.155139240187555,2026-03-22 07:02:33
2026-03-22 07:02:35.431996+00:00,4433010.824074344,3094486.36567414,3371144.3796272287,1787214.0489515231,5,"E21,E29,E34,G11,G24",35.64857557382686,79.30402782931924,18.13521424111923,39.929581123884134,32.11931053438651,34.91716834067457,-939.4652042072266,24.696615039364808,2026-03-22 07:02:35
2026-03-22 07:02:37.431996+00:00,4432975.858475656,3094527.7344881115,3371119.2947676824,1787166.1808485317,5,"E21,E29,E34,G11,G24",42.94003902623223,95.6776253581047,18.129322016366366,39.92574037705278,32.11914285080568,34.917739955496614,-957.030059828423,29.846365102990987,2026-03-22 07:02:37
2026-03-22 07:02:39.431996+00:00,4432983.9496100815,3094580.0524528315,3371125.085426566,1787158.9646489979,5,"E21,E29,E34,G11,G24",35.52521449347274,79.02612529695034,18.123246694220708,39.92180363276613,32.11901166154708,34.91814552102089,-922.9688027445227,26.627840782939874,2026-03-22 07:02:39
2026-03-22 07:02:41.431996+00:00,4432949.619599297,3094617.307393362,3371099.7424174272,1787113.3624168283,5,"E21,E29,E34,G11,G24",38.42417129234101,85.53921139240265,18.11733246263625,39.917960941809135,32.11885079437289,34.9186775280081,-942.2230616817251,28.322907454106634,2026-03-22 07:02:41
2026-03-22 07:02:43.431996+00:00,4432901.962576468,3094659.883105504,3371071.3493474424,1787057.6376369954,5,"E21,E29,E34,G11,G24",53.09758892110786,118.45500500127673,18.11152315406443,39.9141264766785,32.118704421380244,34.919336622790254,-969.7740657068789,34.96444448474476,2026-03-22 07:02:43
2026-03-22 07:02:45.431996+00:00,4432897.336585413,3094712.346054932,3371071.021345208,1787039.0501570462,5,"E21,E29,E34,G11,G24",41.689794196201234,92.87067031487823,18.105514871695952,39.91020277711711,32.11857609434897,34.91982058603764,-947.726165374741,26.33376369518437,2026-03-22 07:02:45
2026-03-22 07:02:47.431996+00:00,4432907.723669563,3094773.6028602445,3371079.158100655,1787033.4464345917,5,"E21,E29,E34,G11,G24",36.67493095025343,81.60862832143903,18.099441431523555,39.906246888769374,32.11842925860779,34.920289882165,-906.488023750484,31.33087336570678,2026-03-22 07:02:47
2026-03-22 07:02:49.431996+00:00,4433044.633503976,3094896.5265681604,3371178.549259825,1787135.4417172726,5,"E07,E21,E29,E34,G11",48.199976321604744,107.38626290857792,11.418119723391454,29.893788113420886,32.118312759245335,34.92052746949501,-698.9700685953721,104.5623537033953,2026-03-22 07:02:49
2026-03-22 07:02:51.431996+00:00,4433027.8269279,3094951.1769298096,3371172.4742008443,1787107.9309062455,5,"E07,E21,E29,E34,G11",48.317118189788545,107.64933456853032,11.407852041510395,29.891131561580742,32.11818242078576,34.92110430537557,-687.3750868523493,28.74904072055768,2026-03-22 07:02:51
2026-03-22 07:02:53.431996+00:00,4435638.420788092,3098078.493726332,3373218.1755907238,1788879.4499797341,5,"E21,E29,E34,G11,G25",52.82222042058669,105.20829228311777,18.0764934056662,34.04958114312505,32.11496217262765,34.932433166974036,3729.5264508873224,2279.265497108416,2026-03-22 07:02:53
2026-03-22 07:02:55.431996+00:00,4432959.876110072,3095022.1282241684,3371135.6768269627,1787034.5406433803,5,"E07,E21,E29,E34,G11",51.71635802946449,115.2763905748725,11.387397251764531,29.885915177344067,32.11797373711652,34.92213305523105,-719.7270481605083,2283.2418168050435,2026-03-22 07:02:55
2026-03-22 07:02:57.431996+00:00,4432743.649801644,3094988.6878127074,3370995.9686158993,1786841.2141694713,5,"E21,E29,E34,G11,G24",47.699802104017856,106.35220876708627,18.069999568994515,39.88685585327973,32.11784845667565,34.92315430177997,-960.3749638162553,129.79836460248418,2026-03-22 07:02:57
2026-03-22 07:02:59.431996+00:00,4432722.525813478,3095033.1695983508,3370995.862537527,1786818.3687519794,5,"E21,E29,E34,G11,G24",47.36896584500904,105.61000831797719,18.064089693972846,39.88292849677282,32.11780858868018,34.92366898545356,-953.5328700914979,24.621450925269066,2026-03-22 07:02:59
2026-03-22 07:03:01.431996+00:00,4432679.790762976,3095074.7823074115,3370980.9496954,1786776.2540628992,5,"E21,E29,E34,G11,G24",51.97150166454047,115.92887677252293,18.058276771302317,39.87904342781161,32.1177484533523,34.92428985669485,-970.961070115678,30.74205164392489,2026-03-22 07:03:01
2026-03-22 07:03:03.431996+00:00,4432660.219716832,3095122.9884858434,3370982.1790922955,1786757.893028956,5,"E21,E29,E34,G11,G24",46.93763290814474,104.6420961022377,18.052363521082434,39.87510639621192,32.11770245237925,34.924827479066735,-960.5238350490108,26.021015078648695,2026-03-22 07:03:03
2026-03-22 07:03:05.431997+00:00,4432057.0002306495,3095099.954358761,3370680.1789115053,1786203.2202185458,5,"E15,E21,E29,G11,G24",139.62917365031487,229.5424719490111,32.72446124974492,45.368557724905585,32.11783030548586,34.928287584952635,-1551.1358867771924,337.49369368553124,2026-03-22 07:03:05
2026-03-22 07:03:07.431997+00:00,4435734.2660701405,3098488.424330569,3373495.6834607963,1788930.3804424219,5,"E21,E29,G11,G24,G29",62.61553594293802,139.36286191642284,26.398662897974308,41.53140315707985,32.11557932923478,34.93541075609868,4142.427433862351,2869.280339702286,2026-03-22 07:03:07
2026-03-22 07:03:09.431997+00:00,4431442.695886062,3095103.615270644,3370321.217908806,1785653.9614648935,5,"E15,E21,E29,G12,G25",174.53038212597426,388.4285089150071,32.33858917841521,41.24313232022655,32.11749315332436,34.93204760512696,-2166.765668131411,3160.36938338659,2026-03-22 07:03:09
2026-03-22 07:03:11.431997+00:00,4435620.927765281,3098553.3442895827,3373419.468869615,1788816.5193741377,5,"E07,E21,E29,G11,G24",375.10112897664834,838.7146562412381,11.296246321895383,38.5055939858549,32.115264612699654,34.93666161800297,4054.701965307817,3120.793607272743,2026-03-22 07:03:11
2026-03-22 07:03:13.431997+00:00,4432432.637119331,3095867.028675615,3370631.9869670933,1786471.3195581317,5,"E15,E21,E29,G12,G25",149.0065629247293,332.9018066711724,32.3545782192041,41.246833904071686,32.113879251174694,34.93267312778169,-943.915391636081,2507.5657607419785,2026-03-22 07:03:13
2026-03-22 07:03:15.431997+00:00,4431353.854929559,3095240.102062797,3370314.0556151657,1785577.2241399107,5,"E15,E21,E29,G12,G25",176.40377419036557,392.6246578358114,32.36962076902729,41.25364184456906,32.11741291052385,34.93377291845014,-2166.067068796605,643.7950635427047,2026-03-22 07:03:15
2026-03-22 07:03:17.431997+00:00,4432357.948331986,3095946.9907951783,3370616.8122937325,1786406.2970159075,5,"E15,E21,E29,G12,G25",147.30637931754012,329.09685089066625,32.37532519764457,41.25387904853929,32.11383737287512,34.93382107777488,-965.0626716222614,632.3679402019561,2026-03-22 07:03:17
2026-03-22 07:03:19.431997+00:00,4431291.537378375,3095327.028049718,3370308.8234543293,1785524.6012544157,5,"E15,E21,E29,G12,G25",177.82968298116552,395.81925800442696,32.39035082890181,41.260662374027326,32.117379223752856,34.9349065572336,-2169.959492823109,635.6971080898828,2026-03-22 07:03:19
2026-03-22 07:03:21.431997+00:00,4432400.413985938,3096088.8843703186,3370646.5930538396,1786436.3402469268,5,"E15,E29,E34,G12,G25",110.79944714221347,247.40692545101047,17.999256194579168,37.79461777679428,32.11350837232628,34.934796124080414,-850.9228294203058,693.563386863709,2026-03-22 07:03:21
2026-03-22 07:03:23.431997+00:00,4435452.148134862,3098820.0176972686,3373409.961133124,1788669.6755835188,5,"E21,E29,E34,G11,G24",39.225753057157114,87.33277421072125,17.98763694252782,39.8272936548088,32.11512322720753,34.94000010888369,4061.811838645488,2470.241572543782,2026-03-22 07:03:23
2026-03-22 07:03:25.431997+00:00,4428339.284133692,3093637.54012215,3369450.4869660917,1783089.5314286975,5,"E15,E21,E29,G06,G12",336.8644372881087,753.0167776755989,30.605483205680873,40.914420474217394,32.12707415556276,34.93814735488837,-5495.486688409001,4825.151391281419,2026-03-22 07:03:25
2026-03-22 07:03:27.431997+00:00,4435331.96389074,3095225.4937982694,3367058.3838837463,1783517.8058397905,5,"E15,E27,E30,G11,G25",526.0105192610621,1176.112608000636,25.184577452605645,43.09122468560566,32.076940398165526,34.90951419770692,-1139.8525263788179,3779.5940330506533,2026-03-22 07:03:27
2026-03-22 07:03:29.431997+00:00,4428291.794983883,3093727.33432638,3369450.452277746,1783051.6599406477,5,"E15,E21,E29,G06,G12",334.80720525966143,748.4150524958968,30.58971429315262,40.914113363398684,32.12701391481863,34.9392165702505,-5484.923373464495,3792.441536854958,2026-03-22 07:03:29
2026-03-22 07:03:31.431997+00:00,4431265.147387388,3095637.9271538276,3370451.992036445,1785505.948674696,5,"E07,E15,E21,E29,G24",369.5494269727208,826.3040551915765,11.203011032841305,37.176712334007334,32.11772294837181,34.937768322891486,-1961.3723499178886,1836.727480873051,2026-03-22 07:03:31
2026-03-22 07:03:33.431996+00:00,4430243.470842069,3095087.6864645607,3370042.7577537587,1784664.0235549505,5,"E15,E21,E29,E34,G12",109.09462627801905,186.79155077785254,17.974423829742594,38.38939941785927,32.12012491227539,34.93918925721675,-3155.192952837795,615.2361318160022,2026-03-22 07:03:33
2026-03-22 07:03:35.431996+00:00,4428194.083636061,3093837.117219006,3369438.547219336,1782972.4943451036,5,"E15,E21,E29,G06,G12",333.4979797408852,745.4863438457251,30.566121725768756,40.91373049435618,32.1270055918474,34.940764657221955,-5505.841349042021,1237.8390169951663,2026-03-22 07:03:35
2026-03-22 07:03:37.431996+00:00,4421919.34420996,3091375.6314449576,3369518.9922222923,1779817.6741621464,5,"E07,E15,E27,G12,G25",0.3544285781793499,0.6376686580479145,11.145257880227545,42.02774324143765,32.15910320930806,34.957500231367185,-11011.798687035218,3370.37603539344,2026-03-22 07:03:37
2026-03-22 07:03:39.431996+00:00,4435250.317017689,3099153.6502564303,3373396.437447496,1788505.4936153681,5,"E21,E29,E34,G11,G24",46.54949588724737,103.76637318730354,17.940123581535257,39.79565233217168,32.11489715395598,34.94412026421183,4076.338967415504,7956.868009878413,2026-03-22 07:03:39
2026-03-22 07:03:41.431996+00:00,4421859.24003276,3091452.5608189595,3369507.172626661,1779767.7554929503,5,"E07,E15,E27,G12,G25",0.5647751119248133,1.0160730071365833,11.124692113428411,42.03162998737292,32.15903772940197,34.9585354939686,-11022.476034600288,7964.830540990849,2026-03-22 07:03:41
2026-03-22 07:03:43.431996+00:00,4434678.802369832,3099987.320125882,3370748.0910724625,1788301.6333405653,5,"E27,E30,G11,G24,G29",214.21248692008098,478.7754134684801,25.1735655096384,45.0369791193355,32.09463348698025,34.95482300456081,2676.5541587565094,7725.334515901185,2026-03-22 07:03:43
2026-03-22 07:03:45.431996+00:00,4421800.37730149,3091535.921918707,3369518.7185308724,1779736.3618505576,5,"E07,E15,E27,G12,G25",0.46075800504679393,0.828906424343586,11.103932142895285,42.0355491767926,32.15912831932858,34.95961918132068,-11016.733824888244,7726.437095181078,2026-03-22 07:03:45
2026-03-22 07:03:47.431996+00:00,4421722.407007351,3091566.550558115,3369505.375572316,1779688.7284534995,5,"E07,E15,E27,G12,G25",0.029310366278305588,0.05272860452532768,11.093550461420914,42.03763364172267,32.15924914746994,34.96036020028281,-11063.074900561012,42.413190351578976,2026-03-22 07:03:47
2026-03-22 07:03:49.431996+00:00,4435530.621540341,3101106.400412659,3371527.808263901,1789626.6438468078,5,"E07,E27,E30,G11,G24",3.543118152119694,6.613392520695925,11.11958680597486,41.929955984352134,32.09417336982965,34.95936645802179,4225.472628697753,8452.303795834567,2026-03-22 07:03:49
2026-03-22 07:03:51.431996+00:00,4435032.51834607,3095722.307284353,3367010.7353088274,1783261.8718260198,5,"E15,E27,E30,G11,G25",524.6584928201922,1173.0888848118484,25.116568561283287,43.128234943656636,32.07639044916404,34.91564550146973,-1132.291575429961,3522.8012180605897,2026-03-22 07:03:51
2026-03-22 07:03:53.431996+00:00,4434521.713481215,3097007.4787298515,3370246.3750437303,1786395.951647788,5,"E15,E27,E30,G24,G32",423.53265616954627,683.5248966179788,11.56076917152761,40.70858299112406,32.09959443929741,34.92990561100264,855.0392137151212,1759.3998798146827,2026-03-22 07:03:53
2026-03-22 07:03:55.431996+00:00,4435008.841707747,3095812.9029043396,3367004.1602462777,1783237.3285794465,5,"E15,E27,E30,G11,G25",525.9144022897194,1175.8973340950906,25.105080779450844,43.13424831444921,32.076184812825076,34.9165760223104,-1108.295336614363,1744.7250574805955,2026-03-22 07:03:55
2026-03-22 07:03:57.431996+00:00,4430770.470228823,3096116.4550925577,3370267.917356124,1785139.0010419476,5,"E15,E21,E29,G12,G25",168.88019751294698,375.67282469943166,32.471729700217445,41.32724355836253,32.116946910385174,34.9449293712248,-2170.5569602716714,2678.9945500320714,2026-03-22 07:03:57
2026-03-22 07:03:59.431996+00:00,4428142.826556639,3095071.5419153785,3370246.971552527,1783751.6150092678,5,"E15,E27,G06,G12,G29",68.87100953509365,153.30198856443167,26.689869005901254,44.72752127249559,32.12999219737198,34.951807584048694,-4512.6825231602415,1413.9301204886397,2026-03-22 07:03:59
2026-03-22 07:04:01.431996+00:00,4429701.202152118,3097021.006207355,3368357.2703218414,1783213.8908321455,5,"E15,E27,G06,G12,G25",33.221353491305585,72.00183367356658,30.452084194787428,45.89450878950402,32.10406372058904,34.95928176218199,-3489.5694972733036,1565.240897077112,2026-03-22 07:04:01
2026-03-22 07:04:03.431996+00:00,4434258.419867165,3099618.1858817707,3373026.530101111,1787686.615871323,5,"E15,E21,E29,G24,G29",100.64769470448508,224.65845175087452,26.70137894131152,40.22212836131297,32.11469383752666,34.95416964499875,3416.465091874823,3511.2520007059616,2026-03-22 07:04:03
2026-03-22 07:04:05.431997+00:00,4433656.701581605,3099449.197486685,3372370.5665321765,1787189.1480061451,5,"E07,E15,E29,G15,G25",30.236592322347427,66.51054453477263,0.5291968682309469,24.456955424712362,32.11251284955238,34.956353950609845,2568.037958845496,453.0202411900556,2026-03-22 07:04:05
2026-03-22 07:04:07.431997+00:00,4432544.377987629,3097451.814265242,3371177.4883335936,1786642.8867259035,5,"E15,E27,E30,G25,G32",5.15543638673999,11.063564751297235,11.566176213555574,35.05507629371863,32.11325564994626,34.94576136543427,192.4069670876488,1289.4028752636325,2026-03-22 07:04:07
2026-03-22 07:04:09.431997+00:00,4430681.0194411315,3096406.357964326,3370234.7753151315,1785074.93586081,5,"E15,E21,E29,G12,G24",23.092270401301903,47.734532222151756,32.41386307385626,46.977059938812566,32.1162489160287,34.947991305498164,-2109.6308075021952,1167.6677379617338,2026-03-22 07:04:09
2026-03-22 07:04:11.431997+00:00,4430681.667827117,3096456.7568183397,3370234.447020772,1785078.2238031116,5,"E15,E21,E29,G12,G24",21.91765271979489,44.87800209969282,32.40426654376818,46.9751078090036,32.11610539954243,34.94842524450461,-2084.902905599214,25.20204687843047,2026-03-22 07:04:11
2026-03-22 07:04:13.431997+00:00,4431703.43045012,3097169.721254707,3370533.6247856235,1785929.5370214232,5,"E15,E29,E34,G12,G25",114.97470436241115,256.7623960003257,17.844260620008484,37.822296002541236,32.112416682893425,34.94841558862457,-870.5759829944,640.6684946740003,2026-03-22 07:04:13
2026-03-22 07:04:15.431997+00:00,4431723.325598379,3096672.951749767,3370846.0861029676,1786034.7251360377,5,"E21,E29,E34,G11,G24",51.29112739463514,114.39273869991302,17.838192389715847,39.73258169951506,32.11608983003521,34.943979574248544,-931.6695446185768,293.6016999263852,2026-03-22 07:04:15
2026-03-22 07:04:17.431997+00:00,4431698.820907198,3096712.848192063,3370828.3135785502,1786009.7397053677,5,"E21,E29,E34,G11,G24",54.9802576936718,122.66159642115235,17.832102461820963,39.728615222731435,32.11594080413258,34.944474902880174,-938.7760843615979,25.040310610633863,2026-03-22 07:04:17
2026-03-22 07:04:19.431997+00:00,4431657.963249408,3096748.119399639,3370804.3345046397,1785969.7609076186,5,"E21,E29,E34,G11,G24",61.27058480203144,136.75550758838654,17.826103649430333,39.72467069907079,32.11582134109158,34.945029318472564,-962.7790560768917,29.531348892120363,2026-03-22 07:04:19
2026-03-22 07:04:21.431997+00:00,4431867.126244668,3096884.355696105,3370937.1356557724,1786140.5692293474,5,"E07,E21,E29,E34,G11",44.956611795759095,100.11312474682927,10.945413228681938,29.770324977774386,32.115639557014475,34.94494312732076,-680.8690502010286,141.37329380330422,2026-03-22 07:04:21
2026-03-22 07:04:23.431997+00:00,4431856.731861336,3096925.940361447,3370932.4343673214,1786127.848872953,5,"E07,E21,E29,E34,G11",42.54703971388212,94.70180827751756,10.935222183540207,29.767588045475737,32.11553028894145,34.94536744826216,-670.4104147609323,21.56055257624709,2026-03-22 07:04:23
2026-03-22 07:04:25.431997+00:00,4431844.944565653,3096964.862630556,3370920.1150180446,1786112.3862974714,5,"E07,E21,E29,E34,G11",42.330802354602156,94.2161875590682,10.92509436885296,29.76486683938075,32.11537561279386,34.94577709512714,-666.2601778227836,21.24646875777431,2026-03-22 07:04:25
2026-03-22 07:04:27.431997+00:00,4431613.261613186,3096898.5307180625,3370768.280373053,1785913.7321675324,5,"E21,E29,E34,G11,G24",51.77457557210095,115.47455758973956,17.801415035603277,39.708676043063875,32.115308496774965,34.94660727372473,-940.0090775657445,142.4172325407439,2026-03-22 07:04:27
2026-03-22 07:04:29.431997+00:00,4431808.761798956,3097027.103723128,3370895.276378012,1786071.9640173486,5,"E07,E21,E29,E34,G11",41.13243033347798,91.52400072291493,10.90479085917912,29.759440866625255,32.115157135944486,34.946537380146616,-674.3886939706281,133.11585700347572,2026-03-22 07:04:29
2026-03-22 07:04:31.431997+00:00,4431785.185657245,3097063.7095320974,3370877.526331368,1786047.1722133595,5,"E07,E21,E29,E34,G11",45.054458874045956,100.33347504585981,10.894674507298435,29.75673421241014,32.11501366508702,34.946998462508965,-682.4331046277657,23.510018418595365,2026-03-22 07:04:31
2026-03-22 07:04:33.431996+00:00,4431765.668940344,3097096.1167035,3370863.795357819,1786026.618563828,5,"E07,E21,E29,E34,G11",45.5533643555437,101.45371236652136,10.884534673218667,29.754018904121825,32.114896471423194,34.94739843218199,-687.5593592058867,20.122551100584996,2026-03-22 07:04:33
2026-03-22 07:04:35.431996+00:00,4431547.945275892,3097047.126479449,3370723.824562478,1785839.564715424,5,"E21,E29,E34,G11,G24",56.166278240521244,125.31671217083931,17.776806279379084,39.692677023111294,32.11481746031624,34.948294574012166,-936.8941839300096,131.71508993237418,2026-03-22 07:04:35
2026-03-22 07:04:37.431996+00:00,4431512.750383953,3097076.266689375,3370703.6911909743,1785805.5026867054,5,"E21,E29,E34,G11,G24",61.80922248495472,137.95957048237324,17.770740253364394,39.68870514296337,32.11472193921093,34.948761358043605,-957.8928689872846,24.965901251582974,2026-03-22 07:04:37
2026-03-22 07:04:39.431996+00:00,4431511.8434712,3097118.4560013274,3370693.8769900864,1785805.7248572404,5,"E21,E29,E34,G11,G24",55.791281977000736,124.47570260614157,17.76446891674723,39.684684677072525,32.11453464818119,34.949133338038784,-943.2699056714773,21.662635301481888,2026-03-22 07:04:39
2026-03-22 07:04:41.431996+00:00,4431491.731527528,3097155.958553839,3370681.6307323934,1785789.9511603767,5,"E21,E29,E34,G11,G24",56.27558188340919,125.56069687753916,17.758330550616375,39.6806795949523,32.1144171284312,34.94958119467925,-945.5465117814019,22.141039669890368,2026-03-22 07:04:41
2026-03-22 07:04:43.431996+00:00,4431485.291929736,3097199.278250883,3370670.991979018,1785786.6484707163,5,"E21,E29,E34,G11,G24",52.52483471252024,117.15372207760811,17.75209774378776,39.67665896429121,32.11424217589553,34.94999657628228,-934.65387761686,22.534682408895357,2026-03-22 07:04:43
2026-03-22 07:04:45.431996+00:00,4431470.44825698,3097236.9603210185,3370663.9429725036,1785776.028315462,5,"E21,E29,E34,G11,G24",51.7864383175119,115.49804008379579,17.745936206161584,39.6726355474319,32.114143159120665,34.950414006012664,-930.4224612638354,20.554570802092496,2026-03-22 07:04:45
2026-03-22 07:04:47.431996+00:00,4431449.680399618,3097276.956416319,3370647.8193231323,1785759.8194180592,5,"E21,E29,E34,G11,G24",51.006224984874116,113.7484673447907,17.73978149139712,39.66863160341666,32.11399174275202,34.95088749997428,-934.0048618763685,23.93200580676075,2026-03-22 07:04:47
2026-03-22 07:04:49.431996+00:00,4431429.583014125,3097313.6343053724,3370632.3933735867,1785746.7669736862,5,"E21,E29,E34,G11,G24",52.624416798259695,117.37590232864022,17.733614337746605,39.66462526940588,32.113852133967626,34.95132810021317,-938.3606254272163,22.28863145441714,2026-03-22 07:04:49
2026-03-22 07:04:51.431996+00:00,4431403.206948209,3097354.137668091,3370618.774545841,1785725.8818919896,5,"E21,E29,E34,G11,G24",58.568994291799726,130.69815239682794,17.727513649776185,39.66061437307315,32.11374049546778,34.951840046632476,-944.257989901118,25.108224319440374,2026-03-22 07:04:51
2026-03-22 07:04:53.431996+00:00,4431396.651092161,3097398.167177958,3370612.9316608845,1785725.7400405046,5,"E21,E29,E34,G11,G24",59.57066386850238,132.94212533906102,17.721292884160725,39.65657243255208,32.113600681228945,34.952262288149434,-930.5506176585332,22.448364596670295,2026-03-22 07:04:53
2026-03-22 07:04:55.431996+00:00,4431372.441147604,3097433.684165855,3370592.5351403253,1785708.8078111678,5,"E21,E29,E34,G11,G24",59.30757779127657,132.3523652330041,17.71512422146665,39.652573163219586,32.113442445891344,34.95271777003786,-940.9661161797121,23.78863119049485,2026-03-22 07:04:55
2026-03-22 07:04:57.431996+00:00,4430747.445600266,3097390.3229884068,3370257.403517769,1785143.8716210648,5,"E15,E21,E29,G11,G24",137.31984310737127,225.5408409833908,32.18486332328562,45.275015867289724,32.113457439372446,34.95613598751761,-1574.0383515022695,355.25090792973714,2026-03-22 07:04:57
2026-03-22 07:04:59.431996+00:00,4431345.16970221,3097512.8996590124,3370564.1270151283,1785694.9680506948,5,"E21,E29,E34,G11,G24",58.664046189491536,130.90984779968858,17.702683407357917,39.64452639150056,32.113115000044694,34.95357139629948,-936.5606591412798,341.4595312971626,2026-03-22 07:04:59
2026-03-22 07:05:01.431996+00:00,4431348.672535483,3097561.1921243393,3370555.4233261514,1785703.6275328416,5,"E21,E29,E34,G11,G24",49.41459080082881,110.17696119099855,17.69636414510296,39.640474660455176,32.112902089010035,34.953969584505415,-915.3213421246037,24.597694252120473,2026-03-22 07:05:01
2026-03-22 07:05:03.431996+00:00,4431532.1241985,3097694.5611411207,3370663.5167073463,1785860.3935813138,5,"E07,E21,E29,E34,G11",44.20357327828431,98.4248099885881,10.732869017707541,29.71291840686631,32.11264060549893,34.95401417751427,-665.786286983639,125.62442672425578,2026-03-22 07:05:03
2026-03-22 07:05:05.431997+00:00,4431297.347132486,3097638.8746586256,3370497.730162374,1785666.7675344043,5,"E21,E29,E34,G11,G24",59.480595953771505,132.73842445388436,17.683957599024303,39.632491571568245,32.112449648727456,34.95495592625864,-943.9238761244342,146.37823254000023,2026-03-22 07:05:05
2026-03-22 07:05:07.431997+00:00,4431514.469773444,3097779.6841853987,3370619.232588994,1785852.9100747479,5,"E07,E21,E29,E34,G11",42.326634559500285,94.20947489142418,10.712882608049522,29.70742539637056,32.11213787012622,34.95486067492506,-660.27508302778,142.9443980374416,2026-03-22 07:05:07
2026-03-22 07:05:09.431997+00:00,4431496.769775138,3097818.6668091477,3370586.26541861,1785840.3186282583,5,"E07,E21,E29,E34,G11",45.28400013082504,100.85102578252554,10.702955867238625,29.704705393907158,32.11184850057825,34.95530670567739,-671.1696343012154,27.01744444567961,2026-03-22 07:05:09
2026-03-22 07:05:11.431997+00:00,4431497.4956620615,3097871.1662203977,3370567.145474488,1785842.163590841,5,"E07,E21,E29,E34,G11",45.28031398978974,100.8428475484252,10.692979712319385,29.70193346832433,32.11155538112324,34.95575825914055,-655.3519866876304,27.93871577513979,2026-03-22 07:05:11
2026-03-22 07:05:13.431997+00:00,4431489.12868317,3097911.812267046,3370544.836809017,1785840.5789485206,5,"E07,E21,E29,E34,G11",42.01621115358642,93.51243432611227,10.682993927726944,29.69918186729352,32.11130618940082,34.95616206791974,-653.293654486537,23.55729185932566,2026-03-22 07:05:13
2026-03-22 07:05:15.431997+00:00,4431479.140145903,3097957.004393288,3370518.131335143,1785834.3613218344,5,"E07,E21,E29,E34,G11",42.76626014689107,95.19742673262954,10.673046993742446,29.696433847867695,32.11101729238165,34.956615201499254,-652.4916113624349,26.7174170058098,2026-03-22 07:05:15
2026-03-22 07:05:17.431997+00:00,4431472.249923325,3098004.448344259,3370493.6802020445,1785831.5300729016,5,"E07,E21,E29,E34,G11",42.46799437290958,94.52754612639546,10.663093765038166,29.69367565356207,32.11072725616167,34.957069077434014,-647.2471091542393,26.908463170196242,2026-03-22 07:05:17
2026-03-22 07:05:19.431997+00:00,4431460.728098534,3098046.2135819164,3370465.6061470183,1785826.3610213746,5,"E07,E21,E29,E34,G11",43.37021434363455,96.5541350133717,10.653154612436094,29.69093029328142,32.11044333880608,34.957501752585216,-649.8991882316768,25.81298165996528,2026-03-22 07:05:19
2026-03-22 07:05:21.431997+00:00,4431453.4331130935,3098093.289086606,3370443.905712802,1785823.4828118477,5,"E07,E21,E29,E34,G11",46.939158233581104,104.56703955307603,10.643178393488954,29.68816374066992,32.110176915818435,34.95795487968333,-643.65147482045,26.173597381344376,2026-03-22 07:05:21
2026-03-22 07:05:23.431997+00:00,4431440.342044384,3098136.4015652467,3370413.8441165807,1785816.6516770537,5,"E07,E21,E29,E34,G11",44.7578103114353,99.67030271142721,10.633255978119164,29.68541819774337,32.109880276711955,34.95840877764742,-647.7946916036308,27.082104155149583,2026-03-22 07:05:23
2026-03-22 07:05:25.431997+00:00,4431434.717010622,3098182.994115016,3370390.3808178287,1785816.208915544,5,"E07,E21,E29,E34,G11",42.702914213134044,95.05563537031412,10.623304202133964,29.682650321605582,32.10959514942169,34.95884756472084,-641.5582696273923,26.234676895034895,2026-03-22 07:05:25
2026-03-22 07:05:27.431997+00:00,4431418.821060215,3098220.300480112,3370356.5283381217,1785807.7929809587,5,"E07,E21,E29,E34,G11",44.39204665809132,98.84921327978373,10.61340516007958,29.679914818167344,32.10929651555346,34.95926806505026,-652.4806932359934,26.412291164927826,2026-03-22 07:05:27
2026-03-22 07:05:29.431997+00:00,4431889.629409945,3098624.078940175,3371154.8697929936,1786508.1749594775,5,"E19,E27,G11,G24,G29",94.60490443230039,210.31064827367663,24.749033528711294,44.94005730008485,32.11243600180792,34.95991596583893,294.6821510856971,505.48160835804407,2026-03-22 07:05:29
2026-03-22 07:05:31.431997+00:00,4431400.009046714,3098309.8582570427,3370308.163559948,1785803.9831581896,5,"E07,E21,E29,E34,G11",43.03802353983702,95.8086164034903,10.593494216011141,29.674380486151044,32.10875494099243,34.96016003757876,-647.7801670590416,513.6570312174734,2026-03-22 07:05:31
2026-03-22 07:05:33.431996+00:00,4431398.707705565,3098357.868368021,3370290.8684203974,1785810.358110599,5,"E07,E21,E29,E34,G11",40.584320370635666,90.29610249772668,10.583509615953757,29.671589258631275,32.10849604946308,34.960584869732955,-634.574021127075,25.523463238853555,2026-03-22 07:05:33
2026-03-22 07:05:35.431996+00:00,4431387.328077721,3098402.7012303704,3370262.2815441536,1785807.248210434,5,"E07,E21,E29,E34,G11",43.62867174123579,97.13533493876457,10.573591024870387,29.668826800749684,32.10819921680652,34.96104330027031,-635.9076714338735,27.18773146870725,2026-03-22 07:05:35
2026-03-22 07:05:37.431996+00:00,4431371.078972082,3098440.651096496,3370232.3701550057,1785802.790114644,5,"E07,E21,E29,E34,G11",45.417944575233676,101.15302432700992,10.563664211973466,29.66607409295749,32.10793030119215,34.96147152296994,-644.666062451899,25.48978704196831,2026-03-22 07:05:37
2026-03-22 07:05:39.431996+00:00,4431116.321227657,3098383.015934855,3370056.108123925,1785597.603844451,5,"E21,E29,E34,G11,G24",69.78359184539637,155.81091863289475,17.576372251339155,39.56400343560925,32.1077429041783,34.96251793636091,-943.17605046276,157.55286716093136,2026-03-22 07:05:39
2026-03-22 07:05:41.431996+00:00,4431359.849111756,3098536.3289411557,3370187.3509747726,1785809.3539690007,5,"E07,E21,E29,E34,G11",41.93129280143529,93.32301570475101,10.543770260811396,29.6605038785333,32.10736767332803,34.96237057343459,-629.9490931741893,158.14186205233977,2026-03-22 07:05:41
2026-03-22 07:05:43.431996+00:00,4431252.4380123345,3099234.756560222,3370298.2071032957,1786165.3757909571,5,"E13,E30,G12,G24,G29",129.14387381998355,288.00026051700115,24.827671619763745,40.615539030174475,32.10671784657283,34.96908744978236,-306.54678343515843,357.64065924628187,2026-03-22 07:05:43
2026-03-22 07:05:45.431996+00:00,4430568.368273099,3099245.0293388134,3369982.824404328,1785585.961700329,5,"E13,E27,G12,G24,G29",61.027424173098396,132.91723016649485,27.273294328440397,47.69566530756594,32.10696728677959,34.97333122363744,-944.0073183262721,376.67067344229423,2026-03-22 07:05:45
2026-03-22 07:05:47.431996+00:00,4431219.5551885795,3099013.6453673816,3369912.903494674,1785799.505000612,5,"E13,E19,E30,G12,G25",88.02953120256693,196.50408939644694,24.73974932338522,34.741992894779806,32.104510908118336,34.96736725331457,-641.4979473082349,347.3009770845288,2026-03-22 07:05:47
2026-03-22 07:05:49.431996+00:00,4431227.500418488,3099079.7805762417,3369906.50996276,1785817.8214707,5,"E13,E19,E30,G12,G25",91.59479752464947,204.4895137436688,24.738950702900922,34.74627536179913,32.10424917653935,34.96789325912457,-607.2736828979105,33.45844355163913,2026-03-22 07:05:49
2026-03-22 07:05:51.431996+00:00,4431324.157667663,3098761.8693937873,3370066.508020456,1785826.796260716,5,"E07,E21,E29,E34,G11",49.03857565001414,109.2794962413609,10.494102453612907,29.646576889898675,32.10596514451182,34.96454581866907,-609.4732569335029,184.39734421493824,2026-03-22 07:05:51
2026-03-22 07:05:53.431996+00:00,4431302.839472881,3098797.012793273,3370033.5840459606,1785819.8288880708,5,"E07,E21,E29,E34,G11",43.37014344561112,96.55547854676843,10.48419646108193,29.643820325991264,32.10570082164502,34.9649804349657,-624.7107222257182,26.332071950254072,2026-03-22 07:05:53
2026-03-22 07:05:55.431996+00:00,4431291.348086696,3098842.760478002,3370010.2825498795,1785821.6259045398,5,"E07,E21,E29,E34,G11",41.70361021843388,92.81209137290716,10.474247397026984,29.641028215306108,32.105442277474005,34.965447459896524,-622.8643748937175,26.305238708779505,2026-03-22 07:05:55
2026-03-22 07:05:57.431996+00:00,4431052.729336928,3098789.790882265,3369848.3450296973,1785630.8108485534,5,"E21,E29,E34,G11,G24",61.953566867306904,138.2703274190426,17.51897847796241,39.527411287311324,32.10528795566853,34.96643652475852,-900.286453009583,146.60188117514096,2026-03-22 07:05:57
2026-03-22 07:05:59.431996+00:00,4431038.437141991,3098832.3231500797,3369827.129461669,1785631.19085757,5,"E21,E29,E34,G11,G24",63.73951531374776,142.270850174129,17.51265022275287,39.52333599429407,32.105065167167254,34.966892650785304,-900.8355163773522,24.81612866822982,2026-03-22 07:05:59
2026-03-22 07:06:01.431996+00:00,4431021.213870418,3098874.939457594,3369803.5635020277,1785628.7537449764,5,"E21,E29,E34,G11,G24",58.8556483213256,131.32862093299627,17.506331916172954,39.51926513646446,32.10483570272795,34.96736730448316,-904.6271985284984,25.827045919143707,2026-03-22 07:06:01
2026-03-22 07:06:03.431996+00:00,4431005.080995138,3098923.1197591187,3369786.8277649716,1785626.02066542,5,"E21,E29,E34,G11,G24",66.68491721237545,148.86760370060802,17.50004783510449,39.51517437593028,32.10463885101012,34.967883648917734,-901.3303370568901,26.74741115806051,2026-03-22 07:06:03
2026-03-22 07:06:05.431997+00:00,4430402.277365116,3098880.945691641,3369462.101110828,1785094.1023982943,5,"E15,E21,E29,G11,G24",140.7505650671302,244.31265434622765,31.860923897249915,45.2161426332027,32.10464162069888,34.97117853780889,-1512.8201436232775,343.00065511888334,2026-03-22 07:06:05
2026-03-22 07:06:07.431997+00:00,4430988.917092057,3099013.424139863,3369764.6603337224,1785644.4491861397,5,"E21,E29,E34,G11,G24",59.33494668525288,132.40150302276015,17.48738112187609,39.50695628595876,32.104284895298896,34.968765954628545,-880.4906860087067,336.6150590164302,2026-03-22 07:06:07
2026-03-22 07:06:09.431997+00:00,4430774.095694532,3099526.9207212827,3369351.6419066694,1785394.4235621183,5,"E15,E21,E29,G12,G25",149.12464365475523,333.16916139796376,31.841011721618756,41.548957925749406,32.10056231602912,34.97452926433145,-999.7803293047473,346.55850626189334,2026-03-22 07:06:09
2026-03-22 07:06:11.431997+00:00,4430942.104191226,3099101.500961039,3369728.9543683375,1785636.173488518,5,"E21,E29,E34,G11,G24",62.594738563601275,139.70428003370762,17.474883884089834,39.49877671137408,32.103954007231756,34.96981504141251,-889.2012860076502,296.46817750695953,2026-03-22 07:06:11
2026-03-22 07:06:13.431997+00:00,4430939.747540698,3099149.6430663457,3369732.073371217,1785653.2401818524,5,"E21,E29,E34,G11,G24",57.58506273983094,128.47909491881728,17.468570377404973,39.49462547091192,32.10385483240355,34.97024737540573,-865.806280169636,24.15028097152302,2026-03-22 07:06:13
2026-03-22 07:06:15.431997+00:00,4430888.451415863,3099182.511557806,3369704.1262793094,1785627.9762625361,5,"E21,E29,E34,G11,G24",64.60867822033045,144.21506084501743,17.462469884537207,39.4905729268233,32.1037524980064,34.97084430822961,-900.3076613545418,33.513691605450525,2026-03-22 07:06:15
2026-03-22 07:06:17.431997+00:00,4430843.633844067,3099221.6255397443,3369680.678542216,1785608.3684913923,5,"E21,E29,E34,G11,G24",71.89613726103393,160.5358126796782,17.456349274455143,39.48650209929892,32.103641929872566,34.97145612851632,-924.8879998940974,31.96996519992978,2026-03-22 07:06:17
2026-03-22 07:06:19.431997+00:00,4430845.714262122,3099270.954093139,3369692.7605731855,1785634.3485377869,5,"E21,E29,E34,G11,G24",65.22191513345281,145.58799594268203,17.45003783222988,39.482322489182486,32.103590541461415,34.97187180906146,-893.0725601417944,25.414610914132627,2026-03-22 07:06:19
2026-03-22 07:06:21.431997+00:00,4430803.061717183,3099310.283176352,3369668.7525017187,1785615.3081517345,5,"E21,E29,E34,G11,G24",66.43193536003504,148.29794424399734,17.443891580946815,39.47824728992434,32.103466592031324,34.97247234853955,-916.3425298649818,31.394282408080564,2026-03-22 07:06:21
2026-03-22 07:06:23.431997+00:00,4430761.068255799,3099350.3906866885,3369655.7907298943,1785598.4387409335,5,"E21,E29,E34,G11,G24",70.67536065072545,157.80113508179784,17.437793360184134,39.47414595562877,32.103422307740296,34.97307564663144,-932.905979028903,29.749246684918308,2026-03-22 07:06:23
2026-03-22 07:06:25.431997+00:00,4430555.280933175,3099869.2874975186,3369272.798804775,1785363.9570975583,5,"E15,E21,E29,G12,G25",146.9915794060995,328.39559054374695,31.763271548867984,41.57602131974592,32.09987859113872,34.9788308631861,-1027.305694625713,338.48380210467514,2026-03-22 07:06:25
2026-03-22 07:06:27.431997+00:00,4431438.599657033,3099904.1669731922,3370611.0932125766,1786496.8265797459,5,"E19,E27,G11,G24,G29",102.3862530969094,227.69038580730557,24.72914253731243,44.92999540562377,32.10653773570221,34.9737687510769,313.9724203553051,801.9508195166412,2026-03-22 07:06:27
2026-03-22 07:06:29.431997+00:00,4431227.110783397,3100333.123507485,3369978.1147381626,1786129.241104552,5,"E13,E27,E30,G12,G25",111.83478374167687,245.08914620056748,24.693862852654046,41.92416745943898,32.101354556201244,34.97877691734468,39.07177055813372,396.6714638889774,2026-03-22 07:06:29
2026-03-22 07:06:31.431997+00:00,4431286.716891269,3100441.352434581,3370045.9948233296,1786191.1198237962,5,"E13,E27,E30,G25,G32",19.67431570675386,43.77331406250596,11.605944768744886,32.087385090870654,32.10134171456547,34.97935438808781,169.07548597734421,70.48775552951372,2026-03-22 07:06:31
2026-03-22 07:06:33.431996+00:00,4431345.714270247,3100039.3676317804,3370613.10719816,1786486.9786586054,5,"E19,E27,G11,G24,G29",97.32715823639312,216.301473736763,24.726902139658083,44.928740829980185,32.10654646679357,34.97550654351451,316.2186074256897,348.81564069870194,2026-03-22 07:06:33
2026-03-22 07:06:35.431996+00:00,4429706.634578368,3099495.1378206294,3369187.957701688,1784774.6258825143,5,"E15,E21,E29,G11,G24",138.75169286778515,291.92746752500534,31.714308442096172,45.189069655982095,32.1035916264076,34.9807378459254,-1843.1208655387163,1119.5779797507926,2026-03-22 07:06:35
2026-03-22 07:06:37.431996+00:00,4430529.365545351,3099657.8335012295,3369623.9920180994,1785539.873187083,5,"E21,E29,E34,G11,G24",79.60962192671289,177.80292891338468,17.394866105962087,39.44520556956101,32.103244666305606,34.977152402761256,-961.3468694603071,472.62089818572787,2026-03-22 07:06:37
2026-03-22 07:06:39.431996+00:00,4430501.597403248,3099706.6243639616,3369631.058108012,1785536.7048243838,5,"E21,E29,E34,G11,G24",79.38071896945596,177.29017570614815,17.388746804461082,39.44103309931235,32.103273646507034,34.97774469486491,-953.1723765665665,28.29111003770781,2026-03-22 07:06:39
2026-03-22 07:06:41.431996+00:00,4430469.3205741,3099748.909118061,3369635.558917117,1785523.3057135511,5,"E21,E29,E34,G11,G24",78.04082121225713,174.29014225304127,17.38263492933413,39.436869681098656,32.10331861027367,34.97830788614291,-952.6495203394443,26.6929363861835,2026-03-22 07:06:41
2026-03-22 07:06:43.431996+00:00,4430444.239121928,3099800.6666289866,3369633.8381246263,1785513.1338585191,5,"E21,E29,E34,G11,G24",80.29992140147311,179.34738359600306,17.376451115103098,39.432708511601035,32.10326174693459,34.97890961329293,-945.8384171314538,28.77012472636482,2026-03-22 07:06:43
2026-03-22 07:06:45.431996+00:00,4430414.550453159,3099841.0420305426,3369632.409608127,1785501.6875181042,5,"E21,E29,E34,G11,G24",77.82980933745537,173.81710155680776,17.370279002187914,39.42855277063639,32.103256485784726,34.97944050496263,-947.5966279599816,25.068061170868432,2026-03-22 07:06:45
2026-03-22 07:06:47.431996+00:00,4430374.6683037365,3099878.4432157916,3369626.7473718245,1785477.8570517248,5,"E21,E29,E34,G11,G24",81.92578495854106,182.98647543042898,17.364160558927768,39.42441121149456,32.10326708292242,34.98000749716443,-960.1237630899996,27.484065476822565,2026-03-22 07:06:47
2026-03-22 07:06:49.431996+00:00,4430354.514940583,3099922.6109282593,3369628.354925274,1785470.6732423075,5,"E21,E29,E34,G11,G24",76.81482318602276,171.5440355502069,17.357927871050105,39.42023754071012,32.10323714322439,34.980513389981795,-951.807874949649,24.287492146754396,2026-03-22 07:06:49
2026-03-22 07:06:51.431996+00:00,4430335.142374516,3099966.5765462895,3369628.8780247346,1785458.5233944315,5,"E21,E29,E34,G11,G24",74.82142457232257,167.08049105107784,17.351680233130256,39.41606367933501,32.10319640495522,34.981012783338436,-943.6241835411638,24.02366290674851,2026-03-22 07:06:51
2026-03-22 07:06:53.431996+00:00,4429292.518707841,3099897.1165093966,3369138.269570231,1784530.2766586137,5,"E07,E15,E21,E29,G24",376.7938977775665,842.5014049336314,10.182346524290454,36.677246538820654,32.103733631569845,34.98674448687138,-1961.707189463079,577.1883277293402,2026-03-22 07:06:53
2026-03-22 07:06:55.431996+00:00,4431243.162456485,3098666.913749196,3367613.231772321,1783047.261847753,5,"E15,E27,E30,G24,G32",535.0425090132502,1196.2665136903524,11.624992017552165,40.389812455872274,32.087797996164575,34.96421308732493,-2015.356901170686,1382.402813074608,2026-03-22 07:06:55
2026-03-22 07:06:57.431996+00:00,4427003.3513630545,3099945.568010719,3370089.229906279,1784491.5726594534,5,"E07,E15,E27,G06,G12",560.758647193523,1253.771503649652,10.145901384503597,41.431034355878346,32.11986036087272,35.0010807617393,-3021.082674981095,2536.8051554985504,2026-03-22 07:06:57
2026-03-22 07:06:59.431996+00:00,4428939.952564593,3099886.140436351,3368974.5086118653,1784252.2861916327,5,"E15,E21,E29,E34,G24",268.6434685130214,600.6678206026554,17.333690562069933,38.098812152497736,32.10389722943633,34.98879174997175,-2298.7496997090057,1117.6492534128108,2026-03-22 07:06:59
2026-03-22 07:07:01.431996+00:00,4428797.615852021,3099865.5819084854,3368907.9208994987,1784149.8835451074,5,"E07,E15,E21,E29,G12",460.26275105600683,1029.1717897057533,10.142303360894672,36.95991593647996,32.10400398340718,34.989478291219704,-2442.9036005036905,79.24064022365907,2026-03-22 07:07:01
2026-03-22 07:07:03.431996+00:00,4429134.65138539,3100096.081025623,3369130.929273453,1784432.2750170487,5,"E07,E15,E21,E29,G24",382.6521709995002,855.6012782976031,10.13153144584927,36.65200468769998,32.103750645851285,34.989431375533904,-1978.525190657936,232.62390709498885,2026-03-22 07:07:03
2026-03-22 07:07:07.431997+00:00,4428705.611994868,3099984.0005917405,3368907.702592783,1784106.0182890208,5,"E07,E15,E21,E29,G12",463.41381899029506,1036.2178266234696,10.111800716114097,36.957655695638664,32.104038122886166,34.99106570682677,-2449.345997261815,124.11356946569617,2026-03-22 07:07:07
2026-03-22 07:07:09.431997+00:00,4428722.654111054,3100052.6304043564,3368930.8055182127,1784134.3812636414,5,"E07,E15,E21,E29,G12",458.3463255774052,1024.8864853829145,10.101613345902512,36.95679914328933,32.10395904182297,34.99155803448359,-2391.9033371657133,37.196202988971244,2026-03-22 07:07:09
2026-03-22 07:07:11.431997+00:00,4430035.050983146,3100364.127623696,3369642.90192065,1785307.5464816205,5,"E21,E29,E34,G11,G24",81.60750091468556,182.27031298726797,17.289880757163395,39.37427499669728,32.1033895272815,34.986287329992514,-951.3651552535594,762.642995427336,2026-03-22 07:07:11
2026-03-22 07:07:13.431997+00:00,4428793.164208019,3100206.8745136787,3368996.060777878,1784224.7777944552,5,"E15,E21,E29,G12,G25",170.75251406445892,379.6305990740657,31.527688636075414,41.66075953544191,32.1037566825024,34.99246873667679,-2233.3644143445417,704.5237339556955,2026-03-22 07:07:13
2026-03-22 07:07:15.431997+00:00,4430796.3583895285,3100965.2589564435,3368835.9925508113,1785086.586245744,5,"E15,E21,G06,G12,G25",81.18874842839385,160.49061487987638,29.63017309029194,41.27944024596032,32.09258326851352,34.98688042107166,-559.7537190951407,1073.9594649213625,2026-03-22 07:07:15
2026-03-22 07:07:17.431997+00:00,4430275.81793616,3100468.136109222,3369839.49390959,1785587.3144603733,6,"E07,E21,E29,G06,G12,G24",22.656023893005944,52.71062798425555,10.058715365956452,37.90610309624498,32.103660140661155,34.985727471154874,-629.2736685005948,617.4764096492861,2026-03-22 07:07:17
2026-03-22 07:07:19.431997+00:00,4430184.4792948235,3100611.236200272,3369897.731603176,1785512.1487716304,5,"E07,E21,E29,E34,G11",41.048880299837826,91.34380349889398,10.047912363397453,29.521072850570146,32.10407046340129,34.98752463923139,-592.2077857190743,89.7385263053749,2026-03-22 07:07:19
2026-03-22 07:07:21.431997+00:00,4430154.11387102,3100639.918961103,3369935.384789183,1785509.9332012087,5,"E07,E21,E29,E34,G11",35.000498963476545,77.7420200444758,10.037413194916951,29.51811896194091,32.10439853497198,34.98795811822173,-579.3382448768243,28.118153158184917,2026-03-22 07:07:21
2026-03-22 07:07:23.431997+00:00,4430102.511406186,3100661.385114366,3369953.5201267297,1785490.3950005027,5,"E07,E21,E29,E34,G11",37.234565366852074,82.7690824829042,10.027012857797097,29.515220306536083,32.10468072497608,34.988457983546475,-595.084794932045,29.378991562103028,2026-03-22 07:07:23
2026-03-22 07:07:25.431997+00:00,4430077.048835952,3100694.93892918,3369994.173478332,1785493.6710928108,5,"E07,E21,E29,E34,G11",31.933438715399316,70.83351295441389,10.016510627290666,29.512249762763737,32.10499907082711,34.988903962650326,-574.8513173237443,29.26984783009981,2026-03-22 07:07:25
2026-03-22 07:07:27.431997+00:00,4430027.699065505,3100719.203211426,3370012.8060097713,1785475.6376994953,5,"E07,E21,E29,E34,G11",34.38317875942624,76.35240294411778,10.006119051493252,29.50934265293597,32.10526851950172,34.989414438781004,-587.4101842790842,29.031562410301696,2026-03-22 07:07:27
2026-03-22 07:07:29.431997+00:00,4429999.3169777505,3100755.9269171148,3370047.1138263135,1785476.6544391424,5,"E07,E21,E29,E34,G11",32.73981089472057,72.65093274787068,9.995669579592864,29.50637949822098,32.10554113418334,34.98990567642555,-571.0345897134393,28.85827325354179,2026-03-22 07:07:29
2026-03-22 07:07:31.431997+00:00,4429113.340432276,3101367.2876509964,3369857.249531431,1785177.971818494,5,"E13,E27,G12,G24,G29",63.523112935591925,138.98962426930666,27.84510916832587,47.81148226724132,32.105888993377256,35.00059667181189,-989.7399515230209,546.5264944479692,2026-03-22 07:07:31
2026-03-22 07:07:33.431996+00:00,4429074.896364935,3101394.587169048,3369879.8844880494,1785172.0476576318,5,"E13,E27,G12,G24,G29",67.57909653638174,148.24544747918844,27.85576656255236,47.81363024963697,32.10613782312561,35.00106730314918,-991.1209564730525,26.15126190193172,2026-03-22 07:07:33
2026-03-22 07:07:35.431996+00:00,4429029.762585834,3101417.372569753,3369910.9835851714,1785154.851467288,5,"E13,E27,G12,G24,G29",62.29776567623023,136.20209818705916,27.86637211952595,47.815771368137305,32.10648999911709,35.00153941579049,-994.8379062134773,29.679059718222945,2026-03-22 07:07:35
2026-03-22 07:07:37.431996+00:00,4430136.043940263,3101289.162393404,3370007.5155697973,1785671.8704874017,5,"E13,E30,G06,G12,G25",132.52624824025725,296.10608834028244,24.500311468172896,35.95247549865129,32.10323607598818,34.99370348888947,-238.16890643164515,558.9308339438951,2026-03-22 07:07:37
2026-03-22 07:07:39.431996+00:00,4428970.890012441,3101483.793080851,3369954.212474953,1785154.4932102938,5,"E13,E27,G12,G24,G29",66.0155679845506,144.70548053830862,27.887713675401262,47.8200488966897,32.10686880731853,35.00247379892272,-980.4385696277022,591.2499471319752,2026-03-22 07:07:39
2026-03-22 07:07:41.431996+00:00,4430066.25333848,3101324.85721609,3370041.0122193764,1785644.6631275474,5,"E13,E19,G06,G12,G25",83.07869196743461,185.42140271887183,24.699692653892452,36.000503199357006,32.103667879419994,34.994437368242984,-251.457504324615,555.1161186569195,2026-03-22 07:07:41
2026-03-22 07:07:43.431996+00:00,4430153.757565741,3101134.4074455136,3370435.0490429825,1785764.441434639,5,"E07,E21,E29,G11,G19",52.93825981154448,117.84721243008971,9.9225374812237,28.395407348255866,32.106857886936695,34.9922526223999,-73.83051817677915,223.15528408415943,2026-03-22 07:07:43
2026-03-22 07:07:45.431996+00:00,4429671.010531418,3100985.906509289,3370215.7558268453,1785396.6097479516,5,"E07,E21,E29,E34,G11",39.74043057909244,88.4039206020534,9.912689811577026,29.482929262958965,32.10748655184775,34.99389695921232,-597.5134100858122,275.31197842239953,2026-03-22 07:07:45
2026-03-22 07:07:47.431996+00:00,4429352.870910798,3100905.5672588223,3370064.7671083426,1785157.4095896622,5,"E21,E29,E34,G11,G24",87.25668137572403,194.9103129170835,17.18072270945345,39.2978843800651,32.107803282898416,34.99513290758561,-937.5533217303455,180.59956152270703,2026-03-22 07:07:47
2026-03-22 07:07:49.431996+00:00,4430544.316572727,3100656.509339819,3372953.5886745714,1786066.655525535,5,"E15,E21,E29,G11,G24",249.10415875876643,555.6291482374072,31.34422716785956,45.103811549576925,32.125872450859575,34.98573153468311,1304.032249896787,1567.3913561914546,2026-03-22 07:07:49
2026-03-22 07:07:51.431996+00:00,4429305.133727214,3100990.23783067,3370105.4177415282,1785164.0387002975,5,"E21,E29,E34,G11,G24",76.73882713237019,171.36330967396498,17.168332312242093,39.28934001791713,32.108068526697096,34.99615803328807,-907.9391389731318,1561.9720303233298,2026-03-22 07:07:51
2026-03-22 07:07:53.431996+00:00,4429547.842483236,3101155.796145256,3370266.016283438,1785388.780764383,5,"E07,E21,E29,E34,G11",37.05609102221336,82.36833171546459,9.871726872895506,29.471144781567563,32.10788713342686,34.99612015317055,-573.7360405987129,167.4134010779613,2026-03-22 07:07:53
2026-03-22 07:07:55.431996+00:00,4429508.684072134,3101191.954733423,3370272.310107233,1785379.4870110396,5,"E07,E21,E29,E34,G11",38.40922188693102,85.41146579384804,9.861513299020535,29.468216927156824,32.10798957605602,34.99667199106756,-579.9965157872066,26.834850829849266,2026-03-22 07:07:55
2026-03-22 07:07:57.431996+00:00,4426653.274168947,3100068.5067221946,3368676.177657559,1783033.0934445988,5,"E15,E21,E29,E34,G11",89.67409569924213,198.7844254821539,17.161276250078135,36.76175746160947,32.11009860836762,35.00427733257351,-3955.4391289157793,1729.3886163941902,2026-03-22 07:07:57
2026-03-22 07:07:59.431996+00:00,4426619.678274932,3100110.4124843506,3368679.3096340853,1783030.9284804454,5,"E15,E21,E29,E34,G11",89.71962180803817,198.87480071559548,17.155062234489122,36.761847106104746,32.110139237528855,35.00484557262475,-3956.7217534324154,26.900679700834786,2026-03-22 07:07:59
2026-03-22 07:08:01.431996+00:00,4429401.814702587,3101313.525440644,3370287.0796850994,1785364.136602581,5,"E07,E21,E29,E34,G11",41.555311603845354,92.48248625174165,9.830965690209654,29.459410701168395,32.10818782646728,34.998376726913406,-587.2398478724062,1715.5675755142477,2026-03-22 07:08:01
2026-03-22 07:08:03.431996+00:00,4428543.307536651,3101946.3370270403,3370076.3837212394,1785086.4839186808,5,"E13,E27,G12,G24,G29",65.8794114236382,144.45617231726646,28.015531157013008,47.8458711633582,32.10820913442201,35.009087827981254,-987.4076871722937,543.5710273339324,2026-03-22 07:08:03
2026-03-22 07:08:05.431997+00:00,4428511.520662602,3101986.684148356,3370081.1058997368,1785084.3710328732,5,"E13,E27,G12,G24,G29",65.56758375263772,143.74856580421329,28.026214066013416,47.84802497477671,32.10825905525915,35.00963126899365,-987.3438070099801,25.790462720976116,2026-03-22 07:08:05
2026-03-22 07:08:07.431997+00:00,4428479.537358588,3102026.479527152,3370088.4220388224,1785082.658563028,5,"E13,E27,G12,G24,G29",65.67452127578635,143.9978253543377,28.036885230057123,47.85017469625426,32.108331080137106,35.01017111602915,-986.3051708675921,25.78822308894482,2026-03-22 07:08:07
2026-03-22 07:08:09.431997+00:00,4425970.021123599,3101083.0075118346,3369435.104422816,1783250.819774665,5,"E13,E19,E27,G06,G12",12.710363273786456,21.82990050688386,24.68567795724844,41.311700893369654,32.11579132104523,35.01724278056621,-3532.9985555186868,1379.7314126979243,2026-03-22 07:08:09
2026-03-22 07:08:11.431997+00:00,4427915.059041028,3101261.0706144455,3369631.196094551,1784188.64355793,5,"E15,E21,E29,G11,G24",162.12584166815898,362.19862884283066,31.24032002809642,45.0938761799964,32.109159688467386,35.00695914156436,-1992.9063992435113,981.4951493092614,2026-03-22 07:08:11
2026-03-22 07:08:13.431997+00:00,4426036.932711292,3101466.589945002,3369557.555672447,1783492.648150011,5,"E13,E27,G06,G12,G25",4.53958782053864,6.529282011091709,29.422339010082457,43.16353120624334,32.115408398351676,35.02016613638221,-3235.0534600280225,945.3861139036134,2026-03-22 07:08:13
2026-03-22 07:08:15.431997+00:00,4425995.51674304,3101494.1826271783,3369564.975072185,1783486.0910695617,5,"E13,E27,G06,G12,G25",2.6540187263311323,3.8175999894738197,29.413986037842264,43.16739264540789,32.11555183546622,35.02065766544881,-3246.424967098981,25.157931296262724,2026-03-22 07:08:15
2026-03-22 07:08:17.431997+00:00,4428901.1516234595,3101529.424095162,3370197.7925088718,1785154.3512328935,5,"E21,E29,E34,G11,G24",84.03915332337579,187.70308838784695,17.087426353306363,39.234017914573506,32.10887809171215,35.00329378125128,-877.1879346547648,1486.9779695369325,2026-03-22 07:08:17
2026-03-22 07:08:19.431997+00:00,4428863.5491332635,3101565.8292480567,3370201.7020642906,1785147.059657727,5,"E21,E29,E34,G11,G24",79.26535859007595,177.01528999209404,17.081211051733582,39.22976099506168,32.10895550589405,35.00383834865525,-883.5106698218733,26.241984727674307,2026-03-22 07:08:19
2026-03-22 07:08:21.431997+00:00,4425912.08299942,3101622.1430361546,3369577.461151575,1783480.5154518872,5,"E13,E27,G06,G12,G25",0.4737439527616836,0.681617047637701,29.388655583767903,43.17871450584856,32.115622755313,35.022276221870605,-3235.4611904071644,1508.6417980306753,2026-03-22 07:08:21
2026-03-22 07:08:23.431997+00:00,4425882.765644475,3101665.0969625376,3369581.586080295,1783482.8573603265,5,"E13,E27,G06,G12,G25",2.0452318703236627,2.9429027661681175,29.380218485215607,43.18249237095476,32.11565119618723,35.022827511973105,-3232.7241095528007,26.084296663235737,2026-03-22 07:08:23
2026-03-22 07:08:25.431997+00:00,4429567.068381259,3102156.868979856,3371184.929745341,1786084.9175925355,5,"E19,E27,G11,G24,G29",106.15164932835353,235.86912374198437,24.683622494191912,44.900485248951995,32.112078440066085,35.00469196687685,414.4108370374888,2024.0205829942443,2026-03-22 07:08:25
2026-03-22 07:08:27.431997+00:00,4429542.9901743615,3102194.873261544,3371196.9585451637,1786087.760206609,5,"E19,E27,G11,G24,G29",106.84558709921603,237.42495983093977,24.682758714489335,44.899899015497,32.11216035112677,35.005168125144806,422.5656014624983,23.285067635730748,2026-03-22 07:08:27
2026-03-22 07:08:29.431997+00:00,4429171.475305906,3102326.243498352,3370467.9099615314,1785441.680885827,5,"E13,E19,E27,E30,G12",138.57318041644206,308.716351326555,24.35549059288645,40.31999933701706,32.10768897907514,35.00856634937584,-158.87394998874515,414.3649580681049,2026-03-22 07:08:29
2026-03-22 07:08:31.431997+00:00,4425046.248020913,3100089.785653354,3368881.786880546,1782095.0488775761,5,"E15,E21,E29,G06,G12",260.7137848275264,582.6459034495056,29.3436982160427,40.86271071694047,32.117926214245166,35.01423801281663,-4950.649060419761,2476.642398153735,2026-03-22 07:08:31
2026-03-22 07:08:33.431996+00:00,4425020.569399917,3100132.6813499224,3368886.7316460432,1782095.3042242518,5,"E15,E21,E29,G06,G12",261.8317405660028,585.1469201296568,29.335215077961347,40.86222061501945,32.117946824214876,35.014766819315184,-4944.986408216879,25.11914404439095,2026-03-22 07:08:33
2026-03-22 07:08:35.431996+00:00,4425579.139114093,3101569.8301729313,3369501.5722486624,1783220.7514029096,5,"E13,E19,E27,G06,G12",14.821245098579265,27.73933184891939,24.674220993712066,41.33099300168557,32.11649470843438,35.02384781104969,-3532.166072438471,829.9737694198529,2026-03-22 07:08:35
2026-03-22 07:08:37.431996+00:00,4429292.741081932,3102322.8556073937,3371148.8535929974,1785958.8529393154,5,"E19,E27,E30,G11,G24",221.58913786580868,495.243307646364,24.330349956040962,44.12302278399521,32.11242355027442,35.00779983627241,285.5647402331233,2065.8789114972474,2026-03-22 07:08:37
2026-03-22 07:08:39.431996+00:00,4427960.219828932,3101855.588967663,3369944.2581420676,1784586.0754646098,5,"E15,E21,E29,G11,G24",141.35436962522004,254.40891186520457,31.103566152414977,45.06424987170187,32.10973894300619,35.011845331268326,-1506.2629008973017,928.0357216593243,2026-03-22 07:08:39
2026-03-22 07:08:41.431996+00:00,4428694.708950181,3101594.903161093,3372600.984720544,1785072.7915633956,5,"E15,E21,E29,E34,G24",70.14403863633282,156.69842318817973,17.021611908202054,37.872806659890124,32.12786484201684,35.005117059170125,289.11135071422905,1384.343479032813,2026-03-22 07:08:41
2026-03-22 07:08:43.431996+00:00,4427425.033130155,3101886.9738778323,3369730.4704040424,1784158.3034738826,5,"E15,E21,E29,G11,G24",163.92773869868222,366.22779900580645,31.08259044147995,45.06100342106424,32.110120816162606,35.015372236508604,-1975.923175160773,1576.1689656231877,2026-03-22 07:08:43
2026-03-22 07:08:45.431996+00:00,4427377.135801733,3101917.965714017,3369728.8073162823,1784141.0977372006,5,"E15,E21,E29,G11,G24",161.4745842638782,360.73719235137105,31.072717993703638,45.058953995813454,32.11021093601346,35.01593254717153,-1994.9713275162503,28.5368789507402,2026-03-22 07:08:45
2026-03-22 07:08:47.431996+00:00,4427349.547968148,3101966.2316104397,3369726.7147233966,1784142.2440385125,5,"E15,E21,E29,G11,G24",163.25364353047223,364.71866822615266,31.06286123436889,45.056908027399395,32.110170486055665,35.01651928918909,-1991.7627635402605,27.816650878363205,2026-03-22 07:08:47
2026-03-22 07:08:49.431996+00:00,4427320.536637053,3102002.283729811,3369749.6446490944,1784140.014844045,5,"E15,E21,E29,G11,G24",162.5678708591092,363.18361800163984,31.05292853204268,45.05476855655716,32.110360424667235,35.01700866953807,-1982.1768731670454,25.822442446490847,2026-03-22 07:08:49
2026-03-22 07:08:51.431996+00:00,4427303.651414813,3102069.388172791,3369790.535430945,1784156.8644395038,5,"E15,E21,E29,G24,G29",298.4289005312645,667.1662339307368,28.276905900066048,40.11481592353506,32.11055453569922,35.01769383922799,-1939.538755419664,40.18760081812571,2026-03-22 07:08:51
2026-03-22 07:08:53.431996+00:00,4433939.1697192015,3106398.196479709,3372026.7455601557,1789748.8188829047,5,"E07,E15,E27,G24,G29",497.6217300214871,1112.7052669376135,9.574030705400984,40.563433928820395,32.089698181559356,35.014916057984045,5956.563127890229,4116.106177806524,2026-03-22 07:08:53
2026-03-22 07:08:55.431996+00:00,4428312.858429745,3102901.928375784,3371200.6231585997,1785475.3873294245,5,"E07,E15,E21,G24,G29",287.30009650548936,642.1372455954552,9.549729285013655,35.814560595993626,32.115073510415904,35.0187822452702,-85.24741811584681,3337.7293030870514,2026-03-22 07:08:55
2026-03-22 07:08:57.431996+00:00,4428607.232915335,3102779.237466105,3370414.8381815087,1785304.3245462673,5,"E13,E19,E27,E30,G12",110.85871291600446,215.96317824721336,24.27703186359904,40.34871196240615,32.108252915583535,35.01592767550053,-358.37687334418297,424.0186986756778,2026-03-22 07:08:57
2026-03-22 07:08:59.431996+00:00,4427534.309921778,3102959.588116608,3370291.8721182942,1784845.6389659317,5,"E13,E19,E27,G24,G29",157.3334062955375,348.75830367580056,24.660909070920763,40.602571056865756,32.11102972251106,35.02401720725444,-1080.3377483012155,547.451084560044,2026-03-22 07:08:59
2026-03-22 07:09:01.431996+00:00,4428997.780015783,3102853.3929939903,3371219.366649693,1785981.5959029326,5,"E19,E27,E30,G11,G24",240.27816096694653,537.0429222024977,24.26260126125383,44.07651708856057,32.11266107846424,35.01419680500242,376.2417270420119,867.9383943994637,2026-03-22 07:09:01
2026-03-22 07:09:03.431996+00:00,4429042.554450159,3102941.404768391,3371281.531004184,1786073.4841019693,5,"E19,E27,G11,G24,G29",107.50057800500593,238.7281347103417,24.665529306511182,44.889085303325935,32.112718023309085,35.0146883249729,483.12100426945835,58.34215751946392,2026-03-22 07:09:03
2026-03-22 07:09:05.431997+00:00,4425275.693795679,3102504.4693933344,3369637.193811212,1783425.4709903602,5,"E13,E27,G06,G12,G25",0.1963266386987916,0.2829851135611534,29.201712244444824,43.26154534130747,32.116149670558194,35.033808353473674,-3216.1435701269656,2066.638540749841,2026-03-22 07:09:05
2026-03-22 07:09:07.431997+00:00,4425254.117712483,3102555.888096984,3369632.4948958424,1783428.7361740205,5,"E13,E27,G06,G12,G25",2.1766425013235686,3.137660089880228,29.19311134582728,43.26523108158185,32.116056916217985,35.0343860097065,-3208.604305163957,27.979859974448043,2026-03-22 07:09:07
2026-03-22 07:09:09.431997+00:00,4425221.646133446,3102588.766357972,3369618.322102425,1783419.2129822508,5,"E13,E27,G06,G12,G25",1.2042823761611936,1.7361287735402584,29.18449885656137,43.26895247949394,32.115985608349966,35.03486903339308,-3222.6721335863695,24.16739313602811,2026-03-22 07:09:09
2026-03-22 07:09:11.431997+00:00,4425202.190657496,3102637.4121544953,3369611.511927994,1783422.4119504394,5,"E13,E27,G06,G12,G25",0.7114626371000696,1.025746464729309,29.175852717993923,43.27262374413643,32.11587602222208,35.03540971049931,-3216.1320391939953,26.41641317254648,2026-03-22 07:09:11
2026-03-22 07:09:13.431997+00:00,4425175.865964571,3102684.793358987,3369605.0965565178,1783426.1857167918,5,"E13,E27,G06,G12,G25",0.07508653414783195,0.10826405137777328,29.167261018716886,43.27632571740207,32.115799912282114,35.03598121543777,-3214.7602989245206,27.290680588362186,2026-03-22 07:09:13
2026-03-22 07:09:15.431997+00:00,4425144.968606601,3102728.019645783,3369595.771756215,1783425.1998313863,5,"E13,E27,G06,G12,G25",1.7463937658152853,2.5182490907609463,29.158679192588863,43.28004134200317,32.115730966867,35.03654448369203,-3220.1262622196227,26.972720016736343,2026-03-22 07:09:15
2026-03-22 07:09:17.431997+00:00,4425128.312374569,3102775.3996712025,3369587.9397352985,1783427.1309206716,5,"E13,E27,G06,G12,G25",0.9001962225546019,1.2981587573885918,29.149987770644398,43.28369609447514,32.11560605685061,35.03705713097879,-3212.8023381782696,25.414746830747102,2026-03-22 07:09:17
2026-03-22 07:09:19.431997+00:00,4425098.436745232,3102822.1940174433,3369581.4329862287,1783432.7273833575,5,"E13,E27,G06,G12,G25",1.9037691352012014,2.7456106692552567,29.141413479771238,43.28741055346516,32.11554480330973,35.037645150703504,-3214.225709909573,27.949069089232207,2026-03-22 07:09:19
2026-03-22 07:09:21.431997+00:00,4425086.985996622,3102876.5406478303,3369581.409650108,1783444.7413384456,5,"E13,E27,G06,G12,G25",0.7502034815182119,1.0820256471633911,29.132725733847252,43.2910588431919,32.115439933841955,35.0381865813924,-3195.7521017109975,27.769931683086394,2026-03-22 07:09:21
2026-03-22 07:09:23.431997+00:00,4425219.36355489,3102948.7289402774,3368810.8987402692,1782864.0279302034,5,"E19,E27,G06,G12,G24",3.5033674617851407,5.067052289843559,24.645965653663257,46.659269487392656,32.108832754884396,35.038007472552785,-3478.4299463918433,392.5627432907649,2026-03-22 07:09:23
2026-03-22 07:09:25.431997+00:00,4425038.345141708,3102962.3187539256,3369559.969646276,1783447.486960182,5,"E13,E27,G06,G12,G25",1.9239603904610094,2.7753799818456173,29.115395980904022,43.298417759337156,32.115230894958756,35.03922719332142,-3199.1696037957445,385.3763002481453,2026-03-22 07:09:25
2026-03-22 07:09:27.431997+00:00,4428092.371543104,3103475.6291967263,3370117.7663771724,1785317.8668452841,5,"E13,E19,E30,G12,G25",81.64215064588008,182.21305956691504,24.193548595049005,35.224692312111685,32.1060889714473,35.02510126584486,-534.9120986964554,1573.3485043141432,2026-03-22 07:09:27
2026-03-22 07:09:29.431997+00:00,4428055.004851092,3103518.6763889794,3370097.3052611724,1785312.4955440862,5,"E13,E19,E30,G12,G25",81.24981750401365,181.33427008986473,24.187985039495107,35.229018661622575,32.10596090545522,35.02570202596137,-550.7786989286542,30.28195708992019,2026-03-22 07:09:29
2026-03-22 07:09:31.431997+00:00,4428479.037996802,3103633.80963544,3370159.934170824,1785586.3492016753,5,"E13,E19,G06,G12,G25",76.80091387735645,171.3646333962679,24.647410454370192,36.209072524213546,32.10445824573907,35.02412241301298,-167.38003240618855,221.9133577690344,2026-03-22 07:09:31
2026-03-22 07:09:33.431996+00:00,4428475.521515072,3103684.9818332396,3370135.015072862,1785597.706297631,5,"E13,E19,G06,G12,G25",76.42283061841536,170.51755725964904,24.646269806658935,36.21268022324856,32.104140922999385,35.02458778538774,-158.18497353699058,28.5128224074535,2026-03-22 07:09:33
2026-03-22 07:09:35.431996+00:00,4428470.28832881,3103733.4066316723,3370114.1048713564,1785608.5652554273,5,"E13,E19,G06,G12,G25",74.83551714786104,166.9605392217636,24.645155867473623,36.216307116881104,32.103868519636244,35.025039755073585,-149.38541993685067,26.50275395464759,2026-03-22 07:09:35
2026-03-22 07:09:37.431996+00:00,4428428.90542219,3103779.863045588,3370086.2097216295,1785599.871661646,5,"E13,E19,G06,G12,G25",76.17731091306194,169.96770150586963,24.64395823351103,36.22000189993132,32.10369005018707,35.02569446569281,-170.33081910107285,34.09135789492976,2026-03-22 07:09:37
2026-03-22 07:09:39.431996+00:00,4428424.539208608,3103823.1988675594,3370059.7770446185,1785612.9432678106,5,"E13,E19,G06,G12,G25",77.66564965433871,173.30299343541265,24.642876776248524,36.22362812249909,32.103386051202534,35.02609700464896,-166.33804276119918,25.474220797424493,2026-03-22 07:09:39
2026-03-22 07:09:41.431996+00:00,4428119.733086401,3103483.639316928,3370209.81745379,1785424.5821706322,5,"E07,E21,E29,E34,G11",32.6104708595334,72.35960564389825,9.328792416234473,29.310249025708792,32.106662752084425,35.025004374796694,-463.1137940445915,240.166392811429,2026-03-22 07:09:41
2026-03-22 07:09:43.431996+00:00,4427214.274900481,3104087.5419397177,3369920.1335817953,1785094.3859157637,5,"E13,E27,G12,G24,G29",65.87150811533813,144.71060966700315,28.551075100816792,47.953306534291826,32.106342093404336,35.03575155701884,-951.487235378474,563.1317896271637,2026-03-22 07:09:43
2026-03-22 07:09:45.431996+00:00,4427201.833271024,3104135.1902595856,3369895.543226786,1785103.7221101588,5,"E13,E27,G12,G24,G29",65.09133557503131,142.94174963608384,28.561916027683605,47.95546416102241,32.10607192705719,35.036240660204825,-950.014905769378,27.522000696126582,2026-03-22 07:09:45
2026-03-22 07:09:47.431996+00:00,4427194.496521569,3104187.557362,3369875.1637456864,1785119.2986319566,5,"E13,E27,G12,G24,G29",65.76601640718987,144.47919683903456,28.572730155214057,47.9576080125894,32.10580090730947,35.036739646264714,-940.4687582422048,28.33489261373988,2026-03-22 07:09:47
2026-03-22 07:09:49.431996+00:00,4427177.424385041,3104234.380921722,3369847.5630826815,1785123.951015266,5,"E13,E27,G12,G24,G29",66.11583147683913,145.28941006213427,28.58356360542251,47.959772558023694,32.10552818295677,35.03724975668476,-944.2080322382972,28.485523467937615,2026-03-22 07:09:49
2026-03-22 07:09:51.431996+00:00,4428337.23561068,3104136.0487227347,3369923.1537744575,1785672.2839557312,5,"E13,E30,G06,G12,G25",129.12121115692185,288.39806167408824,24.122412847434642,36.14270602673472,32.10182436284091,35.02934215165262,-147.39328677672893,583.212065452706,2026-03-22 07:09:51
2026-03-22 07:09:53.431996+00:00,4428343.633902898,3104174.3866967536,3369898.189465555,1785684.9385607264,5,"E13,E19,G06,G12,G25",76.82423337092246,171.4187040105462,24.634673141200945,36.24897480193153,32.10150307676699,35.029635844767746,-137.58031035866588,23.097376009891505,2026-03-22 07:09:53
2026-03-22 07:09:55.431996+00:00,4427134.688146444,3104385.4268087437,3369771.626644637,1785148.8226269465,5,"E13,E27,G12,G24,G29",65.65288754745166,144.25086238235235,28.61599584716803,47.96623904340998,32.104700062533176,35.03882023229195,-940.7494288207963,616.8682838653069,2026-03-22 07:09:55
2026-03-22 07:09:57.431996+00:00,4428011.365127832,3103883.311533837,3370014.976804246,1785494.621537902,5,"E07,E21,E29,E34,G11",34.25441698046807,76.06220810860395,9.250837822417122,29.28613921830854,32.104500066645876,35.029131219465235,-447.5217841556296,519.5915653596028,2026-03-22 07:09:57
2026-03-22 07:09:59.431996+00:00,4427994.802926577,3103927.779494811,3369989.319983307,1785502.9363256346,5,"E07,E21,E29,E34,G11",29.411568080343294,65.14457627385855,9.241098215688908,29.28312600321724,32.10424672279573,35.02961776241061,-451.02435148414224,26.97210839130251,2026-03-22 07:09:59
2026-03-22 07:10:01.431996+00:00,4427983.886881701,3103981.387195704,3369967.4609370274,1785514.8967108387,5,"E07,E21,E29,E34,G11",29.956901247211164,66.37532587349415,9.231352775051256,29.280092190527068,32.103975084599135,35.030149261445715,-444.1476912414655,29.456593213724457,2026-03-22 07:10:01
2026-03-22 07:10:03.431996+00:00,4427963.7279707715,3104019.795683912,3369937.2394086085,1785520.8643881606,5,"E07,E21,E29,E34,G11",31.912435686386043,70.78568429499865,9.221640334302855,29.277090829985134,32.103717651352575,35.03060510179941,-455.51639788690954,26.433569737379603,2026-03-22 07:10:03
2026-03-22 07:10:05.431997+00:00,4427953.487538931,3104072.3044137717,3369917.931259263,1785534.8378940045,5,"E07,E21,E29,E34,G11",29.679552166601344,65.74923944100738,9.21187688526017,29.274049149835623,32.103465869316636,35.031122950435375,-447.3487997427583,28.437802974569017,2026-03-22 07:10:05
2026-03-22 07:10:07.431997+00:00,4427950.967503257,3104127.771854399,3369901.4852646654,1785554.3016201109,5,"E07,E21,E29,E34,G11",29.49025312597036,65.32187426835299,9.2021178136587,29.270991842991503,32.103197511728716,35.0316195084454,-430.8658454660326,28.954525932098854,2026-03-22 07:10:07
2026-03-22 07:10:09.431997+00:00,4427930.73668816,3104165.8115352136,3369874.9259036295,1785560.510691531,5,"E07,E21,E29,E34,G11",30.616351684439707,67.86285645142198,9.192377255382139,29.267978811844312,32.1029693469809,35.03207258010693,-440.516210667789,25.306633787462786,2026-03-22 07:10:09
2026-03-22 07:10:11.431997+00:00,4427603.265114277,3104076.2352978475,3369679.203992076,1785318.3068231326,5,"E21,E29,E34,G11,G24",92.92016907881072,207.56463043391705,16.719271363206037,38.988751729495256,32.10300573188447,35.03328722340664,-815.2307415502146,195.9391491411198,2026-03-22 07:10:11
2026-03-22 07:10:13.431997+00:00,4427007.427560169,3104811.784988554,3369566.631729498,1785244.6870818313,5,"E13,E27,G12,G24,G29",63.306763733133835,138.95444283634424,28.713309170370138,47.98559168653406,32.10245988131292,35.04329339238248,-930.5887231687084,476.6361958258467,2026-03-22 07:10:13
2026-03-22 07:10:15.431997+00:00,4427746.865140582,3104617.569354215,3369558.265046778,1785531.7204854218,5,"E13,E19,E30,G12,G25",78.5976197262057,175.39581273123622,24.056491715359734,35.32688413375331,32.10002872311157,35.03711017232622,-516.6429035952315,382.28184933656945,2026-03-22 07:10:15
2026-03-22 07:10:17.431997+00:00,4424661.800028771,3104197.492090317,3368959.950224112,1783673.5165676973,5,"E13,E27,G06,G12,G25",1.2324250863140882,1.7812775745987892,28.885429949397636,43.39146120415489,32.10872215451528,35.05223938171813,-3178.4752429183573,1585.2501599733066,2026-03-22 07:10:17
2026-03-22 07:10:19.431997+00:00,4424634.1416148115,3104235.5412062667,3368942.541086133,1783680.0722263185,5,"E13,E27,G06,G12,G25",1.9482773299951357,2.816135495901108,28.876642916698117,43.3951115619947,32.10859289049014,35.05273795840066,-3188.3972183261067,25.078881416864817,2026-03-22 07:10:19
2026-03-22 07:10:21.431997+00:00,4427931.152812542,3104997.782876089,3369757.859530732,1785790.7063275427,5,"E13,E27,E30,G12,G25",95.93942704453184,154.3869906105101,24.03925487731246,42.42551140885523,32.09978432863163,35.03928743958066,-97.83966224547476,1740.4050798075666,2026-03-22 07:10:21
2026-03-22 07:10:23.431997+00:00,4424600.211881622,3104325.3171988428,3368927.280419806,1783709.4581744145,5,"E13,E27,G06,G12,G25",0.25452633403343294,0.3679581470787525,28.858999371955974,43.402367219431184,32.108362189090535,35.053723592012666,-3176.3607062567025,1749.088279065963,2026-03-22 07:10:23
2026-03-22 07:10:25.431997+00:00,4424564.261988803,3104364.934844298,3368917.901845265,1783712.5757177726,5,"E13,E27,G06,G12,G25",3.0600300929560516,4.42407913133502,28.85031491581154,43.406074414731236,32.10832252275336,35.054286260177356,-3186.9993523256853,27.156538280463835,2026-03-22 07:10:25
2026-03-22 07:10:27.431997+00:00,4427436.908579455,3104424.8418650343,3369593.2190216347,1785412.5964592514,5,"E21,E29,E34,G11,G24",92.10539871135204,205.73829570785165,16.66670060734963,38.95379702073182,32.10204243531549,35.037323644186905,-806.7831242745742,1475.7828917745162,2026-03-22 07:10:27
2026-03-22 07:10:29.431997+00:00,4427379.032821098,3104452.0918182856,3369577.807501494,1785394.7951556998,5,"E07,E21,E29,G11,G24",107.94610752234667,241.20280040055513,9.094104463207756,37.43620893829426,32.10207683310188,35.037912128543525,-841.8625478334725,32.900145556583176,2026-03-22 07:10:29
2026-03-22 07:10:31.431997+00:00,4427695.9654491795,3104634.6444298485,3369765.160098083,1785688.0469833796,5,"E07,E21,E29,E34,G11",31.529629475951825,69.92159735783935,9.083717282642608,29.234369455534893,32.10176213390017,35.037567913216485,-433.69612233154476,205.4706439977967,2026-03-22 07:10:31
2026-03-22 07:10:33.431996+00:00,4427662.717196446,3104670.33073018,3369778.4495568727,1785698.2130705744,5,"E07,E21,E29,E34,G11",29.955699263140566,66.37130639702082,9.073596420274555,29.23127926277025,32.10189593982712,35.038079740642424,-432.33873117156327,25.27632593786345,2026-03-22 07:10:33
2026-03-22 07:10:35.431996+00:00,4427295.123852327,3104569.9921606644,3369603.9981458625,1785434.8353625326,5,"E07,E21,E29,G11,G24",104.50647989572349,233.50516629219055,9.063925802398035,37.42079426595917,32.102281784321114,35.039445436390196,-828.8010095320642,209.53877324777002,2026-03-22 07:10:35
2026-03-22 07:10:37.431996+00:00,4427617.623190247,3104753.743077469,3369804.372846738,1785734.4315476923,5,"E07,E21,E29,E34,G11",27.88224577570895,61.68877200782299,9.053447001188832,29.225066571812533,32.10204142026185,35.03907765016703,-409.27140432037413,210.90296532820636,2026-03-22 07:10:37
2026-03-22 07:10:39.431996+00:00,4427234.623363084,3104639.6672536284,3369632.991152398,1785460.8336518507,5,"E07,E21,E29,G11,G24",102.82134296072618,229.7336645461619,9.04368985993043,37.41045602891528,32.102548980275316,35.04041796172694,-821.4669584529474,217.413112729513,2026-03-22 07:10:39
2026-03-22 07:10:41.431996+00:00,4427828.862068883,3105225.0928868195,3369656.7632104577,1785949.333274775,5,"E13,E30,G06,G12,G25",128.05094009543254,286.0024024695158,23.980282257124813,36.21166312133237,32.0987879059162,35.04188136833366,-111.9480910114944,417.2552942178482,2026-03-22 07:10:41
2026-03-22 07:10:43.431996+00:00,4427805.598164265,3105238.064062052,3369671.0350788673,1785956.7197321365,5,"E13,E19,G06,G12,G25",76.32127000880702,170.2957743741572,24.605817352557796,36.34074220970193,32.09895252219103,35.04213539440205,-114.19028420001268,15.109160076682127,2026-03-22 07:10:43
2026-03-22 07:10:45.431996+00:00,4427773.729826573,3105264.127546399,3369690.1534684845,1785965.299088964,5,"E13,E19,G06,G12,G25",72.37005330129256,161.4408522285521,24.604802472703312,36.344526014065714,32.09915189830389,35.042555324801256,-113.45651617925614,22.695864078587604,2026-03-22 07:10:45
2026-03-22 07:10:47.431996+00:00,4427456.826345705,3104918.225447689,3369888.13926084,1785787.1284226049,5,"E07,E21,E29,E34,G11",29.23672238774979,64.74782414734364,9.002738035721944,29.209547827240236,32.10285972958933,35.04148268135126,-396.2792036216706,254.59499801283883,2026-03-22 07:10:47
2026-03-22 07:10:49.431996+00:00,4427696.059819114,3105320.140004111,3369713.937204535,1785971.7836027497,5,"E13,E19,G06,G12,G25",72.09955643510035,160.83491108193994,24.602662389673085,36.352076601380475,32.09948420629078,35.0435136535309,-127.4418177306652,249.5567680328225,2026-03-22 07:10:49
2026-03-22 07:10:51.431996+00:00,4427032.064701504,3104835.795963639,3369727.918812804,1785513.8201116712,5,"E21,E29,E34,G11,G24",104.0632383888508,232.49803142994642,16.589901516337896,38.9007564890105,32.10352937776037,35.0433517946405,-816.1083411108702,410.9970045879065,2026-03-22 07:10:51
2026-03-22 07:10:53.431996+00:00,4426990.30636352,3104867.5702498886,3369749.4133387352,1785515.1157654703,5,"E07,E21,E29,G11,G24",108.02009684790703,241.36552950367332,8.972663709181314,37.374123160370004,32.103770018726834,35.04388151046157,-818.1904797973111,28.352154692637672,2026-03-22 07:10:53
2026-03-22 07:10:55.431996+00:00,4427331.0461275475,3105056.2410528422,3369967.5998538467,1785828.7276274685,5,"E07,E21,E29,E34,G11",24.64605855467283,54.363964073359966,8.962105946646423,29.197071628075754,32.10358052752286,35.04344512214541,-374.15451408177614,223.21828669099054,2026-03-22 07:10:55
2026-03-22 07:10:57.431996+00:00,4427280.641515221,3105085.4045817493,3369977.331333954,1785824.8514620226,5,"E07,E21,E29,E34,G11",27.109119461826353,59.94006631150842,8.9519751556665,29.19398549218488,32.10377240090316,35.04400475791983,-389.75432308297604,29.520493166329,2026-03-22 07:10:57
2026-03-22 07:10:59.431996+00:00,4427249.235724686,3105129.7518500956,3369985.086787336,1785833.8457283138,5,"E07,E21,E29,E34,G11",29.778441092110775,65.97011554986238,8.941939591822052,29.19087217781531,32.103832835572824,35.04458052107119,-385.8423557979986,27.446087818256323,2026-03-22 07:10:59
2026-03-22 07:11:01.431996+00:00,4426597.420672175,3105465.8008746863,3369378.311163907,1785258.6554052455,5,"E15,E21,E29,G12,G25",143.2852095395843,320.1029018834233,30.407008709476376,42.03453657517434,32.10082975128001,35.05146165819828,-996.8606178062037,475.9118791321333,2026-03-22 07:11:01
2026-03-22 07:11:03.431996+00:00,4423983.635665393,3105061.5322977486,3369147.558714157,1783905.0061841407,5,"E13,E27,G06,G12,G25",1.6729778208962682,2.4220077991485596,28.685302881396034,43.47728939188713,32.11043799842535,35.0638663661612,-3128.5723228435963,1327.4554453011397,2026-03-22 07:11:03
2026-03-22 07:11:05.431997+00:00,4423956.633646462,3105118.7124864957,3369150.761212649,1783918.0163480123,5,"E13,E27,G06,G12,G25",1.205774398246622,1.745745237916708,28.676577942552214,43.48096152242407,32.11041092485321,35.06452694756287,-3117.7659643925726,31.658075585774245,2026-03-22 07:11:05
2026-03-22 07:11:07.431997+00:00,4423605.2231140975,3104349.467751603,3368829.5870036217,1783285.608685962,5,"E13,E21,G06,G12,G32",196.17025393375744,438.63033729046583,11.637458360882658,34.1919512711634,32.11145539287229,35.05999193787092,-3906.4286109544337,452.32170436564854,2026-03-22 07:11:07
2026-03-22 07:11:09.431997+00:00,4427440.76847135,3106136.8055148427,3370199.990605392,1786223.326162985,5,"E13,E27,E30,G25,G32",3.8915720346766247,8.362284142524004,11.629208371199741,32.56228979506292,32.10195139996304,35.05214988478206,351.08300519548357,2223.9598972996573,2026-03-22 07:11:09
2026-03-22 07:11:11.431997+00:00,4426398.782276489,3105668.5773264742,3369351.9770940156,1785243.7744324985,5,"E15,E21,E29,G12,G25",148.3748115134319,331.4936756566167,30.357461097341723,42.05068885720836,32.100849737031446,35.054429429927616,-1049.9478419972584,711.3543038003328,2026-03-22 07:11:11
2026-03-22 07:11:13.431997+00:00,4426411.104598125,3105730.794968932,3369359.464266236,1785274.5334094174,5,"E15,E21,E29,G12,G25",147.73702197543298,330.0663200058043,30.34765347981219,42.05379006085762,32.10068731416056,35.054894113145984,-1007.152346547693,31.933260056586324,2026-03-22 07:11:13
2026-03-22 07:11:15.431997+00:00,4425598.797510599,3105207.62532737,3369259.352171468,1784633.1956899026,5,"E15,E21,E29,G11,G24",165.96984379671832,370.7790015935898,30.337130482937052,44.898865964393096,32.1045503415067,35.05529990512456,-1878.181323863566,485.6880968833693,2026-03-22 07:11:15
2026-03-22 07:11:17.431997+00:00,4425279.714605144,3105136.9771899986,3369049.1171538737,1784403.4067801128,5,"E15,E21,E29,G12,G25",166.03770875796678,368.9799811579287,30.32741837055457,42.063701105347704,32.10439065127056,35.05662936533261,-2245.543324730359,194.29605148478572,2026-03-22 07:11:17
2026-03-22 07:11:19.431997+00:00,4425263.989841421,3105187.0233098604,3369044.2463256386,1784413.3032222965,5,"E15,E21,E29,G12,G25",166.96550669289553,371.06363958120346,30.317587383045513,42.066856901327114,32.1042773228241,35.057159280324285,-2234.6854473212734,26.342016224375886,2026-03-22 07:11:19
2026-03-22 07:11:21.431997+00:00,4425227.211554396,3105226.549090325,3369027.102056512,1784404.8443796507,5,"E15,E21,E29,G12,G25",167.75614330715845,372.8390980698168,30.30776563646115,42.07005461365113,32.104181800891716,35.057726090769506,-2250.067352967337,28.323381161665953,2026-03-22 07:11:21
2026-03-22 07:11:23.431997+00:00,4427408.613936351,3105991.3534864364,3370688.9805594273,1786526.3653555268,5,"E19,E27,E30,G11,G24",245.03997139426562,547.2650334089994,23.86028041598961,43.79412196466048,32.10621304766951,35.051084067712154,517.9021350536495,1423.4888719937978,2026-03-22 07:11:23
2026-03-22 07:11:25.431997+00:00,4427346.887537133,3106024.6314412956,3370659.978182269,1786497.4095480845,5,"E19,E27,E30,G11,G24",238.91915598628376,533.604869980365,23.854839050334466,43.79017254469709,32.10614210203242,35.051748245929836,475.87322518602014,37.94307750051731,2026-03-22 07:11:25
2026-03-22 07:11:27.431997+00:00,4427313.34947956,3106067.550683055,3370642.121084378,1786489.7726948783,5,"E19,E27,E30,G11,G24",236.74050982200657,528.73460675776,23.84924811313435,43.78614194594234,32.106019151509194,35.05232453517116,464.00560180749744,28.660681098257502,2026-03-22 07:11:27
2026-03-22 07:11:29.431997+00:00,4427303.0179849565,3106124.5586627168,3370639.0059273914,1786502.4078583214,5,"E19,E27,E30,G11,G24",236.38289544863207,527.9248272702098,23.843575741226825,43.78205163834051,32.10587897457966,35.05288180920403,482.9198293928057,29.01014360916766,2026-03-22 07:11:29
2026-03-22 07:11:31.431997+00:00,4427273.181195754,3106169.706801064,3370640.7106725657,1786508.0272165688,5,"E19,E27,E30,G11,G24",236.2708091633841,527.6620176583529,23.837976847842604,43.77799648116208,32.10588478194772,35.05345490602897,485.10091706272215,27.07163895229523,2026-03-22 07:11:31
2026-03-22 07:11:33.431996+00:00,4427226.190480012,3106212.209563816,3370608.042032277,1786483.1355427941,5,"E19,E27,E30,G11,G24",235.32346481689163,525.5368091836572,23.832481899397553,43.77400913652067,32.10570261234827,35.05410943800295,455.83168441429734,35.64357357080094,2026-03-22 07:11:33
2026-03-22 07:11:35.431996+00:00,4427220.157610162,3106271.8077751617,3370608.276805098,1786503.2867807772,5,"E19,E27,E30,G11,G24",239.5690146780627,534.9867473132908,23.826794625186633,43.76990029628818,32.10556402185314,35.054663009978455,480.7687456002459,29.951616953505457,2026-03-22 07:11:35
2026-03-22 07:11:37.431996+00:00,4423556.920437743,3105863.5279934746,3368982.4960269467,1783934.5631337827,5,"E13,E27,G06,G12,G25",0.10801297679826954,0.15655003488063812,28.534654763163136,43.53891231223689,32.10864160046235,35.07342361116795,-3121.8303648466244,2014.271710825969,2026-03-22 07:11:37
2026-03-22 07:11:39.431996+00:00,4426375.863076997,3105924.745052088,3369662.65509957,1785605.996256956,5,"E07,E21,E29,G11,G24",98.04237129513503,219.03074698150158,8.744961455408943,37.256630460775135,32.10260811662675,35.05679087470588,-776.0998245235533,1450.241488144416,2026-03-22 07:11:39
2026-03-22 07:11:41.431996+00:00,4426700.675083143,3106116.1079656477,3369825.4881702606,1785884.0572672489,5,"E07,E21,E29,E34,G11",29.709386200949982,65.81164913624525,8.734885048756558,29.12545618426365,32.102050950457674,35.056473849964284,-371.22271872125566,205.32730756831992,2026-03-22 07:11:41
2026-03-22 07:11:43.431996+00:00,4426672.462347489,3106164.2587038656,3369821.1581807556,1785886.7781445328,5,"E07,E21,E29,E34,G11",24.60536438156135,54.268154833465815,8.725009378978395,29.122315902437116,32.10199600285784,35.057063156426835,-369.6587044019252,27.987501018818005,2026-03-22 07:11:43
2026-03-22 07:11:45.431996+00:00,4426644.71952507,3106214.753945121,3369808.429198432,1785884.5125930794,5,"E07,E21,E29,E34,G11",25.341795615610327,55.93681883811951,8.715213869672787,29.119185196383274,32.10186858907754,35.05766993571379,-371.0910212462768,29.501951529593683,2026-03-22 07:11:45
2026-03-22 07:11:47.431996+00:00,4426618.461960693,3106267.3500017333,3369798.7675072085,1785879.98518575,5,"E07,E21,E29,E34,G11",23.584693318681794,51.952507976442575,8.705399478106983,29.116044547737538,32.10175299513158,35.058285894404,-368.8406349113211,29.787384642927524,2026-03-22 07:11:47
2026-03-22 07:11:49.431996+00:00,4426592.566693768,3106321.299383289,3369787.226514754,1785875.6461498914,5,"E07,E21,E29,E34,G11",25.847389156221364,57.081472650170326,8.695605931077683,29.112903661785957,32.10161789393292,35.058911383191955,-366.6786567028612,30.4725086193179,2026-03-22 07:11:49
2026-03-22 07:11:51.431996+00:00,4426561.781998425,3106371.2198034306,3369772.77964,1785866.1001375788,5,"E07,E21,E29,E34,G11",25.408624274449206,56.08768357336521,8.685820423129334,29.10977322645824,32.10149086301016,35.059531685460264,-371.4111982928589,30.20123343765786,2026-03-22 07:11:51
2026-03-22 07:11:53.431996+00:00,4426536.987843502,3106420.4796330445,3369760.613005864,1785862.314069815,5,"E07,E21,E29,E34,G11",23.775664826600924,52.3853744789958,8.676035595463329,29.106632459833992,32.101359566924984,35.060109798345366,-371.0990123581141,28.236978937650644,2026-03-22 07:11:53
2026-03-22 07:11:55.431996+00:00,4426174.365055031,3106331.650915199,3369571.6716720415,1785581.946413927,5,"E07,E21,E29,G11,G24",98.1426721068325,219.253063313663,8.666592437216138,37.21588840377285,32.10158323961645,35.06154650405833,-766.1724664149806,209.21559183010453,2026-03-22 07:11:55
2026-03-22 07:11:57.431996+00:00,4424719.625289515,3106100.3250750476,3368805.1849907013,1784339.650938182,5,"E15,E21,E29,G12,G25",166.91751764023977,370.9447318203747,30.13030602243068,42.126697898958646,32.10207125527142,35.06839658998596,-2294.7345917513594,830.2531635544533,2026-03-22 07:11:57
2026-03-22 07:11:59.431996+00:00,4424845.048857069,3106210.5399938542,3368804.8765220395,1784408.7907795839,5,"E15,E21,E29,G12,G24",32.699030089211334,57.27654855698347,30.12091104913916,46.4850586495821,32.101273178170636,35.068588887272135,-2154.296253609471,83.48427213919904,2026-03-22 07:11:59
2026-03-22 07:12:01.431996+00:00,4424806.7357087,3106252.096243557,3368783.611096997,1784389.6731106592,5,"E15,E21,E29,G12,G24",33.86595350205822,58.614030592143536,30.11108050849906,46.48281248432285,32.10114653494133,35.06918264622552,-2171.934501956217,30.195353655658987,2026-03-22 07:12:01
2026-03-22 07:12:03.431996+00:00,4424788.607709916,3106302.029665775,3368781.137032248,1784386.7335275018,5,"E15,E21,E29,G12,G24",32.431009275414894,57.38182485848665,30.101209481202275,46.48052519415923,32.10106121645886,35.069726156040105,-2161.5140287000686,26.589904055276744,2026-03-22 07:12:03
2026-03-22 07:12:05.431997+00:00,4426396.745020324,3106704.698124916,3369693.1207383894,1785820.7241415903,5,"E07,E21,E29,E34,G11",25.014735366245908,55.194020479917526,8.617332634485022,29.087740815753335,32.10061160443807,35.06342822230652,-365.89851585868746,946.038873067781,2026-03-22 07:12:05
2026-03-22 07:12:07.431997+00:00,4424594.985150588,3106331.395764253,3368751.091452558,1784295.1169316787,5,"E15,E21,E29,G12,G25",168.28667553656393,374.0183876827359,30.081103553334415,42.1424019283714,32.1015104275455,35.071159945134944,-2297.428495637141,1033.575403155674,2026-03-22 07:12:07
2026-03-22 07:12:09.431997+00:00,4424565.289672186,3106377.2768359724,3368736.597877051,1784279.652460006,5,"E15,E21,E29,G12,G25",168.3093829211944,374.06899708136916,30.07125643600362,42.145537897137096,32.101389794524856,35.07173875612299,-2303.38622468058,28.270823788033567,2026-03-22 07:12:09
2026-03-22 07:12:11.431997+00:00,4424559.94976057,3106427.982928971,3368732.9833313962,1784282.751217545,5,"E15,E21,E29,G12,G25",166.7270232761813,370.5137598365545,30.06146103433206,42.14864640440942,32.10124344333158,35.07221109665159,-2284.3278570901603,25.557227272896206,2026-03-22 07:12:11
2026-03-22 07:12:13.431997+00:00,4424537.931012333,3106470.202082206,3368717.803555176,1784272.2311942321,5,"E15,E21,E29,G12,G25",168.53561376145328,374.38105837628245,30.051684571697937,42.15178461790063,32.10109752898044,35.07271139093267,-2287.109578235075,24.988536271191716,2026-03-22 07:12:13
2026-03-22 07:12:15.431997+00:00,4424497.962961699,3106506.301797343,3368697.7792719943,1784246.3353426238,5,"E15,E21,E29,G12,G25",167.64049313320314,372.5651976056397,30.041866126834865,42.154958418629626,32.10100187282531,35.073267916359065,-2307.8882236462086,28.729803434047255,2026-03-22 07:12:15
2026-03-22 07:12:17.431997+00:00,4424503.718866593,3106559.682418424,3368698.558429439,1784255.8509903762,5,"E15,E21,E29,G12,G25",168.73499959063756,375.02366277575493,30.03209322244318,42.158047642734644,32.10083819189011,35.073695872380306,-2277.4993640417233,26.847850167624742,2026-03-22 07:12:17
2026-03-22 07:12:19.431997+00:00,4424491.567367167,3106604.758610643,3368692.3181106667,1784249.2718771326,5,"E15,E21,E29,G12,G25",169.2885330394279,376.2667930983007,30.02230443731364,42.16117701124524,32.10071400342608,35.07416085070396,-2267.297835305333,23.550284614139937,2026-03-22 07:12:19
2026-03-22 07:12:21.431997+00:00,4424456.016398294,3106638.978829225,3368669.8010824765,1784222.516488602,5,"E15,E21,E29,G12,G25",167.03342947715694,371.20036179199815,30.01253642607187,42.16434406250049,32.10058713777706,35.074674172566134,-2287.252580413595,27.11969444036333,2026-03-22 07:12:21
2026-03-22 07:12:23.431997+00:00,4425040.196836334,3107238.1061881795,3369272.6289746794,1784929.6145629627,5,"E13,E19,E27,G24,G29",127.85753326561661,284.30650828778744,24.53825509918691,40.7046528571765,32.101251409980335,35.07631274384095,-1270.2513719359413,515.6602185678684,2026-03-22 07:12:23
2026-03-22 07:12:25.431997+00:00,4425034.739753075,3107281.255640289,3369269.208062285,1784924.2058239216,5,"E13,E19,E27,G24,G29",128.53296064236582,285.81019787862897,24.53690783030087,40.70561160302525,32.10112782038779,35.07672016860981,-1254.8469484345987,21.813743469658476,2026-03-22 07:12:25
2026-03-22 07:12:27.431997+00:00,4426609.919563063,3107493.280228406,3370301.6934311762,1786303.223744137,5,"E19,E27,E30,G11,G24",232.54651091375771,518.8342610672116,23.680182613868507,43.6632256139698,32.10225324073494,35.068968774547294,489.102851071395,947.6512935589726,2026-03-22 07:12:27
2026-03-22 07:12:29.431997+00:00,4426611.036909763,3107538.5009316606,3370303.203588198,1786305.3662449312,5,"E19,E27,E30,G11,G24",239.02477775443168,533.195700712502,23.67434844926752,43.65899920999413,32.10213588445863,35.06935406063729,512.6896553169936,22.629853295503764,2026-03-22 07:12:29
2026-03-22 07:12:31.431997+00:00,4426603.596482576,3107577.9595393306,3370297.904129321,1786299.985522512,5,"E19,E27,E30,G11,G24",240.3906013033423,536.196628138423,23.66854033599643,43.654791217000685,32.1020159414847,35.069741472858915,523.9200994502753,20.25108602247183,2026-03-22 07:12:31
2026-03-22 07:12:33.431996+00:00,4426578.993615609,3107715.399876536,3368408.7973668845,1785093.8140612207,5,"E15,E21,G06,G12,G25",77.92090011700265,135.13522787764668,28.251610284058565,41.83421284797593,32.08730164939401,35.071082876199576,-429.95628810767084,947.1302834695347,2026-03-22 07:12:33
2026-03-22 07:12:35.431996+00:00,4426537.432470397,3107663.751495025,3370252.794828076,1786240.7322308018,5,"E19,E27,E30,G11,G24",231.04526998024826,515.3848586529493,23.657351970784973,43.64656418081715,32.10169464480733,35.07088805465948,495.83318533282727,922.5943747097404,2026-03-22 07:12:35
2026-03-22 07:12:37.431996+00:00,4422911.296104513,3107235.88032118,3368621.198077828,1783666.019502483,5,"E13,E27,G06,G12,G25",1.1240897157567713,1.6322536244988441,28.264794687979737,43.64633536295263,32.10463160091048,35.08926152508573,-3093.2795042051002,1999.6278804325673,2026-03-22 07:12:37
2026-03-22 07:12:39.431996+00:00,4422891.190628012,3107282.8614376606,3368605.595727565,1783649.745936028,5,"E13,E27,G06,G12,G25",2.9939937186762133,4.347735937684774,28.255718190149885,43.649882086008915,32.104461739185915,35.08979152564388,-3092.6298805847764,26.715579840444082,2026-03-22 07:12:39
2026-03-22 07:12:41.431996+00:00,4425917.532850811,3107811.222076289,3369207.4703478883,1785514.2443841277,5,"E13,E19,E30,G12,G25",73.76769571737164,164.5850603878498,23.644434852436415,35.63883620763816,32.09573400197396,35.07594039801796,-417.6259867521003,1565.260782788286,2026-03-22 07:12:41
2026-03-22 07:12:43.431996+00:00,4425683.528544363,3107400.3743875,3369297.4619011516,1785295.377689403,5,"E07,E21,E29,G11,G24",105.4051173121362,235.50006937235594,8.432410424939208,37.09346524811987,32.09847073549266,35.07380267551466,-732.0507122045383,240.6513652976605,2026-03-22 07:12:43
2026-03-22 07:12:45.431996+00:00,4425655.023938169,3107444.667624339,3369280.743389298,1785267.8289039712,5,"E07,E21,E29,G11,G24",106.60969786558346,238.19551717489958,8.422694988943663,37.088361062301,32.09833281972515,35.07436030520305,-739.1351915141568,27.631105852574464,2026-03-22 07:12:45
2026-03-22 07:12:47.431996+00:00,4425626.007486642,3107487.9708855706,3369263.747675382,1785242.2610887203,5,"E07,E21,E29,G11,G24",110.57173627168822,247.06150520965457,8.412981219233012,37.08325681335975,32.098197517196105,35.07491246655592,-747.2032853243873,27.413414526468863,2026-03-22 07:12:47
2026-03-22 07:12:49.431996+00:00,4425617.721497725,3107534.013801685,3369260.749953455,1785233.4291440304,5,"E07,E21,E29,G11,G24",104.26745162677156,232.95327304303646,8.403215181764967,37.078115413701674,32.09808030975136,35.075362163428935,-732.1267563635483,23.43925165943214,2026-03-22 07:12:49
2026-03-22 07:12:51.431996+00:00,4425591.823526349,3107575.9912826084,3369241.6154302717,1785208.7456540838,5,"E07,E21,E29,G11,G24",108.6707288046508,242.8069885186851,8.393533064116491,37.07302431222485,32.09792008139999,35.075883839007595,-739.8139012474567,26.452522580532204,2026-03-22 07:12:51
2026-03-22 07:12:53.431996+00:00,4422771.268640303,3107591.2683343976,3368523.3811682453,1783526.0859162747,5,"E13,E27,G06,G12,G25",0.3717455622071199,0.5400521829724312,28.19195261675164,43.674700789264264,32.10345375134918,35.09319716220323,-3069.2564786504954,1455.3026926259324,2026-03-22 07:12:53
2026-03-22 07:12:55.431996+00:00,4425573.3812847715,3107670.7503096196,3369231.5855693226,1785187.3332730213,5,"E07,E21,E29,G11,G24",102.6556928485589,229.34538761526346,8.374041767393908,37.062749295538914,32.09765480843058,35.076817785372555,-711.7981695244089,1445.657820023487,2026-03-22 07:12:55
2026-03-22 07:12:57.431996+00:00,4425527.352009573,3107713.36211687,3369206.097754694,1785142.884723719,5,"E07,E21,E29,G11,G24",110.4615487207327,246.81368473544717,8.364355752551688,37.05765305836504,32.09752323962679,35.07746753342873,-736.5079049011692,33.85295034033491,2026-03-22 07:12:57
2026-03-22 07:12:59.431996+00:00,4425469.903605376,3107752.2854044386,3369176.781374709,1785090.9088909568,5,"E07,E21,E29,G11,G24",119.34542961164584,266.6922560296953,8.354664804297656,37.05255870444099,32.09741735842849,35.07815483346287,-772.9637484662235,37.665606311681195,2026-03-22 07:12:59
2026-03-22 07:13:01.431996+00:00,4425542.714269534,3107812.761506838,3369206.6896389583,1785150.479029089,5,"E07,E21,E29,G11,G24",95.01729155138116,212.24845945090055,8.344895578524197,37.04736875668653,32.097193754062936,35.078235864330146,-677.1508771348745,49.631784288972725,2026-03-22 07:13:01
2026-03-22 07:13:03.431996+00:00,4425474.615819319,3107850.139878309,3369172.392879605,1785087.115157326,5,"E07,E21,E29,G11,G24",106.80043719363873,238.6200353577733,8.335216095770868,37.042280079279834,32.09709583818129,35.078974612573596,-724.3878223095089,42.45824206679738,2026-03-22 07:13:03
2026-03-22 07:13:05.431997+00:00,4425471.0914227655,3107899.664935247,3369167.8307033647,1785078.7604354483,5,"E07,E21,E29,G11,G24",102.78346196804915,229.62998712435365,8.325496594211383,37.03714055925791,32.09693840148514,35.07942548585999,-705.1433622594923,24.929719221637164,2026-03-22 07:13:05
2026-03-22 07:13:07.431997+00:00,4424046.5959119955,3107668.36371432,3368418.9774580994,1783849.1006940296,5,"E15,E21,E29,G12,G25",164.54261154227873,365.59978387877345,29.787129020450504,42.23586314561017,32.09744038699948,35.08609551287881,-2203.1916111782193,812.9374050243024,2026-03-22 07:13:07
2026-03-22 07:13:09.431997+00:00,4426205.486842279,3108442.2277725018,3370040.6806716095,1785908.4844683607,5,"E19,E27,E30,G11,G24",227.12548074045694,506.0384751111269,23.560862705334415,43.57547565300245,32.099232480344895,35.07965794778476,531.9442137535661,1404.4213169590591,2026-03-22 07:13:09
2026-03-22 07:13:11.431997+00:00,4426205.923098152,3108490.884350102,3370040.112332382,1785901.7957257899,5,"E19,E27,E30,G11,G24",233.13873375000048,519.2748315483332,23.555056445184782,43.57120526464972,32.09909243508937,35.08007709763027,555.6336041707546,24.330926166223147,2026-03-22 07:13:11
2026-03-22 07:13:13.431997+00:00,4426160.84347177,3108535.0003079525,3370009.137481946,1785856.166567863,5,"E19,E27,E30,G11,G24",226.67217739393132,504.93505914509296,23.549560765456977,43.56708801463346,32.09891110072764,35.08073399249146,529.4014089507982,35.134853818103366,2026-03-22 07:13:13
2026-03-22 07:13:15.431997+00:00,4426151.764502056,3108585.5030033425,3370004.704373788,1785841.213886967,5,"E19,E27,E30,G11,G24",227.63181396743957,507.00176460668445,23.543838289292044,43.56284863305378,32.09877375733745,35.08122707089849,545.3403368750587,25.751710528960242,2026-03-22 07:13:15
2026-03-22 07:13:17.431997+00:00,4426101.895402219,3108627.4540790375,3369971.8310648077,1785789.1967509226,5,"E19,E27,E30,G11,G24",216.8982857392119,483.23077062517405,23.53836462524925,43.55873885275101,32.09860265539325,35.08189436050247,513.7262131785974,36.49477467329434,2026-03-22 07:13:17
2026-03-22 07:13:19.431997+00:00,4424936.531207748,3108623.818384173,3368589.2155249943,1784515.7321313068,5,"E15,E21,E29,G12,G25",148.45652869326787,331.676652520895,29.728690387384663,42.25078898128308,32.092618894009036,35.088959355993936,-1030.5395057797432,904.1173395868809,2026-03-22 07:13:19
2026-03-22 07:13:21.431997+00:00,4423877.840762291,3108000.7526659323,3368320.8535694657,1783654.5421057206,5,"E15,E21,E29,G12,G25",163.4680542824853,362.9832841232419,29.718222410151675,42.25741149483231,32.0964365298288,35.09000592330947,-2210.4468027055264,628.6999458650739,2026-03-22 07:13:21
2026-03-22 07:13:23.431997+00:00,4423833.743355786,3108034.7477257983,3368300.846285302,1783608.9366194534,5,"E15,E21,E29,G12,G25",165.54707490834153,367.8566500507295,29.7083740598631,42.260552821255054,32.096362908984716,35.090569358726775,-2235.0894910795614,29.58266711830581,2026-03-22 07:13:23
2026-03-22 07:13:25.431997+00:00,4423830.738153891,3108092.747397628,3368294.9711469943,1783596.1404401022,5,"E15,E21,E29,G12,G25",164.49970535578885,365.5034176707268,29.698542197768603,42.26357163852738,32.096169972707266,35.091090603259325,-2212.0480144284666,29.18694237558646,2026-03-22 07:13:25
2026-03-22 07:13:27.431997+00:00,4423792.4343206175,3108132.0143719874,3368270.677841249,1783555.159334304,5,"E15,E21,E29,G12,G25",164.23506121001108,364.9088413864374,29.688720682100687,42.266671516362194,32.09602634010633,35.09166445801263,-2232.3836718024686,29.99684826275025,2026-03-22 07:13:27
2026-03-22 07:13:29.431997+00:00,4424377.378015331,3108743.609205638,3368854.22674724,1784237.64875792,5,"E13,E19,E27,G24,G29",126.07237481188349,279.7574623413384,24.489307103610045,40.73614845813266,32.096506458779146,35.09340379016281,-1218.9921954674646,513.988495060094,2026-03-22 07:13:29
2026-03-22 07:13:31.431997+00:00,4423738.716873688,3108220.0440856814,3368243.914011469,1783488.5346471746,5,"E15,E21,E29,G12,G25",164.29195711577222,365.0368384756148,29.66902721504523,42.27284639152234,32.095789901345796,35.0927550523819,-2240.9667684761807,513.4418477598967,2026-03-22 07:13:31
2026-03-22 07:13:33.431996+00:00,4423734.214582413,3108275.68624729,3368242.7594251903,1783473.3984154393,5,"E15,E21,E29,G12,G25",163.1221249649758,362.408323418349,29.65917100768558,42.27588175227412,32.09564540257241,35.09326496074824,-2217.601231669076,27.917991342212723,2026-03-22 07:13:33
2026-03-22 07:13:35.431996+00:00,4423694.315567704,3108320.891857199,3368223.198853345,1783429.5722603083,5,"E15,E21,E29,G12,G25",162.7152425931509,361.4941268414259,29.649274770891672,42.27896357824598,32.09552781890108,35.093900028988394,-2233.6336537282914,31.694220738668335,2026-03-22 07:13:35
2026-03-22 07:13:37.431996+00:00,4423407.6801862,3108225.7405522633,3368138.1952401265,1783193.6311504075,5,"E15,E21,E29,E34,G12",73.80785091067114,164.49215111508965,16.04374056759493,38.36085061905212,32.09626458339644,35.094821402874956,-2523.824829299934,156.875131092449,2026-03-22 07:13:37
2026-03-22 07:13:39.431996+00:00,4420353.97468887,3108549.780125607,3366275.7853816296,1780446.0526143217,5,"E15,E21,E29,G12,G25",223.95934711617213,499.8902610614896,29.620493549072943,42.28445235113426,32.09311134435181,35.11624711491925,-5471.909012977034,1795.7372713277623,2026-03-22 07:13:39
2026-03-22 07:13:41.431996+00:00,4423666.448750443,3108474.7435201816,3368221.5538489027,1783379.1904040172,5,"E15,E21,E29,G12,G25",160.6710559615361,356.6944084018469,29.619684186004232,42.288134081947774,32.09520055655344,35.09540383886619,-2178.8887416478246,1921.2059903210184,2026-03-22 07:13:41
2026-03-22 07:13:43.431996+00:00,4424809.883873772,3109392.1894946904,3370091.294867769,1785421.8163143743,5,"E15,E27,E30,G11,G25",192.77644910255535,430.8168572746217,23.47363883744591,43.955196650924485,32.102474764919414,35.0963917148638,54.03800608497113,1187.9691152378116,2026-03-22 07:13:43
2026-03-22 07:13:45.431996+00:00,4424550.630598237,3109205.6515506767,3368432.456008115,1784083.2494684434,5,"E15,E21,E29,G12,G25",144.7909653666593,323.4730021469295,29.60030223642617,42.29093651078068,32.0913312221863,35.09635395298631,-1097.9435177259147,844.6530393793087,2026-03-22 07:13:45
2026-03-22 07:13:47.431996+00:00,4424526.584634536,3109249.075397362,3368427.2913142047,1784057.8866645868,5,"E15,E21,E29,G12,G25",143.1004341488513,319.68943210691214,29.59042375646253,42.29402885070128,32.09126639392443,35.09687686483601,-1096.2032682169229,24.952519384020235,2026-03-22 07:13:47
2026-03-22 07:13:49.431996+00:00,4424915.649710051,3109665.9668268505,3369333.985609575,1784841.4747730333,5,"E15,E27,E30,G24,G29",147.68860718663328,322.54767371341586,23.456131975723146,43.265824550488816,32.095520254071175,35.09812055473625,-141.7279699826613,535.5522015228189,2026-03-22 07:13:49
2026-03-22 07:13:51.431996+00:00,4425738.737660618,3109534.246355503,3367935.137070404,1784140.160300843,5,"E15,E21,G06,G12,G25",72.540582609432,124.57957603782415,27.896282760647058,41.96002797895711,32.08196851118705,35.091965824554585,-378.4376346822828,814.1869092048049,2026-03-22 07:13:51
2026-03-22 07:13:53.431996+00:00,4423991.1603284115,3108907.1751818145,3368503.8988009617,1783645.9748012016,5,"E15,E21,E29,G11,G24",135.26272595534266,276.6662735082209,29.560322332754293,44.714796928340355,32.094893235009,35.09717474544334,-1593.1713011385873,970.9189841406056,2026-03-22 07:13:53
2026-03-22 07:13:55.431996+00:00,4421714.5033313,3106328.2173545854,3366799.640478533,1780176.096489568,5,"E15,E27,G06,G12,G25",169.17299361917392,376.6022960059345,27.89774296112023,46.50279151553222,32.09790532423965,35.0886812978854,-5332.846688210033,1919.5498812670864,2026-03-22 07:13:55
2026-03-22 07:13:57.431996+00:00,4424813.148479601,3109136.096886285,3368947.5728439433,1784395.9497316955,5,"E07,E21,E29,G11,G24",97.88328105082788,218.65522100776434,8.072404470041358,36.90272444475328,32.09442963082486,35.09415189134352,-676.1753642102703,2350.500088598512,2026-03-22 07:13:57
2026-03-22 07:13:59.431996+00:00,4424759.367765255,3109168.557970547,3368932.0747606643,1784358.266562116,5,"E07,E21,E29,G11,G24",107.54170985022095,240.2714904770255,8.062649807508558,36.89753833186432,32.094432647594274,35.09476087783631,-705.8779253391549,32.350725696512875,2026-03-22 07:13:59
2026-03-22 07:14:01.431996+00:00,4424712.982991168,3109219.099971605,3368929.2574086953,1784334.3623135434,5,"E07,E21,E29,G11,G24",110.80371628705132,247.5711586214602,8.052824401519997,36.89229071622269,32.09445373881702,35.09548155576547,-714.9092236375436,34.329209902623994,2026-03-22 07:14:01
2026-03-22 07:14:03.431996+00:00,4424308.663907804,3109665.992070471,3368450.5491475756,1783945.345287968,5,"E15,E21,E29,G12,G25",156.67379387179167,350.0657399855554,29.51043189795007,42.318602716678335,32.09114974476285,35.10181846259405,-1031.8015522742644,384.82075972648414,2026-03-22 07:14:03
2026-03-22 07:14:05.431997+00:00,4423792.272084238,3109178.378101044,3368523.031041527,1783555.1088936727,5,"E15,E21,E29,G11,G24",136.65316891710364,270.4599275290966,29.50034617440448,44.69992942542212,32.09507194943784,35.10073773002272,-1588.7525433124974,356.95973648840106,2026-03-22 07:14:05
2026-03-22 07:14:07.431997+00:00,4424615.067247539,3109355.689261558,3368948.384085338,1784303.557665592,5,"E07,E21,E29,G11,G24",99.38796864014414,222.0216401219368,8.02323503707861,36.876483870630686,32.09460745562969,35.09726204482198,-706.0861095823348,471.5284562657151,2026-03-22 07:14:07
2026-03-22 07:14:09.431997+00:00,4424562.793227849,3109399.8517338247,3368937.799601956,1784279.0836482046,5,"E07,E21,E29,G11,G24",108.25625536693393,241.8692201860249,8.01346092366492,36.871263142512326,32.09460985373908,35.09796330402244,-726.4312185226008,34.62271068154546,2026-03-22 07:14:09
2026-03-22 07:14:11.431997+00:00,4425411.044578576,3110159.225445398,3368137.906502156,1784205.775505093,5,"E15,E30,G06,G12,G25",43.40915586442644,96.65587535873055,23.38809176419194,39.19786737438511,32.08308100773045,35.09937819339013,-193.45668657124043,695.7024793235435,2026-03-22 07:14:11
2026-03-22 07:14:13.431997+00:00,4423029.029638186,3109198.0928838407,3368186.1724676983,1783010.503505779,5,"E15,E21,E29,G12,G25",163.0934102747588,362.34778954461217,29.459631843377434,42.33780607919276,32.09543616170687,35.10555968427949,-2287.1202099649236,1284.5330455615615,2026-03-22 07:14:13
2026-03-22 07:14:15.431997+00:00,4424038.879677282,3109926.623613755,3368436.105704135,1783836.1769511446,5,"E15,E21,E29,G12,G25",147.8953483324378,330.4206107594073,29.450285538560742,42.337260613887864,32.091378806402695,35.10572133740501,-1099.486657442525,635.0237689580697,2026-03-22 07:14:15
2026-03-22 07:14:17.431997+00:00,4419635.633139761,3109421.8045972353,3366253.2400773168,1780055.1259392772,5,"E15,E21,E29,G12,G25",228.60474003878196,510.9924279525876,29.430521863362102,42.34342510234851,32.09335066463793,35.128191341920235,-5556.622700779699,2470.2390903701285,2026-03-22 07:14:17
2026-03-22 07:14:19.431997+00:00,4419236.137221197,3109028.8915749094,3366620.062635488,1779738.2280348414,5,"E15,E21,E29,G24,G29",205.34257157955423,458.9509047009051,29.418825347571758,39.951503761708224,32.09880690287507,35.127221329954935,-5830.0400322964415,334.8643088051188,2026-03-22 07:14:19
2026-03-22 07:14:21.431997+00:00,4424363.198567557,3109687.149063529,3368957.639376766,1784225.7543652416,5,"E07,E21,E29,G11,G24",104.81056887673131,234.1561852954328,7.954505113138997,36.83967975960421,32.094752348384986,35.10166960537074,-714.2819874621928,2836.5615625274263,2026-03-22 07:14:21
2026-03-22 07:14:23.431997+00:00,4423196.729045411,3109563.4115990666,3368411.8743216647,1783212.584906747,5,"E15,E21,E29,G11,G24",159.46758135232366,356.1948153488338,29.40954032824147,44.67804265033042,32.09549644041888,35.10770474404462,-1872.9888014271855,646.8812877139986,2026-03-22 07:14:23
2026-03-22 07:14:25.431997+00:00,4424715.567373153,3109951.374011777,3369169.451506452,1784527.7962911914,5,"E07,E21,E29,E34,G11",13.023007363883492,27.635703820735216,7.934561644069664,28.861973954691173,32.09426122495957,35.10181314176279,-228.79874566290528,870.5325798620631,2026-03-22 07:14:25
2026-03-22 07:14:27.431997+00:00,4424657.094910111,3109982.640425582,3369147.9213077873,1784483.632443321,5,"E07,E21,E29,E34,G11",26.410852290966922,58.3387986831367,7.924869071618125,28.85874818623758,32.09423980143088,35.10244034800115,-265.53356633894145,34.85744906373559,2026-03-22 07:14:27
2026-03-22 07:14:29.431997+00:00,4424628.536271254,3110022.829915923,3369167.757696131,1784469.2361806415,5,"E07,E21,E29,E34,G11",23.093182605179514,50.81519880145788,7.914916042679212,28.855421067947,32.09439257115949,35.10296266103576,-255.20917505118996,26.571946154709934,2026-03-22 07:14:29
2026-03-22 07:14:31.431997+00:00,4424214.634956694,3109907.4364671363,3368989.3972521597,1784146.3224170788,5,"E07,E21,E29,G11,G24",96.01013612152506,214.4572445191443,7.905329662769907,36.81329536037056,32.09497040072344,35.10448416018555,-693.0594469318166,232.61684923414427,2026-03-22 07:14:31
2026-03-22 07:14:33.431996+00:00,4423024.6753466325,3109777.725528296,3368441.6614857838,1783113.047115712,5,"E15,E21,E29,G11,G24",161.93055347266068,361.70723581686616,29.359475812299216,44.66541411961523,32.09580790548057,35.110611213514844,-1871.9789060018957,658.1878538542414,2026-03-22 07:14:33
2026-03-22 07:14:35.431996+00:00,4423302.312482702,3109854.433553885,3368592.310483289,1783364.444392769,5,"E15,E21,E29,G11,G24",133.3319036727491,247.34721271693707,29.350255632067043,44.662269769997,32.09565911242719,35.10958405932323,-1562.1503555253148,162.52816753086836,2026-03-22 07:14:35
2026-03-22 07:14:37.431996+00:00,4423598.315601585,3110664.159414193,3368915.281538299,1784033.411569346,5,"E15,E27,G12,G24,G29",74.85320316940779,166.8363638035953,30.112437501494426,50.9425324062154,32.09473455392515,35.11479844306242,-790.857936412096,460.321658629741,2026-03-22 07:14:37
2026-03-22 07:14:39.431996+00:00,4424447.529188605,3110224.1059446814,3369220.728174832,1784353.1258350583,5,"E07,E21,E29,E34,G11",20.41490609395704,44.71444388106465,7.865464159861005,28.838865329098564,32.094952215251574,35.10580989379676,-254.45865739509463,502.0230124649406,2026-03-22 07:14:39
2026-03-22 07:14:41.431996+00:00,4424409.982915541,3110259.9874048545,3369239.789797109,1784327.3174195038,5,"E07,E21,E29,E34,G11",18.680452928462977,40.746753331273794,7.855495492546115,28.83554052575854,32.09514615392514,35.106349631262326,-252.8710653949529,27.66110648981899,2026-03-22 07:14:41
2026-03-22 07:14:43.431996+00:00,4422831.522641547,3109960.277880685,3368513.9482514444,1782980.3558333647,5,"E15,E21,E29,G11,G24",159.56372277820353,355.9984825104475,29.30921216192022,44.65258132024358,32.096614376230455,35.11337098281295,-1878.4732334502041,881.5056132646729,2026-03-22 07:14:43
2026-03-22 07:14:45.431996+00:00,4423128.815471135,3110036.905440828,3368677.200561993,1783243.2409871155,5,"E15,E21,E29,G11,G24",134.1891932576423,238.77320575341582,29.30003105650246,44.649372191181556,32.09648503268276,35.112223183406456,-1548.3700584219769,173.85779131040604,2026-03-22 07:14:45
2026-03-22 07:14:47.431996+00:00,4424311.208118955,3110368.0768412203,3369307.5873799827,1784251.8209563424,5,"E07,E21,E29,E34,G11",13.776527084667835,29.399620968848467,7.825551436664926,28.82552539776455,32.095753463302195,35.107888240556555,-232.64137291442603,690.1294100295802,2026-03-22 07:14:47
2026-03-22 07:14:49.431996+00:00,4424270.46743823,3110404.853353208,3369315.3636982124,1784221.2039086476,5,"E07,E21,E29,E34,G11",20.609491658704123,45.15668407827616,7.815680648073675,28.82221298517414,32.095871227659174,35.10845520549368,-238.82596246525645,27.71635809894357,2026-03-22 07:14:49
2026-03-22 07:14:51.431996+00:00,4424248.455827538,3110439.1496939394,3369358.9364404203,1784208.04764995,5,"E07,E21,E29,E34,G11",12.401072911640718,26.15765344724059,7.805552152397878,28.818828032781276,32.09619589163825,35.10888656018093,-214.21865260973573,29.830076501561162,2026-03-22 07:14:51
2026-03-22 07:14:53.431996+00:00,4423758.285093414,3110287.2372918604,3369154.7149188486,1783820.7047417557,5,"E07,E21,E29,G11,G24",110.71319536343627,247.3615842871368,7.795934323865366,36.75458414283095,32.0969758363488,35.11055677588557,-736.4445289196447,276.157181859533,2026-03-22 07:14:53
2026-03-22 07:14:55.431996+00:00,4423742.358988405,3110322.2627158663,3369194.865459111,1783817.1665629565,5,"E07,E21,E29,G11,G24",101.73361893521721,227.26461574062705,7.785860367070117,36.74916046346691,32.09724850009981,35.11095740322179,-709.0811766069382,27.805067123202228,2026-03-22 07:14:55
2026-03-22 07:14:57.431996+00:00,4423698.106276267,3110349.192988397,3369211.161988235,1783787.6161489103,5,"E07,E21,E29,G11,G24",105.70108324598802,236.14406329765916,7.775900648106137,36.74381007599464,32.097472268306724,35.11146048945565,-717.9671152699739,27.15289566344575,2026-03-22 07:14:57
2026-03-22 07:14:59.431996+00:00,4423661.695929414,3110382.3125780127,3369236.646740443,1783766.9790613353,5,"E07,E21,E29,G11,G24",107.30181213433036,239.726263910532,7.765892179400375,36.73842330914916,32.09771843181513,35.111969431321484,-713.519854827784,27.71323316308068,2026-03-22 07:14:59
2026-03-22 07:15:01.431996+00:00,4423629.987464624,3110412.5380899822,3369265.396603029,1783753.7563876964,5,"E07,E21,E29,G11,G24",103.55270832635782,231.33518498763442,7.7558691541369,36.7330290662664,32.097979084382715,35.11242463756497,-705.4889896744862,26.1990596769759,2026-03-22 07:15:01
2026-03-22 07:15:03.431996+00:00,4423123.397717775,3110796.668217556,3368771.3788246606,1783284.4177822825,5,"E15,E21,E29,G12,G25",147.22188659331724,328.9132126830518,29.20919903501545,42.412797000216344,32.09513136576379,35.118841441468255,-1131.844218686223,402.56760049318734,2026-03-22 07:15:03
2026-03-22 07:15:05.431997+00:00,4422402.771535003,3110301.8781367564,3368764.0755945393,1782709.8061224828,5,"E15,E21,E29,G11,G24",160.8516798151305,359.286710485816,29.19838125401895,44.62380399189339,32.09926499753765,35.11894570761353,-1876.203108675778,437.08462920605405,2026-03-22 07:15:05
2026-03-22 07:15:07.431997+00:00,4422601.644707174,3110360.3077990967,3368897.286133529,1782900.2427403075,5,"E15,E21,E29,G11,G24",136.53266054757663,280.1001087240875,29.188895145316277,44.62070520631754,32.09934206490259,35.11823980515152,-1639.1390229081735,123.19660278259997,2026-03-22 07:15:07
2026-03-22 07:15:09.431997+00:00,4423464.076667081,3110526.060075774,3369360.584323668,1783674.175009169,5,"E07,E21,E29,G11,G24",107.15987031673059,239.4071672335267,7.715837038657378,36.71148020637703,32.09904384428719,35.11441966959521,-714.563785051927,496.46447901079785,2026-03-22 07:15:09
2026-03-22 07:15:11.431997+00:00,4423423.25336988,3110555.4477233114,3369383.9229117744,1783659.5464725709,5,"E07,E21,E29,G11,G24",108.07068000960595,241.44528280943632,7.705840594920721,36.706092459770865,32.09930118589456,35.114923176373736,-716.1305939117447,27.725733159513595,2026-03-22 07:15:11
2026-03-22 07:15:13.431997+00:00,4422937.742284052,3110942.930560856,3368899.4133463376,1783212.9829958638,5,"E15,E21,E29,G12,G25",146.44817205113338,327.18157712742686,29.15882835460875,42.428706239304816,32.09643420533547,35.12124073741192,-1121.178759129718,393.8951265416859,2026-03-22 07:15:13
2026-03-22 07:15:15.431997+00:00,4423795.095978513,3110795.606963409,3369650.509390216,1783990.6711193505,5,"E07,E21,E29,E34,G11",15.11873491160121,32.5241761803627,7.6855391778720605,28.778648858328882,32.099218162786336,35.114738403001304,-199.77524286415428,574.6531273082663,2026-03-22 07:15:15
2026-03-22 07:15:17.431997+00:00,4423308.061385622,3110639.648885451,3369455.01187649,1783622.3094851119,5,"E07,E21,E29,G11,G24",109.10822016104592,243.76642682030797,7.675872500312889,36.68993041656446,32.10006378922758,35.11635502010606,-717.1452968148515,273.7448148486415,2026-03-22 07:15:17
2026-03-22 07:15:19.431997+00:00,4423278.902394404,3110673.1697605513,3369485.0151392277,1783620.8868021357,5,"E07,E21,E29,G11,G24",106.57130563912165,238.088492102921,7.665865672103005,36.68452131709698,32.10031491909008,35.11682326674547,-705.0719678709283,26.805277518143228,2026-03-22 07:15:19
2026-03-22 07:15:21.431997+00:00,4423240.717379057,3110700.5866592512,3369501.91212693,1783610.6293758613,5,"E07,E21,E29,G11,G24",110.46834244318674,246.80974428728223,7.6559421875208455,36.67916249068564,32.1005181262735,35.11729362621048,-709.191800436005,24.97643852099342,2026-03-22 07:15:21
2026-03-22 07:15:23.431997+00:00,4422066.341390226,3110562.1457286268,3368990.8965040906,1782608.3875848707,5,"E15,E21,E29,G11,G24",161.32676119125324,360.3213637173176,29.107720087711435,44.59993516123924,32.10159961589979,35.12325286115516,-1861.9363394929096,644.100500931414,2026-03-22 07:15:23
2026-03-22 07:15:25.431997+00:00,4420908.9118978605,3109844.042921202,3368402.6492425143,1781772.6166456665,5,"E15,E21,E29,E34,G11",110.40157792669618,237.18350423499942,15.685782792292372,36.69568817066922,32.10362375169291,35.124085661254725,-3326.4626537589356,741.8472741375598,2026-03-22 07:15:25
2026-03-22 07:15:27.431997+00:00,4420872.021949025,3109869.7312612897,3368427.2044229996,1781764.0317913492,5,"E15,E21,E29,E34,G11",110.71155521273616,237.81611375510693,15.679103851521687,36.69504762676498,32.10388523970027,35.12453336659267,-3326.451620001346,25.61111101764467,2026-03-22 07:15:27
2026-03-22 07:15:29.431997+00:00,4423538.161824499,3110992.9098801217,3369823.282044366,1783929.7857056323,5,"E07,E21,E29,E34,G11",13.386000663675405,28.47006806731224,7.61564105185144,28.75508894243996,32.10100136673393,35.11801415063757,-189.85671145934612,1606.1494925968093,2026-03-22 07:15:29
2026-03-22 07:15:31.431997+00:00,4423495.744357755,3111017.4137199023,3369840.4529041164,1783914.1754929519,5,"E07,E21,E29,E34,G11",16.361441747148522,35.39894773438573,7.605707547047523,28.751735952991815,32.10123126851047,35.118485030215226,-198.18222593236715,25.954373781331444,2026-03-22 07:15:31
2026-03-22 07:15:33.431996+00:00,4423450.936614719,3111044.2210162156,3369853.1290576607,1783895.1926475696,5,"E07,E21,E29,E34,G11",20.618729333478147,45.168999530375004,7.595810118867201,28.748388390320486,32.10142985112204,35.11899044399617,-209.42960481718183,26.86565059402143,2026-03-22 07:15:33
2026-03-22 07:15:35.431996+00:00,4421857.209001257,3110730.4697225085,3369132.6836847295,1782554.859526511,5,"E15,E21,E29,G11,G24",158.08919739606347,352.8652778528631,29.04743104431105,44.58391952517308,32.10303879724612,35.12598703522965,-1849.4438456417993,888.4606231556643,2026-03-22 07:15:35
2026-03-22 07:15:37.431996+00:00,4423393.79856983,3111103.39494782,3369918.9338204022,1783882.6982882975,5,"E07,E21,E29,E34,G11",14.003959433716043,29.917005352675915,7.575771729861961,28.74159070887249,32.10199340567573,35.11985150732409,-185.2130600651726,882.9453552976111,2026-03-22 07:15:37
2026-03-22 07:15:39.431996+00:00,4423362.782785904,3111136.2508507306,3369948.926126805,1783872.4796611457,5,"E07,E21,E29,E34,G11",10.963949272488183,22.70332020893693,7.565776137423263,28.73819328598075,32.102253526395614,35.12032528254827,-174.7529340395704,27.115621198929464,2026-03-22 07:15:39
2026-03-22 07:15:41.431996+00:00,4422876.612609175,3110978.752790336,3369749.388125625,1783498.5242431017,5,"E07,E21,E29,G11,G24",105.38566644313286,235.43168568238616,7.556168939645406,36.62517103834644,32.10306931348856,35.12192383519748,-694.4042936889455,274.3093571514483,2026-03-22 07:15:41
2026-03-22 07:15:43.431996+00:00,4423296.701264735,3111196.584787972,3369999.3965469683,1783847.2722851632,5,"E07,E21,E29,E34,G11",8.250342276601735,15.959830272942781,7.545856735824026,28.731415696853958,32.1027317820408,35.121250917931015,-164.3145211758092,267.5955289550795,2026-03-22 07:15:43
2026-03-22 07:15:45.431996+00:00,4423234.4579736395,3111215.028429589,3370009.3726241197,1783810.1658556573,5,"E07,E21,E29,E34,G11",13.528903833687734,28.800517421215773,7.535929718171158,28.72808526594782,32.10300113894959,35.121790146631454,-193.15078976284713,32.84020903506718,2026-03-22 07:15:45
2026-03-22 07:15:47.431996+00:00,4423185.913261992,3111240.687915165,3370029.0698725292,1783783.990351246,5,"E07,E21,E29,E34,G11",23.213727788642792,51.07540924847126,7.525969225994214,28.724719159294985,32.10327116239632,35.12230841479596,-203.8123995186761,29.16753256570387,2026-03-22 07:15:47
2026-03-22 07:15:49.431996+00:00,4423156.7942525325,3111263.973327354,3370063.764236726,1783769.2687275084,5,"E07,E21,E29,E34,G11",20.60916544015687,45.14373271539807,7.515938111211391,28.721311667130532,32.10358614756739,35.12268770198392,-194.20113891270012,25.46480924589597,2026-03-22 07:15:49
2026-03-22 07:15:51.431996+00:00,4423125.649675765,3111298.739435952,3370089.8055023905,1783755.2265210683,5,"E07,E21,E29,E34,G11",20.698727907888426,45.34770944714546,7.505989692175841,28.71790797870458,32.10381130970469,35.12317882815879,-184.99641413614154,26.72458833403288,2026-03-22 07:15:51
2026-03-22 07:15:53.431996+00:00,4423077.371374424,3111315.787593864,3370111.7466359376,1783726.5327400144,5,"E07,E21,E29,E34,G11",18.61394449717034,40.578063663095236,7.496007537605817,28.71453990597646,32.1041211719204,35.1236208581245,-198.4763324931264,27.851604127647107,2026-03-22 07:15:53
2026-03-22 07:15:55.431996+00:00,4423053.109629147,3111343.580320292,3370150.4538722523,1783713.8434271752,5,"E07,E21,E29,E34,G11",13.814486923166479,29.467241995036602,7.485966035389224,28.71111260166716,32.10443533626168,35.1240096013966,-181.16916719824076,26.73629587898023,2026-03-22 07:15:55
2026-03-22 07:15:57.431996+00:00,4423019.823355474,3111370.0202797833,3370176.073855127,1783694.1429948637,5,"E07,E21,E29,E34,G11",14.615458032342206,31.339123513549566,7.476012068957974,28.707713051737425,32.104688629593866,35.124441635441315,-177.72881445102394,24.81648139569475,2026-03-22 07:15:57
2026-03-22 07:15:59.431996+00:00,4422545.964500742,3111209.961770364,3369984.8847079305,1783321.06626372,5,"E07,E21,E29,G11,G24",105.77899021967558,236.30931417644024,7.4663848722268655,36.57642837814046,32.105527142499334,35.12594335420804,-685.6484159817919,267.72851484796814,2026-03-22 07:15:59
2026-03-22 07:16:01.431996+00:00,4420263.350698702,3110329.0464446377,3368873.4379314072,1781486.341815389,5,"E15,E21,E29,E34,G11",113.36177410598575,242.3859653286636,15.565241874534882,36.68362496581179,32.10841556297503,35.1322281963597,-3287.086421825923,1343.6565332523635,2026-03-22 07:16:01
2026-03-22 07:16:03.431996+00:00,4422910.178695281,3111437.77143021,3370250.1163035217,1783619.2569024472,5,"E07,E21,E29,E34,G11",14.823415919347298,31.821848701685667,7.446143435869396,28.697526899973344,32.10549724215303,35.125697153921955,-181.32102489564568,1591.399767292524,2026-03-22 07:16:03
2026-03-22 07:16:05.431997+00:00,4422872.273592334,3111457.712961887,3370276.1404093583,1783592.9473330367,5,"E07,E21,E29,E34,G11",16.906175550834323,36.64733110740781,7.436172005320858,28.69412941788932,32.105789644634584,35.12610104077653,-184.03153896145523,25.058497001549853,2026-03-22 07:16:05
2026-03-22 07:16:07.431997+00:00,4422850.320874246,3111488.805337377,3370311.852618326,1783575.950180708,5,"E07,E21,E29,E34,G11",11.884866082734503,24.901776365935802,7.426178344229904,28.69069086869744,32.106062764844765,35.12650430914618,-165.10593212302774,26.096070175518374,2026-03-22 07:16:07
2026-03-22 07:16:09.431997+00:00,4420118.740055163,3110427.9603440315,3368981.6600682386,1781383.2286545576,5,"E15,E21,E29,E34,G11",112.18179615640243,239.216623891145,15.53836392757394,36.68080124617553,32.1095368491556,35.133967930320466,-3281.5223139217123,1609.0632438932516,2026-03-22 07:16:09
2026-03-22 07:16:11.431997+00:00,4422316.563899874,3111356.927036306,3370135.784661574,1783151.9932716347,5,"E07,E21,E29,G11,G24",108.85654913775024,243.19540787488222,7.406627630283916,36.543900584378456,32.1071739854028,35.12861565788347,-692.7429948998615,1325.2747210176751,2026-03-22 07:16:11
2026-03-22 07:16:13.431997+00:00,4422732.913491201,3111563.954730894,3370384.8295279914,1783481.7532398102,5,"E07,E21,E29,E34,G11",12.315891358006459,25.925580769777298,7.3963276762262025,28.68048106335498,32.10687324339435,35.12787130000457,-171.0307033387944,263.7379352754604,2026-03-22 07:16:13
2026-03-22 07:16:15.431997+00:00,4422689.266109062,3111594.1411949047,3370399.9770866367,1783444.4367851436,5,"E07,E21,E29,E34,G11",13.662748180831024,29.104258183389902,7.386452731535702,28.677088123117176,32.1070768076612,35.12839898772371,-178.50483870413154,27.59422543718282,2026-03-22 07:16:15
2026-03-22 07:16:17.431997+00:00,4422660.102775826,3111627.4965655166,3370428.3783718185,1783417.1605843022,5,"E07,E21,E29,E34,G11",11.734737691117497,24.53890509158373,7.376511707405724,28.673656762787004,32.10731609413126,35.128865833086145,-167.3553712842986,26.314035010234406,2026-03-22 07:16:17
2026-03-22 07:16:19.431997+00:00,4422620.5657755295,3111655.527549945,3370446.1369568827,1783382.5702809938,5,"E07,E21,E29,E34,G11",13.990869477680517,29.872115969657898,7.366628453478669,28.670254019934113,32.10752943175251,35.12934978751183,-171.64389448892325,25.80832144849556,2026-03-22 07:16:19
2026-03-22 07:16:21.431997+00:00,4422581.923520726,3111689.3970782836,3370469.9293204197,1783347.4061152614,5,"E07,E21,E29,E34,G11",12.927952864516286,27.37203111872077,7.356701757693995,28.66683489867546,32.1077692477989,35.1298788835568,-169.25930724851787,28.31274169368815,2026-03-22 07:16:21
2026-03-22 07:16:23.431997+00:00,4422549.66134118,3111715.264290352,3370499.3802575823,1783315.5366718983,5,"E07,E21,E29,E34,G11",9.928571799564999,20.159007523208857,7.346739773996163,28.663405779185133,32.10804934813535,35.130299738447775,-163.34728835057467,25.383649210685288,2026-03-22 07:16:23
2026-03-22 07:16:25.431997+00:00,4422506.15964659,3111749.444409701,3370514.05461661,1783277.7636121823,5,"E07,E21,E29,E34,G11",13.46990982712899,28.647532016038895,7.336882210789907,28.660001138329488,32.10823770164774,35.130861159054184,-169.02314117457718,28.618240703208198,2026-03-22 07:16:25
2026-03-22 07:16:27.431997+00:00,4422459.477311511,3111775.593087847,3370530.725698261,1783237.3954553828,5,"E07,E21,E29,E34,G11",13.974666978861439,29.83128973841667,7.326990917076785,28.656601459641536,32.10847592857254,35.13137238034947,-179.75534078665078,28.021950060075465,2026-03-22 07:16:27
2026-03-22 07:16:29.431997+00:00,4422428.666954872,3111809.64188425,3370553.005118911,1783210.574217665,5,"E07,E21,E29,E34,G11",14.464673788784449,30.97648225352168,7.317110343104125,28.653169429042457,32.10867298146728,35.13185528673138,-172.66017531231046,25.51945922819061,2026-03-22 07:16:29
2026-03-22 07:16:31.431997+00:00,4422388.320050889,3111840.8171082535,3370574.5897020227,1783176.868158938,5,"E07,E21,E29,E34,G11",14.959058744149331,32.128421783447266,7.307204208743104,28.649748486976875,32.10891003658674,35.13237144195502,-173.94089214876294,27.684207956954026,2026-03-22 07:16:31
2026-03-22 07:16:33.431996+00:00,4422353.8135662135,3111872.5377782257,3370600.5489156353,1783148.6765113932,5,"E07,E21,E29,E34,G11",14.515391600429213,31.093475177884102,7.297280430786672,28.646313023139534,32.109156106242835,35.13285671445223,-168.58419144060463,26.789839633223384,2026-03-22 07:16:33
2026-03-22 07:16:35.431996+00:00,4422319.154766793,3111902.886071899,3370626.322995743,1783118.9784254807,5,"E07,E21,E29,E34,G11",11.839300202299937,24.780922580510378,7.287358303637909,28.642877305332917,32.109405142367144,35.133331025464194,-164.09992981236428,26.39391270495242,2026-03-22 07:16:35
2026-03-22 07:16:37.431996+00:00,4422285.29477168,3111934.9517664434,3370642.1301299375,1783085.8840461054,5,"E07,E21,E29,E34,G11",15.574460735080907,33.556792072951794,7.2775306507415065,28.639452249307965,32.109570171863844,35.13381534923643,-163.52257084753364,24.61997932152375,2026-03-22 07:16:37
2026-03-22 07:16:39.431996+00:00,4422245.921990627,3111962.241299737,3370660.2546066195,1783051.7441339262,5,"E07,E21,E29,E34,G11",15.61088211341158,33.640645265579224,7.2676619253644255,28.63603139333342,32.10978768850982,35.134291903883,-167.86000751983374,25.60972066496853,2026-03-22 07:16:39
2026-03-22 07:16:41.431996+00:00,4422220.375956326,3111994.626938164,3370683.590518056,1783024.688526606,5,"E07,E21,E29,E34,G11",12.942424715661254,27.398179084062576,7.257798175492173,28.632583049082417,32.10997674950606,35.1347283067075,-157.3649321515113,23.69596066545241,2026-03-22 07:16:41
2026-03-22 07:16:43.431996+00:00,4422189.533131623,3112018.82243391,3370706.9958038754,1782994.8510930901,5,"E07,E21,E29,E34,G11",15.387841817444338,33.12145467847586,7.2479107862997605,28.629144779873798,32.11020969774056,35.135126040467846,-154.4941639797762,22.828213105464048,2026-03-22 07:16:43
2026-03-22 07:16:45.431996+00:00,4422149.30988265,3112045.1757861082,3370719.98950567,1782959.595373695,5,"E07,E21,E29,E34,G11",11.434066034530858,23.80564958229661,7.238089347659034,28.625727644413082,32.11039393387112,35.13559967578416,-162.60321185737848,24.906049547892792,2026-03-22 07:16:45
2026-03-22 07:16:47.431996+00:00,4421686.868782538,3111897.2926081265,3370521.50872417,1782587.979103488,5,"E07,E21,E29,G11,G24",109.94840270917373,245.6337144933641,7.228619629698292,36.44638540677089,32.11109870684494,35.13713834808323,-660.5220336206257,262.25742412172957,2026-03-22 07:16:47
2026-03-22 07:16:49.431996+00:00,4419420.808481764,3111021.4444611436,3369417.310031758,1780764.313546865,5,"E15,E21,E29,E34,G11",116.13720887879535,246.16606324911118,15.402851259544247,36.665867616265125,32.113965314582906,35.14337137494097,-3244.0421529607847,1334.2970073826104,2026-03-22 07:16:49
2026-03-22 07:16:51.431996+00:00,4421636.140688272,3111946.267758511,3370553.1112037166,1782534.7602164717,5,"E07,E21,E29,G11,G24",102.57627085017884,229.13278288021684,7.209028385460479,36.43561194459825,32.11140387316458,35.13787213290289,-654.9859565496445,1327.8779329034724,2026-03-22 07:16:51
2026-03-22 07:16:53.431996+00:00,4421623.164124636,3111977.7167939534,3370566.728474836,1782517.8369018151,5,"E07,E21,E29,G11,G24",101.99492037193245,227.83118696138263,7.199301367664388,36.430245917465584,32.1114719964071,35.13822380149618,-641.4044686611742,18.32254831348317,2026-03-22 07:16:53
2026-03-22 07:16:55.431996+00:00,4418646.932917403,3111786.4973914274,3370775.0100332047,1781513.3348184398,5,"E15,E27,G06,G12,G25",16.86036610151188,34.386498767882586,27.094237862820936,46.67351973062834,32.12526246952402,35.15472636064718,-2685.051926907152,1494.8158972233084,2026-03-22 07:16:55
2026-03-22 07:16:57.431996+00:00,4420404.686567397,3111847.701520518,3370030.1478126324,1781443.1344286485,5,"E15,E21,E29,G11,G24",162.16262040335695,362.20065677538514,28.63543913655575,44.47215629801195,32.11250881277303,35.144529799680505,-1833.978604754433,955.0214090689492,2026-03-22 07:16:57
2026-03-22 07:16:59.431996+00:00,4420382.2209107615,3111860.606866807,3370021.563086396,1781413.4846742714,5,"E15,E21,E29,G11,G24",160.35308407100956,358.1489849202335,28.625722572100468,44.46944344994446,32.11249568694542,35.14477871138405,-1847.809473367408,13.64689722478887,2026-03-22 07:16:59
2026-03-22 07:17:01.431996+00:00,4421071.825110144,3112412.5355526195,3370060.7492091465,1781963.598463466,5,"E15,E29,G12,G25,G32",262.92727961394763,587.9012700729072,11.551589155975247,37.321940636446854,32.10856806244111,35.145354612348314,-1080.2396447695792,442.0731778350236,2026-03-22 07:17:01
2026-03-22 07:17:03.431996+00:00,4420996.890011261,3112384.860533885,3370034.0926579367,1781882.4767962166,5,"E15,E21,E29,G12,G25",147.03305173655613,328.4897679761052,28.607093498428103,42.601418342461315,32.10873454136554,35.145571928489446,-1159.8042985405773,42.10625674680425,2026-03-22 07:17:03
2026-03-22 07:17:05.431997+00:00,4420360.598399186,3111878.975979534,3370037.207651482,1781342.0214449435,5,"E15,E21,E29,G11,G24",164.2653359014792,366.9061963558197,28.59671191320137,44.46111982687693,32.112649297871975,35.1450698323368,-1845.512377676554,406.4465648514965,2026-03-22 07:17:05
2026-03-22 07:17:07.431997+00:00,4420366.564268442,3111882.711054219,3370030.3919258793,1781327.7985646513,5,"E15,E21,E29,G11,G24",161.5870403020411,360.9102973639965,28.58720429682929,44.45836305210504,32.11256351924168,35.14506580389461,-1843.1824546791613,4.898890036946243,2026-03-22 07:17:07
2026-03-22 07:17:09.431997+00:00,4420352.382375614,3111877.5310906363,3370030.430739911,1781294.2281871052,5,"E15,E21,E29,G11,G24",165.26242426238395,369.1374518983066,28.577588304962333,44.45559202711077,32.112633722569726,35.14510743764395,-1855.5097419945523,7.54916573923921,2026-03-22 07:17:09
2026-03-22 07:17:11.431997+00:00,4420372.183665511,3111885.1581637952,3370041.807763433,1781298.0566275096,5,"E15,E21,E29,G11,G24",159.7210765545706,356.73233023285866,28.568029888520133,44.45276965196398,32.112621953494234,35.145052727069476,-1832.0288553154096,12.038479874969179,2026-03-22 07:17:11
2026-03-22 07:17:13.431997+00:00,4421975.540248758,3112250.0678762817,3370799.0904663512,1782643.6442288107,5,"E07,E21,E29,E34,G11",11.452619388458162,23.835744135081768,7.102787816439405,28.57758348891038,32.111114085066596,35.13843475378537,-141.03976915031672,905.1779553556504,2026-03-22 07:17:13
2026-03-22 07:17:15.431997+00:00,4421509.790370777,3112075.3539035767,3370579.611087833,1782264.9721277521,5,"E07,E21,E29,G11,G24",105.8378465044457,236.42949701473117,7.093494130029709,36.37196157267581,32.111745475467984,35.139761355237326,-665.4861260838807,271.85433539503595,2026-03-22 07:17:15
2026-03-22 07:17:17.431997+00:00,4420323.723897016,3111916.6240168093,3370035.730875648,1781226.2458317727,5,"E15,E21,E29,G11,G24",161.75153552940856,361.27665177360177,28.5389052420987,44.44448832474435,32.11267867774602,35.145621093077686,-1853.479909944348,657.2203858563719,2026-03-22 07:17:17
2026-03-22 07:17:19.431997+00:00,4421939.169191686,3112294.556794289,3370800.4008776722,1782587.5051164587,5,"E07,E21,E29,E34,G11",12.94696791252474,27.39184883236885,7.073981266423426,28.567240237574502,32.111143925948305,35.13904205241857,-143.84719897806644,913.4025531444344,2026-03-22 07:17:19
2026-03-22 07:17:21.431997+00:00,4421476.9720945,3112128.7479776996,3370583.224732911,1782216.4705964949,5,"E07,E21,E29,G11,G24",111.39562012527104,248.86772520840168,7.0646925733443915,36.35601813580886,32.11175440541209,35.14042420651795,-660.2657739305869,268.46051765539545,2026-03-22 07:17:21
2026-03-22 07:17:23.431997+00:00,4421607.834403165,3112820.076153233,3371430.7992198532,1782651.7417346572,5,"E07,E15,E21,G24,G29",265.0231082984448,586.6805586032569,7.048685526506363,35.54529138502927,32.11580777634142,35.14561620486812,217.99673653487116,550.7817401272821,2026-03-22 07:17:23
2026-03-22 07:17:25.431997+00:00,4421570.048302436,3112840.223923724,3371412.4375690124,1782618.2429330673,5,"E07,E15,E21,G24,G29",261.7042551158666,579.4071764312685,7.039180231730002,35.54423077706967,32.11576005552179,35.14602124476128,191.88927367608994,23.296310253005906,2026-03-22 07:17:25
2026-03-22 07:17:27.431997+00:00,4421548.436569217,3112870.422776955,3371421.357783861,1782597.1441878674,5,"E07,E15,E21,G24,G29",260.8538837519365,577.4495645686984,7.029496336943429,35.54306821546401,32.11582956333796,35.14641471205195,196.38831195328385,19.095863309688507,2026-03-22 07:17:27
2026-03-22 07:17:29.431997+00:00,4421432.447233668,3112243.651360909,3370617.5891777845,1782171.0689833749,5,"E07,E21,E29,G11,G24",99.55642526941627,222.15165078639984,7.026092173994747,36.334578718959655,32.111874399249174,35.141691456564615,-616.8187829442322,512.9180992243773,2026-03-22 07:17:29
2026-03-22 07:17:31.431997+00:00,4420206.329337735,3112092.7573805647,3370052.3086685594,1781108.2405777045,5,"E15,E21,E29,G11,G24",161.52238784861285,360.7609878219664,28.470123809900226,44.425058495842705,32.11277942782303,35.147863822372585,-1840.0902402503416,679.278319641656,2026-03-22 07:17:31
2026-03-22 07:17:33.431996+00:00,4422033.1420194255,3112801.270071441,3370543.0687350687,1782552.3897737926,5,"E13,E19,G06,G12,G25",43.173048562989486,95.95242803171277,24.29355220288438,37.06874238384804,32.10741183879764,35.14285926912626,31.507862424477935,1009.9609311852514,2026-03-22 07:17:33
2026-03-22 07:17:35.431996+00:00,4422020.148186537,3112859.784862348,3370549.166439372,1782549.9967850836,5,"E13,E19,G06,G12,G25",57.12934494074862,127.30346981808543,24.291481439847974,37.07203898226287,32.10734790179741,35.14344547372173,54.27942574210465,30.124750811375684,2026-03-22 07:17:35
2026-03-22 07:17:37.431996+00:00,4422011.833615034,3112887.387160892,3370548.513928641,1782531.8545029997,5,"E13,E19,G06,G12,G25",50.30349448109693,111.98046254366636,24.289705085299694,37.075399386873144,32.10729934941469,35.14373532047328,61.63209363166243,14.41739187984314,2026-03-22 07:17:37
2026-03-22 07:17:39.431996+00:00,4421952.355462681,3112911.677535277,3370530.783040901,1782486.001823113,5,"E13,E19,G06,G12,G25",45.48334741032171,101.14912174269557,24.28779250528333,37.078849140490846,32.107330005954275,35.14430851420212,22.85471719969064,33.32438024615074,2026-03-22 07:17:39
2026-03-22 07:17:41.431996+00:00,4421953.1199731575,3112955.472993356,3370535.6604048354,1782480.8602792597,5,"E13,E19,G06,G12,G25",44.57087109551636,99.0976168513298,24.285886894232508,37.08214990516545,32.107243429690094,35.14468327890354,47.331206718459725,22.036420442037205,2026-03-22 07:17:41
2026-03-22 07:17:43.431996+00:00,4421307.485266918,3112499.340899349,3370613.4936743528,1782055.14475895,5,"E21,E29,E34,G11,G24",126.89143321774853,283.5275171287358,15.19981161294326,37.94534859367549,32.11162738867435,35.14466924364841,-580.8827782254666,397.1645373543454,2026-03-22 07:17:43
2026-03-22 07:17:45.431996+00:00,4421904.6975492,3113057.8893119264,3370539.2387162736,1782450.990830076,5,"E13,E19,G06,G12,G25",54.35492424920421,121.07817056775093,24.28177865630259,37.08880524691248,32.107177962606464,35.145865893889194,65.63321459852159,410.53399314174635,2026-03-22 07:17:45
2026-03-22 07:17:47.431996+00:00,4421852.772504862,3113079.1600964013,3370524.1401052237,1782400.193536401,5,"E13,E19,G06,G12,G25",51.985864173452526,115.75983616709709,24.279904748093575,37.09224589248619,32.107207445274824,35.14636687192977,32.0156421456486,29.05436523674652,2026-03-22 07:17:47
2026-03-22 07:17:49.431996+00:00,4421858.330194483,3113140.689144961,3370531.125999477,1782403.6720401403,5,"E13,E19,G06,G12,G25",56.5011810192267,125.89543593302369,24.27783105737843,37.095482039394916,32.10706925317348,35.14686602271758,69.5811637332663,31.086630764283626,2026-03-22 07:17:49
2026-03-22 07:17:51.431996+00:00,4421646.361994917,3113076.400718286,3371248.171120227,1782517.2250759706,5,"E19,E27,E30,G11,G24",126.94000331528392,239.1369571723044,22.762171901332707,42.95777874737391,32.11355447600031,35.14760195140023,272.57159671839327,375.2389987136297,2026-03-22 07:17:51
2026-03-22 07:17:53.431996+00:00,4421400.964962071,3113059.1381808063,3370445.924119467,1782025.5800259141,5,"E13,E19,E27,E30,G12",127.66018620216873,282.1706319451332,22.757803660113456,40.83903832580599,32.10843601159146,35.14894927594476,-332.2460785796866,419.5586815804368,2026-03-22 07:17:53
2026-03-22 07:17:55.431996+00:00,4421758.921785461,3113293.0111306733,3370538.7428744775,1782334.722772623,5,"E13,E30,G06,G12,G25",110.70384410129894,247.09947238489985,22.750532350835524,36.801308668272824,32.10709672838638,35.14879195055485,79.05641424003989,218.7721219515157,2026-03-22 07:17:55
2026-03-22 07:17:57.431996+00:00,4421738.040462255,3113303.3468613345,3370523.87754388,1782295.45745525,5,"E13,E19,G06,G12,G25",60.33526826499159,134.49790047854185,24.269859701974287,37.108908485855174,32.107036491986776,35.14900885702766,61.73323049210012,13.818782877964194,2026-03-22 07:17:57
2026-03-22 07:17:59.431996+00:00,4421694.983443221,3113371.7633046927,3370532.5985030867,1782273.9640102587,5,"E13,E30,G06,G12,G25",107.63058821773603,240.2585307955742,22.739272575725682,36.80657269400653,32.10708306249075,35.14986418417075,69.91116098314524,40.653326245566156,2026-03-22 07:17:59
2026-03-22 07:18:01.431996+00:00,4421709.345891127,3113399.45151065,3370537.5944068176,1782262.0189185024,5,"E13,E19,G06,G12,G25",59.14391427624984,131.82596328482032,24.265822403263712,37.11553388030907,32.10698853359422,35.150016439053104,96.0164410956204,15.794585409950404,2026-03-22 07:18:01
2026-03-22 07:18:03.431996+00:00,4420986.686686271,3112909.645339322,3370569.2044433192,1781757.6831971821,5,"E21,E29,E34,G11,G24",152.2293349269371,340.21792978048325,15.129714798809124,37.89691010972042,32.11141420134994,35.15018132334371,-626.5356201976538,436.7910273353659,2026-03-22 07:18:03
2026-03-22 07:18:05.431997+00:00,4421276.161248273,3113170.674246351,3370542.3094667536,1781988.8935138062,5,"E21,E29,E34,G11,G25",99.33799211126781,170.42074666917324,15.120354310446256,34.54249807694123,32.10935365679286,35.150676919031596,-313.06003535725176,195.35531696169022,2026-03-22 07:18:05
2026-03-22 07:18:07.431997+00:00,4421628.5764564015,3113416.4687552727,3370641.6368398382,1782273.2906682007,5,"E21,E29,G11,G19,G25",124.3077962480674,276.06359220668674,8.146621705737664,33.149106437201155,32.10805285713089,35.150656535069686,103.67489155661315,220.49792889058736,2026-03-22 07:18:07
2026-03-22 07:18:09.431997+00:00,4421705.66684149,3113370.177045146,3370942.042339596,1782302.0208116218,5,"E07,E21,E29,G11,G19",43.37076473037526,96.47875136882067,6.834285237092929,27.085704374748836,32.11017308526094,35.149785276807826,294.16685708612204,156.78752675537487,2026-03-22 07:18:09
2026-03-22 07:18:11.431997+00:00,4421345.323848745,3113270.1885343995,3370814.3406697605,1782017.2873152753,5,"E07,E21,E29,E34,G11",12.831750740078235,27.093585807830095,6.824639907476076,28.476693798971855,32.110885912246715,35.15111714846904,-72.03365831822157,197.58067414397095,2026-03-22 07:18:11
2026-03-22 07:18:13.431997+00:00,4421310.563441617,3113313.5966468,3370803.5171813495,1781982.007533699,5,"E07,E21,E29,E34,G11",16.590957453394054,35.875708661973476,6.815142290972602,28.4732097476875,32.11081967631574,35.15170525972372,-80.69185918103904,28.327098453772358,2026-03-22 07:18:13
2026-03-22 07:18:15.431997+00:00,4421129.324531062,3113381.440976823,3370555.920480444,1781842.949221819,5,"E21,E29,E34,G11,G25",104.81164682973801,180.03978857398033,15.085290415648402,34.5455543496227,32.10945144301745,35.153398680993725,-304.731870399788,157.12616118501697,2026-03-22 07:18:15
2026-03-22 07:18:17.431997+00:00,4421254.605596632,3113395.384492396,3370815.429790089,1781922.477187798,5,"E07,E21,E29,E34,G11",12.146555135112077,25.461981557309628,6.7958934961433375,28.466178567194437,32.11090426304744,35.15275518071714,-73.22724119201303,144.2522519835087,2026-03-22 07:18:17
2026-03-22 07:18:19.431997+00:00,4421235.673672599,3113446.254147879,3370820.524642592,1781895.2133169044,5,"E07,E21,E29,E34,G11",10.400308439663656,21.245659612119198,6.786318113698327,28.462643832422106,32.1108769807743,35.15331137012868,-58.82186499796808,27.258471704085363,2026-03-22 07:18:19
2026-03-22 07:18:21.431997+00:00,4421185.068798772,3113476.979081739,3370806.855846637,1781851.6136504542,5,"E07,E21,E29,E34,G11",19.024804817465917,41.4760948009789,6.776789903526074,28.459183259359225,32.11088610737499,35.15388626833719,-86.14901144616306,30.379725141116275,2026-03-22 07:18:21
2026-03-22 07:18:23.431997+00:00,4421170.43165892,3113520.9421653296,3370826.31395474,1781828.9829605815,5,"E07,E21,E29,E34,G11",13.520436761943673,28.71356562897563,6.7670978329221345,28.455625703395054,32.110970764880385,35.15435642229278,-64.50189995020628,25.12775633025518,2026-03-22 07:18:23
2026-03-22 07:18:25.431997+00:00,4421141.089134619,3113573.257745196,3370820.6121508493,1781791.476131083,5,"E07,E21,E29,E34,G11",17.85293834246947,38.78233103081584,6.7575916849338515,28.45211033823705,32.110897816066036,35.15498864692768,-62.33874253369868,30.126459287256058,2026-03-22 07:18:25
2026-03-22 07:18:27.431997+00:00,4421108.907320878,3113610.675725635,3370825.420340822,1781757.755135337,5,"E07,E21,E29,E34,G11",13.797452243693298,29.363136645406485,6.747970586451168,28.448593442478852,32.11095739341213,35.15550913583305,-63.82034319639206,24.79361352554766,2026-03-22 07:18:27
2026-03-22 07:18:29.431997+00:00,4423099.64539819,3116457.584087038,3372155.178575623,1782868.829655813,5,"E21,E29,E34,G11,G19",54.02429155470475,120.04795306175947,8.020704578749257,28.695777953055956,32.10545692021987,35.16801874484166,3410.2577578164637,1859.850953282841,2026-03-22 07:18:29
2026-03-22 07:18:31.431997+00:00,4420695.715926264,3114160.0598675217,3371387.6936021093,1781733.8918865626,5,"E07,E15,E21,G24,G29",237.84089037474567,523.0672695972025,6.723182120664613,35.50622592778857,32.11535494498114,35.16278930624956,216.9168677413836,1706.350464428848,2026-03-22 07:18:31
2026-03-22 07:18:33.431996+00:00,4420547.018656078,3113545.5477017765,3374848.0386816775,1782534.6809005167,5,"E15,E27,E30,G06,G25",24.290391226666213,53.417316399514675,22.644423007937384,38.785960931514815,32.144057242272446,35.15837325860349,1654.6298632221296,1758.8161162721972,2026-03-22 07:18:33
2026-03-22 07:18:35.431996+00:00,4419983.617875781,3114198.481929956,3370443.1284274757,1781165.2984826914,5,"E15,E30,G12,G24,G29",307.4881578351957,687.4632870145142,22.6472114831511,43.52846030281568,32.11082452687348,35.16746789159386,-759.5339092658833,2244.269251512624,2026-03-22 07:18:35
2026-03-22 07:18:37.431996+00:00,4420980.024245963,3113834.9027074706,3370858.684683782,1781594.3988909354,5,"E07,E21,E29,E34,G11",8.708700116640658,17.013826724141836,6.699949184308958,28.430904460472526,32.11109767355233,35.15823789745877,-26.02861729543656,569.5837312719633,2026-03-22 07:18:37
2026-03-22 07:18:39.431996+00:00,4424423.419583987,3115421.792659922,3376174.9527227627,1785001.4466831903,5,"E15,E21,E34,G24,G29",214.3090403063098,479.12814619392157,15.00280419464844,37.15528384300471,32.133808718605614,35.15098016273542,5958.961037917063,3264.885030035675,2026-03-22 07:18:39
2026-03-22 07:18:41.431996+00:00,4417741.391141121,3113626.1328394646,3369787.5933380565,1779429.0567834245,5,"E13,E27,G06,G12,G25",4.531574258685027,6.631319019943476,26.581296936128794,44.297443180698416,32.116186157493026,35.17619861473454,-2939.6876855418086,4708.297415506818,2026-03-22 07:18:41
2026-03-22 07:18:43.431996+00:00,4421075.422552878,3114283.229535484,3370582.730551024,1781567.223823386,5,"E13,E19,G06,G12,G25",54.60165105502415,121.63850137218833,24.2226928050882,37.18565107440228,32.10737840859916,35.161539312323725,112.03705739602447,1744.9774146064494,2026-03-22 07:18:43
2026-03-22 07:18:45.431996+00:00,4421076.868666089,3114336.4388182675,3370592.137247358,1781559.1597545182,5,"E13,E19,G06,G12,G25",63.673074068315735,141.98795214667916,24.220589742597703,37.18888296709618,32.10729772471025,35.16199136986918,143.99407581984997,27.026861423663476,2026-03-22 07:18:45
2026-03-22 07:18:47.431996+00:00,4419501.4806470545,3114357.0012839613,3370319.075507719,1780679.7379221348,5,"E13,E27,G12,G24,G29",62.024140109808535,136.96997905150056,31.418618085145106,48.511006932905154,32.11132862322699,35.171784008888615,-1081.9669458884746,799.5049936004032,2026-03-22 07:18:47
2026-03-22 07:18:49.431996+00:00,4419165.710341479,3113676.0449795728,3370095.5233222535,1780002.6032123955,5,"E15,E21,E29,G11,G24",158.5254347693912,354.0359220057726,28.08109328835334,44.31522064275358,32.11281743349553,35.167934352910514,-1765.509795642458,395.7331064680674,2026-03-22 07:18:49
2026-03-22 07:18:51.431996+00:00,4419421.28786818,3114410.057863314,3370332.829652144,1780582.2423642962,5,"E13,E27,G12,G24,G29",53.405926571044176,110.93952412158251,31.439382118026188,48.51493645663337,32.11160145696353,35.172733153983344,-1104.2918774932623,406.3277863558707,2026-03-22 07:18:51
2026-03-22 07:18:53.431996+00:00,4420538.2689523455,3114681.0012857034,3370890.763127491,1781568.134858019,5,"E27,E30,G12,G24,G29",114.31609015157383,255.05184112489223,22.591021046083128,45.940046972660426,32.1107380673724,35.16826238206434,97.86081891972572,638.8166488577317,2026-03-22 07:18:53
2026-03-22 07:18:55.431996+00:00,4420520.69332749,3114705.1904635597,3370888.545991163,1781538.3895824936,5,"E27,E30,G12,G24,G29",116.15222110772103,259.1665802784264,22.585179344087287,45.93816744202563,32.110723216705544,35.16857915172726,96.313925486058,14.991119103604452,2026-03-22 07:18:55
2026-03-22 07:18:57.431996+00:00,4421046.154762789,3114286.0085383225,3371002.017970728,1781501.6542787317,5,"E07,E21,E29,G11,G19",43.524008742278696,96.82942513003945,6.604398160003288,26.980739580662764,32.11068810098284,35.16174196045372,315.9900329262018,340.8442080254343,2026-03-22 07:18:57
2026-03-22 07:18:59.431996+00:00,4420262.713007939,3113997.9120764346,3370654.4086115574,1780872.7084912215,5,"E07,E21,E29,G11,G24",104.29370196508852,232.956241119653,6.595211205715078,36.09238636994191,32.11189852440341,35.16402707314315,-551.8161886259913,452.10972705122396,2026-03-22 07:18:59
2026-03-22 07:19:01.431996+00:00,4420696.617218846,3114183.676521778,3370855.3021544875,1781192.4702892243,5,"E07,E21,E29,E34,G11",13.147544602388818,27.813860584050417,6.585516519950601,28.388504505663036,32.111219713547754,35.16298837795714,-53.95574195124209,256.48562775911074,2026-03-22 07:19:01
2026-03-22 07:19:03.431996+00:00,4420724.889420906,3114206.5085361893,3370860.6501832977,1781183.9148751833,5,"E07,E21,E29,E34,G11",7.711102517704857,14.557140957564116,6.576101589536426,28.38490099910921,32.11108673526606,35.16301363235423,-20.39828658849001,18.365863058468367,2026-03-22 07:19:03
2026-03-22 07:19:05.431997+00:00,4421048.417874064,3114344.3220963464,3370981.1053622765,1781400.3782647238,5,"E07,E21,E29,G11,G19",53.615688460556925,119.48911346495152,6.566723398765726,26.963163548733007,32.1103585289384,35.162233245031565,334.88591354340315,185.85784173418716,2026-03-22 07:19:05
2026-03-22 07:19:07.431997+00:00,4420913.918930128,3114560.855086113,3370636.904974271,1781270.77002652,5,"E07,E29,G06,G12,G25",96.94799735271414,216.6895839162171,6.560081000850404,32.18494787497247,32.107658713078465,35.16492941662789,164.4260666957125,214.15555601024755,2026-03-22 07:19:07
2026-03-22 07:19:09.431997+00:00,4420949.579680254,3114485.4941219776,3370631.031945783,1781297.6493097683,5,"E07,E29,G11,G19,G25",73.64094501963339,164.3535128608346,6.550697348773552,26.779358102963965,32.10768215110179,35.1640590898185,149.23435310460627,41.78952164877122,2026-03-22 07:19:09
2026-03-22 07:19:11.431997+00:00,4421028.516827177,3114371.6126154694,3370941.9886780744,1781304.2258733718,5,"E07,E21,E29,G11,G19",50.04242234241116,111.47109268978238,6.5386081710451585,26.95004070078337,32.1100624011012,35.162591052474674,313.62500387523323,170.216156728925,2026-03-22 07:19:11
2026-03-22 07:19:13.431997+00:00,4420719.151401266,3114260.799847546,3370803.947553123,1781041.4103939082,5,"E07,E21,E29,E34,G11",9.36591896489704,18.641756743192673,6.529264170650681,28.367175598264318,32.110526216391804,35.163518919685714,-28.02867589239031,178.2146097137495,2026-03-22 07:19:13
2026-03-22 07:19:15.431997+00:00,4420718.301129797,3114267.820482984,3370790.7958267797,1781011.0834680526,5,"E07,E21,E29,E34,G11",9.988137906990676,20.190480280667543,6.519915102914518,28.363630033066357,32.110409706570955,35.1635849207717,-32.183541745878756,7.466260599096582,2026-03-22 07:19:15
2026-03-22 07:19:17.431997+00:00,4420267.142466669,3114089.3820837345,3370579.963166194,1780632.8698959355,5,"E07,E21,E29,G11,G24",95.07471106320773,211.568463511765,6.510700934734466,36.0444890291948,32.11105991602671,35.164792417461875,-543.7012746613473,264.4970757926583,2026-03-22 07:19:17
2026-03-22 07:19:19.431997+00:00,4420724.409675616,3114272.216586963,3370762.9580219476,1780951.567107732,5,"E07,E21,E29,E34,G11",7.066498621014127,13.329199824482203,6.501251082098499,28.356534683512972,32.11016099113218,35.16358572469424,-40.60638169199228,262.68273315022424,2026-03-22 07:19:19
2026-03-22 07:19:21.431997+00:00,4420309.205950622,3114100.6574312444,3370554.4590934543,1780599.423707654,5,"E07,E21,E29,G11,G24",89.52966366787003,199.3371963724494,6.492141239644742,36.03392978809258,32.11066910424243,35.16463338636898,-522.6313932165504,247.6380828659458,2026-03-22 07:19:21
2026-03-22 07:19:23.431997+00:00,4418789.491411574,3113745.625750865,3369675.52296115,1779196.516811192,5,"E15,E21,E29,G12,G24",52.632375135583295,116.15493626520038,27.91803190329174,45.946850820290344,32.11089085492297,35.170834012234444,-2215.315356030129,895.5596712305033,2026-03-22 07:19:23
2026-03-22 07:19:25.431997+00:00,4422099.569215337,3115418.7412302373,3371419.352544111,1781783.5597849188,5,"E15,E21,E29,G06,G32",56.73756482621494,126.77507075294852,11.488499062612064,30.359841267544926,32.106621797823166,35.1651250077461,1819.8394622681662,2049.1993612560377,2026-03-22 07:19:25
2026-03-22 07:19:27.431997+00:00,4418843.529486607,3113750.8580543143,3369621.876201887,1779152.089906725,5,"E15,E21,E29,G12,G24",56.23940306286662,123.96690735965967,27.899462540550832,45.941716325152626,32.110254659029806,35.17054942833273,-2203.8632535487413,2038.0474849994455,2026-03-22 07:19:27
2026-03-22 07:19:29.431997+00:00,4420391.106825897,3114708.5525075546,3371147.2454636507,1780802.9572657126,5,"E07,E15,E21,G24,G29",219.29812337820644,476.483509093523,6.449914530004216,35.47433432188664,32.11319774296058,35.16939912321891,145.74741530045867,1187.3211098501736,2026-03-22 07:19:29
2026-03-22 07:19:31.431997+00:00,4421320.370920397,3114999.439783117,3370921.6464393623,1781061.7195577133,5,"E07,E15,E21,E29,E34",5.9743643758264815,11.212924037128687,6.445702495457859,27.046387874061462,32.10703046262702,35.16624784386618,811.1844874611124,499.7604636654015,2026-03-22 07:19:31
2026-03-22 07:19:33.431996+00:00,4419286.954391245,3113922.741251068,3369874.152644266,1779469.6284205816,5,"E15,E21,E29,G11,G24",149.41774185327503,327.85885045677423,27.87078242062156,44.251037157734075,32.10996947070262,35.169331545536316,-1678.878152356483,1264.0522291446705,2026-03-22 07:19:33
2026-03-22 07:19:35.431996+00:00,4420856.136849825,3114279.9092936586,3370559.2672319952,1780746.0722625793,5,"E07,E21,E29,E34,G11",8.103193467660272,15.37965651229024,6.4278132274446795,28.328093755954303,32.10806762644979,35.16284856100052,-53.905670868232846,874.540536122258,2026-03-22 07:19:35
2026-03-22 07:19:37.431996+00:00,4420865.834417975,3114278.4594141985,3370523.0858821934,1780713.4273290343,5,"E07,E21,E29,E34,G11",9.61824290393319,19.251880556344986,6.4187121863067675,28.32455358011804,32.10775724582648,35.16277682917035,-67.12854286469519,18.743232458286915,2026-03-22 07:19:37
2026-03-22 07:19:39.431996+00:00,4420893.160739278,3114288.298638006,3370496.647413458,1780694.2073974842,5,"E07,E21,E29,E34,G11",6.0623628493019215,11.422542907297611,6.409593851978592,28.320969852635518,32.10742104636838,35.16269531454382,-57.45816242322326,19.637532878397877,2026-03-22 07:19:39
2026-03-22 07:19:41.431996+00:00,4420921.861685271,3114301.391572539,3370480.949504005,1780676.5329057772,5,"E07,E21,E29,E34,G11",8.061669472341805,15.263387352228165,6.40038970835344,28.3173653627264,32.10715252540126,35.162633596077555,-39.53977644909173,17.618127005900693,2026-03-22 07:19:41
2026-03-22 07:19:43.431996+00:00,4422909.608155344,3117085.518249171,3371716.887960355,1781751.377850921,5,"E21,E29,E34,G11,G19",53.9883322919041,119.90918666869402,7.592257814697835,28.548309172028457,32.101122058535374,35.17461319286086,3352.136767935008,1818.6561830580852,2026-03-22 07:19:43
2026-03-22 07:19:45.431996+00:00,4422931.458588059,3117093.3938634642,3371693.296169342,1781728.2533281962,5,"E21,E29,E34,G11,G19",65.35030071286951,145.4558763578534,7.580408138655008,28.544184290092822,32.10083464949525,35.174548073168324,3358.57295754645,16.5532422318003,2026-03-22 07:19:45
2026-03-22 07:19:47.431996+00:00,4422948.837837641,3117089.3362993505,3371665.4257810963,1781704.1702994735,5,"E21,E29,E34,G11,G19",54.22780511687275,120.44487078860402,7.568546267736367,28.540072663702727,32.10056500394222,35.174406942436484,3353.8162827361375,16.547361447808758,2026-03-22 07:19:47
2026-03-22 07:19:49.431996+00:00,4422958.133332153,3117085.312151778,3371632.8662789115,1781673.6947193379,5,"E21,E29,E34,G11,G19",56.266885517179134,125.03237460553646,7.556734701587107,28.53598070140519,32.10029111143964,35.17431541109597,3340.9867742583156,17.049348700376484,2026-03-22 07:19:49
2026-03-22 07:19:51.431996+00:00,4419025.50689337,3113756.321647868,3369289.32083906,1778831.2534895134,5,"E15,E21,E29,G12,G24",56.92158993500471,125.77437745779753,27.787391706395315,45.91091167057285,32.106985107806956,35.169485781449374,-2251.956157522276,2830.191411847575,2026-03-22 07:19:51
2026-03-22 07:19:53.431996+00:00,4421861.356091645,3115193.7731793015,3370801.9761681827,1781064.7589208859,5,"E15,E21,E29,G19,G32",41.21406635191234,91.77114428207278,7.534021228267511,26.597600983397285,32.10346077926787,35.164630169308865,1217.0098773902282,1760.4284794686214,2026-03-22 07:19:53
2026-03-22 07:19:55.431996+00:00,4420595.898422673,3114715.788080199,3370780.168090671,1780465.414175266,5,"E07,E15,E21,G24,G29",207.60978917638295,448.039882119745,6.33103724984284,35.46154589861244,32.10957143196838,35.168211986403584,95.94912319537252,676.4481612006324,2026-03-22 07:19:55
2026-03-22 07:19:57.431996+00:00,4420620.18890464,3114722.128359872,3370761.4098732304,1780451.3250779735,5,"E07,E15,E21,G24,G29",208.84296737770285,449.87630185857415,6.321853750632112,35.46052265367821,32.109315463118605,35.16811866552951,105.8909061588347,15.66921649331412,2026-03-22 07:19:57
2026-03-22 07:19:59.431996+00:00,4420630.228100059,3114726.2668879265,3370744.9664698862,1780431.014111918,5,"E07,E15,E21,G24,G29",207.20536321870702,446.2568138614297,6.312604032828336,35.45947491492363,32.109139097124995,35.16809324509326,106.12111180648208,9.852643968048094,2026-03-22 07:19:59
2026-03-22 07:20:01.431996+00:00,4420640.25875513,3114729.250569675,3370735.2762029087,1780413.3418662446,5,"E07,E15,E21,G24,G29",209.07224619088004,449.21577783674,6.303295066138811,35.4584011230299,32.10901753680246,35.168057874545724,109.37154959980398,7.131228365945033,2026-03-22 07:20:01
2026-03-22 07:20:03.431996+00:00,4420638.176540752,3114728.3278592178,3370722.53986819,1780386.1829521183,5,"E07,E15,E21,G24,G29",206.5335971453492,443.9112791419029,6.293972443034917,35.45732855654312,32.108930956475426,35.1680625896276,100.70984449516982,6.469181427578304,2026-03-22 07:20:03
2026-03-22 07:20:05.431997+00:00,4420931.3555732975,3114517.2565114107,3370588.2188927424,1780494.8390587152,5,"E19,E27,E30,G11,G24",98.45681033257813,194.95482793822885,22.366164655586086,42.64057036934672,32.107338850039106,35.16444539750079,129.35402373969555,192.70900010607684,2026-03-22 07:20:05
2026-03-22 07:20:07.431997+00:00,4421349.150462534,3115083.3287718566,3370343.634402494,1780682.6815523824,5,"E13,E27,E30,G25,G32",4.302987169436679,9.237212218344212,11.47263890861236,33.45248740483978,32.10227121240355,35.166798736707456,564.8466555560008,372.428498637269,2026-03-22 07:20:07
2026-03-22 07:20:09.431997+00:00,4420915.576745313,3114523.7318825847,3370547.4508927385,1780434.6805071598,5,"E19,E27,E30,G11,G24",100.30570540852993,200.95210808888078,22.35405837159864,42.63084110341801,32.10707138932458,35.16459776397332,99.91822818852961,368.33273288011696,2026-03-22 07:20:09
2026-03-22 07:20:11.431997+00:00,4420933.753078924,3114535.904315348,3370546.5326106385,1780429.2412297965,5,"E19,E27,E30,G11,G24",97.17905234534575,194.0700427889824,22.347867383394505,42.62589116024317,32.10695955311373,35.1645922835284,117.95495843887329,10.947493604936973,2026-03-22 07:20:11
2026-03-22 07:20:13.431997+00:00,4420939.039706068,3114549.6215832797,3370537.0385794505,1780409.2070997453,5,"E19,E27,E30,G11,G24",99.59127201444164,200.61203759908676,22.341784048180905,42.6209897107285,32.10682845131333,35.164678834850896,123.26159920636564,8.749978489707614,2026-03-22 07:20:13
2026-03-22 07:20:15.431997+00:00,4420929.221548132,3114550.7937315432,3370490.266163283,1780374.756943344,5,"E19,E27,E30,G11,G24",97.57452380604846,196.41723986715078,22.33573582020183,42.616135116560216,32.10650640524,35.16474889662055,92.17522791773081,23.903080716487757,2026-03-22 07:20:15
2026-03-22 07:20:17.431997+00:00,4420931.3958151555,3114570.15904084,3370470.930844065,1780360.751346703,5,"E19,E27,E30,G11,G24",98.69556507255182,199.78405209630728,22.329714951799144,42.61125605778476,32.106296732091764,35.16490335815725,92.85160758905113,13.725862545902832,2026-03-22 07:20:17
2026-03-22 07:20:19.431997+00:00,4420910.996449171,3114626.188699334,3369717.3966730386,1780093.802649591,5,"E13,E19,E30,G12,G25",49.639366375195166,110.5090997852385,22.324233412544903,36.594674814158886,32.100465575729736,35.16551312024155,-294.40426254924387,377.9448384578383,2026-03-22 07:20:19
2026-03-22 07:20:21.431997+00:00,4418334.480157146,3114240.6703524115,3369144.661819792,1778427.9385876115,5,"E13,E19,E27,E30,G25",79.49501734839335,177.48249796405435,22.3348070101376,36.015260861937826,32.10725025263731,35.177901291390974,-2570.9648448750377,1333.7059093934984,2026-03-22 07:20:21
2026-03-22 07:20:23.431997+00:00,4420920.429549804,3114638.751537303,3370402.526002973,1780310.4124668858,5,"E19,E27,E30,G11,G24",97.20286988597995,198.08205887675285,22.31185425716213,42.59668802064262,32.10562782633052,35.165564368510985,82.36480116844177,1451.5358413143836,2026-03-22 07:20:23
2026-03-22 07:20:25.431997+00:00,4421353.093244533,3115233.4429472135,3370178.099728803,1780531.6561967863,5,"E13,E27,E30,G25,G32",4.936435817111347,10.59563421830535,11.463765429130815,33.481062116547875,32.100576996519564,35.168074656194236,552.8504182985052,384.45510085565957,2026-03-22 07:20:25
2026-03-22 07:20:27.431997+00:00,4419490.834987289,3114550.0270198546,3369476.4737923774,1779118.1729399536,5,"E13,E19,E27,G24,G29",90.22795534490699,187.19585867598653,24.125592893669076,40.91128025442488,32.104399585076045,35.17352106940164,-1443.0090649984777,1052.0625101563355,2026-03-22 07:20:27
2026-03-22 07:20:29.431997+00:00,4420913.005927344,3114736.908307918,3370350.54501749,1780280.37341998,5,"E19,E27,E30,G11,G24",98.16476028908873,202.1191921532154,22.294161367646407,42.58213164531073,32.10498888487126,35.166459810557065,97.48514201771468,839.8653619976903,2026-03-22 07:20:29
2026-03-22 07:20:31.431997+00:00,4421342.688281969,3115338.6768768746,3370139.5654504728,1780510.0876794874,5,"E13,E27,E30,G25,G32",3.787168686692759,8.128462627530098,11.460244681998741,33.49055956226634,32.10003295674033,35.16904943602801,576.5143519779667,384.4686964368725,2026-03-22 07:20:31
2026-03-22 07:20:33.431996+00:00,4420885.106752353,3114800.0479449206,3370318.578356575,1780255.6933830618,5,"E19,E27,E30,G11,G24",96.41034239073508,198.9678483568132,22.282520906613023,42.572483767412706,32.10467971124784,35.167176902699666,91.98122128099203,364.5367384377269,2026-03-22 07:20:33
2026-03-22 07:20:35.431996+00:00,4419438.089494925,3114687.4771836493,3369415.412526991,1779071.1952161414,5,"E13,E19,E27,G24,G29",89.45256104343055,184.96318493783474,24.116835285872604,40.91451551552364,32.10376013540102,35.17503367756653,-1444.909743707627,854.7279735850493,2026-03-22 07:20:35
2026-03-22 07:20:37.431996+00:00,4419428.852719864,3114720.186892168,3369399.552264399,1779065.2793008317,5,"E13,E19,E27,G24,G29",92.28302282972511,191.46959188207984,24.114663196740057,40.91533096976238,32.10358481264157,35.17537339814574,-1443.7723284754902,18.75360614930422,2026-03-22 07:20:37
2026-03-22 07:20:39.431996+00:00,4420835.681501036,3114906.938037727,3370284.2101776055,1780226.058024367,5,"E19,E27,E30,G11,G24",98.50933961037366,205.36687283217907,22.26519494293078,42.55803224710225,32.10431575163771,35.168404261446916,91.64180712588131,836.1612932472556,2026-03-22 07:20:39
2026-03-22 07:20:41.431996+00:00,4420805.806681408,3114936.090878082,3370284.0175577356,1780211.773433733,5,"E19,E27,E30,G11,G24",96.36463253438464,200.72492821142077,22.259473738337434,42.55323404256354,32.104350847969854,35.168839052337525,85.07629357930273,20.871212536521227,2026-03-22 07:20:41
2026-03-22 07:20:43.431996+00:00,4419432.588611422,3114084.9893190134,3368866.64952871,1778719.9172787196,5,"E13,E21,E29,G11,G24",144.8250478437762,323.6319947242737,27.540856102859433,41.83766203948586,32.10125217100156,35.16984814304094,-2034.3421841543168,1074.596885032584,2026-03-22 07:20:43
2026-03-22 07:20:45.431996+00:00,4417806.333666094,3114550.9136429415,3368855.567225639,1778056.3655763066,5,"E13,E27,G06,G12,G25",5.813156486540064,8.515820313245058,25.95794770584084,44.49963485902973,32.10625376417891,35.18381451585546,-2938.8600789243355,845.8595392076735,2026-03-22 07:20:45
2026-03-22 07:20:47.431996+00:00,4420735.403347651,3115116.3148161136,3369563.722636043,1779963.3600729406,5,"E13,E19,E30,G12,G25",45.39410027771509,100.97400789707899,22.242927633372496,36.650831681194994,32.09862655343038,35.170829527305706,-258.51750459708273,1533.0208553151726,2026-03-22 07:20:47
2026-03-22 07:20:49.431996+00:00,4421864.672973836,3115950.6467049443,3368684.331704085,1779625.078619051,5,"E13,E19,E27,G06,G25",60.7445366778026,135.4837965555489,24.097841347655645,36.780776850011506,32.08518287826719,35.171163563430675,463.4885407742113,828.3549964469195,2026-03-22 07:20:49
2026-03-22 07:20:51.431996+00:00,4420662.777839585,3115116.893101817,3370281.6315342598,1780167.7924685467,5,"E19,E27,E30,G11,G24",97.59460091057024,205.68108166009188,22.23105291158252,42.52925229391349,32.10439384971253,35.17127774774967,72.98646276444197,1082.9431808662387,2026-03-22 07:20:51
2026-03-22 07:20:53.431996+00:00,4419333.971794214,3114272.856543869,3368926.9792552,1778725.6448986216,5,"E13,E21,E29,G11,G24",139.46324876550517,310.8703000023961,27.490810043584432,41.83289726377531,32.10158087179177,35.172077649241814,-1978.8999797953293,1038.4129735478525,2026-03-22 07:20:53
2026-03-22 07:20:55.431996+00:00,4420624.871770373,3115251.6114179883,3369615.122667945,1779946.9200230504,5,"E13,E19,E30,G12,G25",49.149211292068536,109.41233128681779,22.22009292687128,36.66708794124047,32.09907874375517,35.17267578894936,-241.72322997450829,880.0461931857984,2026-03-22 07:20:55
2026-03-22 07:20:57.431996+00:00,4420530.704725934,3115589.935031467,3370031.867998197,1780353.644427094,5,"E27,E30,G12,G24,G29",114.78342548173526,256.1015001684427,22.21682830963688,45.81849335083406,32.101697322968505,35.176180366356,79.6333965472877,272.4917292243256,2026-03-22 07:20:57
2026-03-22 07:20:59.431996+00:00,4420420.608432113,3115046.246301642,3369387.330249796,1779762.3511925908,5,"E13,E29,E34,G11,G25",76.24712184991263,169.91512827947736,14.47823233561368,34.1056804375516,32.09870551426072,35.17214385835917,-604.4275119034573,425.1904096889128,2026-03-22 07:20:59
2026-03-22 07:21:01.431996+00:00,4420721.44300603,3115388.49282924,3369729.439190982,1780064.7328260075,5,"E13,E30,G06,G12,G25",87.28703920980095,153.9414045251906,22.201852997978918,37.032412098567015,32.099195927930616,35.17327182754228,-47.30923154577613,284.90026946102074,2026-03-22 07:21:01
2026-03-22 07:21:03.431996+00:00,4420696.128686042,3115417.508375797,3369743.7460098257,1780064.1891463173,5,"E13,E30,G06,G12,G25",86.46326859029334,152.02306382358074,22.196093806068237,37.0349620898434,32.09932428672267,35.17367758921413,-43.07638926431537,20.538998295461298,2026-03-22 07:21:03
2026-03-22 07:21:05.431997+00:00,4420488.472183509,3115372.163622078,3369698.3560593314,1779919.568785725,5,"E13,E19,E30,G12,G25",48.685379675897956,108.37165929749608,22.19120426077666,36.68750259483269,32.099916138392395,35.174552250363796,-233.11508480459452,108.67102891555983,2026-03-22 07:21:05
2026-03-22 07:21:07.431997+00:00,4420472.960685071,3115392.5001350148,3369711.3835555003,1779915.983513702,5,"E13,E19,E30,G12,G25",49.7313081772068,110.72104546427727,22.185314156776027,36.69156116685314,32.10002028318819,35.17482303727367,-227.00876292865723,14.35179430118447,2026-03-22 07:21:07
2026-03-22 07:21:09.431997+00:00,4420374.188319017,3115702.96895083,3370106.726928854,1780306.8269991507,5,"E27,E30,G12,G24,G29",118.46940205289093,264.36127204820514,22.181897601803083,45.8069630073504,32.10257020593852,35.178114495759196,66.20666187629104,256.14607587471636,2026-03-22 07:21:09
2026-03-22 07:21:11.431997+00:00,4420451.403643977,3115419.8920035255,3369714.8163088355,1779906.8126767934,5,"E13,E19,E30,G12,G25",47.97968244025577,106.78708207979798,22.173379391813338,36.69965597813318,32.100055330312216,35.17519182199681,-226.74402592796832,244.79006239378404,2026-03-22 07:21:11
2026-03-22 07:21:13.431997+00:00,4420359.211052936,3115734.2682930552,3370114.5070969514,1780303.1571786234,5,"E27,E30,G12,G24,G29",117.44210406140188,262.05944019556046,22.169937725224468,45.80300740288517,32.102601889043946,35.17847695046096,75.24636247567832,258.4011664863633,2026-03-22 07:21:13
2026-03-22 07:21:15.431997+00:00,4420359.191697233,3115739.766292807,3370142.751171589,1780305.3558351207,5,"E27,E30,G12,G24,G29",113.43499128397275,253.07984464243054,22.1638289294361,45.80101086060675,32.10280254291011,35.178524678556435,92.9261625399813,14.387113400941887,2026-03-22 07:21:15
2026-03-22 07:21:17.431997+00:00,4419099.707439102,3114826.1140299113,3369458.9819971737,1778833.5263189827,5,"E15,E21,E29,G11,G24",137.303597805156,284.3436074927449,27.367740698022175,44.09417831733741,32.105036091998215,35.178300413936945,-1588.3902306221426,849.794289498224,2026-03-22 07:21:17
2026-03-22 07:21:19.431997+00:00,4418865.643567403,3114812.1086421497,3369381.5551459715,1778642.0870749855,5,"E15,E21,E29,G11,G24",162.19371176910172,362.2177934385836,27.357308446949745,44.09145911111999,32.10540034516014,35.17960821672606,-1798.4324426166713,123.46757085198335,2026-03-22 07:21:19
2026-03-22 07:21:21.431997+00:00,4420399.050315471,3115487.3808259233,3369775.7888461193,1779897.6215599568,5,"E13,E19,E30,G12,G25",52.51139447179878,116.96454999223351,22.14351042304331,36.71993342286487,32.10053989423124,35.176095809241296,-197.65848322585225,860.6318881398496,2026-03-22 07:21:21
2026-03-22 07:21:23.431997+00:00,4420350.675428933,3115470.246227718,3369752.510149405,1779860.8441915223,5,"E13,E19,E30,G12,G25",49.89587177331676,111.0923505499959,22.137620618426954,36.724086207110716,32.10059885739977,35.17624268239847,-251.88667135313153,28.176327936477502,2026-03-22 07:21:23
2026-03-22 07:21:25.431997+00:00,4420338.330660746,3115498.2803641455,3369772.312031054,1779863.802762965,5,"E13,E19,E30,G12,G25",51.37412906728704,114.41186759248376,22.13175553761764,36.72812074668475,32.10072109451095,35.17656080504967,-236.23030570242554,18.237465720835157,2026-03-22 07:21:25
2026-03-22 07:21:27.431997+00:00,4420676.932967326,3115641.0206277356,3369903.8206502018,1780126.403026416,5,"E13,E30,G06,G12,G25",103.91605000933374,231.61307840421796,22.124028898234936,37.06415892893507,32.10000532011108,35.17573028355576,137.7693840842694,195.14150108365297,2026-03-22 07:21:27
2026-03-22 07:21:29.431997+00:00,4420704.205803259,3115619.141789968,3369919.073072556,1780120.916581412,5,"E13,E19,G06,G12,G25",49.47342277171841,110.1432494558394,24.062065934720444,37.45534955824199,32.10007540851944,35.17537437632165,154.08186723757535,19.073066806292857,2026-03-22 07:21:29
2026-03-22 07:21:31.431997+00:00,4419973.754841734,3115113.0959620927,3370003.5836119573,1779655.0733755743,5,"E07,E21,E29,G11,G24",102.93885079303674,229.87782817706466,5.885538108777917,35.68402225965603,32.104979733711055,35.17545025126867,-553.7282458264381,446.3135160326158,2026-03-22 07:21:31
2026-03-22 07:21:33.431996+00:00,4418896.750504748,3114618.91767667,3369140.821019549,1778581.2982259165,5,"E13,E21,E29,G11,G24",145.9662676568186,324.9438873268664,27.29276745399379,41.813528584162825,32.10397254311498,35.17774479369558,-1999.119629087858,732.8901621389238,2026-03-22 07:21:33
2026-03-22 07:21:35.431996+00:00,4420261.260212293,3115612.962373174,3369858.462256859,1779851.9078892132,5,"E13,E19,E30,G12,G25",43.616049275686194,96.98254654929042,22.102373857725333,36.74834632627602,32.10136451293691,35.17802435476918,-187.8448929945007,917.1996165120862,2026-03-22 07:21:35
2026-03-22 07:21:37.431996+00:00,4420241.0111559285,3115631.13970975,3369851.1041087513,1779845.0033599257,5,"E13,E19,E30,G12,G25",45.70766756357999,101.68489737063646,22.096506912000685,36.7523797062551,32.101337431606126,35.17830536419468,-196.90431847888976,14.094167164437806,2026-03-22 07:21:37
2026-03-22 07:21:39.431996+00:00,4420235.85681039,3115660.004995612,3369858.074351161,1779852.7534690558,5,"E13,E19,E30,G12,G25",48.92806496654248,108.92056991532445,22.090596025260083,36.756375279513136,32.10133117210954,35.178586792072394,-182.6816069772467,15.069474817150352,2026-03-22 07:21:39
2026-03-22 07:21:41.431996+00:00,4420215.180737077,3115669.748581204,3369854.6778538134,1779842.9148473102,5,"E13,E19,E30,G12,G25",44.19638500653299,98.28816344588995,22.084674634666783,36.760428904712924,32.10135931382294,35.178797374414266,-194.04723430331796,11.553935066209254,2026-03-22 07:21:41
2026-03-22 07:21:43.431996+00:00,4420212.410095898,3115697.5664186827,3369867.1611741004,1779853.3976340578,5,"E13,E19,E30,G12,G25",47.398912469787945,105.48598987981677,22.078737476427793,36.764425765851975,32.10138872506406,35.1790551804326,-175.75533019006252,15.308019302918597,2026-03-22 07:21:43
2026-03-22 07:21:45.431996+00:00,4420104.239826427,3116010.3572646338,3370253.236444997,1780242.5783267408,5,"E27,E30,G12,G24,G29",111.1595434168956,247.98046594113111,22.075395090246367,45.77158762274206,32.103898055732664,35.18242406002649,107.18745591118932,254.26021872599358,2026-03-22 07:21:45
2026-03-22 07:21:47.431996+00:00,4420180.221028165,3115730.783699613,3369862.163812492,1779843.3243168695,5,"E13,E19,E30,G12,G25",39.89725152433746,88.61748968809843,22.066917601697103,36.772482936804934,32.101384920204445,35.17953931358814,-184.48659980855882,243.34765520259845,2026-03-22 07:21:47
2026-03-22 07:21:49.431996+00:00,4420095.992128041,3116064.9818678233,3370260.4771627015,1780251.600394921,5,"E27,E30,G12,G24,G29",115.43850241815507,257.57008781656623,22.063536657093874,45.76757982291442,32.10383483197006,35.18294740844687,131.98646782990545,263.36118174777346,2026-03-22 07:21:49
2026-03-22 07:21:51.431996+00:00,4418804.932110644,3115752.5262489975,3369594.824848849,1779097.0449338872,5,"E13,E27,G12,G24,G29",61.77902835785567,136.59898160398006,32.4003797839712,48.68813798049667,32.10467004431577,35.188124219849065,-1268.1119106989354,742.8925704961594,2026-03-22 07:21:51
2026-03-22 07:21:53.431996+00:00,4418736.341200863,3115746.9549844754,3369587.719608098,1779039.5270077635,5,"E13,E27,G12,G24,G29",49.214146700540354,104.99391274154186,32.410802613439586,48.69008370546406,32.10489987181712,35.18849483274767,-1322.0921319574118,34.5913151639344,2026-03-22 07:21:53
2026-03-22 07:21:55.431996+00:00,4420089.747356771,3115599.670335203,3369833.88019859,1779850.293462179,5,"E21,E29,E34,G11,G25",130.38785280404858,291.09222738072276,14.272682516276085,34.60219522162599,32.101885281836026,35.178956161331435,-326.1495806956664,691.7362262942465,2026-03-22 07:21:55
2026-03-22 07:21:57.431996+00:00,4420147.204325571,3115802.9489148525,3369845.227521703,1779831.795959712,5,"E13,E19,E30,G12,G25",44.12319756457385,98.1255613155663,22.03694284382212,36.79252357235888,32.10118560490929,35.180365771944885,-181.12611920014024,105.77363323373774,2026-03-22 07:21:57
2026-03-22 07:21:59.431996+00:00,4418748.508417827,3115785.733607865,3369582.9432165353,1779059.33284973,5,"E13,E27,G12,G24,G29",56.04495372561734,123.6052508763969,32.44281704204238,48.695668365756276,32.104708581821725,35.18875637347625,-1297.2778908722103,711.5897107657761,2026-03-22 07:21:59
2026-03-22 07:22:01.431996+00:00,4420119.037301422,3115801.836989892,3369839.488031741,1779812.0641701275,5,"E13,E19,E30,G12,G25",40.34960739265078,89.63754923641682,22.024861944201508,36.8006245974983,32.101255161334095,35.180528080445505,-204.22111974842846,697.213020154169,2026-03-22 07:22:01
2026-03-22 07:22:03.431996+00:00,4418767.570541982,3115824.5231689312,3369588.5626249923,1779084.0537338413,5,"E13,E27,G12,G24,G29",49.5712611424878,108.9055322855711,32.464078852786336,48.69935972341874,32.104569679779594,35.188975900366465,-1262.159921593964,687.3755567999323,2026-03-22 07:22:03
2026-03-22 07:22:05.431997+00:00,4417492.08795329,3115376.865263355,3369211.682705671,1778114.819961833,5,"E13,E27,E30,G12,G25",15.85523652761952,30.209609117358923,22.029340483255876,43.926659759087556,32.10792438302741,35.1928889876921,-2563.9537764443085,701.6569565638265,2026-03-22 07:22:05
2026-03-22 07:22:07.431997+00:00,4418666.579648033,3114862.550568506,3369115.9371236647,1778500.9180552228,5,"E13,E21,E29,G11,G24",149.33156388273144,332.59541657567024,27.126715984027992,41.79765559233584,32.104011383977685,35.18126065792965,-2052.804317577742,642.8680974412734,2026-03-22 07:22:07
2026-03-22 07:22:09.431997+00:00,4420103.456430963,3115867.153873066,3369842.2077630847,1779819.927982162,5,"E13,E19,E30,G12,G25",46.675183300407426,103.86283649131656,22.000845612883055,36.8166093861978,32.10115661487294,35.18118880096613,-181.68436170183122,948.8561179837378,2026-03-22 07:22:09
2026-03-22 07:22:11.431997+00:00,4420089.113021316,3115870.8915753453,3369823.8345178505,1779802.9489749142,5,"E13,E19,E30,G12,G25",44.10266816032885,98.08108003437519,21.994839341556624,36.82062816175916,32.101062114968364,35.18130872404975,-199.55488240905106,11.803388910299386,2026-03-22 07:22:11
2026-03-22 07:22:13.431997+00:00,4420102.148780233,3115905.9750144416,3369849.9300027923,1779819.01115018,5,"E13,E19,E30,G12,G25",43.08806405322559,95.79992976412177,21.98882837960643,36.824576599835325,32.10111353592807,35.18153295096632,-159.53831224981695,22.81311598466352,2026-03-22 07:22:13
2026-03-22 07:22:15.431997+00:00,4418650.694623951,3114931.2344277655,3369134.3889855025,1778508.1477903714,5,"E13,E21,E29,G11,G24",148.983226759827,330.5206543467939,27.087644534863298,41.79378369572033,32.10402490346487,35.18195260872714,-2020.4737174278125,944.5683308431381,2026-03-22 07:22:15
2026-03-22 07:22:17.431997+00:00,4418613.2836928675,3114946.919442482,3369123.899547398,1778484.2678749508,5,"E13,E21,E29,G11,G24",149.53645247378654,332.2101652249694,27.077781156768467,41.79285226131143,32.10404801436536,35.18231692045077,-2044.2942104004323,20.950094050647994,2026-03-22 07:22:17
2026-03-22 07:22:19.431997+00:00,4417085.435679159,3115393.343095139,3369092.4330578945,1777844.534721648,5,"E13,E27,G06,G12,G25",8.776668899775178,12.860853880643845,25.489586599010398,44.656575289451624,32.10856111349078,35.19551603355655,-2900.781089696102,796.021948599123,2026-03-22 07:22:19
2026-03-22 07:22:21.431997+00:00,4420037.4179209005,3115983.095302352,3369849.6907908856,1779797.8639814602,5,"E13,E19,E30,G12,G25",42.11033825680857,93.6018986441195,21.965252602895458,36.84061271418189,32.1011523066934,35.18259590357882,-166.84154440276325,1552.0507478529846,2026-03-22 07:22:21
2026-03-22 07:22:23.431997+00:00,4420015.022655346,3116003.1488983543,3369857.4759427975,1779797.006954647,5,"E13,E19,E30,G12,G25",41.83669056382101,92.98658194765449,21.959407239768794,36.844639623142186,32.10124412791992,35.18290626519379,-168.4219245063141,15.52661603620092,2026-03-22 07:22:23
2026-03-22 07:22:25.431997+00:00,4420975.254727885,3116706.477727363,3370016.6031022402,1780206.9590051537,5,"E15,E27,E30,G06,G25",24.935594314518184,54.88151594996452,21.950835695650753,38.676757496056915,32.096757194703414,35.18313471978867,924.275890884921,600.4245430774204,2026-03-22 07:22:25
2026-03-22 07:22:27.431997+00:00,4418554.397863775,3115062.396185543,3369177.2620517556,1778495.068347737,5,"E13,E21,E29,G11,G24",149.1852377471946,331.2385609894991,27.028353276585488,41.78780960066347,32.10436752870044,35.183676771481295,-2000.340864641592,1522.1732384729644,2026-03-22 07:22:27
2026-03-22 07:22:29.431997+00:00,4419896.392962275,3115994.048627808,3370580.406253618,1779976.9867784453,5,"E19,E27,E30,G11,G24",99.90054327968419,216.23628355190158,21.941585516862276,42.28660389912678,32.10725646317738,35.1835516572974,129.21481920499355,1076.770724063276,2026-03-22 07:22:29
2026-03-22 07:22:31.431997+00:00,4419873.807105603,3116016.8712182944,3370594.597437503,1779975.953804955,5,"E19,E27,E30,G11,G24",99.03638092135444,214.30243837088346,21.935756293043212,42.28161242317499,32.107390311720756,35.18388716746485,132.26032005157322,17.55264408978604,2026-03-22 07:22:31
2026-03-22 07:22:33.431996+00:00,4418446.493873668,3115115.0699395277,3369188.646877106,1778449.5903564573,5,"E13,E21,E29,G11,G24",153.71757742830633,340.9251956194639,26.99848852035617,41.784798683829976,32.10473182499347,35.184791969986996,-2043.2847146838903,1098.5411250712548,2026-03-22 07:22:33
2026-03-22 07:22:35.431996+00:00,4419875.600878442,3116127.43105224,3369906.913257735,1779767.3408534508,5,"E13,E19,E30,G12,G25",39.541011379239784,87.82203977182508,21.924394602216843,36.8687846067848,32.10182471247329,35.18483357700824,-178.01537145115435,946.4576650817258,2026-03-22 07:22:35
2026-03-22 07:22:37.431996+00:00,4419601.627825548,3115753.577423963,3370172.1065866495,1779651.3004530058,5,"E07,E21,E29,G11,G24",76.7613869298735,168.33493284508586,5.575976431422242,35.50199629699718,32.105956339267884,35.18326878913151,-409.2319792052731,266.99965860865456,2026-03-22 07:22:37
2026-03-22 07:22:39.431996+00:00,4419842.147307528,3116202.7707390767,3369949.564740946,1779786.080572642,5,"E13,E19,E30,G12,G25",47.60975571877227,105.96601267904043,21.912845897323155,36.87675999371127,32.10207352390434,35.185690178993184,-141.73538309521973,278.00590310448246,2026-03-22 07:22:39
2026-03-22 07:22:41.431996+00:00,4419760.660236913,3116154.07326378,3370638.7918813764,1779972.6412472716,5,"E19,E27,E30,G11,G24",100.33441723588004,217.56351210549474,21.906771762104242,42.25667969587405,32.10779220208781,35.18576598849062,144.38554589729756,347.8669421932545,2026-03-22 07:22:41
2026-03-22 07:22:43.431996+00:00,4420221.172079137,3116761.216989402,3370455.493419951,1780247.4661937833,5,"E13,E27,E30,G25,G32",1.8524486466427574,3.971273072063923,11.383518268379644,33.70273904462992,32.10291156190712,35.18821151470549,662.1356043331325,391.8842260003254,2026-03-22 07:22:43
2026-03-22 07:22:45.431996+00:00,4419852.177320687,3116315.5272743814,3369986.7510420755,1779857.806530662,5,"E13,E29,E34,G12,G25",23.298905305695257,49.231659937649965,14.086369351887532,35.918653465547195,32.10200692567749,35.18660529053786,-59.98962823674083,372.3291120281905,2026-03-22 07:22:45
2026-03-22 07:22:47.431996+00:00,4419744.702545935,3116303.1276774774,3369957.0978495604,1779781.1530147456,5,"E13,E19,E30,G12,G25",38.095153269691444,84.56801579892635,21.88965754739894,36.892773472755565,32.10223559975356,35.1871540748352,-156.20756631996483,56.08896735915571,2026-03-22 07:22:47
2026-03-22 07:22:49.431996+00:00,4419634.7810617285,3116643.9030122906,3370365.410408452,1780194.046230532,5,"E27,E30,G12,G24,G29",113.04200380752647,252.19993779435754,21.886485830619417,45.70779759728829,32.10484410092587,35.190775829027274,151.04472411237657,271.53715549439744,2026-03-22 07:22:49
2026-03-22 07:22:51.431996+00:00,4419642.493149807,3116298.4241802115,3370648.149003628,1779985.9532403825,5,"E19,E27,E30,G11,G24",101.059387741185,219.49023700505495,21.877878756314452,42.231734503597174,32.10792787670289,35.187737371103715,138.01351560465991,223.2466197500955,2026-03-22 07:22:51
2026-03-22 07:22:53.431996+00:00,4419635.040426724,3116321.480407578,3370653.152308271,1779990.9830571525,5,"E19,E27,E30,G11,G24",103.60436414269913,225.3781937994063,21.87194035613559,42.22666962096756,32.10793160576654,35.1879825153941,146.76778559479862,12.370991866793247,2026-03-22 07:22:53
2026-03-22 07:22:55.431996+00:00,4420100.310942005,3116929.85175076,3370475.5947665856,1780278.052424222,5,"E13,E27,E30,G25,G32",3.319301771925099,7.115003850311041,11.37529152901037,33.72190143536901,32.10307273783347,35.190409323108966,671.4686943273991,393.1027296409871,2026-03-22 07:22:55
2026-03-22 07:22:57.431996+00:00,4418286.728835302,3115816.7825585124,3369672.1307715164,1778713.8048280044,5,"E15,E21,E29,G11,G24",145.8195917648401,316.9088840261102,26.875154192161688,43.93521581156241,32.10711345290398,35.191845449137965,-1554.3902759933844,1137.272776849978,2026-03-22 07:22:57
2026-03-22 07:22:59.431996+00:00,4418092.484435703,3115792.186134623,3369605.2984211855,1778565.9679180726,5,"E15,E21,E29,G11,G24",162.60412988118875,363.11528972908854,26.86494075532217,43.93229183494627,32.1074318313117,35.19281882869656,-1736.3815907612443,103.4437454546717,2026-03-22 07:22:59
2026-03-22 07:23:01.431996+00:00,4419662.056148438,3116462.4845920973,3369972.8414824265,1779827.379747234,5,"E13,E19,E30,G12,G25",40.99663936319379,91.10160702839494,21.848314008432578,36.92060403692702,32.10223947160449,35.18903849319904,-127.26698150485754,872.9179923362337,2026-03-22 07:23:01
2026-03-22 07:23:03.431996+00:00,4418038.279784602,3115406.3492068867,3369119.121684486,1778360.8099759351,5,"E13,E21,E29,G11,G24",173.98251335368184,388.8656647950411,26.850523880348728,41.77022469938543,32.10499532945098,35.18980806719856,-2220.6570799015462,1058.4078992809063,2026-03-22 07:23:03
2026-03-22 07:23:05.431997+00:00,4418560.978672531,3116299.4772613896,3369546.3114196965,1779003.9297095807,5,"E15,E21,E29,G12,G25",137.64933991019322,307.48187977820635,26.836330097446417,43.12606353715945,32.10374405294889,35.19435068667517,-1195.764516402036,559.7726470786814,2026-03-22 07:23:05
2026-03-22 07:23:07.431997+00:00,4416662.07351957,3115978.057069031,3369213.846500151,1777898.0628685188,5,"E13,E27,G06,G12,G25",8.774134097861154,12.856517609208822,25.248949606364377,44.73595084873089,32.10953168657826,35.20316756763438,-2843.7917508743703,977.2006757478847,2026-03-22 07:23:07
2026-03-22 07:23:09.431997+00:00,4419555.890822776,3116504.428563613,3370648.4601346883,1780043.887503768,5,"E19,E27,E30,G11,G24",105.11378058415559,229.20755575597286,21.824576581187195,42.18614592819161,32.107700478560346,35.190049875185025,178.78527238685638,1636.2580645364785,2026-03-22 07:23:09
2026-03-22 07:23:11.431997+00:00,4416627.10056113,3116021.4379686294,3369193.911513568,1777889.3856839123,5,"E13,E27,G06,G12,G25",8.139394453148382,11.926319159567356,25.228665229430575,44.742439254371014,32.109396455813766,35.20375702159361,-2857.4105726908892,1652.7858302542643,2026-03-22 07:23:11
2026-03-22 07:23:13.431997+00:00,4416676.299420513,3116203.4998403946,3368889.8087077187,1777733.6866897864,5,"E27,G06,G12,G24,G29",2.2965288494766876,3.4876566641032696,25.216955358968413,46.367690849021265,32.10637635258362,35.20503325901676,-2896.08977143839,178.91727798105399,2026-03-22 07:23:13
2026-03-22 07:23:15.431997+00:00,4418081.1835188195,3116617.117185555,3369640.9314612616,1779021.6757261322,5,"E13,E27,G12,G24,G29",53.17350834792526,115.27498020231724,32.83958149429061,48.76627356340133,32.10546884705124,35.200031873276984,-1322.5086437854916,822.9465396945869,2026-03-22 07:23:15
2026-03-22 07:23:17.431997+00:00,4416617.562952592,3116148.7948588156,3368844.160799845,1777649.2720591724,5,"E19,E27,G06,G12,G24",6.267315576772251,8.989001989364624,23.93581253446763,44.57940315007988,32.10640886391417,35.20491838357858,-2987.7189432187006,865.4990540868008,2026-03-22 07:23:17
2026-03-22 07:23:19.431997+00:00,4419220.202183998,3116299.795357778,3370135.2023929255,1779695.5874981093,5,"E07,E21,E29,G11,G24",91.18213191674816,203.54875952377915,5.380975501936158,35.385824987566956,32.10565991750877,35.190327679223664,-426.28432487882674,1454.5893333347474,2026-03-22 07:23:19
2026-03-22 07:23:21.431997+00:00,4419228.345883816,3116349.749216255,3370148.6251192987,1779725.600166694,5,"E07,E21,E29,G11,G24",80.07494236606237,177.62859882041812,5.37168326348242,35.38022950278128,32.105592569476144,35.190710510758905,-389.12717036902905,26.181469624071458,2026-03-22 07:23:21
2026-03-22 07:23:23.431997+00:00,4419218.068609579,3116382.691011222,3370143.5443120324,1779730.3175664928,5,"E07,E21,E29,G11,G24",81.91980966958889,181.8143918775022,5.362480699364308,35.3747019494442,32.10550301680226,35.191058512407,-382.860883789137,17.439888358919003,2026-03-22 07:23:23
2026-03-22 07:23:25.431997+00:00,4418333.152515375,3116612.8779569273,3369457.0724421293,1778986.7239881307,5,"E15,E21,E29,G12,G25",145.4315802715744,324.8997634164989,26.73752380029132,43.15319567710899,32.103088757576415,35.19845606403696,-1247.8808392407373,571.6874478073144,2026-03-22 07:23:25
2026-03-22 07:23:27.431997+00:00,4419773.437093156,3116933.142802425,3370104.879134567,1780184.6041122728,5,"E07,E29,G06,G12,G25",83.99279526292345,187.69238429889083,5.346644266260047,31.811339904642978,32.10151201382256,35.19243348140715,249.7777612572536,805.7050867134438,2026-03-22 07:23:27
2026-03-22 07:23:29.431997+00:00,4419213.018395386,3116501.4603707436,3370136.713600909,1779766.661078771,5,"E07,E21,E29,G11,G24",65.62807447014215,143.7012970522046,5.334911289830724,35.35809295993049,32.10514253321113,35.192117769290476,-332.00664416421205,354.05941305124077,2026-03-22 07:23:29
2026-03-22 07:23:31.431997+00:00,4419135.758151174,3116518.590018433,3370093.3013826427,1779707.6738860921,5,"E07,E21,E29,G11,G24",82.90233084466662,183.8537404537201,5.3258291168690075,35.35265826956534,32.10506620322301,35.192737877409826,-400.1997815128416,45.130895350269356,2026-03-22 07:23:31
2026-03-22 07:23:33.431996+00:00,4419401.031469805,3116980.6039129808,3369844.694428932,1779849.5982874108,5,"E13,E19,E30,G12,G25",44.53326183822054,99.05910984054208,21.755410974249568,36.98369487023089,32.100851768910225,35.19511828615904,-123.12031847145408,293.952604767654,2026-03-22 07:23:33
2026-03-22 07:23:35.431996+00:00,4415989.963712652,3116277.158848584,3368901.4529824676,1777537.5787190236,5,"E13,E19,E27,G12,G25",24.60825607994367,54.081685688346624,23.9138087390614,44.54355251098717,32.10895095957645,35.20986578249892,-3328.9415671154857,1804.1564946561948,2026-03-22 07:23:35
2026-03-22 07:23:37.431996+00:00,4417797.3801342,3116952.3991953577,3369578.917380121,1778885.5533571178,5,"E13,E19,E27,G24,G29",118.56311077172778,264.77081380039454,23.911365084252743,40.98073620784081,32.10518017978677,35.20466886106626,-1388.1843320401385,1022.4555805606547,2026-03-22 07:23:37
2026-03-22 07:23:39.431996+00:00,4416431.180339663,3116469.7686985917,3369029.122386953,1777854.693079622,6,"E13,E19,E27,G06,G12,G25",32.66778579242309,78.2794942073524,23.909157608877187,41.3076595200736,32.10766529271233,35.20883735016549,-2861.6597038032487,774.872345859761,2026-03-22 07:23:39
2026-03-22 07:23:41.431996+00:00,4416751.210523263,3116520.3744914164,3369136.0334860836,1778025.6999467004,5,"E13,E19,E27,E30,G29",3.7888467719321244,5.899251371622086,21.747476575105985,35.10618912722505,32.107088527338796,35.20731985779359,-2558.629659497179,170.5947301350322,2026-03-22 07:23:41
2026-03-22 07:23:43.431996+00:00,4410671.179128663,3114526.8632285134,3366438.4143043235,1772840.4367118294,5,"E15,E21,E29,G12,G25",775.3602712983067,1733.2964589819312,26.636305861125837,43.191950989781084,32.115813263667235,35.22723230648703,-9173.64433677774,3471.9597551110123,2026-03-22 07:23:43
2026-03-22 07:23:45.431996+00:00,4420786.204506398,3117564.47344794,3371413.307956182,1781395.5194808918,5,"E19,E27,G11,G24,G29",170.82057755432095,287.182972677052,23.907974401983093,44.348137384545936,32.10579597678045,35.19171593582811,1954.456553036347,5837.173568703833,2026-03-22 07:23:45
2026-03-22 07:23:47.431996+00:00,4419721.010987959,3117655.589935353,3370259.880403879,1780244.495755214,5,"E13,E27,E34,G25,G32",0.2714070283253329,0.5637726150453091,11.337704384119107,32.2318411577351,32.10090594860704,35.19900783896953,648.5911047691479,786.3419365032833,2026-03-22 07:23:47
2026-03-22 07:23:49.431996+00:00,4419289.041381928,3117085.157969419,3370455.3035640367,1779991.5249966523,5,"E19,E27,E30,G11,G24",97.93964346169892,213.65123914927244,21.70753434595022,42.08468790029549,32.105666057870515,35.196707356066874,174.91050925757736,370.870792803841,2026-03-22 07:23:49
2026-03-22 07:23:51.431996+00:00,4419823.382431164,3118048.85181452,3370115.061311103,1780604.2900705086,5,"E13,E30,G06,G12,G29",34.657806981866294,75.45852295309305,21.70405647315882,36.031363099716216,32.09831271058794,35.20178680674863,834.5347451763228,576.6261732409971,2026-03-22 07:23:51
2026-03-22 07:23:53.431996+00:00,4419814.106101131,3118060.1125965808,3370117.3742567524,1780596.0791286633,5,"E13,E30,G06,G12,G29",37.10812959000626,81.19449977949262,21.698051065596864,36.033538957030245,32.09833559373448,35.20194091912308,834.8416291987523,7.385885679501219,2026-03-22 07:23:53
2026-03-22 07:23:55.431996+00:00,4419326.555180504,3117238.054851478,3369762.1334353755,1779792.2059909343,5,"E13,E19,E30,G12,G25",43.280116161388094,96.24449353292584,21.690087114059363,37.0268848492412,32.09980157573476,35.197801988600055,-92.84564345981926,509.82371405720784,2026-03-22 07:23:55
2026-03-22 07:23:57.431996+00:00,4419212.795130433,3117180.289011024,3370431.62286769,1779950.2367264102,5,"E19,E27,E30,G11,G24",101.93754220558182,222.94230648502707,21.68414276881669,42.0642921930054,32.105520985365395,35.19799658161099,155.99429401382804,340.76910852374823,2026-03-22 07:23:57
2026-03-22 07:23:59.431996+00:00,4419190.181988916,3117204.2033726294,3370439.3074273653,1779938.0101845574,5,"E19,E27,E30,G11,G24",103.43996851577222,226.40757237747312,21.678316585848567,42.05918962523201,32.10560218430629,35.198341716902334,156.10213570389897,16.89898900550226,2026-03-22 07:23:59
2026-03-22 07:24:01.431996+00:00,4416316.9694477,3116722.1021939665,3368999.366837976,1777795.8268470855,5,"E13,E27,G06,G12,G25",6.50250207666355,9.525711305439472,24.97375668123077,44.82268822000547,32.1071876986102,35.21172071340451,-2833.279920592904,1624.9000549603136,2026-03-22 07:24:01
2026-03-22 07:24:03.431996+00:00,4419555.477745801,3117430.825251791,3369888.2175823324,1779999.2453812032,5,"E13,E29,G06,G12,G25",38.29490382498662,84.67276735976338,24.941214158200985,38.2312466706025,32.099335870276,35.19807291995858,226.75140642281622,1716.1206262456951,2026-03-22 07:24:03
2026-03-22 07:24:05.431997+00:00,4419547.513767225,3117407.77982356,3369876.152008469,1779962.8447143268,5,"E13,E19,G06,G12,G25",38.40660936987464,85.28047912940383,23.882365118113178,37.70039012279837,32.09933853789481,35.19792204802331,203.574082409963,13.602334815095181,2026-03-22 07:24:05
2026-03-22 07:24:07.431997+00:00,4416246.03817775,3116791.9178827284,3369035.7696959297,1777768.8348243148,5,"E13,E27,G06,G12,G25",7.665597118313678,11.229197531938553,24.943597472583722,44.83263251360304,32.107550754257005,35.212758866342625,-2828.9211433762684,1730.987393750381,2026-03-22 07:24:07
2026-03-22 07:24:09.431997+00:00,4416215.778973768,3116809.697733195,3369040.028693383,1777750.7669009604,5,"E13,E27,G06,G12,G25",7.895857555429399,11.566372267901897,24.933544941619463,44.83595260433635,32.107652690951724,35.21309779062861,-2838.914323737845,17.67683206576201,2026-03-22 07:24:09
2026-03-22 07:24:11.431997+00:00,4416243.175685195,3116707.4842673205,3369057.8456699164,1777675.6206797913,5,"E13,E19,E27,G06,G29",24.226924302606704,52.682868000119925,23.871761683477928,35.800836656157045,32.10796414051231,35.21204513799898,-2860.407272846438,53.655421571070946,2026-03-22 07:24:11
2026-03-22 07:24:13.431997+00:00,4419528.333236843,3117921.0752673917,3370338.459510934,1780142.0145992143,5,"E13,E19,E27,E30,G25",145.44272666544637,324.1101714372635,21.637638265328345,36.35526411578111,32.1015272924453,35.202482510494065,686.6160847106948,1864.472785026011,2026-03-22 07:24:13
2026-03-22 07:24:15.431997+00:00,4419513.73592997,3117969.808804075,3370363.8506513415,1780154.0668424796,5,"E13,E27,E30,G25,G32",4.966553886632032,10.635840967297554,11.317568723579127,33.84842006112749,32.10164377643772,35.20299348905243,713.8036410855129,28.42863423024486,2026-03-22 07:24:15
2026-03-22 07:24:17.431997+00:00,4419496.305041573,3117995.0626963084,3370379.5953410417,1780151.9021914096,5,"E13,E27,E30,G25,G32",1.3850922085278927,2.9660894758999348,11.316088105718613,33.85159608351149,32.10176252971013,35.20331853168817,722.4378258716315,17.2444933022053,2026-03-22 07:24:17
2026-03-22 07:24:19.431997+00:00,4418968.247873824,3117419.3998099063,3370564.882760882,1779837.2070258367,5,"E19,E27,E30,G11,G24",101.48878579901388,222.31710853427649,21.619834149556805,42.00792108534413,32.10683607619074,35.201560150283925,174.3020260212943,401.423579010645,2026-03-22 07:24:19
2026-03-22 07:24:21.431997+00:00,4419386.298628609,3117623.373741806,3370005.243490591,1779918.7222280682,5,"E13,E29,G06,G12,G25",52.30258936664475,116.26281383261085,24.85026220178828,38.24578135762734,32.10036045128811,35.2007728734419,265.84998911526054,363.85708434843286,2026-03-22 07:24:21
2026-03-22 07:24:23.431997+00:00,4418744.575561193,3117251.4371113847,3369586.0083782896,1779373.821321518,5,"E13,E19,E30,G11,G25",19.985956980740408,43.67470305040479,21.608418036634685,35.33738737953829,32.10069817675408,35.201472099824656,-582.7637250088155,425.99983324213065,2026-03-22 07:24:23
2026-03-22 07:24:25.431997+00:00,4419333.731315851,3117682.9841999533,3370027.0306349644,1779903.1405947532,5,"E13,E29,G06,G12,G25",49.73275322554391,110.4829132296145,24.830175318463397,38.248993965650456,32.100568057697146,35.201609919448764,270.14929897431284,426.5671177498214,2026-03-22 07:24:25
2026-03-22 07:24:27.431997+00:00,4418948.506303717,3117607.0348346974,3369920.236738494,1779622.3036363744,5,"E13,E19,E30,G12,G25",38.218000949768985,84.85868010669947,21.596883476204738,37.09036843850337,32.10147053540834,35.203305106079476,-90.34092936478555,203.4524221897918,2026-03-22 07:24:27
2026-03-22 07:24:29.431997+00:00,4418934.3837611005,3117630.8992585186,3369925.153933507,1779615.1742585232,5,"E13,E19,E30,G12,G25",33.260104386625216,73.68268063664436,21.590994203691185,37.09429950222164,32.1014974713816,35.203597954347146,-85.84917675890028,14.081332865525054,2026-03-22 07:24:29
2026-03-22 07:24:31.431997+00:00,4418822.412871433,3117578.831114935,3370612.6338631515,1779783.3790373714,5,"E19,E27,E30,G11,G24",102.64245454575993,225.1472726725042,21.585043070933306,41.97715422477005,32.10733146917752,35.2038310838988,176.5937789482996,349.2410433258142,2026-03-22 07:24:31
2026-03-22 07:24:33.431996+00:00,4418804.429794877,3117588.2048137393,3370604.128742785,1779767.225275092,5,"E19,E27,E30,G11,G24",103.22544970152332,226.50595541670918,21.579088186934804,41.97197190700514,32.107311030581755,35.20402207029877,164.20391355175525,10.995394805895282,2026-03-22 07:24:33
2026-03-22 07:24:35.431996+00:00,4419314.462616168,3118206.5312286336,3370450.5067965123,1780075.7974843136,5,"E13,E27,E30,G25,G32",8.54426970590054,18.56290626525879,11.30254956449333,33.88017324550283,32.102431981377585,35.20625947692475,737.5291085196659,408.0627208306694,2026-03-22 07:24:35
2026-03-22 07:24:37.431996+00:00,4418791.6712222295,3117614.4070840385,3370600.4033516906,1779754.2209268876,5,"E19,E27,E30,G11,G24",101.35095113857462,222.30193630233407,21.567052708152506,41.96152733437597,32.10726014093603,35.20432683319111,166.18833740148693,401.99217077045245,2026-03-22 07:24:37
2026-03-22 07:24:39.431996+00:00,4418783.192073002,3117635.552389483,3370617.281748523,1779755.297094925,5,"E19,E27,E30,G11,G24",103.62898047915976,227.51663703471422,21.56109686176612,41.95631178169357,32.10736384751667,35.204561678921635,179.61640093568712,14.176566876242614,2026-03-22 07:24:39
2026-03-22 07:24:41.431996+00:00,4418771.734819044,3117651.936062415,3370614.4925416,1779749.204249446,5,"E19,E27,E30,G11,G24",98.73194842977925,216.40108955278993,21.5551384814616,41.9511071601124,32.107342141916774,35.20477349275638,178.204621180892,10.092981252678559,2026-03-22 07:24:41
2026-03-22 07:24:43.431996+00:00,4418839.924547544,3117737.6267596,3369925.1925475695,1779555.1144088958,5,"E13,E19,E30,G12,G25",33.63493190778729,74.53071077913046,21.5493399127213,37.12185128494683,32.10157279199167,35.205098813815994,-99.0900701014325,348.9724976367339,2026-03-22 07:24:43
2026-03-22 07:24:45.431996+00:00,4418836.447054329,3117779.995182491,3369930.7485328387,1779558.3428749766,5,"E13,E19,E30,G12,G25",35.331414390215976,78.35734902694821,21.54349577524947,37.12571691793836,32.10151179443488,35.205486827784135,-77.85327953658998,21.436214624082712,2026-03-22 07:24:45
2026-03-22 07:24:47.431996+00:00,4418816.937933031,3117806.1098357686,3369933.3006151267,1779555.9889852735,5,"E13,E19,E30,G12,G25",34.61366450828381,76.73920439556241,21.537660716888837,37.12964288188764,32.10153553313518,35.205832055202634,-77.24693456944078,16.34850187073184,2026-03-22 07:24:47
2026-03-22 07:24:49.431996+00:00,4418795.965239282,3117843.6311860112,3369930.128103104,1779554.3089663559,5,"E13,E19,E30,G12,G25",42.0716571578809,93.53365758061409,21.53191543944422,37.133543518826784,32.101489753649865,35.20628496608872,-75.12486175168306,21.550930604309524,2026-03-22 07:24:49
2026-03-22 07:24:51.431996+00:00,4418907.94534466,3117824.6930587133,3369943.2281795535,1779581.7945739622,5,"E13,E19,E30,G06,G12",92.25046250663972,175.18756118416786,21.524808355065886,34.193590977302804,32.10120366211434,35.20543706207322,0.09619255736470222,57.16163195088392,2026-03-22 07:24:51
2026-03-22 07:24:53.431996+00:00,4418897.099321367,3117858.421434735,3369934.096634666,1779581.6727197636,5,"E13,E19,E30,G06,G12",94.7914958521978,181.34692334756255,21.51896554310087,34.19315416792539,32.10108318781645,35.20579527993154,4.208245707675815,18.293610102747216,2026-03-22 07:24:53
2026-03-22 07:24:55.431996+00:00,4417111.805500471,3117798.6862377585,3369533.0770531553,1778549.8919573084,5,"E13,E27,G12,G24,G29",52.64368035834619,115.9604909941554,33.35863042647444,48.85761370405981,32.10517599835473,35.216185330687715,-1473.6966105429456,915.3768384445452,2026-03-22 07:24:55
2026-03-22 07:24:57.431996+00:00,4416082.319801117,3117363.8816836327,3369186.87403166,1777700.8044853935,5,"E13,E19,E27,E30,G12",19.986002888053356,39.062410701066256,21.52426112002989,41.152275553430215,32.10776528571802,35.21871265878751,-2582.5252450415865,584.9684473445387,2026-03-22 07:24:57
2026-03-22 07:24:59.431996+00:00,4418766.088289504,3117939.1374630295,3369902.460999713,1779515.6393776138,5,"E13,E19,E29,E34,G12",64.96619930157368,144.0535791926086,13.581214638001676,32.93187530053152,32.101131505059605,35.20729421312562,-63.86340748146176,1418.2380988248503,2026-03-22 07:24:59
2026-03-22 07:25:01.431996+00:00,4418617.060379314,3117941.878595128,3370571.0463980823,1779694.1152458224,5,"E19,E27,E30,G11,G24",103.45310009547073,226.73015815392137,21.496697601264284,41.89931643941564,32.10681482774355,35.20822824452369,189.65395844820887,342.4993674204209,2026-03-22 07:25:01
2026-03-22 07:25:03.431996+00:00,4418723.045968882,3118018.7128068847,3369903.530798769,1779523.8625164677,5,"E13,E19,E30,G12,G25",28.94738981164846,63.941384602338076,21.490564917884242,37.160816052793066,32.10108835047997,35.20824596243474,-54.22219078801572,340.11524393162483,2026-03-22 07:25:03
2026-03-22 07:25:05.431997+00:00,4418650.222624296,3117991.391423422,3369829.900665714,1779472.382432884,5,"E13,E19,E30,G12,G25",27.996694065299792,61.78883766755462,21.48479074433976,37.16486282620287,32.10088650093799,35.20845428548516,-157.09823457710445,53.55156984993288,2026-03-22 07:25:05
2026-03-22 07:25:07.431997+00:00,4416086.051096002,3117561.978352407,3369197.2222201712,1777778.4981416492,5,"E13,E27,E30,G12,G25",17.30251708016004,33.920052502304316,21.49478793424125,44.30017164204294,32.10728193446796,35.220405194792015,-2477.671924324706,1337.876416894501,2026-03-22 07:25:07
2026-03-22 07:25:09.431997+00:00,4418607.425128183,3118005.655807205,3370569.9258747348,1779697.232517004,5,"E19,E27,E30,G11,G24",108.82972069624653,239.7516214363277,21.472576186610706,41.87823147375532,32.106667760414005,35.20883918992336,213.53709626104683,1452.4541315742324,2026-03-22 07:25:09
2026-03-22 07:25:11.431997+00:00,4419079.387426597,3118608.621892199,3370390.932227599,1779982.4776685769,5,"E13,E27,E30,G25,G32",2.0081278418406687,4.297105260193348,11.274560463697217,33.9366917106245,32.10178641355818,35.21117546429132,739.5486473087221,393.17783396697075,2026-03-22 07:25:11
2026-03-22 07:25:13.431997+00:00,4418576.783464472,3118047.154292338,3370555.2137714853,1779687.9038246088,5,"E19,E27,E30,G11,G24",108.82669362903334,239.79615193977952,21.460774589668954,41.86778916543669,32.106560698040944,35.209385594041024,204.777930194512,385.63098750592576,2026-03-22 07:25:13
2026-03-22 07:25:15.431997+00:00,4418547.984988396,3118435.0740937563,3370252.225614852,1779908.1917351782,5,"E27,E30,G12,G24,G29",117.60791963057818,262.43171483650804,21.45757684067422,45.5581859168018,32.103287037172244,35.21291937439248,213.2838561264798,246.532425664841,2026-03-22 07:25:15
2026-03-22 07:25:17.431997+00:00,4418538.985247148,3118084.8189383186,3370518.2705675876,1779666.0173534725,5,"E19,E27,E30,G11,G24",104.47281731366733,229.9724304303527,21.449008605250157,41.85736755658494,32.1063224375833,35.20994252809658,177.3781360676512,219.96567125880244,2026-03-22 07:25:17
2026-03-22 07:25:19.431997+00:00,4415717.276310834,3117577.753896062,3369042.79272469,1777525.5788063272,6,"E13,E19,E27,G06,G12,G25",29.270441706225046,69.0825379267335,23.785388684581115,41.42112468607579,32.107502764602316,35.22279618222189,-2807.230810548179,1612.1562535340406,2026-03-22 07:25:19
2026-03-22 07:25:21.431997+00:00,4417043.444388312,3117558.6909390073,3369495.7622662443,1778263.099625366,5,"E15,E21,E29,G11,G24",165.98087689741305,370.64522352069616,26.16568813266768,43.6956264148322,32.10582210726355,35.21452519275835,-1658.067086613737,700.7614736181268,2026-03-22 07:25:21
2026-03-22 07:25:23.431997+00:00,4418634.785856024,3118211.7429885855,3369792.4049159605,1779493.3753662405,5,"E13,E19,E30,G12,G25",29.74174680235652,65.74227688089013,21.431012195811725,37.19967467127269,32.10005164161183,35.210456003053956,-80.0838957997039,872.7602058911904,2026-03-22 07:25:23
2026-03-22 07:25:25.431997+00:00,4419002.979968622,3118749.583776979,3370284.984075795,1779941.2860150423,5,"E13,E27,E34,G25,G32",8.217970337206793,17.25794007629156,11.263353128370715,32.369687579669936,32.10088679961818,35.21286218637749,699.2159226452932,408.4953631666137,2026-03-22 07:25:25
2026-03-22 07:25:27.431997+00:00,4416033.546967321,3117752.3898808006,3369094.2174383653,1777751.915970087,5,"E13,E27,E30,G12,G25",15.539096978205698,25.482176292687654,21.434936903119556,44.3402036455571,32.106173888782564,35.222374882229694,-2475.729087429121,1675.5486564560958,2026-03-22 07:25:27
2026-03-22 07:25:29.431997+00:00,4416937.889032928,3118112.5879309634,3369370.123459618,1778456.5698628444,5,"E13,E27,G12,G24,G29",40.7815496817447,88.01063259691,33.536531510571365,48.88819395130999,32.103744220459504,35.21996583197065,-1527.314777915366,505.8906352985942,2026-03-22 07:25:29
2026-03-22 07:25:31.431997+00:00,4418654.8258800935,3118279.1782504013,3369759.046321057,1779500.329836312,5,"E13,E19,E30,G12,G25",32.187477798765926,71.2708441130817,21.40671246366795,37.215097128804736,32.099532002532605,35.210917307242845,-51.002174854278564,884.1500811278829,2026-03-22 07:25:31
2026-03-22 07:25:33.431996+00:00,4413482.197420914,3116082.552710968,3367503.8193073575,1775626.15999259,5,"E15,E21,E29,G11,G25",166.7469238908022,370.90907130017877,26.107602143415985,41.570572942870385,32.10863317486574,35.22351356651198,-5902.287228202447,3027.6779257316534,2026-03-22 07:25:33
2026-03-22 07:25:35.431996+00:00,4415741.660777075,3117776.741537023,3368743.102252504,1777369.9870102422,6,"E19,E27,G06,G12,G24,G29",22.949107715093852,55.000791978091,23.764655259697747,42.427004290545376,32.10456658959152,35.22437013327317,-2852.421599233523,1542.0175626671717,2026-03-22 07:25:35
2026-03-22 07:25:37.431996+00:00,4418657.139806179,3118107.2043113858,3369960.102458751,1779593.9605285134,5,"E21,E29,E34,G11,G25",96.55239764384176,177.07537899538875,13.43469451658238,34.636490298002855,32.10153407577847,35.20941455041763,-26.555063294246793,1588.2626606130557,2026-03-22 07:25:37
2026-03-22 07:25:39.431996+00:00,4418877.670305775,3117926.485518343,3370210.1150883194,1779789.8279040528,5,"E21,E29,G06,G12,G24",0.4869344788294228,0.8984443359076977,24.448966023698283,40.705356557117526,32.10307974982244,35.20650314636129,170.68526557274163,189.60438968705728,2026-03-22 07:25:39
2026-03-22 07:25:41.431996+00:00,4419633.849965947,3119036.537962007,3370538.2191589805,1780403.42842825,5,"E13,E27,G05,G21,G25",85.84964130624722,191.53595201298594,1.3990422672900455,28.474500922079166,32.09955858659804,35.21149240390376,1410.5846833689138,691.3169293687026,2026-03-22 07:25:41
2026-03-22 07:25:43.431996+00:00,4418801.983852053,3117928.806145667,3370205.284295081,1779736.483519971,6,"E07,E21,E29,G06,G12,G24",27.62046421950591,67.48851361498237,4.7192558636186455,34.69896545133732,32.10333281200812,35.20698552671677,116.86570132430643,712.3757140680204,2026-03-22 07:25:43
2026-03-22 07:25:45.431996+00:00,4419102.31486979,3119260.9655508273,3369670.4913227963,1779903.9318401637,5,"E15,E29,E34,G06,G12",189.48891330137693,423.657891985029,13.40008441906843,35.01420479596277,32.09439109187005,35.216681086830036,691.2575613819063,733.2889819466152,2026-03-22 07:25:45
2026-03-22 07:25:47.431996+00:00,4418889.041709606,3118389.7968394733,3370048.8254211145,1779791.6329052758,5,"E29,E34,G06,G12,G25",110.77601342698857,247.63117131963372,13.394671782314326,33.34322285742862,32.10052302026774,35.21044411529952,319.124221525155,486.71271157829966,2026-03-22 07:25:47
2026-03-22 07:25:49.431996+00:00,4418782.234595177,3117934.977254107,3370269.498879723,1779744.4377914565,5,"E21,E29,G06,G12,G24",0.5524740869718529,1.0205638781189919,24.397587745104342,40.67913024019505,32.10388362773447,35.20715957683681,140.33735181577504,258.3434682063,2026-03-22 07:25:49
2026-03-22 07:25:51.431996+00:00,4417647.053233788,3118396.0435705683,3371389.4523852468,1780179.6441851151,5,"E27,E30,G11,G21,G25",121.38363879715527,271.3261502161622,3.727070196838432,35.70674047456971,32.11560957980799,35.21808592750447,175.238493504934,829.9871574238622,2026-03-22 07:25:51
2026-03-22 07:25:53.431996+00:00,4418262.311006943,3115850.8893173076,3369077.0200766856,1777058.088006902,5,"E15,E27,E30,G11,G25",251.36828453182258,561.8725461512804,21.32575790306179,44.563143446859996,32.1025676146395,35.19228997314792,-1870.9266732838005,1746.6894029846496,2026-03-22 07:25:53
2026-03-22 07:25:55.431996+00:00,4416462.447953172,3117412.608397745,3369207.805970474,1777749.7227917481,5,"E15,E21,E29,G12,G24",80.27834065046713,179.17195269837976,26.00098050230274,45.409573846057825,32.106301421710434,35.21681110472125,-2284.542567837052,1193.2705527818655,2026-03-22 07:25:55
2026-03-22 07:25:57.431996+00:00,4416885.941540143,3117660.2502898034,3369583.7788670966,1778191.2049925611,5,"E15,E21,E29,G11,G24",163.67891063444185,365.4830594547093,25.990099276811232,43.63275533564708,32.106830774856,35.21636705990561,-1670.6777007216588,309.04245011925593,2026-03-22 07:25:57
2026-03-22 07:25:59.431996+00:00,4416712.116524965,3118133.1306229485,3369496.2818878815,1778342.3830913238,5,"E13,E27,G12,G24,G29",45.3714185406519,98.80874602869153,33.69366456264614,48.91456672761777,32.10553559660306,35.221523563282744,-1606.4665932916105,255.67883503977583,2026-03-22 07:25:59
2026-03-22 07:26:01.431996+00:00,4416678.335176305,3118139.5192346587,3369519.9964967556,1778324.5209910346,5,"E13,E27,G12,G24,G29",37.51222985106971,80.6974775083363,33.703919702598036,48.9163120135101,32.10583143579491,35.2217853470414,-1614.1180811859667,20.8828670858644,2026-03-22 07:26:01
2026-03-22 07:26:03.431996+00:00,4418483.715752718,3118368.580492119,3369981.2988626966,1779468.6078083578,5,"E13,E19,E30,G12,G25",37.050019673051246,82.2409823462367,21.309944626130243,37.27785362245605,32.101652803750284,35.21273643330664,-7.655249527655542,938.7049534041266,2026-03-22 07:26:03
2026-03-22 07:26:05.431997+00:00,4418317.476936259,3118648.4530289154,3370352.7273231694,1779839.8665469273,5,"E27,E30,G12,G24,G29",127.27608307675895,284.09158542752266,21.306714203492852,45.50503920851637,32.104367617428416,35.21617450252208,211.39654729422182,246.9427252809913,2026-03-22 07:26:05
2026-03-22 07:26:07.431997+00:00,4419625.021718068,3118540.02941342,3371469.2329416806,1780691.2534000487,5,"E19,E27,G05,G11,G24",447.45467955826945,1000.4787781275809,1.4960410388242034,37.76118215483951,32.10807518845231,35.20724935775657,1656.7710884492844,861.396226048091,2026-03-22 07:26:07
2026-03-22 07:26:09.431997+00:00,4418628.144519306,3117989.7648710324,3370425.232695027,1779722.127176406,6,"E07,E21,E29,G06,G12,G24",25.370687325354286,61.96273673698306,4.598396029334538,34.62180012268934,32.10552527172237,35.208575067156325,143.2133823959157,772.4137057034308,2026-03-22 07:26:09
2026-03-22 07:26:11.431997+00:00,4418400.49509051,3118389.7672489895,3370018.4029789646,1779446.1803119218,5,"E13,E19,E30,G12,G25",38.23210371485773,84.90407422930002,21.286039929466185,37.29356531508181,32.10220355444615,35.213428220069794,-35.184938236139715,307.1386424213515,2026-03-22 07:26:11
2026-03-22 07:26:13.431997+00:00,4416690.080237691,3117291.7776272367,3369238.2996571856,1777937.8103897288,5,"E13,E21,E29,G11,G24",180.9136177082087,392.5675276517868,25.915972908757524,41.66894749378012,32.10597684254772,35.21437358923249,-2169.8258932810277,1088.5381677816554,2026-03-22 07:26:13
2026-03-22 07:26:15.431997+00:00,4418424.951511129,3118785.3000331307,3370835.6258486286,1779986.7760648835,5,"E27,E30,G11,G24,G29",148.82615303548187,332.1802986562252,21.275821473664728,43.71520507393918,32.1072571670436,35.21670235402789,609.2725069206208,1395.693239413302,2026-03-22 07:26:15
2026-03-22 07:26:17.431997+00:00,4418222.330846937,3118690.094442227,3370452.782798266,1779822.9887479444,5,"E27,E30,G12,G24,G29",119.93111716908136,267.6365121304989,21.270679502401194,45.492287126742795,32.10538937057329,35.21711622593438,219.0691047720611,221.74762642901456,2026-03-22 07:26:17
2026-03-22 07:26:19.431997+00:00,4418746.825663126,3118946.426284696,3370585.130594485,1779917.1079693523,5,"E13,E19,E27,E30,G25",167.7702692897352,375.02101703733206,21.262363615908914,36.54117853349258,32.10363834103458,35.21613053256419,777.5959100872278,299.2978302779717,2026-03-22 07:26:19
2026-03-22 07:26:21.431997+00:00,4418863.235924584,3120254.941201083,3371037.3663296574,1781163.1891323882,5,"E15,E30,G06,G12,G24",7.19463746542847,13.404487885534763,21.263980923935016,41.32663645653775,32.10302051762807,35.22674246323984,1737.7674906402826,694.6725479581489,2026-03-22 07:26:21
2026-03-22 07:26:23.431997+00:00,4417566.396491724,3117821.0967666595,3371019.221461754,1779335.868709406,5,"E27,E30,G05,G11,G21",55.250657792258586,123.20469660311937,1.563681112036262,28.061264353250586,32.11468712064682,35.2136014929507,-358.21160939056426,1378.9235368417799,2026-03-22 07:26:23
2026-03-22 07:26:25.431997+00:00,4418478.844488934,3118201.3794148113,3370526.1269338825,1779629.3514207695,5,"E07,E21,E29,E34,G11",1.2850454520286934,2.3511023856699467,4.524544996110986,27.554774059432397,32.10629584400643,35.21131889256992,196.85984092205763,552.3401247224864,2026-03-22 07:26:25
2026-03-22 07:26:27.431997+00:00,4418472.942775525,3118187.388747156,3370524.7250567214,1779620.4246404069,5,"E07,E21,E29,E34,G11",4.572992380308465,8.365101933479309,4.51543875429643,27.55083514020356,32.10634691008839,35.211233839034406,185.1971181333065,7.624537070662939,2026-03-22 07:26:27
2026-03-22 07:26:29.431997+00:00,4418699.621298008,3118269.7945711846,3370608.0239846916,1779778.2795434608,5,"E07,E21,E29,G11,G21",39.549435282861445,87.91948421671987,3.8728215218923383,25.67410879129319,32.10586782486866,35.21056244928262,426.5973555371165,127.58583756597807,2026-03-22 07:26:29
2026-03-22 07:26:31.431997+00:00,4418654.337452853,3118638.3202096517,3370541.14704354,1779635.5712645089,5,"E13,E19,E27,E34,G11",225.72707424086798,498.72865883260965,13.227110465945326,37.8173681037782,32.10451592324799,35.21402888096033,539.7126849824563,188.63609019577245,2026-03-22 07:26:31
2026-03-22 07:26:33.431996+00:00,4418647.355399989,3118126.9608533694,3370103.6332011926,1779395.9703575042,5,"E13,E21,E29,G06,G12",205.98048892118686,460.4486253038049,24.166634893736155,38.32583478297422,32.10261425852758,35.209645335320644,52.59868641849607,336.5100130461139,2026-03-22 07:26:33
2026-03-22 07:26:35.431996+00:00,4415614.524380586,3115094.78422886,3368938.7862526844,1775672.7238702117,5,"E13,E19,E27,G06,G25",607.8594111875854,1359.182339180261,23.71840427749403,37.16655116912028,32.113977299239714,35.201918078833565,-4146.307235535234,2221.9938955767047,2026-03-22 07:26:35
2026-03-22 07:26:37.431996+00:00,4417611.0863493495,3115755.3624837482,3369717.268005634,1777130.3455089417,5,"E13,E27,E30,G11,G25",532.1303320218632,1189.7614659070969,21.194015351615306,42.68287432896539,32.11027541022346,35.1954404660032,-2028.069213184528,1121.2333795445122,2026-03-22 07:26:37
2026-03-22 07:26:39.431996+00:00,4420224.463948761,3119501.9885685015,3369524.1677948125,1779691.3603714565,5,"E19,E27,E30,G06,G24",266.86246899901886,596.2358402684331,21.194281440018084,35.60345020495482,32.08821595449034,35.21191327806642,1507.9794145049527,2286.057588266309,2026-03-22 07:26:39
2026-03-22 07:26:41.431996+00:00,4418455.267029073,3118388.9450664893,3370283.011455266,1779437.1110385226,5,"E13,E19,E27,E30,G12",103.36219438985675,180.17839886248112,21.19308777082509,41.20628679439845,32.10401272565242,35.21308649877751,142.94501919858158,1111.841634295948,2026-03-22 07:26:41
2026-03-22 07:26:43.431996+00:00,4418250.949236147,3118261.861535473,3370802.9103387743,1779555.1618894022,5,"E19,E27,E30,G11,G24",104.37361883403544,230.65878964215517,21.187288546319266,41.62688744641788,32.109135341758524,35.213234665305684,215.79733974207193,286.43971156037645,2026-03-22 07:26:43
2026-03-22 07:26:45.431996+00:00,4418354.646125132,3118327.1152659655,3370138.912434934,1779390.22105775,5,"E13,E19,E30,G12,G25",29.981515636619726,66.29773302003741,21.181149429074985,37.3596864546437,32.10347681573224,35.21316600341983,-33.475378934293985,337.6034324590444,2026-03-22 07:26:45
2026-03-22 07:26:47.431996+00:00,4415706.336978917,3117760.4922440946,3369415.2488239356,1777578.753954268,6,"E13,E19,E27,E30,G12,G25",27.10006931676125,46.04846116155386,21.19079789558881,41.03096396369115,32.10988645894314,35.22444539078791,-2527.553486010991,1401.632263177884,2026-03-22 07:26:47
2026-03-22 07:26:49.431996+00:00,4420139.851207858,3119909.0606702478,3371309.958271012,1781300.908792354,5,"E13,E27,E34,G24,G29",598.679600265361,1338.5402909331024,13.15032852571439,38.93723268167415,32.10106150734995,35.215952090830235,2597.097185718827,2639.2384597135756,2026-03-22 07:26:49
2026-03-22 07:26:51.431996+00:00,4418743.447475718,3118817.268635617,3370676.1498701177,1779852.2341931344,5,"E13,E27,E30,G25,G32",6.803792999368229,14.535686556249857,11.200369896028349,34.093124502027266,32.10470370008506,35.21503334044516,760.5409365063533,941.2314166905074,2026-03-22 07:26:51
2026-03-22 07:26:53.431996+00:00,4418750.151684417,3118810.4533714685,3370666.8946520807,1779846.9699224008,5,"E13,E27,E30,G25,G32",1.6390009707810909,3.5014504604041576,11.198889462199428,34.09619989787177,32.10462559284893,35.214933400830446,756.9327770452946,6.65306885218133,2026-03-22 07:26:53
2026-03-22 07:26:55.431996+00:00,4418345.500394961,3118280.43179711,3370147.670311392,1779363.1402473592,5,"E13,E19,E30,G12,G25",25.25910177539695,55.59897322207689,21.150079385087942,37.37907793292484,32.10370854264327,35.21281777971616,-57.95296089537442,422.5693585992924,2026-03-22 07:26:55
2026-03-22 07:26:57.431996+00:00,4418354.8449675115,3118281.1212230134,3370138.3190397383,1779359.8909458008,5,"E13,E19,E30,G12,G25",24.000368664326036,52.73767739534378,21.143857217764523,37.38289889291887,32.10359861077818,35.21276666032997,-56.11873789969832,6.618961885530781,2026-03-22 07:26:57
2026-03-22 07:26:59.431996+00:00,4418364.604156616,3118290.256812603,3370135.503777549,1779366.404176135,5,"E13,E19,E30,G12,G25",29.568255269914296,65.36529527232051,21.137685726630593,37.386709829465254,32.10351364383273,35.21278611909889,-46.39849704224616,6.8305649533536545,2026-03-22 07:26:59
2026-03-22 07:27:01.431996+00:00,4418368.894817989,3118282.666175905,3370134.2919486733,1779364.7136553929,5,"E13,E19,E30,G12,G25",26.370941279464997,58.12388576567173,21.13143973256094,37.39056239125982,32.103508562470864,35.21269420165177,-47.780614546500146,4.40159260170462,2026-03-22 07:27:01
2026-03-22 07:27:03.431996+00:00,4412317.370162126,3114980.156057777,3366038.4081762517,1773567.038221541,5,"E15,E21,E29,G11,G24",57.641784234967794,122.42859016358852,25.68199664886977,43.52687026099336,32.105043684380604,35.221087231996385,-8025.755525476299,4009.4821242291373,2026-03-22 07:27:03
2026-03-22 07:27:05.431997+00:00,4418378.816321451,3118285.502794288,3370114.4857673026,1779362.2766606137,5,"E13,E19,E30,G12,G25",16.21733086894709,34.87610902264714,21.119068716446858,37.39821126300039,32.10331057105781,35.21265814445334,-50.05451401416212,4008.7651103060384,2026-03-22 07:27:05
2026-03-22 07:27:07.431997+00:00,4418401.816507124,3118328.5018776185,3370150.4735472626,1779400.842129024,5,"E13,E27,E30,G12,G25",133.10004434302354,297.03391145542264,21.11300943050559,44.53066901880859,32.103376597315396,35.21288983726732,5.991935135796666,30.30284646161134,2026-03-22 07:27:07
2026-03-22 07:27:09.431997+00:00,4418515.834377725,3118260.2386917775,3370121.913807901,1779414.63886677,5,"E13,E19,E30,G06,G12",78.34978062048684,148.19209208339453,21.105568642831397,34.15729110740316,32.10290061384133,35.21160242138344,36.38255280163139,67.96248242559969,2026-03-22 07:27:09
2026-03-22 07:27:11.431997+00:00,4414825.403570089,3115960.8357670493,3368688.0229012785,1775764.5118777948,5,"E13,E19,E27,G11,G24",58.53856871003238,117.53496596589684,23.66303302406353,45.097656523085234,32.112758325071994,35.214244891734836,-4402.801129594445,2289.245317145645,2026-03-22 07:27:11
2026-03-22 07:27:13.431997+00:00,4418704.180041774,3118031.39144742,3370086.652022318,1779357.551401152,5,"E13,E21,E29,G06,G12",202.31748556632164,452.25935991480947,23.954083428262884,38.33831979911179,32.10252610172742,35.20847095182002,36.22751008719206,2306.960725773084,2026-03-22 07:27:13
2026-03-22 07:27:15.431997+00:00,4418315.506469486,3118224.5860887566,3370760.9891568734,1779545.3073922987,5,"E19,E27,E30,G11,G24",105.78618418722695,231.6009786427021,21.087946342529918,41.53915718722145,32.10866534120859,35.21251760544556,219.98548323009163,400.97440263580415,2026-03-22 07:27:15
2026-03-22 07:27:17.431997+00:00,4416030.542795357,3117264.2683030968,3369439.5045161196,1777562.3296216119,5,"E07,E15,E21,E29,G12",583.3981337289058,1304.508865762502,4.289960479630108,36.272786041228805,32.11017412938454,35.2181665630811,-2532.7332189762965,1404.4207789416125,2026-03-22 07:27:17
2026-03-22 07:27:19.431997+00:00,4415610.611733507,3117003.5501794904,3369363.4229427692,1777255.008863193,5,"E15,E21,E29,G06,G12",80.0563394599449,149.32044830545783,23.9430927312619,40.20478013796658,32.11195905099295,35.21847582403983,-2991.1128855152056,250.05221579038243,2026-03-22 07:27:19
2026-03-22 07:27:21.431997+00:00,4418726.322564666,3117984.0996615025,3370055.094265395,1779349.2350239581,5,"E13,E21,E29,G06,G12",198.3341441542696,443.3503887653351,23.911161407493346,38.34077897342978,32.102328994204726,35.20792632291753,11.685153846628964,1669.396634162864,2026-03-22 07:27:21
2026-03-22 07:27:23.431997+00:00,4416263.206945595,3117483.2036499493,3369472.1551243425,1777634.5303097325,5,"E13,E21,E29,G11,G24",18.702093043407462,40.042734298855066,25.57328760034873,41.62756012614889,32.108906715739565,35.21864019732813,-2247.4308750275522,1290.1214486891743,2026-03-22 07:27:23
2026-03-22 07:27:25.431997+00:00,4416263.837520292,3118605.6811329303,3370597.155959267,1778110.5028027503,5,"E13,E21,E29,G11,G24",425.1781566753775,950.6341342106462,25.550492117788828,41.62172110709162,32.11439540883085,35.22835468171264,-1100.613048623316,794.6041429550068,2026-03-22 07:27:25
2026-03-22 07:27:27.431997+00:00,4417156.013522147,3117917.498512045,3369563.786501128,1778373.906070877,5,"E15,E21,E29,G12,G25",141.3250150417211,315.7025384493172,25.55624446376474,43.47827636738595,32.10490903989723,35.21694381359152,-1368.7439507534727,764.4321053875934,2026-03-22 07:27:27
2026-03-22 07:27:29.431997+00:00,4416458.934404138,3116945.541463386,3368994.957334894,1777537.255319252,5,"E13,E21,E29,G11,G24",221.94691065802746,492.5031952597201,25.551381688008725,41.62613680048037,32.10598003502806,35.21278805695562,-2628.241797163151,662.2285144800702,2026-03-22 07:27:29
2026-03-22 07:27:31.431997+00:00,4416214.532787152,3116803.3152387547,3368793.993141115,1777290.8041114665,5,"E13,E21,E29,G11,G24",256.5517644589443,573.5397369079292,25.542344463770327,41.625642521418044,32.10579493773913,35.2130501334106,-2973.6615638546646,173.45536640545043,2026-03-22 07:27:31
2026-03-22 07:27:33.431996+00:00,4416278.486849366,3117743.852790646,3369383.289441646,1777786.3929967508,5,"E13,E19,E27,G11,G24",93.75303288927397,202.64015082642436,23.623538597009652,45.07917127296728,32.10744703358257,35.22080368853123,-2156.7632808033377,555.8714721908256,2026-03-22 07:27:33
2026-03-22 07:27:35.431996+00:00,4418522.197118954,3115169.0621277336,3369119.1261424846,1777391.903340306,5,"E13,E29,G06,G12,G25",442.23076336173494,967.950514819473,23.8271677620286,38.402438425800206,32.10375479719667,35.18479733604103,-2001.467821488157,1712.714583657951,2026-03-22 07:27:35
2026-03-22 07:27:37.431996+00:00,4416244.873658991,3117735.9057727726,3369344.4688635594,1777750.259897246,5,"E13,E19,E27,G11,G24",100.71311601196963,218.20975498110056,23.618391764463084,45.0761274668669,32.10730403059971,35.220940344107206,-2204.5389089826494,1719.4234339825673,2026-03-22 07:27:37
2026-03-22 07:27:39.431996+00:00,4417045.8912669085,3117569.392397884,3369710.2099234546,1778239.0013310076,5,"E15,E21,E29,G11,G24",154.1754618348496,340.0789796486497,25.49865547703325,43.44909768891193,32.10742148082303,35.21460289629081,-1537.1684400560334,448.0854927084999,2026-03-22 07:27:39
2026-03-22 07:27:41.431996+00:00,4418557.554734948,3118184.751169702,3369931.980762936,1779363.673322253,5,"E13,E19,E30,G12,G25",12.807887697984556,26.874502439051867,21.00620408478354,37.46684843620478,32.10149490505512,35.21069413378223,-72.54918053466827,823.5555785591383,2026-03-22 07:27:41
2026-03-22 07:27:43.431996+00:00,4418575.770871348,3118195.2147292444,3369921.5867207344,1779374.1961212552,5,"E13,E19,E30,G12,G25",15.992780383076502,34.36439524963498,20.999981664745686,37.47060388774181,32.10131526104815,35.210673431729155,-60.354313453659415,11.719106375055063,2026-03-22 07:27:43
2026-03-22 07:27:45.431996+00:00,4415419.9915819215,3117592.370849528,3368798.422978271,1777063.8852792408,5,"E13,E19,E27,G11,G24",125.59866680201021,255.13509169220924,23.606468577987417,45.07224274061126,32.106759346816496,35.22474029456217,-3135.6836263816804,1701.7535411501447,2026-03-22 07:27:45
2026-03-22 07:27:47.431996+00:00,4418903.048899888,3118435.551906432,3370363.0559603544,1779608.6911470355,5,"E13,E19,E27,E30,G11",219.7774847932963,491.07345477864146,20.986657079137085,39.43231534428467,32.102742085349085,35.2107545908605,518.1561511475593,1955.1674444652076,2026-03-22 07:27:47
2026-03-22 07:27:49.431996+00:00,4418841.817673123,3117882.092772727,3370388.5616311864,1779731.9084166128,5,"E21,E29,E34,G06,G24",75.00085463021979,167.60614067316055,12.915862369972187,30.283015884409036,32.10470592689702,35.20633784652268,219.02696496620774,278.70989175902844,2026-03-22 07:27:49
2026-03-22 07:27:51.431996+00:00,4417710.291646054,3114006.9413656,3367588.162884649,1774668.871510938,5,"E13,E27,E34,G11,G24",868.5185045286772,1935.24654699862,12.896655966050426,42.9118719982923,32.09844585342684,35.179688173950474,-3944.396025195718,2456.5922900280593,2026-03-22 07:27:51
2026-03-22 07:27:53.431996+00:00,4417839.583530126,3115546.1739773913,3369503.867141817,1777099.1827974175,5,"E13,E27,E30,G12,G25",255.4262661074409,570.3951768502593,20.956731489728718,44.62048635425465,32.10832753800186,35.19223281505448,-2085.4554919805378,1230.434499010561,2026-03-22 07:27:53
2026-03-22 07:27:55.431996+00:00,4422640.213691852,3120116.786787891,3370960.696699694,1781635.5003677178,5,"E07,E15,E21,G11,G24",410.52034722647375,900.6150778010488,4.128532930585985,39.15124576145271,32.08803774079451,35.20248527333018,4243.702963187359,3393.335518847111,2026-03-22 07:27:55
2026-03-22 07:27:57.431996+00:00,4419196.494822416,3117508.768379976,3368539.4693637183,1777732.3732697463,5,"E13,E19,E27,E34,G24",40.81818633369108,90.84306712076068,12.870998665403015,36.781700504230734,32.09022158408041,35.20093987016504,-700.3167235907167,2476.050356929572,2026-03-22 07:27:57
2026-03-22 07:27:59.431996+00:00,4428134.84149543,3121043.217408198,3374371.0539759365,1786060.337795936,5,"E13,E19,E29,G11,G24",377.72529857012904,844.5384536497295,23.60041734319854,38.274817012927244,32.09002134687133,35.17699199153996,10312.168244718574,5621.248755159586,2026-03-22 07:27:59
2026-03-22 07:28:01.431996+00:00,4426359.7442663945,3120496.0228589955,3372906.3883606754,1784549.9480839304,5,"E13,E19,E27,G11,G24",199.62366578725099,445.9614255093038,23.596140797007674,45.03536408584457,32.08729569039198,35.1830791966526,8037.776994392276,1182.7549843199477,2026-03-22 07:28:01
2026-03-22 07:28:03.431996+00:00,4420134.29317087,3118273.0698111495,3370304.0036168485,1780280.9626545722,5,"E13,E21,E29,G05,G12",275.23180402136677,615.2639156728983,1.9830216564650662,34.01152335084083,32.09791943458703,35.20182904369104,1259.6465558083728,3552.1179580144467,2026-03-22 07:28:03
2026-03-22 07:28:05.431997+00:00,4416227.166932137,3117229.8078055973,3369337.4871495035,1777644.1076070806,5,"E07,E15,E21,E29,G12",557.3236781451465,1246.2039283961058,4.075020272950506,36.23521767561225,32.1087195475135,35.2166662781732,-2467.728053293191,2078.9521309487604,2026-03-22 07:28:05
2026-03-22 07:28:09.431997+00:00,4414088.845427898,3116722.132267859,3370228.397819966,1777413.6546294948,5,"E07,E15,E27,G05,G12",662.2700487949091,1389.7906148061156,2.007008074964597,35.374999240140696,32.12531139066058,35.225343531717755,-3721.5933273602277,592.8677724550477,2026-03-22 07:28:09
