time,x,y,z,clock_bias_m,num_sats,satellites,rms_residual_m,worst_residual_m,min_elevation_deg,mean_elevation_deg,lat_deg,lon_deg,alt_m,velocity_mps,utc_time
2026-03-22 06:44:38.416831+00:00,4436460.701010299,3084688.726617986,3376025.493791007,-683.6311823755389,5,"E07,E21,E29,G11,G24",28.02131274992938,52.14422896131873,17.22942354986206,40.95480206113585,32.16987796682299,34.81104243482837,-687.7998005468398,,2026-03-22 06:44:38
2026-03-22 06:44:40.416831+00:00,4435120.2358755,3082611.357933391,3375965.3811114123,-2195.1840134755266,5,"E07,E27,E30,G06,G25",153.1460193640088,259.4731434509158,17.21294122886068,33.55438513756722,32.18040153244645,34.80106701363145,-2655.0780820865184,1236.519405791357,2026-03-22 06:44:40
2026-03-22 06:44:42.416831+00:00,4436077.87955129,3084396.899564362,3376163.646403578,-1113.6565691584085,5,"E07,E27,E30,G11,G24",18.233111113262687,30.230781003832817,17.204359633893212,44.93469430178014,32.17324213982659,34.810819110526936,-1021.3071458432823,1017.9083273787683,2026-03-22 06:44:42
2026-03-22 06:44:44.416831+00:00,4436068.434368252,3084395.8023890727,3376147.564859124,-1133.2865521573858,5,"E07,E27,E30,G11,G24",13.09420718891419,21.701063383370638,17.193349875240706,44.929721265961426,32.17315961881368,34.81086673663058,-1036.9644792145118,9.341190345260905,2026-03-22 06:44:44
2026-03-22 06:44:46.416831+00:00,4436447.348150521,3085112.9526678994,3376674.1788638537,-318.0188833626069,5,"E27,E30,G11,G24,G29",50.09035182278003,85.85648103430867,20.134793773325768,45.51556994118987,32.17371954359673,34.814816371988194,-146.67763725109398,483.52933902504435,2026-03-22 06:44:46
2026-03-22 06:44:48.416831+00:00,4436453.010958171,3085121.0609272765,3376677.8134802487,-313.57059294321584,5,"E27,E30,G11,G24,G29",49.681825468470606,85.15391359478235,20.14643564398775,45.51508726786704,32.173702732347735,34.814852675224046,-136.88866945914924,5.268341697234445,2026-03-22 06:44:48
2026-03-22 06:44:50.416831+00:00,3229099.9726944263,2123826.6236538235,6619579.53001758,-1073983.325681132,5,"E15,E29,G01,G11,G24",150985.71042930172,316074.85257603973,-11.98453792000461,16.91857127513933,59.85980865002064,33.33350873003215,1303109.5649005817,1795703.1977235514,2026-03-22 06:44:50
2026-03-22 06:44:52.416831+00:00,4436442.950508086,3085116.501549753,3376675.0875265817,-307.8660769826983,5,"E27,E30,G11,G24,G29",47.02103603874109,80.58880623802543,20.16978317463946,45.514142963476075,32.17373408771624,34.81487388689024,-147.53481299616396,1795702.1272018487,2026-03-22 06:44:52
2026-03-22 06:44:54.416831+00:00,4436432.904491797,3085113.164218197,3376665.9657393405,-310.79369158049514,5,"E27,E30,G11,G24,G29",49.98663717001925,85.66906816139817,20.181482100107548,45.51369322365863,32.17371321438255,34.814905649348525,-160.9860720448196,6.986902526587116,2026-03-22 06:44:54
2026-03-22 06:44:56.416831+00:00,4436579.605424327,3083383.099044638,3374338.8625189643,-2828.316071584388,5,"E15,E27,E30,G06,G25",99.15235181555144,173.22302271053195,26.730601928233877,38.48808511110338,32.16010925832502,34.79895456218848,-2133.8993404442444,1451.7279416829165,2026-03-22 06:44:56
2026-03-22 06:44:58.416831+00:00,4436592.128071623,3083384.1220195782,3374331.1041485984,-2820.5334239445697,5,"E15,E27,E30,G06,G25",101.8244267951084,177.9187028668821,26.740797629666453,38.489017519931636,32.15999782850279,34.7988876818421,-2128.8294768622145,7.3833509290344725,2026-03-22 06:44:58
2026-03-22 06:45:00.416831+00:00,4436593.634788474,3083387.131888611,3374337.625302322,-2806.597629915699,5,"E15,E27,E30,G06,G25",98.63935082053924,172.3799156844616,26.751006276429937,38.49005094034591,32.16003344055411,34.79890477358827,-2122.856777159497,3.669296702103459,2026-03-22 06:45:00
2026-03-22 06:45:02.416831+00:00,4436589.8387267655,3083382.2992080864,3374332.0451563494,-2804.7747773287106,5,"E15,E27,E30,G06,G25",97.4315676665098,170.29537431150675,26.761248787945824,38.49106947200129,32.16001903688298,34.79888566378877,-2130.8007251890376,4.150388976445109,2026-03-22 06:45:02
2026-03-22 06:45:04.416831+00:00,4438107.5720188795,3086585.9116084366,3376677.774249309,945.1642684037794,5,"E15,E27,G06,G12,G29",68.68501512289761,90.15460259094834,20.24033843991749,42.942019165714385,32.163166313195504,34.81758727296285,1720.8955915151164,2125.3877137610916,2026-03-22 06:45:04
2026-03-22 06:45:06.416831+00:00,4436583.658481537,3083384.3249044004,3374338.747140567,-2791.9680806279343,5,"E15,E27,E30,G06,G25",97.13959016397813,169.83705029636621,26.781679676130715,38.49315706964357,32.16008903664226,34.79894070760192,-2130.5509611638263,2123.8831010785298,2026-03-22 06:45:06
2026-03-22 06:45:08.416831+00:00,4436481.540456205,3084724.422674582,3375980.447894973,-618.0787918340644,5,"E07,E21,E29,G11,G24",31.84022908255772,59.4615710824728,17.063232297245012,40.89417550518072,32.16935405835292,34.81122705358265,-680.0508766397834,1060.8335745725817,2026-03-22 06:45:08
2026-03-22 06:45:10.416831+00:00,4436585.258067495,3083385.638837919,3374338.7093958277,-2776.7379243843006,5,"E15,E27,E30,G06,G25",96.73014806497041,169.17286356166005,26.802109819339705,38.495174921682164,32.160078840561596,34.79894246871788,-2128.8242724752054,1060.4721594386365,2026-03-22 06:45:10
2026-03-22 06:45:12.416831+00:00,4436588.1494236225,3083383.2327524005,3374342.0474605523,-2769.9487972426473,5,"E15,E27,E30,G06,G25",95.09994877472569,166.3471819497645,26.812369490977563,38.496174086256694,32.160099525750056,34.79890401715927,-2126.1999549819157,2.5145508487425396,2026-03-22 06:45:12
2026-03-22 06:45:14.416831+00:00,4436588.853353215,3083380.143644155,3374334.7823940413,-2769.4929549836947,5,"E15,E27,E30,G06,G25",93.859725218155,164.20279183983803,26.822601040915018,38.497154681551834,32.16004973312214,34.798872856261546,-2131.0701523534954,3.9629313024896176,2026-03-22 06:45:14
2026-03-22 06:45:16.416831+00:00,4436579.704699926,3083379.0157194827,3374332.6460554916,-2767.0052698457325,5,"E15,E27,E30,G06,G25",96.94779134168407,169.63091481104493,26.832818775685833,38.498205525670464,32.16007258236994,34.798918402839135,-2139.112056668848,4.731120730680879,2026-03-22 06:45:16
2026-03-22 06:45:18.416831+00:00,4436593.497971701,3083387.337879631,3374339.317588915,-2752.0767349377634,5,"E15,E27,E30,G06,G25",97.01977747197047,169.78265944123268,26.842999564618903,38.499161736146725,32.16004633927738,34.798907395431115,-2121.951585987583,8.718114102648103,2026-03-22 06:45:18
2026-03-22 06:45:20.416831+00:00,4436593.715144797,3083380.250018225,3374327.7103143833,-2759.298022330538,5,"E15,E27,E30,G06,G25",96.86612792573861,169.53946976736188,26.853259152616886,38.50012266475225,32.15997626302614,34.798844358476735,-2131.40337497741,6.800988265026901,2026-03-22 06:45:20
2026-03-22 06:45:22.416831+00:00,4436878.01778924,3085588.9900083807,3376308.4247072963,-197.37918782520623,6,"E07,E15,E27,E30,G25,G32",18.04753375711282,36.375331591814756,10.417646866659146,30.93908655737231,32.16792488864158,34.81635307585716,187.92704487405717,1490.1837004244583,2026-03-22 06:45:22
2026-03-22 06:45:24.416831+00:00,4436465.065972702,3084714.0996834175,3375985.8671348444,-604.6173941291285,5,"E07,E21,E29,G11,G24",32.40531992029632,60.63135186955333,16.97434315186254,40.861527322672984,32.169488680229,34.81123690740155,-693.6035380978137,509.90334158610113,2026-03-22 06:45:24
2026-03-22 06:45:26.416831+00:00,4436598.759537933,3083379.0638223086,3374325.877516266,-2769.3240305808995,5,"E15,E27,E30,G06,G25",97.87773899063566,171.38767094910145,26.883955752446635,38.503086007426916,32.15994562670934,34.79880349963344,-2129.445342356339,1067.2113489861633,2026-03-22 06:45:26
2026-03-22 06:45:28.416831+00:00,4436354.107748455,3084629.166354232,3376056.5850055628,-726.385612304709,5,"E07,E29,E34,G11,G24",9.008973787556867,16.176960945129395,16.951068405857125,38.63073842957238,32.1706988650288,34.81116914733118,-774.1073727719486,1074.4718763099647,2026-03-22 06:45:28
2026-03-22 06:45:30.416831+00:00,4436878.613933279,3085579.7882057745,3376309.226893638,-212.64223187011703,6,"E07,E15,E27,E30,G25,G32",18.43047372052148,42.01556818559766,10.431221666493238,30.941024892301005,32.16795388577821,34.81626937513332,184.32117760460824,557.3635631611204,2026-03-22 06:45:30
2026-03-22 06:45:32.416831+00:00,4436463.576145249,3084718.244680458,3375979.014341172,-615.6174698637981,5,"E07,E21,E29,G11,G24",35.09517126706239,65.72565599158406,16.930048709788046,40.84522919980715,32.16943087477648,34.81128201143415,-696.2845541359857,505.8542135124355,2026-03-22 06:45:32
2026-03-22 06:45:34.416831+00:00,4436612.566015844,3083387.3888797136,3374335.8570502806,-2773.943149555616,5,"E15,E27,E30,G06,G25",97.82332739419677,171.3953351303935,26.924849048154037,38.507019617752604,32.15994458667349,34.79879243790454,-2110.513486176729,1059.8751136955484,2026-03-22 06:45:34
2026-03-22 06:45:36.416831+00:00,4436586.98774823,3083374.7111101774,3374324.7079096492,-2798.1748747176403,5,"E15,E27,E30,G06,G25",93.48785156813757,163.82359141111374,26.935142737123243,38.50810572484748,32.159995038740384,34.7988368393809,-2140.3541926378384,15.323812771143919,2026-03-22 06:45:36
2026-03-22 06:45:38.416831+00:00,4436441.952876866,3085112.1834956324,3376670.215980699,-253.2432247185605,5,"E27,E30,G11,G24,G29",50.539045880936136,86.55857622623444,20.438319101584632,45.502673396239786,32.173712673324665,34.814842336893555,-152.90884852223098,1461.2711517278997,2026-03-22 06:45:38
2026-03-22 06:45:40.416831+00:00,4436153.590924606,3085162.211853405,3376524.5025173314,-444.41042118824964,5,"E15,E27,E30,G11,G29",153.4519605773233,260.21529506519437,20.44899011546725,39.937066821924084,32.17360008176045,34.817023544446116,-406.7101400224492,163.4685485798673,2026-03-22 06:45:40
2026-03-22 06:45:42.416831+00:00,4436341.218641801,3085332.3245742703,3376894.73386695,-15.547530411555266,5,"E27,E30,G11,G25,G32",76.61451572654703,162.7145580649376,10.455871844728001,34.90349582281577,32.1752200285986,34.8173684767796,3.03192900121212,224.28427848406375,2026-03-22 06:45:42
2026-03-22 06:45:44.416831+00:00,4436767.12466874,3085397.1742415004,3375751.0881831544,-542.6059718929774,5,"E15,E29,G12,G25,G32",27.29322770588259,55.339553996920586,10.454130293535277,34.876580654072725,32.164633157826025,34.81535472847217,-278.5601941915229,611.0496856204194,2026-03-22 06:45:44
2026-03-22 06:45:46.416831+00:00,4437077.334352619,3085509.041960069,3375820.593803359,-324.97609226478073,5,"E15,E29,G06,G12,G25",68.75753999622223,96.7773755043745,26.970688971773324,39.63551715890104,32.163634479136824,34.81445077045717,28.102505010552704,168.50479642303318,2026-03-22 06:45:46
2026-03-22 06:45:48.416831+00:00,4435591.1529595945,3084619.8048221706,3375320.7695353194,-1564.3705677766081,5,"E15,E21,E29,G12,G24",0.9358830924575107,1.6061724424362183,32.04211585132095,47.78652779745927,32.168114747764115,34.81570664888913,-1700.629016842693,901.2910350313332,2026-03-22 06:45:48
2026-03-22 06:45:50.416831+00:00,4436225.484693563,3085124.371355072,3376740.842210632,-282.33208322720293,5,"E19,E27,E30,G11,G25",93.3491245941693,157.50538939982653,24.321605695661816,37.68669862422993,32.17507181331413,34.81625888438147,-259.8376684030518,817.5528328512083,2026-03-22 06:45:50
2026-03-22 06:45:52.416831+00:00,4435595.2107023755,3083323.6515494464,3375560.076077264,-2212.1402550030134,5,"E13,E19,E27,E30,G11",137.3181231657507,237.34882886335254,22.715910752100807,36.83074737802617,32.173479886660324,34.804395419865,-2196.706625749357,1121.8339654387978,2026-03-22 06:45:52
2026-03-22 06:45:54.416831+00:00,4437046.899555709,3085484.6799238203,3375814.251400311,-374.2889062049548,5,"E15,E29,G06,G12,G25",74.46046716354005,104.86191514506936,27.01184915623012,39.64336676785878,32.163772785920024,34.814422935690466,-8.200393133796751,1307.8655566024968,2026-03-22 06:45:54
2026-03-22 06:45:56.416831+00:00,4436868.543339568,3084894.725798578,3376164.0091005517,-383.8306178122287,5,"E07,E21,E29,G11,G19",15.710355700189018,19.209459848701954,16.79704034689644,30.792369420462727,32.1687628441047,34.81036712919593,-231.0584865361452,354.32585941623944,2026-03-22 06:45:56
2026-03-22 06:45:58.416831+00:00,4436318.168210334,3084655.5445492035,3375862.1422744123,-856.7469731593133,5,"E21,E29,E34,G11,G24",35.21507797592489,61.52938021346927,20.8019844475318,41.595449845369956,32.16928378604712,34.81161635585527,-889.8657296877354,335.8735006126636,2026-03-22 06:45:58
2026-03-22 06:46:00.416831+00:00,4436322.842595022,3084654.426369422,3375868.480887927,-859.7996235497948,5,"E21,E29,E34,G11,G24",30.69838854586171,53.668871615082026,20.797339992634743,41.59261958036888,32.16931681465594,34.81157832460606,-883.7826152285561,3.977380404392118,2026-03-22 06:46:00
2026-03-22 06:46:02.416831+00:00,4436394.338679485,3085480.128526635,3376432.95649963,-280.3765894295816,5,"E27,E30,G12,G24,G29",96.1951416861649,125.69659766927361,20.577288514038116,47.40266698942228,32.17108050522737,34.81833347393657,-134.50913758669049,501.38020970292985,2026-03-22 06:46:02
2026-03-22 06:46:04.416831+00:00,4436395.2741635125,3085476.201019835,3376433.3703009617,-284.08000545821164,5,"E27,E30,G12,G24,G29",97.66555413799682,127.6565295048058,20.588974500387568,47.401559670189776,32.171090744160374,34.81829362363841,-135.53692678082734,2.0292653578464717,2026-03-22 06:46:04
2026-03-22 06:46:06.416831+00:00,4436594.586482195,3085080.463960465,3376713.2160839667,-248.85435508300927,5,"E19,E27,G11,G24,G29",31.37005570583328,53.28614134341478,20.602378902805793,44.69581153743863,32.173526108899814,34.81364225930324,-39.2702299663797,262.03381594904806,2026-03-22 06:46:06
2026-03-22 06:46:08.416831+00:00,4436860.715556958,3085537.2293070564,3376310.14910191,-342.9691680940871,5,"E13,E27,E30,G25,G32",11.400186875588458,23.921932440251112,10.494835931184802,29.91081804334481,32.16814813446564,34.81600728198621,151.80485268402845,332.38616784729066,2026-03-22 06:46:08
2026-03-22 06:46:10.416831+00:00,4436484.203529087,3084692.0165995383,3376002.6358412076,-729.0551267281717,5,"E07,E21,E29,G11,G24",34.964288188675226,65.77098030596972,16.719533914186805,40.7673503577204,32.16960178285365,34.810928810949186,-682.0462352996692,487.52185427668576,2026-03-22 06:46:10
2026-03-22 06:46:12.416831+00:00,4436853.575690528,3084844.232321354,3376149.1220798544,-452.10361277470673,5,"E07,E21,E29,G11,G19",17.073353325679943,20.834287729114294,16.70859544373357,30.765470465911257,32.16884660658609,34.81001816224735,-273.7867416450754,212.75786573517587,2026-03-22 06:46:12
2026-03-22 06:46:14.416831+00:00,4436886.2081433665,3084856.2551465062,3376169.450261021,-434.655240510334,5,"E07,E21,E29,G11,G19",18.107893758900904,22.091171976178885,16.69748185033625,30.762023493466984,32.168840188841216,34.809925313473194,-234.47431496251374,20.141128645239064,2026-03-22 06:46:14
2026-03-22 06:46:16.416831+00:00,4436419.020524599,3085428.317941531,3376429.869366907,-315.01174367274007,5,"E27,E30,G12,G24,G29",96.29751148296205,126.09612770751119,20.659359749403915,47.39490367615663,32.17110168834643,34.817733066401814,-144.04135377891362,391.5795651244012,2026-03-22 06:46:16
2026-03-22 06:46:18.416831+00:00,4435102.398204759,3082603.555063891,3373773.3115835264,-3430.047200698834,5,"E19,E30,G06,G12,G24",57.11729672693692,96.65019820258021,24.36353786423431,42.79586562751651,32.16375206576489,34.80110704028032,-3838.4434960000217,2047.5643399190708,2026-03-22 06:46:18
2026-03-22 06:46:20.416831+00:00,4436349.264251792,3084571.334035087,3375839.7649306008,-924.4251067297649,5,"E21,E29,E34,G11,G24",25.863114140944205,45.47791672125459,20.750260180114473,41.56448484264234,32.16922119407604,34.81069497066551,-920.8616848755628,1557.0050139898908,2026-03-22 06:46:20
2026-03-22 06:46:22.416831+00:00,4434209.106056817,3083483.2710368093,3372706.178454006,-2987.770520530019,5,"E13,E29,E34,G11,G25",51.43112454013165,72.1314712651074,20.746418301855915,31.22893963823994,32.15671085061885,34.814178792271434,-4602.273060952313,1973.7985202419034,2026-03-22 06:46:22
2026-03-22 06:46:24.416831+00:00,4435905.383194738,3084505.717552158,3375655.9492556932,-1347.5208819783845,5,"E15,E21,E29,G11,G24",147.37731235185123,228.67498927935958,32.15951013063922,45.86864625988156,32.16974781171203,34.81281083583923,-1358.9287836020812,1776.5064584648242,2026-03-22 06:46:24
2026-03-22 06:46:26.416831+00:00,4436944.435841442,3084802.3401067667,3376189.982745648,-433.007923105023,5,"E07,E21,E29,G11,G19",17.14161978614166,21.084880717098713,16.63118132327128,30.74173492714926,32.16891515739223,34.809103541485605,-209.12627963908017,602.6622418316749,2026-03-22 06:46:26
2026-03-22 06:46:28.416831+00:00,4436461.177837606,3085378.6858018795,3376434.9819384296,-322.0270658476018,5,"E27,E30,G12,G24,G29",99.1033011444752,130.0021597482264,20.72978662732122,47.388193762187385,32.17111059877246,34.81704582754613,-136.01012822706252,395.5177818413595,2026-03-22 06:46:28
2026-03-22 06:46:30.416831+00:00,4436378.868577152,3084529.705682225,3375871.070737492,-923.8488233764356,5,"E21,E29,E34,G11,G24",32.484264831708735,57.28346772119403,20.72666121553498,41.550212156509694,32.169457596893714,34.81015334016754,-903.734603587538,511.25773844218986,2026-03-22 06:46:30
2026-03-22 06:46:32.416831+00:00,4436947.718968626,3084768.496777191,3376170.177608836,-447.0660111981099,5,"E07,E21,E29,G11,G19",19.368875263489358,23.97126841917634,16.598223428912906,30.73166383936274,32.16884378626506,34.80878905114413,-233.7423996431753,342.81076244809867,2026-03-22 06:46:32
2026-03-22 06:46:34.416831+00:00,4436813.2799141975,3085241.9427451137,3375713.5484485393,-685.8491541780384,5,"E15,E29,G12,G25,G32",48.418549426921274,98.38336069509387,10.537607365774079,34.97019708781365,32.16459012943218,34.81372413223882,-341.48986326530576,335.68405306602574,2026-03-22 06:46:34
2026-03-22 06:46:36.416831+00:00,4436211.078241134,3084728.290715573,3375794.946708548,-974.7496137566163,5,"E13,E19,E30,G12,G24",26.771412924076582,43.19175552204251,22.987266889045404,40.535280161947874,32.16899355714218,34.81289796721587,-964.9134174352512,397.841343761642,2026-03-22 06:46:36
2026-03-22 06:46:38.416831+00:00,4436208.691498308,3084713.918678934,3375773.180823344,-983.8755670445981,5,"E13,E19,E30,G12,G24",36.329060357498086,58.61366557702422,22.999561617397895,40.534849316775066,32.16887619144799,34.81278729276533,-985.1060430668294,13.095855615193297,2026-03-22 06:46:38
2026-03-22 06:46:40.416831+00:00,4436718.48627928,3084929.4939629077,3376718.236985472,-260.4367214805813,5,"E19,E27,G11,G24,G29",33.03955470265423,55.891962960362434,20.80207650785522,44.71475682787268,32.17348982771723,34.811578058926514,-23.445759484544396,547.6071975747162,2026-03-22 06:46:40
2026-03-22 06:46:42.416831+00:00,4436717.387778907,3084918.175666946,3376708.5370198176,-269.017968360359,5,"E19,E27,G11,G24,G29",34.6971664340927,58.68185713887215,20.813847576152664,44.71587226250168,32.17345114406957,34.81148617898568,-34.843415059149265,7.473283418998298,2026-03-22 06:46:42
2026-03-22 06:46:44.416831+00:00,4437212.100481431,3086721.479507866,3377515.108226705,1245.0435682219575,5,"E15,E27,E30,G12,G24",18.90768843917453,31.316702518612146,28.222058632921375,51.68744619031995,32.17271353786293,34.82418665122399,1609.9416410019621,1018.2340733464001,2026-03-22 06:46:44
2026-03-22 06:46:46.416831+00:00,4436237.241457058,3084676.7765621366,3375791.0075479755,-973.0123388562382,5,"E13,E19,E30,G12,G24",26.032199514645185,42.008039604872465,23.047927304618185,40.532931559405554,32.169001555980735,34.812291098945565,-973.7220285870135,1423.3484643675777,2026-03-22 06:46:46
2026-03-22 06:46:48.416831+00:00,4436997.044087848,3084685.769520192,3376159.2243058975,-441.73875430355145,5,"E07,E21,E29,G11,G19",19.620178657043006,24.674231436103582,16.510172596708408,30.704652678896036,32.168792456494515,34.80777033844468,-245.2660056380555,422.1861236066132,2026-03-22 06:46:48
2026-03-22 06:46:50.416831+00:00,4437038.436466394,3084693.126128582,3376166.4013202637,-410.96809691510265,5,"E07,E21,E29,G11,G19",23.30507824142173,29.365587569773197,16.499234396032037,30.70122414488994,32.168663898376906,34.80758386559197,-209.12146778870374,21.32462323193233,2026-03-22 06:46:50
2026-03-22 06:46:52.416831+00:00,4436451.749289056,3084432.74146827,3375831.569930038,-908.9642378795935,5,"E21,E29,E34,G11,G24",29.692273774705335,52.684532795101404,20.67389941953728,41.51890679327083,32.169134476682395,34.808867978392385,-920.9675605641678,361.9786165158121,2026-03-22 06:46:52
2026-03-22 06:46:54.416831+00:00,4436974.209128969,3084659.108486123,3376125.324873141,-464.00564928076847,5,"E07,E21,E29,G11,G19",14.643554856029178,18.523850787431,16.477294769082928,30.694585029336697,32.1686967691017,34.80767644223015,-292.06784676760435,320.35069755315084,2026-03-22 06:46:54
2026-03-22 06:46:56.416831+00:00,4437045.1485323515,3084691.626447433,3376140.052080191,-411.65870353825125,5,"E07,E21,E29,G11,G19",22.495033028876673,28.51039657741785,16.466413706820507,30.69110124676365,32.16844040173558,34.80753018747566,-219.20967899542302,39.70739033065808,2026-03-22 06:46:56
2026-03-22 06:46:58.416831+00:00,4437015.967946993,3084672.612226171,3376114.421378003,-436.6342373354965,5,"E07,E21,E29,G11,G19",16.82249097454646,21.362093914300203,16.455503755127587,30.687793001940207,32.168411893224345,34.80754126531045,-262.3245875639841,21.621633071545073,2026-03-22 06:46:58
2026-03-22 06:47:00.416831+00:00,4437025.844600954,3084672.4581306186,3376106.8370467126,-435.1677864720715,5,"E07,E21,E29,G11,G19",18.954721775505067,24.11581063270569,16.44458558919084,30.684411001473734,32.16831548034552,34.80748014827156,-259.5724502969533,6.226839487738498,2026-03-22 06:47:00
2026-03-22 06:47:02.416831+00:00,4437031.259087161,3084677.4151624935,3376099.2805691604,-433.33867745485117,5,"E07,E21,E29,G11,G19",17.077590432546245,21.76903185248375,16.433654195271465,30.681023649976055,32.1682228631566,34.807490532385,-257.43714255001396,5.267570096676119,2026-03-22 06:47:02
2026-03-22 06:47:04.416831+00:00,4436571.2516882345,3085266.8586067646,3376362.5735833347,-296.3440652821677,5,"E27,E30,G12,G24,G29",98.58077894348351,129.99560433998704,20.941176380643963,47.367807186533305,32.17043051536846,34.8154060648105,-152.11365082114935,396.35009536218485,2026-03-22 06:47:04
2026-03-22 06:47:06.416831+00:00,4436559.919532632,3084435.274865946,3375671.3985453444,-873.917878612154,5,"E13,E21,E29,G11,G24",13.04390912205905,20.31184297800064,23.170189090435095,42.00536101592188,32.16747818772324,34.808235281481224,-929.8393972823396,540.6900380267957,2026-03-22 06:47:06
2026-03-22 06:47:08.416831+00:00,4436342.214020823,3084927.6164417234,3376431.258006853,-540.1473613938765,5,"E15,E27,E30,G11,G29",155.7429525901649,263.4091638997197,20.96481144533916,40.12054014154093,32.17278781973538,34.81383939718666,-438.65339461062104,465.61312222585417,2026-03-22 06:47:08
2026-03-22 06:47:10.416831+00:00,4436611.639580567,3085261.754303412,3376330.7253137366,-287.2887579931548,5,"E27,E30,G12,G24,G29",97.82204867987534,129.10597918182611,20.976551418467235,47.364319301265226,32.17004217767231,34.81511714899749,-143.47008849680424,220.42292600963097,2026-03-22 06:47:10
2026-03-22 06:47:12.416831+00:00,4436298.881043749,3085260.4384604,3376156.190168451,-562.9202017472129,5,"E15,E27,G12,G24,G29",74.37614165372315,101.90002593025565,20.987528143752982,50.23031829451592,32.16994635228191,34.81699902527579,-454.3841207055375,179.0824884902812,2026-03-22 06:47:12
2026-03-22 06:47:14.416831+00:00,4436621.262340123,3085252.1911818027,3376300.246646166,-291.78410695792684,5,"E27,E30,G12,G24,G29",98.6017961017036,130.20928355678916,21.000129091369924,47.362021911194184,32.16979779664958,34.81497565447846,-157.6321612726897,176.59982065928895,2026-03-22 06:47:14
2026-03-22 06:47:16.416831+00:00,4436205.681357225,3084273.1488852534,3375117.8292290657,-1201.5503896008397,5,"E21,E29,E34,G11,G25",144.7130231802261,259.76414480805397,20.615491245387894,33.13832363437857,32.165092591508476,34.8089679815732,-1549.0978867942467,795.1953093486464,2026-03-22 06:47:16
2026-03-22 06:47:18.416831+00:00,4436314.9190094825,3085231.374730852,3376125.3199670757,-569.064402947327,5,"E15,E27,G12,G24,G29",74.95155942384704,102.8337330929935,21.022898757277467,50.23493032768836,32.16972714507514,34.816648933595495,-473.72139628231525,697.3462595833983,2026-03-22 06:47:18
2026-03-22 06:47:20.416831+00:00,4437134.603744247,3084648.6584899887,3376031.157228398,-392.04508784517725,5,"E07,E21,E29,G11,G19",19.10446275848804,24.764874514192343,16.335507531167668,30.650564217036777,32.16737421189847,34.80661473969809,-235.77261653356254,505.05145854830954,2026-03-22 06:47:20
2026-03-22 06:47:22.416831+00:00,4437146.9892960405,3084640.0724616107,3376017.511777046,-386.1535859852599,5,"E07,E21,E29,G11,G19",18.26393773167859,23.718451507389545,16.324665494212198,30.64719530146622,32.167244746862366,34.80646503691349,-238.57750038802624,10.165137961889219,2026-03-22 06:47:22
2026-03-22 06:47:24.416831+00:00,4436672.382315198,3084430.6410594066,3375844.3044891227,-763.2468058088945,5,"E07,E21,E29,E34,G11",42.984452625883165,57.21777116879821,16.313367992742965,30.913281946094266,32.16836756463101,34.807514224996716,-761.8579725921154,273.4566067420171,2026-03-22 06:47:24
2026-03-22 06:47:26.416831+00:00,4435841.60339458,3084331.741147089,3375125.5645957845,-1633.7255225954382,5,"E15,E21,E29,G12,G24",3.8261938525173522,6.494000650942326,32.35759284830038,47.73664890033079,32.16642651802996,34.81168219015216,-1769.7089726682752,551.4893112915364,2026-03-22 06:47:26
2026-03-22 06:47:28.416831+00:00,4436686.538745233,3084411.3641198184,3375822.670776141,-761.9761467008984,5,"E07,E21,E29,E34,G11",43.95167127483586,58.711934596300125,16.29159941085717,30.90974948844979,32.168199425187176,34.807260711136436,-772.851236003451,549.138550654583,2026-03-22 06:47:28
2026-03-22 06:47:30.416831+00:00,4436622.907767122,3084368.41469799,3375666.0951375742,-853.4049543496575,5,"E21,E29,E34,G11,G24",30.144569269990672,54.04238423705101,20.58134346877157,41.464385355889476,32.16737262096284,34.80727191816247,-921.1908200085163,87.19157757969776,2026-03-22 06:47:30
2026-03-22 06:47:32.416831+00:00,4436623.311590008,3084361.110501651,3375664.2177167195,-853.9386523003507,5,"E21,E29,E34,G11,G24",27.70183486409556,49.68934494629502,20.576530119402577,41.46147744027327,32.1673767156125,34.80720588077167,-925.4390255846083,3.7762106053246445,2026-03-22 06:47:32
2026-03-22 06:47:34.416831+00:00,4436628.767308112,3084357.376220886,3375670.720709467,-849.3209557220431,5,"E21,E29,E34,G11,G24",29.757480444168447,53.404700845479965,20.57171915995311,41.458543037282354,32.167415089990584,34.80714034671894,-919.989310497418,4.636772248355218,2026-03-22 06:47:34
2026-03-22 06:47:36.416831+00:00,4436634.523778982,3084352.3874005172,3375674.9582050364,-842.6881136728939,5,"E21,E29,E34,G11,G24",27.30002783490517,49.02016384899616,20.566888624889696,41.455613190664074,32.167438420576126,34.80706206983221,-916.1428757160902,4.358372811453046,2026-03-22 06:47:36
2026-03-22 06:47:38.416831+00:00,4436787.690216804,3084401.691946956,3375812.197795652,-685.219080381652,5,"E07,E21,E29,G11,G24",35.92932762767245,68.26179525628686,16.23706915785225,40.58739823745155,32.1677471770006,34.806564278918515,-712.7965397397056,105.7421406142607,2026-03-22 06:47:38
2026-03-22 06:47:40.416831+00:00,4436661.609460843,3084329.3301036963,3375681.6079432536,-827.9032565080008,5,"E21,E29,E34,G11,G24",25.07846810353462,45.07866072654724,20.55703987256103,41.44976014162059,32.16744559822708,34.80669738287788,-904.9179745418951,97.7065797848938,2026-03-22 06:47:40
2026-03-22 06:47:42.416831+00:00,4436656.753369168,3084316.273251723,3375697.005286232,-828.2995259761091,5,"E21,E29,E34,G11,G24",25.469724678209772,45.805688474327326,20.55231387431279,41.44679896980311,32.16761808700194,34.806613096325876,-906.4045708980411,10.38196971437372,2026-03-22 06:47:42
2026-03-22 06:47:44.416831+00:00,4436653.763273373,3084297.9285239773,3375679.3967616484,-839.8856114139562,5,"E21,E29,E34,G11,G24",23.840297428901973,42.897730242460966,20.547406578167603,41.44392603640979,32.16754572068738,34.80647147642483,-926.7214518608525,12.801658554128487,2026-03-22 06:47:44
2026-03-22 06:47:46.416831+00:00,4437378.356655868,3085125.0314705563,3375639.2966111614,-373.6072656326225,5,"E15,E29,G06,G12,G25",78.69064674829215,111.53107887879014,27.590577521141213,39.7475332333481,32.16211639721175,34.80928639050238,-44.76888323761523,550.1688096083733,2026-03-22 06:47:46
2026-03-22 06:47:48.416831+00:00,4436641.242293553,3084260.5947921304,3375679.004479097,-855.9169088322338,5,"E21,E29,E34,G11,G24",23.90700708300754,43.06237692013383,20.53778990374672,41.43808187017258,32.16769442148508,34.80622221404811,-953.6719541894272,568.3671940115044,2026-03-22 06:47:48
2026-03-22 06:47:50.416831+00:00,4437376.3466071375,3085085.807565151,3375646.559897171,-383.62416591388495,5,"E15,E29,G06,G12,G25",77.5318329587907,109.9082104600966,27.611593116332358,39.75122192988559,32.162287255054494,34.808957130154,-61.254375668242574,552.8126091864738,2026-03-22 06:47:50
2026-03-22 06:47:52.416831+00:00,4436803.682039697,3084301.493415993,3375848.533393014,-690.0724906062903,5,"E07,E21,E29,G11,G24",36.00836713805613,68.51996786519885,16.159816599473178,40.5581611145211,32.16823615845924,34.805595132180194,-730.7499977732077,495.9553115942278,2026-03-22 06:47:52
2026-03-22 06:47:54.416831+00:00,4437235.481015102,3085132.7996555525,3376169.609170904,-289.88928877659623,5,"E07,E15,E27,E30,G25",0.6903490830916781,1.2572435587644577,16.147903950741483,35.03364689453169,32.1667066063004,34.81021869111316,141.99289435893297,495.1287898715784,2026-03-22 06:47:54
2026-03-22 06:47:56.416831+00:00,4436815.049832084,3084260.1560260095,3375858.3689193903,-692.8061651044528,5,"E07,E21,E29,G11,G24",35.863701594671205,68.27539609372616,16.13778162693586,40.549829734374356,32.168379725727625,34.80516643013315,-737.5852056685835,508.70909614386653,2026-03-22 06:47:56
2026-03-22 06:47:58.416831+00:00,4436705.324464047,3084188.18218875,3375741.8385202307,-826.4629218463068,5,"E21,E29,E34,G11,G24",26.948310078374412,48.66610510274768,20.513240037411308,41.42325268241811,32.168119956420476,34.80520388578666,-910.6666594324633,87.7485378353881,2026-03-22 06:47:58
2026-03-22 06:48:00.416831+00:00,4436700.447499436,3084164.4137443136,3375737.097073719,-838.3968366495111,5,"E21,E29,E34,G11,G24",25.19652013244715,45.525831904262304,20.508363958738588,41.420331298852126,32.16816813208477,34.80502645916228,-928.0648514470086,12.361280776633981,2026-03-22 06:48:00
2026-03-22 06:48:02.416831+00:00,4436712.58135852,3084151.0386562967,3375746.2033439656,-834.6722840997007,5,"E21,E29,E34,G11,G24",24.84127591408455,44.90693663433194,20.503434992372096,41.41736495133621,32.16822647306203,34.804836566766376,-921.245291121304,10.112463517080892,2026-03-22 06:48:02
2026-03-22 06:48:04.416831+00:00,4436720.557063539,3084137.987181418,3375757.0109723806,-836.0381828570523,5,"E21,E29,E34,G11,G24",28.219531707644595,51.039954625070095,20.498546236945888,41.41439166424239,32.16831331110089,34.8046746589182,-916.2536404896528,9.36426317179049,2026-03-22 06:48:04
2026-03-22 06:48:06.416831+00:00,4436804.705946468,3084170.4580213316,3375912.2658344847,-732.989073747616,5,"E07,E21,E29,E34,G11",45.514453424463746,62.81278885155916,16.082315357633835,30.87519458376595,32.16907782947708,34.804448075494534,-759.4175440585241,89.77675388133649,2026-03-22 06:48:06
2026-03-22 06:48:08.416831+00:00,4436734.907506013,3084117.61465517,3375783.9735300904,-825.5838663526812,5,"E21,E29,E34,G11,G24",28.95070150742834,52.41537815332413,20.488813625346996,41.40842082586888,32.168518417309066,34.80441042615557,-901.7673054123297,77.65815959053786,2026-03-22 06:48:08
2026-03-22 06:48:10.416831+00:00,4436818.952433016,3084159.501332476,3375931.6576578408,-728.5318231398362,5,"E07,E21,E29,E34,G11",42.72706098983051,59.16174105554819,16.060238267959306,30.871482615482677,32.16919973309303,34.804266456488726,-744.4846551874653,87.50520710221416,2026-03-22 06:48:10
2026-03-22 06:48:12.416831+00:00,4436759.220701031,3084107.223272291,3375792.438299603,-814.4516825685188,5,"E21,E29,E34,G11,G24",27.644608440805055,50.10126048699021,20.47893235457841,41.40248363651572,32.16851565927133,34.80417279938965,-885.3821874763817,80.12943449626418,2026-03-22 06:48:12
2026-03-22 06:48:14.416831+00:00,4436744.848008734,3084106.8497611624,3375764.9622649984,-832.9434778533077,5,"E21,E29,E34,G11,G24",25.152528657146004,45.607525166124105,20.474082271130584,41.39959198890135,32.168363582803394,34.8042565353711,-910.1809975877404,15.505210995178762,2026-03-22 06:48:14
2026-03-22 06:48:16.416831+00:00,4437299.7597209755,3084358.4446643423,3376077.713143127,-363.10340744862566,5,"E07,E21,E29,G11,G19",20.229100145460315,27.529478527605534,16.0278773249073,30.554998893018517,32.16787384601706,34.80308873829549,-236.41453996580094,342.43251724208784,2026-03-22 06:48:16
2026-03-22 06:48:18.416831+00:00,4435193.565259179,3083411.3996317517,3373455.1116689947,-2306.9193542360063,5,"E07,E29,E34,G11,G25",31.937712592129706,40.902312364429235,16.032444446952425,29.91827022517801,32.158747201820844,34.807591308222996,-3554.107168281451,1747.211199081119,2026-03-22 06:48:18
2026-03-22 06:48:20.416831+00:00,4436621.801544285,3084596.246758847,3376631.216237333,-296.0127053326034,5,"E19,E27,E30,G11,G25",97.54771539502474,165.6265089288354,24.473361987280164,37.899360692504025,32.17412031403165,34.80926215887645,-298.00050945486873,1839.2499714354253,2026-03-22 06:48:20
2026-03-22 06:48:22.416831+00:00,4438363.784376356,3085947.533431445,3376437.600647406,712.1962710978373,5,"E07,E15,E27,G06,G12",95.87176011332895,145.61797995120287,15.99639735278278,42.225895174414894,32.16207286937698,34.8104818842548,1462.587786840275,1106.5675369618448,2026-03-22 06:48:22
2026-03-22 06:48:24.416831+00:00,4436789.36286999,3084155.7956234906,3375652.6522680703,-812.0498194926893,5,"E13,E21,E29,G06,G12",24.77584473623839,38.85082461312413,23.645298624075682,36.92244928328954,32.16719646050053,34.804413275735584,-915.3858092278242,1255.5149750582063,2026-03-22 06:48:24
2026-03-22 06:48:26.416831+00:00,4436892.703700814,3084644.9440221614,3376555.3483988587,-276.4617499345036,5,"E27,E30,G11,G24,G29",63.49067163789548,108.39575675874949,21.422500891689374,45.45258664894021,32.17233958414142,34.808046431087945,-126.59690305124968,515.9471358041656,2026-03-22 06:48:26
2026-03-22 06:48:28.416831+00:00,4436549.239648204,3084087.7887829347,3375552.1081327274,-986.5229216158381,5,"E13,E21,E29,E34,G11",2.6454931814417866,3.406346034258604,20.44069479884271,32.39712757740253,32.167561978458046,34.805274493901386,-1168.6733327303082,598.9324977867412,2026-03-22 06:48:28
2026-03-22 06:48:30.416831+00:00,4436445.3996373555,3082839.7945492016,3372429.140640208,-2486.6915166639346,5,"E13,E21,E29,G11,G24",256.84431250266863,390.3725327067077,23.705750613313278,42.04266318935564,32.1475402179412,34.79503527257077,-3506.039292727597,1682.349422282496,2026-03-22 06:48:30
2026-03-22 06:48:32.416831+00:00,4437065.551955997,3082924.908283644,3374125.901307546,-2875.7274507265324,5,"E15,E27,E30,G06,G25",92.73988617071024,164.5255851969123,27.844080205933217,38.58434905096384,32.157822227591666,34.7920236966075,-2130.7717072004452,904.2718076348242,2026-03-22 06:48:32
2026-03-22 06:48:34.416831+00:00,4436408.3755742535,3085033.2455073385,3376098.795130669,-532.7239641640838,5,"E15,E27,G12,G24,G29",76.56771064901451,106.86003656685352,21.466699479954187,50.291846460717366,32.16969939817446,34.814358427087015,-518.6486454056576,1480.648226525731,2026-03-22 06:48:34
2026-03-22 06:48:36.416831+00:00,4436443.5092293415,3085083.36998641,3376119.750041084,-473.0666542822108,5,"E15,E27,G12,G24,G29",73.91054816189727,103.19551257044077,21.478085387723183,50.29321325268346,32.16958344922726,34.81458208915458,-458.851479453966,32.34944123357306,2026-03-22 06:48:36
2026-03-22 06:48:38.416831+00:00,4436967.799799085,3084358.17103145,3375668.82878514,-583.0943705975511,5,"E13,E21,E29,G11,G19",53.91790194454763,74.5757010653615,18.77555189581034,32.082660425851145,32.16606180883127,34.805095305926535,-684.9668968347833,501.0299653859116,2026-03-22 06:48:38
2026-03-22 06:48:40.416831+00:00,4437486.846738735,3086596.3346547033,3377394.5430415557,1453.7392104451906,5,"E15,E27,E30,G12,G24",11.129320918453406,17.926423870027065,27.85825569731158,51.566494224220534,32.17105379808588,34.82143465395665,1676.1691835504025,1436.7390007244915,2026-03-22 06:48:40
2026-03-22 06:48:42.416831+00:00,4436450.844593046,3084492.687015554,3375628.9915351034,-829.8107771459557,5,"E13,E19,E30,G12,G24",17.155642873530184,27.73725774884224,23.75645275356209,40.50364686009281,32.16742708626665,34.80939535999493,-1000.4841768909246,1467.6346580047257,2026-03-22 06:48:42
2026-03-22 06:48:44.416831+00:00,4437476.271315219,3086639.678159825,3377396.324876375,1490.0459092892065,5,"E15,E27,E30,G12,G24",12.211817778294453,19.649024218320847,27.84618169806652,51.562391444676734,32.170990262049905,34.82187582402082,1690.7192663690075,1481.9360710987646,2026-03-22 06:48:44
2026-03-22 06:48:46.416831+00:00,4436826.702142169,3084429.5354355047,3375968.2145391684,-537.8834506340166,5,"E07,E21,E29,E34,G11",57.538403174710176,81.99279223755002,15.862781029192021,30.837768360671284,32.16870814510424,34.806570572274985,-589.1638927506283,1355.1909558877082,2026-03-22 06:48:46
2026-03-22 06:48:48.416831+00:00,4437190.263605816,3084580.493424158,3375989.7233608062,-267.4157538490027,5,"E07,E21,E29,G11,G19",20.529953648525865,28.655058819800615,15.853056826582328,30.499999655120394,32.167025291768645,34.805684476396536,-252.08148441649973,197.12171468158715,2026-03-22 06:48:48
2026-03-22 06:48:50.416831+00:00,4437185.419672933,3084588.8568,3375985.4894458926,-257.88041736697545,5,"E07,E21,E29,G11,G19",24.061159682201765,33.635155357420444,15.842136322258671,30.49655730114995,32.16698914598058,34.80578659927834,-253.6613666191697,5.275788489550007,2026-03-22 06:48:50
2026-03-22 06:48:52.416831+00:00,4436806.991003274,3084468.412121902,3375934.376737109,-523.8171731056267,5,"E07,E21,E29,E34,G11",51.839778602807804,74.21280420199037,15.830198878662086,30.83220021953854,32.168420974527784,34.807028336860164,-602.0948824696243,200.20469993329908,2026-03-22 06:48:52
2026-03-22 06:48:54.416831+00:00,4436707.695725134,3084415.8839337784,3375806.970062444,-605.335859217586,5,"E07,E21,E29,E34,G11",39.552498730651166,56.70639456436038,15.820019734917235,30.83070103148271,32.16798375453499,34.80717200647744,-764.321629870683,84.92823964635849,2026-03-22 06:48:54
2026-03-22 06:48:56.416831+00:00,4436719.206815668,3084424.615406378,3375817.6158692166,-585.6450286276024,5,"E07,E21,E29,E34,G11",43.731836343389084,62.79417807981372,15.809029532045574,30.828787257270932,32.1679957140586,34.807178352602044,-746.4341911952943,8.973252210041244,2026-03-22 06:48:56
2026-03-22 06:48:58.416831+00:00,4436732.977532552,3084417.7164207017,3375832.813897085,-568.1660872449781,5,"E07,E21,E29,E34,G11",45.893732644733895,65.99913561716676,15.798000445851395,30.82687524022773,32.168076360366015,34.80703494023582,-732.1050882888958,10.8190653238602,2026-03-22 06:48:58
2026-03-22 06:49:00.416831+00:00,4436707.10030206,3084401.018726029,3375806.6811418217,-580.1884989837913,5,"E07,E21,E29,E34,G11",44.9552584158224,64.74706140905619,15.787196164539806,30.82507864469481,32.16802464077781,34.80704619013526,-772.0720107331872,20.195079616964644,2026-03-22 06:49:00
2026-03-22 06:49:02.416831+00:00,4436611.812637168,3084354.124002775,3375636.4954942833,-685.802095971577,5,"E21,E29,E34,G11,G24",23.773300255948733,43.606019858270884,20.358059531174945,41.327983907230625,32.167229547858334,34.80721465358636,-951.5662193447351,100.3020547866696,2026-03-22 06:49:02
2026-03-22 06:49:04.416831+00:00,4436719.820623772,3084417.1628596964,3375801.3259233227,-563.0632211473169,5,"E07,E21,E29,E34,G11",40.40286282297013,58.365512773394585,15.765428702411612,30.821305572232056,32.167889354760476,34.80710975397812,-758.2813857328147,103.45130858230048,2026-03-22 06:49:04
2026-03-22 06:49:06.416831+00:00,4436979.775532698,3084824.7178132255,3376533.104915453,24.41418200775503,5,"E19,E27,G11,G24,G29",30.66131303404169,50.97635121271014,21.654375122331533,44.788072367981684,32.17133374460108,34.80908445645697,8.93809814658016,438.5139929763398,2026-03-22 06:49:06
2026-03-22 06:49:08.416831+00:00,4437185.433910166,3084622.11640493,3375917.6450205212,-196.37755943180125,5,"E07,E21,E29,G11,G19",9.323853865264477,13.210090283304453,15.744328126454018,30.465637209666617,32.16638001298845,34.80607605660169,-273.70030469447374,339.90203777538443,2026-03-22 06:49:08
2026-03-22 06:49:10.416831+00:00,4437209.1428073095,3085273.132047775,3376057.319612407,-122.67546405105655,5,"E07,E15,E27,E30,G25",0.17039634669090878,0.3148249089717865,15.732530334837536,35.02876573812056,32.16556864455022,34.81159960951194,131.72216415498406,333.12627885354345,2026-03-22 06:49:10
2026-03-22 06:49:12.416831+00:00,4436423.721747786,3085194.5606129332,3375988.870345418,-357.076688758303,5,"E15,E27,G12,G24,G29",77.03119648755097,108.37319906428456,21.687131798572526,50.319278448662956,32.16835748392742,34.81566979944677,-488.5492547266185,396.15180589889883,2026-03-22 06:49:12
2026-03-22 06:49:14.416831+00:00,4436971.008004636,3084448.3678926677,3375542.1323506786,-466.98102452965463,5,"E13,E21,E29,G11,G19",56.238662124649515,78.17596140876412,18.545414232176842,32.10431638483564,32.16483468166881,34.805861150536884,-706.6041823262349,513.7851347250382,2026-03-22 06:49:14
2026-03-22 06:49:16.416831+00:00,4437256.294364172,3084598.7557849186,3375897.2488418836,-178.1272999846014,5,"E07,E21,E29,G11,G19",21.829228751919498,31.107397370040417,15.701050461075338,30.451867390110976,32.16600898075595,34.80544385704431,-246.5939266430214,239.85023837752857,2026-03-22 06:49:16
2026-03-22 06:49:18.416831+00:00,4437260.996221797,3085252.952663978,3376003.158895968,-108.63267790219899,5,"E07,E15,E27,E30,G25",2.284595942064117,4.227168761193752,15.68949721415449,35.028008576485504,32.16500611781664,34.811110133675115,129.176333559677,331.3655849633916,2026-03-22 06:49:18
2026-03-22 06:49:20.416831+00:00,4436569.454561486,3084986.261216627,3376363.8823131034,-114.50367388918018,5,"E15,E27,E30,G11,G25",156.9874497958509,264.9600324705243,27.730325947186397,41.658739853624986,32.17121681832111,34.81297433702661,-288.26747850049287,412.1515436418305,2026-03-22 06:49:20
2026-03-22 06:49:22.416831+00:00,4437226.185751295,3084670.988416902,3375620.27440217,-142.2163225027071,5,"E07,E29,G11,G19,G25",94.65254168659702,128.71429770067334,15.670714453286545,29.51423049530252,32.163815228429755,34.80625488647121,-380.06889066752046,520.4914790649888,2026-03-22 06:49:22
2026-03-22 06:49:24.416831+00:00,4436577.401203207,3084238.606499335,3375349.8902611844,-777.0456040668746,5,"E13,E21,E29,E34,G11",0.5492453641440882,0.7044950760900974,20.302339887847396,32.47477404547041,32.1654935997792,34.80641717995156,-1183.8840975239873,412.608499722535,2026-03-22 06:49:24
2026-03-22 06:49:26.416831+00:00,4436827.293644873,3084318.3751729527,3375442.490934842,-588.0381311891696,6,"E13,E21,E29,G06,G12,G24",24.481625051115245,42.755469143390656,24.027428094645842,42.1700703713174,32.16499677251737,34.805599205386656,-922.3518044566736,139.09004138928307,2026-03-22 06:49:26
2026-03-22 06:49:28.416831+00:00,4437137.131798633,3084812.630859909,3375309.319008292,-500.4476502816793,5,"E15,E21,E29,G06,G12",146.79249736049294,203.39238151535392,32.74659757346875,40.76234339733038,32.1614040801098,34.808026878934875,-539.0528549617156,299.1751692717476,2026-03-22 06:49:28
2026-03-22 06:49:30.416831+00:00,4436793.703887965,3084300.0819514254,3375403.075883528,-620.3259890758803,5,"E13,E21,E29,G11,G24",16.055945796133035,24.00318817421794,24.052194640260677,42.03938074969853,32.164878400536026,34.80564323480731,-975.5210724528879,312.02542567400826,2026-03-22 06:49:30
2026-03-22 06:49:32.416831+00:00,4438369.533470625,3084892.1497140625,3374178.882641046,-860.430126195369,5,"E15,E29,G06,G12,G25",304.83803485825507,433.91359074786305,28.136524329526118,39.835535407673646,32.14769811495288,34.80126182662076,-245.53602959308773,1040.7247719836146,2026-03-22 06:49:32
2026-03-22 06:49:34.416831+00:00,4435036.417442763,3082361.3006893285,3370766.014707595,-3854.820419231609,5,"E21,E29,E34,G11,G24",245.4091257683965,453.68980753049254,20.26425448176229,41.293311950918635,32.14169875170633,34.799396250596224,-5601.785272049718,2700.116977667946,2026-03-22 06:49:34
2026-03-22 06:49:36.416831+00:00,4436791.098238862,3085104.9054905116,3375839.1428452902,-175.7090728201656,5,"E13,E27,E30,G12,G24",145.38715283843518,193.39473063871264,24.08823172070705,47.73022349547652,32.16601200079196,34.81266551805556,-356.271427561529,3014.2536846932503,2026-03-22 06:49:36
2026-03-22 06:49:38.416831+00:00,4436976.318244294,3084366.947226938,3375286.12036616,-474.9514272488064,5,"E13,E19,E29,G11,G24",8.671072587677969,11.466783810406923,24.10284984333324,40.39335471809102,32.16308225141284,34.80512015847099,-878.5413487879559,470.2984987251592,2026-03-22 06:49:38
2026-03-22 06:49:40.416831+00:00,4436042.230303468,3084225.374148903,3374874.2838435695,-1390.695556742154,5,"E15,E21,E29,G12,G24",3.688398587220859,6.160397555679083,32.78749718563012,47.661220665981965,32.16400829709987,34.80954147175444,-1815.441877826117,515.3087761139709,2026-03-22 06:49:40
2026-03-22 06:49:42.416831+00:00,4432477.705477875,3082937.1277853465,3374812.7282183473,-3214.063630616032,5,"E07,E15,E21,G06,G12",105.5333276522058,205.61596797779202,15.550534509233167,36.612879199691655,32.181131625635494,34.81991025552525,-4947.890872004442,1895.3367128616649,2026-03-22 06:49:42
2026-03-22 06:49:44.416831+00:00,4436858.986776935,3084271.7824426615,3375394.293843374,-603.6278865844016,5,"E21,E29,E34,G11,G24",19.54505965173131,36.1964675411582,20.250507902433174,41.2647931254852,32.164631530999614,34.805001736502355,-948.4936484890059,2308.416527189156,2026-03-22 06:49:44
2026-03-22 06:49:46.416831+00:00,4437751.936574513,3085312.7488056016,3375416.709574168,42.76162838088965,5,"E15,E29,G06,G12,G19",60.3018024090038,110.95566329360008,18.33639877323266,37.87509097348774,32.15843041028479,34.80865956605912,187.13278764672577,685.8339403154994,2026-03-22 06:49:46
2026-03-22 06:49:48.416831+00:00,4437085.42688253,3084699.429653498,3376473.0513043716,1.4136607393287712,5,"E21,E30,G11,G24,G29",37.850138557515656,61.44118323922157,21.899795463566573,39.838932529726634,32.170802212510594,34.80735434785146,-10.147066324017942,695.7466138642747,2026-03-22 06:49:48
2026-03-22 06:49:50.416831+00:00,4436887.872977091,3084269.326497627,3375364.405076201,-604.5415826682248,5,"E21,E29,E34,G11,G24",22.634034112909315,41.972364362329245,20.23513071792402,41.25566799202731,32.16429617621651,34.80480552893322,-945.5134003320709,602.7256277695582,2026-03-22 06:49:50
2026-03-22 06:49:52.416831+00:00,4437807.964596983,3085332.2759160134,3375408.2477234104,62.79376719980464,5,"E15,E29,G06,G12,G19",59.97267355418596,110.4989844225347,18.297735193766556,37.865939964122994,32.15809150819644,34.80849048695029,231.01046118605882,703.2695487432198,2026-03-22 06:49:52
2026-03-22 06:49:54.416831+00:00,4437477.100163578,3084525.541451456,3375684.390486814,-118.0209759212908,5,"E07,E21,E29,G11,G19",23.152856650324214,33.8697206042707,15.496435191125434,30.386526459425188,32.163714171202514,34.80347028321979,-241.80787806306034,457.31460598184424,2026-03-22 06:49:54
2026-03-22 06:49:56.416831+00:00,4436912.889772311,3084272.5356025514,3375334.8612472555,-609.7199821756549,5,"E21,E29,E34,G11,G24",19.920816796960334,36.98916208744049,20.219775290175694,41.24651882518812,32.16396318465837,34.80468206309176,-942.301580096595,355.1464537695167,2026-03-22 06:49:56
2026-03-22 06:49:58.416831+00:00,4436913.712644966,3084270.8964737738,3375333.5572596993,-617.5952398759715,5,"E21,E29,E34,G11,G24",18.89869364273269,35.10631984099746,20.214743944902168,41.24344460299979,32.16395447655544,34.80466281211388,-943.2157793892547,1.1251939947672693,2026-03-22 06:49:58
2026-03-22 06:50:00.416831+00:00,4437814.672491709,3085313.6568960235,3375374.152899269,32.6803802212559,5,"E15,E29,G06,G12,G19",60.3332206410546,111.36127016320825,18.24656640873332,37.85394016030985,32.15785579913877,34.80828783968388,208.52816628292203,689.3340898296003,2026-03-22 06:50:00
2026-03-22 06:50:02.416831+00:00,4436898.1124279555,3084260.8343227743,3375302.0101449136,-659.0230866541293,5,"E21,E29,E34,G11,G24",19.215636700388504,35.725554421544075,20.204665705926118,41.2373693664469,32.16380268863049,34.804669621950026,-975.715019014664,698.878082754161,2026-03-22 06:50:02
2026-03-22 06:50:04.416831+00:00,4436913.526603499,3084268.420115625,3375322.646387386,-653.3478888544405,5,"E21,E29,E34,G11,G24",17.406907326381038,32.37650093063712,20.19962863161512,41.234225605023816,32.16387869084423,34.80464237798681,-950.349954915233,13.425680283132372,2026-03-22 06:50:04
2026-03-22 06:50:06.416831+00:00,4436907.11741044,3084267.0554167163,3375317.786792217,-669.5827482609125,5,"E21,E29,E34,G11,G24",16.572833037045125,30.838135682046413,20.19462985025966,41.231152084220284,32.16387059497465,34.80466928570635,-958.0512716295198,4.079087642911586,2026-03-22 06:50:06
2026-03-22 06:50:08.416831+00:00,4437494.723547644,3084531.80129382,3375663.635402431,-183.34872623890612,5,"E07,E21,E29,G11,G19",23.28451241923666,34.378109347075224,15.420440700122514,30.362224107083648,32.16346909680514,34.80341813468957,-237.58203749544919,365.7125281933257,2026-03-22 06:50:08
2026-03-22 06:50:10.416831+00:00,4437024.186762398,3084340.0276609096,3375495.363453502,-559.8474104507779,5,"E07,E21,E29,E34,G11",39.77635351096448,60.20075664296746,15.40925269423239,30.75883156731977,32.164564872621725,34.80459609114006,-746.8868758864701,267.6272787598378,2026-03-22 06:50:10
2026-03-22 06:50:12.416831+00:00,4437490.626670546,3084524.4581779777,3375654.9609157876,-208.94375546817085,5,"E07,E21,E29,G11,G19",24.77830908187636,36.67855416610837,15.398727852341695,30.355291277279605,32.16343914391147,34.803379000440685,-248.59549291152507,263.1787194602732,2026-03-22 06:50:12
2026-03-22 06:50:14.416831+00:00,4436120.27411184,3084211.814768019,3374788.2373179207,-1493.5324338194666,5,"E15,E21,E29,G12,G24",4.99646539158825,8.30983666703105,32.896740336595414,47.64095263584864,32.16308069570491,34.80895096191242,-1813.5556826349348,825.6545633680458,2026-03-22 06:50:14
2026-03-22 06:50:16.416831+00:00,4437396.863081336,3085041.2199585694,3375240.886079343,-412.68170128859094,5,"E15,E29,G12,G25,G32",46.4059983289626,95.10547260940075,10.873441515111812,35.36709243557327,32.15923147665721,34.80844485212765,-284.47950158268213,794.1163750307596,2026-03-22 06:50:16
2026-03-22 06:50:18.416831+00:00,4434306.850653921,3084759.30983344,3373483.349920558,-3446.41775985038,5,"E15,E21,E29,G12,G25",178.67566300741203,287.03659861162305,28.36983274148873,39.775883631510865,32.15876311352613,34.8246990837221,-3503.859180588275,1783.0159470449005,2026-03-22 06:50:18
2026-03-22 06:50:20.416831+00:00,4434309.615044925,3084762.4261472775,3373478.598278243,-3458.2756771848335,5,"E15,E21,E29,G12,G25",181.58062448671842,291.7290746048093,28.380172654947007,39.78004457503697,32.15870737209085,34.82470947358211,-3502.9605977721512,3.1595638244938904,2026-03-22 06:50:20
2026-03-22 06:50:22.416831+00:00,4437815.252353131,3085309.0872522662,3375385.948387215,-86.80024695222012,5,"E15,E29,G06,G12,G19",58.402627084799015,108.31823783367872,18.106705601880503,37.82102038601274,32.15795608344065,34.80824455742535,213.00111566111445,2014.0950659405644,2026-03-22 06:50:22
2026-03-22 06:50:24.416831+00:00,4436106.440400421,3084218.750526647,3374786.8220551363,-1560.3026945160616,5,"E15,E21,E29,G12,G24",4.224797029190265,7.017559051513672,32.92878511185221,47.634820725727316,32.163105418183704,34.80909509488963,-1820.5726513480768,1056.8614888845339,2026-03-22 06:50:24
2026-03-22 06:50:26.416831+00:00,4437658.402097737,3085148.8699620687,3375309.2028388167,-280.75887507777935,5,"E15,E29,G06,G12,G25",69.80494508975679,99.52758340165019,28.417136871019558,39.88253526130416,32.15842730231925,34.807799163585706,-14.299833073280752,941.6194769180689,2026-03-22 06:50:26
2026-03-22 06:50:28.416831+00:00,4436116.331551341,3084214.230295816,3374797.4550261633,-1571.9115914261326,5,"E15,E21,E29,G12,G24",3.6822439856100617,6.113240856677294,32.941739218922486,47.63236961631147,32.16316000701138,34.808995860439566,-1810.2218333696947,937.2057804387131,2026-03-22 06:50:28
2026-03-22 06:50:30.416831+00:00,4436915.251255231,3084272.910133757,3375321.3721790304,-796.0806955906705,5,"E21,E29,E34,G11,G24",16.605927673333927,31.053292974829674,20.134030561758586,41.19392175560449,32.16384985781286,34.80467103189264,-947.6599899521098,478.5930420807356,2026-03-22 06:50:30
2026-03-22 06:50:32.416831+00:00,4436916.105325468,3084271.5868929974,3375334.139653135,-802.3661282252532,5,"E21,E29,E34,G11,G24",19.856482738366115,37.14681692793965,20.129009836663755,41.1907740492961,32.16394759812028,34.80465434234455,-940.9090274693444,6.432122454735209,2026-03-22 06:50:32
2026-03-22 06:50:34.416831+00:00,4436905.961283468,3084272.6261703176,3375327.015802891,-824.4878405326227,5,"E21,E29,E34,G11,G24",19.261505480669054,36.04819029942155,20.123994705058156,41.18767476520155,32.163930350675535,34.80472478378129,-951.250190581195,6.219544351277723,2026-03-22 06:50:34
2026-03-22 06:50:36.416831+00:00,4436903.768151981,3084265.3238857975,3375321.8339490118,-835.1995170839871,5,"E21,E29,E34,G11,G24",18.985694392618612,35.54629344493151,20.11889466168182,41.18457257571257,32.16391944503598,34.80467448053405,-959.061467285268,4.609359894751398,2026-03-22 06:50:36
2026-03-22 06:50:38.416831+00:00,4436915.129769266,3084277.151022469,3375333.438949721,-835.0430332536954,5,"E21,E29,E34,G11,G24",17.601949804122313,32.9687115252018,20.113809342109242,41.18141288961185,32.163930845571784,34.80470868981331,-939.2716511590406,10.04544113810577,2026-03-22 06:50:38
2026-03-22 06:50:40.416831+00:00,4436910.863113485,3084273.588166935,3375325.2908114204,-852.3741784944019,5,"E21,E29,E34,G11,G24",16.13209888871102,30.227702490985394,20.108717686138352,41.17831193931228,32.16389521872153,34.80470349270585,-948.2964619165286,4.9317960437986885,2026-03-22 06:50:40
2026-03-22 06:50:42.416831+00:00,4436920.920776147,3084276.5766790044,3375334.6536884494,-854.505673378867,5,"E21,E29,E34,G11,G24",16.18958676404534,30.34748014062643,20.103601342537445,41.17515890435819,32.163918863679854,34.80466864147883,-934.8772538136691,7.031202757606768,2026-03-22 06:50:42
2026-03-22 06:50:44.416831+00:00,4437342.29831273,3085022.3472228628,3375223.5800933437,-612.072570037175,5,"E15,E29,G12,G25,G32",39.82413339014271,81.69699128344655,10.912470595847294,35.41541032715516,32.15936612276515,34.808610787237576,-340.7387603446841,431.8767405039085,2026-03-22 06:50:44
2026-03-22 06:50:46.416831+00:00,4437332.2762906235,3085023.5541015468,3375224.0967604853,-629.2169011394461,5,"E15,E29,G12,G25,G32",42.041046303103776,86.25085381045938,10.91521150878213,35.41883952726782,32.15940626072885,34.80868194465983,-346.84670793358237,5.053821034621919,2026-03-22 06:50:46
2026-03-22 06:50:48.416831+00:00,4437294.970522585,3085005.280558475,3375199.473036433,-671.542025587927,5,"E15,E29,G12,G25,G32",42.566831450746044,87.3356611020863,10.91802652530102,35.422336771076175,32.15941537318343,34.808748649434705,-394.71488306391984,24.145240170256574,2026-03-22 06:50:48
2026-03-22 06:50:50.416831+00:00,4437523.579633874,3085094.1684478815,3375279.505379186,-509.5688453422023,5,"E15,E29,G12,G19,G25",65.7404879182512,111.53188820928335,17.93033153522649,36.82733661039091,32.15888181384339,34.808138896801275,-150.2562591759488,129.00422331636366,2026-03-22 06:50:50
2026-03-22 06:50:52.416831+00:00,4436876.466057074,3084602.005051997,3375036.955619409,-1107.4573168492218,5,"E15,E21,E29,E34,G12",107.20137515587119,159.75456853583455,20.078093515907426,38.1537080898875,32.160929271524274,34.80777089300498,-966.9982387479395,424.20843211053244,2026-03-22 06:50:52
2026-03-22 06:50:54.416831+00:00,4437321.090064285,3085005.7033267487,3375208.3409006097,-680.3804232183559,5,"E15,E29,G12,G25,G32",41.734114491704354,85.64501827955246,10.926276919275143,35.43260127807157,32.15937897199928,34.808594256503426,-371.635052469559,312.2641988117092,2026-03-22 06:50:54
2026-03-22 06:50:56.416831+00:00,4436916.083405984,3084267.469808433,3375297.1995592,-941.6434044314008,5,"E21,E29,E34,G11,G24",13.10914212249726,24.64059817790985,20.067774610472366,41.15331438706782,32.16367692532015,34.80461863017554,-962.5783183081076,423.3541608510624,2026-03-22 06:50:56
2026-03-22 06:50:58.416831+00:00,4437823.498905692,3085315.678664614,3375340.748468451,-287.2081378024052,5,"E15,E29,G06,G12,G19",55.219301510447366,103.20495890825987,17.877831443038797,37.766406405693914,32.15756045830881,34.80825202659877,197.8609187770635,693.5490614917246,2026-03-22 06:50:58
2026-03-22 06:51:00.416831+00:00,4437313.650004296,3084981.01481562,3375154.118531606,-739.9775108838691,5,"E15,E29,G12,G25,G32",45.7205918758685,93.84538026154041,10.934479706567368,35.44288841118169,32.15906196824947,34.80842437538202,-417.59852588921785,318.8951737661961,2026-03-22 06:51:00
2026-03-22 06:51:02.416831+00:00,4437095.087176239,3084323.861408407,3375413.985972753,-809.7459225944424,5,"E07,E21,E29,G11,G24",35.38676479368869,68.71616380289197,15.127692777599155,40.15873997974832,32.16370835695652,34.80402626292486,-748.7370023699477,369.8484140118021,2026-03-22 06:51:02
2026-03-22 06:51:04.416831+00:00,4437875.127240268,3085323.2790395636,3375285.8927269154,-308.62807143608194,5,"E15,E29,G06,G12,G19",60.217049885382096,112.68887716531754,17.83909385349801,37.75693596222448,32.15691739251143,34.80800576915623,208.22450220026076,637.1236109629039,2026-03-22 06:51:04
2026-03-22 06:51:06.416831+00:00,4437912.530540203,3085337.890935417,3375264.4625384076,-306.3569937106188,5,"E15,E29,G06,G12,G19",62.94392786173891,117.84201460704207,17.82602696384468,37.75368680978652,32.156566357926664,34.80790661804925,229.87945551704615,22.758335428710453,2026-03-22 06:51:06
2026-03-22 06:51:08.416831+00:00,4437486.509380681,3084534.184627198,3375819.5028308667,-496.5388240854346,5,"E21,E29,E34,G11,G15",102.31564398559404,162.15954902395606,3.7880936931011835,28.43966500785182,32.16468486906627,34.80348858872024,-159.16478067357093,532.8009911034757,2026-03-22 06:51:08
2026-03-22 06:51:10.416831+00:00,4437135.515506294,3084322.3113010693,3375346.146557184,-875.6131889474925,5,"E07,E21,E29,E34,G11",40.14132598835085,63.1200512945652,15.085072672154341,30.700051930331522,32.16303527647371,34.803768103553736,-757.4976516906172,313.11067053739606,2026-03-22 06:51:10
2026-03-22 06:51:12.416831+00:00,4437063.064567435,3084275.997236127,3375157.472800171,-1000.5172936645109,5,"E21,E29,E34,G11,G24",16.647867090851626,31.389091715216637,20.024980156612674,41.128440289718945,32.16200726750517,34.80380334399523,-930.6719437763095,103.67246227712666,2026-03-22 06:51:12
2026-03-22 06:51:14.416831+00:00,4438993.798478853,3087761.5994184874,3377806.102645409,2829.8821857283133,5,"E15,E27,G06,G12,G24",96.74185729090402,145.19598773121834,33.233656259949065,52.567917303288255,32.16506362962581,34.822453000356255,3505.734112797305,2392.29994291376,2026-03-22 06:51:14
2026-03-22 06:51:16.416831+00:00,4437028.009457237,3084777.1945951954,3375895.242190639,-493.4785543980839,5,"E27,E30,G11,G15,G25",149.3912796800615,310.43266110494733,3.7502542549668108,33.96068833554773,32.16640457083773,34.80837882399133,-320.1106598554179,2026.2271778108557,2026-03-22 06:51:16
2026-03-22 06:51:18.416831+00:00,4436907.831234233,3084017.9978754045,3375402.432504635,-1289.8999625192168,5,"E07,E27,E30,G11,G24",19.45677526173119,28.199150811880827,15.040216278900191,43.9147274630984,32.165196608123416,34.80249652085589,-1032.829776079394,456.53144777905976,2026-03-22 06:51:18
2026-03-22 06:51:20.416831+00:00,4437116.621332472,3084271.7899068245,3375032.577347511,-1071.9136781404586,5,"E21,E29,E34,G11,G24",6.001435399166463,11.332687348127365,20.00339906253882,41.11609670510473,32.16085404865355,34.80344259876265,-961.9594222130254,247.38458803345267,2026-03-22 06:51:20
2026-03-22 06:51:22.416831+00:00,4437156.365048787,3084269.437306389,3375031.7093972815,-1061.230970645566,5,"E21,E29,E34,G11,G24",12.58502594258895,23.77364543825388,19.99791011249753,41.11292582469558,32.16069719267014,34.80318159870797,-935.9314199350774,19.911372710658732,2026-03-22 06:51:22
2026-03-22 06:51:24.416831+00:00,4436933.748736997,3084976.7225076878,3375516.4183328557,-814.0309874195295,5,"E15,E27,G15,G24,G29",46.56586982195506,95.61253978312016,3.717752305551815,39.46493121404621,32.16333721154456,34.810686259952654,-490.87611139938235,442.9314649232169,2026-03-22 06:51:24
2026-03-22 06:51:26.416831+00:00,4436338.794952152,3084193.431068902,3374416.9829755165,-1922.8302043651488,5,"E15,E21,E29,G12,G24",6.798528951350289,11.203596398234367,33.127940226689724,47.59677212497296,32.15943451268792,34.80746811464682,-1868.17068220675,737.6099221716054,2026-03-22 06:51:26
2026-03-22 06:51:28.416831+00:00,4436635.288277368,3084358.9453457096,3374981.269666561,-1557.1710558848501,5,"E07,E15,E21,E29,G24",142.9579662098919,276.98618045449257,14.98904293886903,38.90102039031382,32.162120969118554,34.807114538618826,-1281.7319241827354,329.28814790945904,2026-03-22 06:51:28
2026-03-22 06:51:30.416831+00:00,4436456.656002154,3083690.8653525063,3377567.6295292336,-1656.8035371295423,5,"E15,E21,E29,G24,G29",83.81337032207479,148.75655072554946,22.486900958407432,40.39082296624018,32.18440138890615,34.802378719122466,-351.467447437346,1338.6091388369093,2026-03-22 06:51:30
2026-03-22 06:51:32.416831+00:00,4441175.164304233,3088069.6891559456,3378723.5369894607,1973.1516615246023,5,"E21,E29,E34,G11,G25",7.546051308099247,13.232950884848833,19.9661778995768,33.42445513788585,32.16262733868815,34.811937985502574,5659.043036814779,3270.1124046035643,2026-03-22 06:51:32
2026-03-22 06:51:34.416831+00:00,4436696.773663783,3084347.090031039,3374906.42205995,-1589.4631087445978,5,"E07,E15,E21,E29,G24",141.72732047468133,274.82724844291806,14.957458460849432,38.88762811655897,32.16133955384917,34.80663917277176,-1284.5652869567275,3481.526007310468,2026-03-22 06:51:34
2026-03-22 06:51:36.416831+00:00,4437865.93074824,3085165.912768489,3375298.0041743447,-586.6579820570565,5,"E07,E15,E27,E30,G25",7.437421662876879,14.097659666091204,14.947784591464965,35.01496242252196,32.15747723765427,34.80669171454917,132.230850324966,740.0566727985336,2026-03-22 06:51:36
2026-03-22 06:51:38.416831+00:00,4441189.508489978,3088036.1866157595,3378606.172526768,1901.3263013311366,5,"E21,E29,E34,G11,G25",6.145449422325426,10.771032501012087,19.949921447074573,33.431211752469395,32.161767404097674,34.81155989335004,5590.346617559902,2749.0279560087806,2026-03-22 06:51:38
2026-03-22 06:51:40.416831+00:00,4438193.547848272,3086574.5421494585,3376460.194923027,1067.222055493372,5,"E15,E27,E30,G12,G24",1.4734312302207047,2.2481499314308167,27.293028179298968,51.367337028353006,32.1611981383306,34.81696806729555,1659.3315854286775,1982.2591019007932,2026-03-22 06:51:40
2026-03-22 06:51:42.416831+00:00,4437914.453870433,3085149.3605307247,3375226.158933444,-627.9176020094039,5,"E07,E15,E27,E30,G25",9.082511052307463,17.232883282005787,14.91613984515201,35.01425043293256,32.156782864224674,34.80625403233307,119.72258441429585,952.8747187364993,2026-03-22 06:51:42
2026-03-22 06:51:44.416831+00:00,4438221.963220782,3086551.009038466,3376405.6092944546,1031.8998915186735,5,"E15,E27,E30,G12,G24",2.214175596241038,3.3738147728145123,27.280202717646418,51.362648028916304,32.16073405487953,34.816591349115825,1638.6499628694728,928.746964179836,2026-03-22 06:51:44
2026-03-22 06:51:46.416831+00:00,4438842.278874081,3085428.7072943854,3375282.0240334873,-171.856894014362,5,"E07,E15,E27,G06,G25",85.15914547785731,167.09784474223852,14.897528988221826,36.18095165738727,32.152788050174856,34.803071859542,929.4269769638777,852.46650273735,2026-03-22 06:51:46
2026-03-22 06:51:48.416831+00:00,4438262.716188506,3086542.6144144456,3376353.440594603,1010.7714849039988,5,"E15,E27,E30,G12,G24",2.292502114533683,3.488430004566908,27.267374164799662,51.35793050779406,32.16019832703522,34.8162716992022,1635.1473679197952,825.3204568626065,2026-03-22 06:51:48
2026-03-22 06:51:50.416831+00:00,4436866.100874157,3084337.632216015,3374710.527186587,-1647.8052927951817,5,"E07,E15,E21,E29,G24",147.66021802663897,286.95438412204385,14.87329390078546,38.85184291241127,32.159202139849924,34.80553199034315,-1275.7084278026596,1542.0477698429252,2026-03-22 06:51:50
2026-03-22 06:51:52.416831+00:00,4437212.72192435,3085067.8605021075,3375048.7716442524,-903.784292412929,5,"E15,E27,G12,G24,G29",72.8199117881351,105.6558922380209,22.624637927767864,50.428254311734506,32.15841746326722,34.809791161102794,-501.85583514440805,438.11779677045905,2026-03-22 06:51:52
2026-03-22 06:51:54.416831+00:00,4436710.527016837,3083522.820963602,3377071.3114180667,-1823.154999647035,5,"E15,E21,E29,G11,G24",84.01082859125508,133.52007143571973,33.23323124876797,45.75503263707357,32.18007236900765,34.79937892167954,-520.5503037543967,1297.1135298556057,2026-03-22 06:51:54
2026-03-22 06:51:56.416831+00:00,4438198.061720802,3085072.44352115,3374596.082719527,-764.6728201219747,5,"E15,E29,G06,G12,G25",85.13722116142864,121.5828692279756,28.884393283093235,39.95025582795233,32.15106545960902,34.803868545540794,-55.61778736580163,1638.6615480656865,2026-03-22 06:51:56
2026-03-22 06:51:58.416831+00:00,4438070.1694336925,3085131.399076244,3375056.8218858847,-685.0453693391333,5,"E07,E15,E27,E30,G25",7.958719041213745,15.140071958303452,14.831725478337246,35.012266853822965,32.154925617095614,34.80515550094392,129.1617417447269,240.89041802991565,2026-03-22 06:51:58
2026-03-22 06:52:00.416831+00:00,4436940.882968454,3084321.677143504,3374638.40356029,-1688.7676018984598,5,"E07,E15,E21,E29,G24",141.88306031734655,276.1031013019383,14.820164147313688,38.82915103526352,32.15840033669325,34.8049404860098,-1269.824634113349,725.6051653835283,2026-03-22 06:52:00
2026-03-22 06:52:02.416831+00:00,4437529.81238907,3084221.829880717,3374618.930974598,-1234.3389667868062,5,"E21,E29,E34,G11,G24",12.686995179621071,24.139004237949848,19.889191343894293,41.05008789256535,32.15620373269552,34.80050727275054,-919.0378676177934,298.8254172368842,2026-03-22 06:52:02
2026-03-22 06:52:04.416831+00:00,4436468.190322666,3084191.839002237,3373904.9156514653,-2285.025874682092,5,"E15,E21,E29,G11,G24",118.99981642081883,189.21621370315552,33.24919669662089,45.76375025857912,32.15501816838478,34.80667102070476,-2051.540001475252,639.8747428863915,2026-03-22 06:52:04
2026-03-22 06:52:06.416831+00:00,4437601.0665584775,3084262.27863067,3374743.7284905603,-1147.4394659840616,6,"E07,E21,E29,E34,G11,G24",34.95182130228904,71.6911437138915,14.7891748920838,36.667616352401645,32.156764958599844,34.8004282656458,-783.53841084335,705.6871271940925,2026-03-22 06:52:06
2026-03-22 06:52:08.416831+00:00,4437526.307035993,3084222.7583563835,3374595.760645084,-1253.5385978834106,5,"E21,E29,E34,G11,G24",9.783857795942579,18.63405154272914,19.873472315977416,41.040489799354596,32.156038083490145,34.80053656686146,-933.3580092098564,85.21344022027266,2026-03-22 06:52:08
2026-03-22 06:52:10.416831+00:00,4437517.299908828,3084221.338487465,3374569.2281657173,-1264.6258988408806,5,"E21,E29,E34,G11,G24",14.334996538726358,27.311109647154808,19.868200919152738,41.03733563350345,32.15587488103217,34.800578707358405,-954.4269148055464,14.02780122522068,2026-03-22 06:52:10
2026-03-22 06:52:12.416831+00:00,4437518.351748202,3084219.982778327,3374588.98366059,-1263.120157345334,5,"E21,E29,E34,G11,G24",12.999218396504165,24.774295907467604,19.863054402469515,41.03406091832875,32.156025297887474,34.8005605398366,-943.8363596666604,9.91493685047308,2026-03-22 06:52:12
2026-03-22 06:52:14.416831+00:00,4437510.430315375,3084216.756970015,3374574.963821034,-1278.0351467306944,5,"E21,E29,E34,G11,G24",6.9960155831957085,13.337598223239183,19.857819884992235,41.030871653643786,32.155958307314094,34.8005803882994,-958.3635497279465,8.211437731438032,2026-03-22 06:52:14
2026-03-22 06:52:16.416831+00:00,4437523.810791048,3084222.8024844183,3374592.738650653,-1267.0839765969563,5,"E21,E29,E34,G11,G24",7.753447626790629,14.786444712430239,19.85257604632241,41.0275918671308,32.15602472693398,34.80055205575032,-936.6804181523621,11.527466564929853,2026-03-22 06:52:16
2026-03-22 06:52:18.416831+00:00,4438239.599762218,3085073.355147518,3374574.7452692613,-801.9769096115077,5,"E15,E29,G06,G12,G25",83.5507761997932,119.34326105192304,28.999176814325455,39.96647947536154,32.150736368116014,34.803625163641094,-37.65500171948224,555.9040937357639,2026-03-22 06:52:18
2026-03-22 06:52:20.416831+00:00,4442644.491416392,3086932.422603679,3381710.7796717086,3182.9689321570813,5,"E15,E21,E29,E34,G24",54.594458545447125,107.80964901670814,19.839546167287303,39.790943679850336,32.1827319125614,34.79316485001152,7721.4817122025415,4294.827973402348,2026-03-22 06:52:20
2026-03-22 06:52:22.416831+00:00,4436945.804634402,3084315.1092882673,3374630.4702763595,-1732.7072971447028,5,"E07,E15,E21,E29,G24",144.5007880318036,282.04482878372073,14.701477172327397,38.77806486349133,32.1583383547977,34.804853518146516,-1273.799710502848,4729.0628343291,2026-03-22 06:52:22
2026-03-22 06:52:24.416831+00:00,4436362.258304806,3083929.976755243,3372967.1860269383,-2377.265464269807,5,"E15,E29,E34,G11,G25",180.33458175749848,258.13408863916993,19.833047458107238,35.54064199882065,32.14899108338875,34.805032159240966,-2750.756947623566,902.131902931957,2026-03-22 06:52:24
2026-03-22 06:52:26.416831+00:00,4438217.396581694,3085058.3692890164,3374547.8258839096,-839.1293552378323,5,"E15,E29,G06,G12,G25",82.40686074711815,117.71683477982879,29.040996394499153,39.97240042980643,32.15065937278943,34.80362906162846,-74.65742910653353,1342.872862010213,2026-03-22 06:52:26
2026-03-22 06:52:28.416831+00:00,4438225.87201065,3085065.25255416,3374552.274646324,-829.4910474606463,5,"E15,E29,G06,G12,G25",83.76222752109996,119.65480820089579,29.05140204679633,39.97383611039733,32.15064108884127,34.80363769506427,-63.07167360931635,5.8949919859426245,2026-03-22 06:52:28
2026-03-22 06:52:30.416831+00:00,4438558.902494682,3086728.0035914704,3376208.8520269576,-767.0806608129442,5,"E07,E15,E21,E29,G15",15.487283294336903,26.015934947878122,3.4266771493807964,26.122300327494163,32.15741998921252,34.81609254793475,1853.6531579941511,1185.3163009717605,2026-03-22 06:52:30
2026-03-22 06:52:32.416831+00:00,4437757.576745019,3084249.878336434,3374782.8097456475,-1037.3359636882353,5,"E07,E21,E29,G06,G24",15.82227295276701,29.05624857544899,14.649087267077418,36.63840308582875,32.15648041471515,34.799373312402274,-659.926157347858,1484.6568900596963,2026-03-22 06:52:32
2026-03-22 06:52:34.416831+00:00,4439898.325814819,3083608.704595642,3371832.9967148383,-3477.705400557768,5,"E15,E27,E30,G11,G25",452.934372358405,758.9939488768578,27.08816806463384,41.98999866666718,32.12727252576359,34.78084340330229,-1050.4144061394036,1850.3585640667336,2026-03-22 06:52:34
2026-03-22 06:52:36.416831+00:00,4438184.87654728,3085039.5337115806,3374505.9840446603,-848.3977586194947,5,"E15,E29,G06,G12,G25",86.46310110628542,123.5196334309876,29.09326261982146,39.97974753956337,32.15051963819392,34.80366187158121,-128.63335649110377,1741.2668963169303,2026-03-22 06:52:36
2026-03-22 06:52:38.416831+00:00,4438219.269546746,3085068.7402369305,3374548.5802199887,-803.4012143399765,5,"E15,E29,G06,G12,G25",81.22675768183485,116.04062855988741,29.10361322216695,39.981121940140596,32.1506293450549,34.80370799853299,-67.94227316044271,31.025528552820266,2026-03-22 06:52:38
2026-03-22 06:52:40.416831+00:00,4437473.902739918,3084560.75562483,3374296.9994641715,-1453.8770147924315,5,"E15,E21,E29,E34,G12",115.59981547877253,173.2892568781972,19.789571946221475,38.20553778836398,32.15303732906158,34.80379618788565,-965.4697631606832,468.218143483975,2026-03-22 06:52:40
2026-03-22 06:52:42.416831+00:00,4437488.858051489,3084564.2682908024,3374293.8213522043,-1440.5968217931554,5,"E15,E21,E29,E34,G12",112.67258469667776,168.92042453214526,19.784170923604066,38.20643766682587,32.15294449426167,34.80373626832715,-955.0670730704442,7.84379630829126,2026-03-22 06:52:42
2026-03-22 06:52:44.416831+00:00,4438234.364108754,3085067.474819902,3374540.3308424572,-779.1160548725906,5,"E15,E29,G06,G12,G25",83.25925476486931,118.94772648438811,29.13498188487867,39.98541639309307,32.15051034596071,34.80360565832355,-62.44994956627488,466.30543132485843,2026-03-22 06:52:44
2026-03-22 06:52:46.416831+00:00,4438241.239742348,3085079.1964481575,3374535.040712837,-766.9580114543539,5,"E15,E29,G06,G12,G25",82.31158891078611,117.59551031142473,29.14531383936215,39.986809355885796,32.15041075551199,34.803666083892026,-54.82076499611139,7.291371230365626,2026-03-22 06:52:46
2026-03-22 06:52:48.416831+00:00,4438096.716522998,3084493.1837439626,3374902.6349563315,-731.1498736186793,5,"E07,E21,E29,G11,G19",23.501329305730163,37.90999101102352,14.56315308130471,30.082466764218452,32.15539208655862,34.79943949437734,-242.8292730357498,353.3494652109013,2026-03-22 06:52:48
2026-03-22 06:52:50.416831+00:00,4438078.775063279,3084511.9032355505,3374895.108671211,-729.0908195992656,5,"E07,E21,E29,G11,G19",24.475594482269457,39.51915668696165,14.552396125206721,30.078918902221535,32.155354059072266,34.79971099817458,-250.2630914701149,13.499632493840572,2026-03-22 06:52:50
2026-03-22 06:52:52.416831+00:00,4437477.381185952,3084261.3833098025,3374501.03852119,-1227.8299326876333,5,"E21,E29,E34,G11,G19",14.18007508814276,24.262702900916338,17.15296664229177,31.119759041013573,32.15540183463645,34.80116888786074,-999.1208010343835,380.6987365428499,2026-03-22 06:52:52
2026-03-22 06:52:54.416831+00:00,4438031.152611944,3083019.3646114725,3372866.5456688832,-3302.1624842067913,5,"E15,E27,E30,G06,G25",78.83145116578814,142.00963554903865,27.03911505721493,38.66938855564022,32.144138213269294,34.78700429705424,-2083.916709768586,1063.1133668957132,2026-03-22 06:52:54
2026-03-22 06:52:56.416831+00:00,4437451.1698741745,3084681.4913283605,3374239.4971552826,-1388.456472460602,5,"E15,E21,E29,E34,G12",116.75816727270082,175.1684001274407,19.747575195960113,38.212706032914994,32.152357056565364,34.80498479819568,-953.5304209282622,1116.2482903805271,2026-03-22 06:52:56
2026-03-22 06:52:58.416831+00:00,4440162.679071856,3086381.149156646,3372077.453528413,-1891.7992861103016,5,"E15,E27,G06,G12,G25",87.45630152700598,127.36026544868946,29.18833442567795,44.988999628325644,32.120512204020244,34.80337319272967,603.1938983965665,1931.032852313031,2026-03-22 06:52:58
2026-03-22 06:53:00.416831+00:00,4441048.317873387,3088144.1412644535,3373667.7059593615,313.8881800677023,5,"E15,E27,E30,G06,G12",39.14828499675367,68.65793738886714,27.02864428978035,44.56070685620817,32.124344075488175,34.81335249902709,2916.9403016008437,1267.024077623096,2026-03-22 06:53:00
2026-03-22 06:53:02.416831+00:00,4437675.546269713,3085022.143778657,3374323.96212662,-1094.875746272052,5,"E15,E29,E34,G12,G25",5.88383445418719,9.41409346461296,19.731139755209806,37.37362840847912,32.1511845167995,34.80659235021375,-587.9777605812997,2321.2673665980387,2026-03-22 06:53:02
2026-03-22 06:53:04.416831+00:00,4440150.594809381,3087531.387879489,3376681.4475584594,641.0523343440732,5,"E07,E21,E29,E34,G11",224.44811472453264,375.7328375019133,14.470046068950806,30.57630548843672,32.15255696068944,34.81345244722889,3599.828439818695,2120.1361272692097,2026-03-22 06:53:04
2026-03-22 06:53:06.416831+00:00,4440386.443873388,3087699.8098128517,3377253.583209416,1022.2061625163706,5,"E21,E29,E34,G11,G24",121.17440001165589,232.863176420331,19.71881559906123,40.93710391558877,32.155532495334704,34.81349089473955,4149.658638722263,320.6750425765262,2026-03-22 06:53:06
2026-03-22 06:53:08.416831+00:00,4441120.401893218,3088149.0542958444,3377964.675421274,1686.6361930763849,5,"E21,E29,E34,G11,G25",16.42827590998316,28.567554026842117,19.711897659155156,33.52917293472904,32.15683724655917,34.81295932454134,5255.40937897563,558.1592770297569,2026-03-22 06:53:08
2026-03-22 06:53:10.416831+00:00,4437535.245088235,3084565.8004506906,3374629.7801214023,-1045.7772326596776,5,"E07,E21,E29,E34,G11",38.43700094579802,64.52671772241592,14.44523625717636,30.578284215943484,32.155322790909686,34.80346890777416,-743.2829763004556,3033.7511473518234,2026-03-22 06:53:10
2026-03-22 06:53:12.416831+00:00,4437537.033797317,3084599.724309788,3374627.94292609,-1041.5968148267443,5,"E07,E21,E29,E34,G11",38.95368093039697,65.45872225984931,14.43452447445872,30.576151440608612,32.155208771259566,34.80375340341612,-726.6247990718111,17.010312922358896,2026-03-22 06:53:12
2026-03-22 06:53:14.416831+00:00,4437518.502661248,3084613.1070340835,3374607.6831012317,-1059.8642421584568,5,"E07,E21,E29,E34,G11",39.88754968719925,67.0938249528408,14.423895933291162,30.57408449654495,32.15509044854857,34.803982040528176,-743.8226870652288,15.272203646558808,2026-03-22 06:53:14
2026-03-22 06:53:16.416831+00:00,4437395.553793603,3084576.1961585204,3374424.8788931496,-1201.7804587478013,5,"E21,E29,E34,G11,G24",6.938344897428591,13.35257102176547,19.695500515514077,40.929941863909285,32.154280311913176,34.8044047236268,-944.4179049618542,111.68730375761979,2026-03-22 06:53:16
2026-03-22 06:53:18.416831+00:00,4437515.79878344,3084662.729439219,3374591.9036876,-1077.2685090572852,5,"E07,E21,E29,E34,G11",38.08583737856676,64.18857224285603,14.402556690272608,30.569856118767014,32.15484466788357,34.80443037903697,-730.1215614788234,111.62901528132723,2026-03-22 06:53:18
2026-03-22 06:53:20.416831+00:00,4437516.756980493,3084685.1429967186,3374575.4072531345,-1095.6605037695354,5,"E07,E21,E29,E34,G11",39.77714566778427,67.10388625785708,14.391974183282189,30.567759789477044,32.15465352360677,34.804619695381135,-727.4041164359078,13.923164613842804,2026-03-22 06:53:20
2026-03-22 06:53:22.416831+00:00,4437538.557215823,3084702.2959873592,3374566.9644913725,-1096.989352750822,5,"E07,E21,E29,E34,G11",35.934616960679186,60.67991112917662,14.38139297760028,30.56564055717083,32.15445614300758,34.80463709544121,-708.4539141552523,14.497892730813497,2026-03-22 06:53:22
2026-03-22 06:53:24.416831+00:00,4438020.278373965,3084895.5492241406,3374722.80111882,-746.5278720647364,5,"E07,E21,E29,G11,G19",27.14478760370171,44.51291701570153,14.371089737416915,30.01840438366176,32.15321810861954,34.8034044800987,-197.25550887733698,270.96454665811143,2026-03-22 06:53:24
2026-03-22 06:53:26.416831+00:00,4434041.536221898,3083107.0967498207,3371988.12436115,-4225.544040037891,5,"E07,E15,E21,E29,G11",70.25962268418431,110.94223817065358,14.369680283227158,35.38194421363488,32.152916759637066,34.81191719282912,-5282.720172178,2574.2672906321936,2026-03-22 06:53:26
2026-03-22 06:53:28.416831+00:00,4437473.556349957,3084628.6234362964,3374305.687301341,-1277.4531020270715,5,"E21,E29,E34,G11,G24",10.551042775545858,20.33938989788294,19.662438940914203,40.91038550647265,32.152919100036584,34.80438909927795,-928.2910911580548,2205.9523792915247,2026-03-22 06:53:28
2026-03-22 06:53:30.416831+00:00,4434052.734897192,3083090.914990111,3371928.814837852,-4283.79819387994,5,"E07,E15,E21,E29,G11",76.02547339740403,120.32425269111991,14.348768196067875,35.382621351506394,32.15246376650934,34.811708416026605,-5314.320123043843,2220.140163641965,2026-03-22 06:53:30
2026-03-22 06:53:32.416831+00:00,4434100.540666124,3083096.626358122,3371901.204524756,-4282.087536396591,5,"E07,E15,E21,E29,G11",72.59296912828054,115.02257688716054,14.338456301950352,35.382954416442566,32.15204860289346,34.81146862688234,-5293.022441362962,27.750408361971946,2026-03-22 06:53:32
2026-03-22 06:53:34.416831+00:00,4440734.847202421,3087597.1732685994,3380132.8755284934,1119.8472526845294,5,"E15,E21,E29,E34,G11",78.24126154647206,115.05753267928958,19.65424534521524,36.42901467896186,32.17640396205523,34.81049114601358,5875.061299526133,5745.201328603222,2026-03-22 06:53:34
2026-03-22 06:53:36.416831+00:00,4437180.215763883,3083355.4736600392,3373697.957824336,-2738.462553480562,5,"E19,E27,E30,G11,G32",157.40924518519458,332.0884095430374,11.144141355320409,34.65320398603753,32.15292225505314,34.795079360697244,-2070.8081096485257,4243.689022901698,2026-03-22 06:53:36
2026-03-22 06:53:38.416831+00:00,4438824.026210113,3084067.413109447,3372118.6424876135,-3279.805476875672,6,"E19,E27,E30,G06,G24,G32",34.826636285558656,60.960405211895704,11.134913774941225,37.016700902143796,32.13243149979127,34.79133333055031,-1424.0565304905176,1194.069459408311,2026-03-22 06:53:38
2026-03-22 06:53:40.416831+00:00,4433987.018679813,3082946.189034526,3371449.7743124776,-4579.005450554958,5,"E15,E21,E29,E34,G11",48.23162097187894,70.87976489588618,19.641575355361894,36.45396245182423,32.14945907639918,34.81084577638565,-5684.874253082089,2505.053388157613,2026-03-22 06:53:40
2026-03-22 06:53:42.416831+00:00,4434023.432671857,3082954.8081394723,3371417.3950906266,-4587.675471618202,5,"E15,E21,E29,E34,G11",52.00785253743162,76.41887345165014,19.63578095751933,36.455203394907265,32.14904440281453,34.81070031128354,-5672.6251051919535,24.74207850188361,2026-03-22 06:53:42
2026-03-22 06:53:44.416831+00:00,4437515.181577159,3084576.3312731613,3373707.720909885,-1542.3143851917641,5,"E21,E29,E34,G11,G25",129.62373920756693,224.6797319240868,19.616338407850126,33.580205653657856,32.14833199423727,34.803681991221325,-1242.8293595286086,2239.8236565145703,2026-03-22 06:53:44
2026-03-22 06:53:46.416831+00:00,4437912.122154111,3085230.4545527594,3373837.0142806084,-1338.3172351758164,5,"E15,E29,E34,G12,G25",12.207256688272357,19.60802059993148,19.610052265321517,37.40915508066872,32.14596334668814,34.80697398275318,-581.952200322412,387.993512270525,2026-03-22 06:53:46
2026-03-22 06:53:48.416831+00:00,4435017.40766992,3084883.8036904265,3372687.988182312,-3689.3428270785066,5,"E19,E27,G06,G12,G24",4.968658087407803,6.8265918828547,24.703779734814628,48.566718648049665,32.14954498676343,34.82147944334425,-3373.1210781196132,1566.8279851271732,2026-03-22 06:53:48
2026-03-22 06:53:50.416831+00:00,4437741.421985246,3084583.8397732363,3373963.3418463604,-1443.831842512139,5,"E21,E29,E34,G11,G24",4.7058395943072835,9.098859410732985,19.599535619850215,40.87468679000027,32.14937188993616,34.80237836825406,-945.8938848590478,1511.353640790497,2026-03-22 06:53:50
2026-03-22 06:53:52.416831+00:00,4436857.590096439,3084497.833753603,3373386.356687892,-2322.7330297420276,5,"E15,E21,E29,G12,G24",8.607450688127535,13.910110205411911,33.59439990423519,47.50038835940201,32.1486843725992,34.80697823518235,-1908.924749109894,529.496864055353,2026-03-22 06:53:52
2026-03-22 06:53:54.416831+00:00,4436864.527060537,3084496.6989331413,3373367.8315786724,-2342.097484540367,5,"E15,E21,E29,G12,G24",7.468687817693386,12.066460344940424,33.60084348966553,47.499027981603604,32.14851865486216,34.806926370307416,-1914.508252733387,9.90692888810782,2026-03-22 06:53:54
2026-03-22 06:53:56.416831+00:00,4438092.6250677835,3085290.8171004755,3373775.810709489,-1319.7629580474907,5,"E15,E29,G12,G25,G32",61.37187562483844,126.68284367024899,11.15115311537492,35.73077572022332,32.144619460356004,34.806407178367394,-459.8553515849635,759.1599551932189,2026-03-22 06:53:56
2026-03-22 06:53:58.416831+00:00,4436902.348941077,3084510.4464973537,3373347.5684422143,-2361.182777471844,5,"E15,E21,E29,G12,G24",10.077821549611084,16.272763025015593,33.6136691532971,47.4962513014036,32.1481771622156,34.806817144928054,-1892.3531750962138,743.1566079074269,2026-03-22 06:53:58
2026-03-22 06:54:00.416831+00:00,4436886.65201297,3084496.15120339,3373326.6121147685,-2396.440302610158,5,"E15,E21,E29,G12,G24",8.616469952580543,13.909195512533188,33.620194893951975,47.49491223765288,32.14811813843716,34.80678769374906,-1921.3253805423155,14.915735327933222,2026-03-22 06:54:00
2026-03-22 06:54:02.416831+00:00,4437766.083961349,3084931.7957917997,3373600.2160835573,-1735.0890493755498,5,"E15,E21,E29,E34,G12",120.37841507107966,181.31014615669847,19.566280888054457,38.239881281949685,32.14554856067872,34.805258060025785,-953.8147990889847,509.42268573763755,2026-03-22 06:54:02
2026-03-22 06:54:04.416831+00:00,4437698.819073543,3085031.729630198,3374751.467987465,-1005.330680745187,5,"E19,E27,E30,G11,G25",108.53851247701536,186.54586446657777,24.722069374022546,38.34158689728897,32.15433075245966,34.806534960758846,-339.65765556693077,578.7685814382183,2026-03-22 06:54:04
2026-03-22 06:54:06.416831+00:00,4442921.252118956,3088403.948315237,3375188.2319209366,2577.0671323948673,5,"E07,E15,E29,G12,G24",145.4222586556533,310.91545337066054,14.161212941440818,43.58986424532195,32.127868422368145,34.80428875208294,5153.458150364459,3115.9440185574194,2026-03-22 06:54:06
2026-03-22 06:54:08.416831+00:00,4437716.144874014,3085030.0902744047,3374713.446736205,-1034.1451756214697,5,"E19,E27,E30,G11,G25",107.49017187448928,184.76677802577615,24.72433953178601,38.34634810356097,32.15397666414407,34.8064158494194,-348.64079236239195,3110.525698442375,2026-03-22 06:54:08
2026-03-22 06:54:10.416831+00:00,4436932.522370905,3084494.025528816,3373238.346900804,-2470.656997499322,5,"E15,E21,E29,G12,G24",7.689943853090623,12.39624822512269,33.652423864573706,47.488052497726564,32.14726903916798,34.80649156700769,-1937.4301366405562,877.1187438486002,2026-03-22 06:54:10
2026-03-22 06:54:12.416831+00:00,4434225.9957737755,3083190.035366514,3372380.131497489,-4570.8843559918405,5,"E15,E21,E29,G06,G12",297.32589169193176,417.52934914827347,32.63430021928047,40.8691572325278,32.154957213582016,34.81152244011452,-4905.791196784005,1562.2267955417788,2026-03-22 06:54:12
2026-03-22 06:54:14.416831+00:00,4434236.807504812,3083185.278768025,3372349.5469470434,-4589.613430839522,5,"E15,E21,E29,G06,G12",298.53641027928273,419.2472719922662,32.627083957550155,40.86963105788206,32.15469393366165,34.81141552988592,-4916.85226992704,16.393089116677555,2026-03-22 06:54:14
2026-03-22 06:54:16.416831+00:00,4434262.780551614,3083196.0736494465,3372324.594160436,-4597.0010832712915,5,"E15,E21,E29,G06,G12",295.99081612149,415.69112507253885,32.61981611491132,40.87004398605357,32.15437125231798,34.81135225475779,-4906.86103602685,18.80006771629553,2026-03-22 06:54:16
2026-03-22 06:54:18.416831+00:00,4438054.530561328,3084667.8089726595,3373890.075732525,-1495.7779597657902,5,"E07,E21,E29,E34,G11",39.38477639293982,68.22234982997179,14.089069277183794,30.507032134695102,32.14734851051598,34.8012148402315,-726.6209512623027,2179.111375670503,2026-03-22 06:54:18
2026-03-22 06:54:20.416831+00:00,4437937.930563703,3084596.0186004424,3373678.8793135206,-1654.0197742107368,5,"E21,E29,E34,G11,G24",5.438931050906532,10.555753849446774,19.51560927684212,40.82510833161807,32.14639183601126,34.80129538306786,-954.7537244996056,125.85045131963199,2026-03-22 06:54:20
2026-03-22 06:54:22.416831+00:00,4438085.901828151,3084669.1005218937,3373823.7108852398,-1532.1981934633457,5,"E07,E21,E29,E34,G11",40.957517192481966,71.06885937601328,14.068377912763394,30.5028281295342,32.14671456986155,34.801036278181854,-739.4984246091917,109.78689187693404,2026-03-22 06:54:22
2026-03-22 06:54:24.416831+00:00,4438110.242872497,3084670.8675113823,3373798.318296973,-1540.936978406523,5,"E07,E21,E29,E34,G11",41.59984579899221,72.24537634849548,14.057995877306206,30.50070159697676,32.14641990628785,34.80090439072208,-735.2325059343129,17.609601291479418,2026-03-22 06:54:24
2026-03-22 06:54:26.416831+00:00,4443088.778755612,3087766.8073103465,3377210.180004727,2401.5160912879787,5,"E15,E21,E29,G24,G29",143.609170139669,250.42665587365627,23.51627711383566,40.379939057295545,32.144378608544805,34.79773623201834,6037.563768176362,3391.5875003863835,2026-03-22 06:54:26
2026-03-22 06:54:28.416831+00:00,4438031.128349903,3084620.6400409746,3373558.3491712217,-1708.029321631242,5,"E21,E29,E34,G11,G24",1.3565539666972912,2.63528074324131,19.49262338675453,40.811893617442344,32.14503669661348,34.800945829869,-942.1904734708369,3493.353136664438,2026-03-22 06:54:28
2026-03-22 06:54:30.416831+00:00,4440614.749543511,3087712.775730669,3376041.294101227,84.34497652875108,5,"E21,E29,G11,G24,G29",35.613583794198995,61.9980898424983,23.532594304553935,41.609602965785726,32.14534775372553,34.812222901010024,3669.513194235973,2366.5067674202405,2026-03-22 06:54:30
2026-03-22 06:54:32.416831+00:00,4440639.027565609,3087714.5894594938,3376008.709525965,71.89516093220803,5,"E21,E29,G11,G24,G29",35.66960291820812,62.081108406186104,23.54441555576207,41.60982233627694,32.14499854394822,34.81209185077449,3669.930018347688,20.33756692805459,2026-03-22 06:54:32
2026-03-22 06:54:34.416831+00:00,4440671.925089242,3087717.6078385683,3375995.02027603,67.49945794770623,5,"E21,E29,G11,G24,G29",32.95904435188826,57.35020774975419,23.55616753225108,41.609973377551206,32.14475629399027,34.81191915179837,3686.9748685527593,17.87982967774182,2026-03-22 06:54:34
2026-03-22 06:54:36.416831+00:00,4435676.811213991,3085174.3078740933,3371938.269023699,-4009.1451175087195,5,"E13,E27,G06,G12,G25",15.293322974393773,22.08962355554104,25.976781719863382,41.55824002002123,32.14042243206177,34.82001554568028,-3173.2185123013332,3459.6520077644354,2026-03-22 06:54:36
2026-03-22 06:54:38.416831+00:00,4440750.004475594,3087724.3320394815,3375965.782177207,68.06105805324056,5,"E21,E29,G11,G24,G29",24.997740235661883,43.476998414844275,23.579744396077132,41.61030855882763,32.14420736033567,34.81150544940347,3728.9477343074977,3480.6887003621655,2026-03-22 06:54:38
2026-03-22 06:54:40.416831+00:00,4436720.849535562,3085371.1548159216,3375662.227113091,-3410.058712976137,5,"E13,E29,G11,G15,G25",65.26267491184434,128.3565772175789,2.8597728863613483,28.75727753657614,32.16420848129294,34.81540835695926,-370.6017578262836,2337.930615587842,2026-03-22 06:54:40
2026-03-22 06:54:42.416831+00:00,4438824.1720820805,3085435.5958345463,3372954.771740168,-1588.3879083015975,5,"E07,E15,E29,G06,G12",459.23282252797304,987.796449944377,13.972381274636305,36.90712151386482,32.13507124567982,34.80324134503545,-318.0425572535023,1714.5285777688264,2026-03-22 06:54:42
2026-03-22 06:54:44.416831+00:00,4436831.100375698,3048362.77966113,3342265.501358416,-43542.696134110956,5,"E15,E27,E34,G11,G24",1013.4485155864232,1598.4860304817557,19.213885846012808,47.80195688098089,32.00896901240278,34.49134453636105,-35863.11129780207,24084.213452067317,2026-03-22 06:54:44
2026-03-22 06:54:46.416831+00:00,4436043.815741272,3085456.366712853,3371553.4254506645,-4165.430658030094,5,"E15,E29,G06,G12,G25",49.12180041852258,70.21087593585253,29.75844238696929,40.0688872264456,32.13526321720884,34.82024878087242,-2986.436318269931,23634.384459366855,2026-03-22 06:54:46
2026-03-22 06:54:48.416831+00:00,4436604.266986008,3085702.0618158155,3372606.0753333224,-3747.710893969981,5,"E07,E15,E21,E29,G11",103.98590394092876,171.77737572044134,13.935650122664356,35.38814490046885,32.14042322259624,34.81899436656515,-1918.0737655712292,608.7987058145325,2026-03-22 06:54:48
2026-03-22 06:54:50.416831+00:00,4441980.385992077,3086271.1870727534,3372577.2336324393,-472.7691474768435,5,"E15,E21,E29,G12,G25",107.40019611723132,174.35312873497605,29.78020354449558,40.32174040150532,32.117474098845605,34.7914268886776,2079.9668296687305,2703.1181517469263,2026-03-22 06:54:50
2026-03-22 06:54:52.416831+00:00,4440244.228408939,3087756.081015796,3375664.892589506,-560.8292965716639,5,"E15,E21,E29,G06,G24",89.83278514053738,138.36516362056136,32.4718801339929,42.138723620657196,32.143815500356055,34.81484047697599,3232.6080256495625,1920.468107697152,2026-03-22 06:54:52
2026-03-22 06:54:54.416831+00:00,4436602.573705624,3085778.76392473,3372529.9164019134,-3791.3025426214804,5,"E07,E15,E21,E29,G11",103.9246425177388,172.20595334470272,13.904341862987229,35.388876067585755,32.13963799284686,34.81967222238382,-1922.682216130197,2598.052518405581,2026-03-22 06:54:54
2026-03-22 06:54:58.416831+00:00,4443667.169120741,3085656.644084441,3374398.244434276,880.7859639311976,5,"E13,E19,E27,E34,G24",2565.8799663348323,5737.379930686206,19.370549373753686,39.22907994070297,32.12641598785532,34.77588858139859,3924.6237002257258,1827.1232729211217,2026-03-22 06:54:58
2026-03-22 06:55:00.416831+00:00,4473050.583434055,3102521.412056917,3398925.339124379,28059.651452059305,5,"E15,E21,E29,G11,G24",1418.795900967024,2270.13250105083,33.780590404904665,45.59970770060265,32.1516730952711,34.74529384862609,45554.9171937909,20912.817896033102,2026-03-22 06:55:00
2026-03-22 06:55:02.416831+00:00,4438330.073480331,3084906.1834485596,3373336.7316853628,-1779.6034723855337,5,"E07,E21,E29,E34,G11",39.65313406062793,69.96369752287865,13.86007110966225,30.45981398999259,32.14138433288168,34.80162270910975,-714.2615987984464,23294.77903436398,2026-03-22 06:55:02
2026-03-22 06:55:04.416831+00:00,4438172.643272511,3084859.8249603384,3373159.1330553847,-1931.2164220517964,5,"E21,E29,E34,G11,G24",1.781652540094662,3.4746512174606323,19.39190238142121,40.751624410302945,32.140775258304636,34.80217165658977,-940.6075185621157,120.90766428835656,2026-03-22 06:55:04
2026-03-22 06:55:06.416831+00:00,4437278.429215186,3084656.095236436,3372642.5084822993,-2735.200669433612,5,"E15,E21,E29,G11,G24",132.78950998040844,212.61927403509617,33.83123732226296,45.68122461651715,32.140910884178105,34.80580906957183,-1935.6337251588702,526.3139581641715,2026-03-22 06:55:06
2026-03-22 06:55:08.416831+00:00,4438273.391143469,3084999.281097107,3373361.0468708435,-1786.1920281041077,5,"E07,E21,E29,E34,G11",36.134708223490264,63.91447113454342,13.8276958309106,30.45307333369566,32.141538393335864,34.80277597639427,-695.7442795066163,637.1858421035141,2026-03-22 06:55:08
2026-03-22 06:55:10.416831+00:00,4438096.344288673,3084949.350666828,3373175.1791355456,-1949.9039120808989,5,"E21,E29,E34,G11,G24",1.182462014140295,2.3074031621217728,19.376368001745465,40.741304432102964,32.14095324103343,34.80341255378989,-941.8538971338421,130.75306084919987,2026-03-22 06:55:10
2026-03-22 06:55:12.416831+00:00,4438065.859405148,3084979.3357048067,3373167.7464919137,-1959.5293730429767,5,"E21,E29,E34,G11,G24",1.1406966081313616,2.2263227440416813,19.371166543960108,40.737892652907775,32.14093446633942,34.80385799966675,-952.5118359066546,21.700661381070482,2026-03-22 06:55:12
2026-03-22 06:55:14.416831+00:00,4438063.684145362,3085024.123318547,3373187.894869021,-1945.2086440965588,5,"E21,E29,E34,G11,G24",1.8487295919286788,3.6088842265307903,19.36589461548565,40.73439698600449,32.14097424895068,34.804261002812474,-921.6595167554915,24.57956061314056,2026-03-22 06:55:14
2026-03-22 06:55:16.416831+00:00,4444117.812869138,3088318.1367316036,3377739.92272442,3232.7006963804856,5,"E15,E21,E29,G11,G24",386.27860789822466,618.5926658138633,33.85564691845606,45.65948234216876,32.14286119895506,34.79631211167874,7301.304276335053,4129.889725094845,2026-03-22 06:55:16
2026-03-22 06:55:18.416831+00:00,4444100.117589795,3088359.661412597,3377746.5732250074,3234.7114000727106,5,"E15,E21,E29,G11,G24",384.08597389177527,615.111903514713,33.86172811858073,45.658387443243576,32.14286799757331,34.79678003576003,7312.603265894577,22.812557948981,2026-03-22 06:55:18
2026-03-22 06:55:20.416831+00:00,4432444.95580549,3080950.231631404,3371434.4372887546,-7217.180822172948,5,"E07,E15,E27,E30,G11",309.0614738852054,499.8575864434242,13.757854098492702,39.06693787328731,32.160899129191684,34.80279547679238,-7729.534622719511,7592.5210895080545,2026-03-22 06:55:20
2026-03-22 06:55:22.416831+00:00,4435887.6236759,3083757.5608872804,3369254.2384361527,-6979.919581318746,5,"E15,E27,E30,G06,G25",285.8613268691243,518.5895880833268,26.599705305922708,38.712513078627765,32.122963126751465,34.80640391627635,-5139.1319230040535,2474.183029493739,2026-03-22 06:55:22
2026-03-22 06:55:24.416831+00:00,4435763.9638526095,3085951.595801161,3371117.274852173,-4536.696430484067,5,"E15,E27,G06,G12,G25",23.237440248747824,33.8300452157855,29.951881911500244,45.221152997951194,32.131676263003776,34.82625395387389,-3173.4870247645304,1440.4847832102741,2026-03-22 06:55:24
2026-03-22 06:55:26.416831+00:00,4434290.4556728415,3083866.314767857,3371745.55963983,-4936.390062608191,5,"E15,E21,E29,G06,G12",284.480058983071,400.0721036866307,32.37251171814043,40.88481774009628,32.14800001534691,34.81702212304599,-4871.789074239321,1314.7590195642558,2026-03-22 06:55:26
2026-03-22 06:55:28.416831+00:00,4437287.278373297,3085380.100396369,3373146.741587445,-2468.2327696568245,5,"E07,E15,E21,E29,G24",155.01130288894905,309.69416508078575,13.719729801962263,38.34835433571247,32.142743876371256,34.812057787581516,-1311.2725971285254,1819.0522310655924,2026-03-22 06:55:28
2026-03-22 06:55:30.416831+00:00,4437948.520618606,3087295.4885369204,3373914.947261666,-2333.0343595018776,5,"E15,E21,E29,E34,G11",1.3991308110214864,2.040812272578478,19.33216648120359,36.51175132640263,32.1407581845201,34.82472364649491,483.10602037701756,1083.5235338758102,2026-03-22 06:55:30
2026-03-22 06:55:32.416831+00:00,4436750.504525205,3084149.7033533524,3369006.17810734,-6719.556953520389,5,"E15,E27,E30,G11,G25",59.5148909798888,99.10387010872364,26.564141252000894,42.31400828924164,32.11659330466961,34.80459541517897,-4481.38997481484,2976.03854106711,2026-03-22 06:55:32
2026-03-22 06:55:34.416831+00:00,4437183.1675853385,3083996.759700998,3369898.608047044,-5860.5623178063615,5,"E15,E27,E30,G11,G25",641.7661113516473,1068.592363908887,26.554610508854434,42.315898987891934,32.12212818210428,34.800645350378424,-3779.9375874064863,501.75200091267715,2026-03-22 06:55:34
2026-03-22 06:55:36.416831+00:00,4439393.544596915,3088485.119675199,3374986.543320404,-1155.6683085972502,5,"E07,E21,E29,G06,G24",30.330998861108167,58.23511339351535,13.669887496274375,35.95534490238828,32.139990828500665,34.82632728845167,2632.870451984927,3567.850443096501,2026-03-22 06:55:36
2026-03-22 06:55:38.416831+00:00,4443029.327112296,3088689.047933722,3376716.429937882,2191.385009855526,5,"E15,E21,E29,G24,G29",125.8960888661162,218.08297157287598,23.926954418061968,40.36924613414537,32.138323117344775,34.806114317403505,6179.237910420634,2015.751035166569,2026-03-22 06:55:38
2026-03-22 06:55:40.416831+00:00,4426245.433890434,3075243.31151742,3373082.114047185,-9903.323123531367,5,"E07,E27,E30,G11,G29",1188.0284831871775,2519.2929376140237,13.610838984766094,35.02075812492066,32.21366425153355,34.79059498190742,-13916.576537793502,10905.218377603534,2026-03-22 06:55:40
2026-03-22 06:55:42.416831+00:00,4434168.889022164,3085344.859512957,3373630.5671076356,-3077.4061942874578,5,"E15,E27,E30,G12,G25",7.526540961752055,10.841375038027763,26.566577945180004,44.113981177739355,32.158825479030426,34.830633033940735,-3238.2678783088923,6425.013888899118,2026-03-22 06:55:42
2026-03-22 06:55:44.416831+00:00,4437589.55816815,3086461.832757679,3370452.3232851382,-4297.91882774546,5,"E19,E27,E30,G11,G24",122.65044615071282,207.57703248411417,24.750258832034238,45.443217099455794,32.11800818411869,34.819642584442555,-2011.1203433806077,2400.5124677328986,2026-03-22 06:55:44
2026-03-22 06:55:46.416831+00:00,4437720.391048045,3086790.398631947,3370632.0980305187,-3981.627239086491,5,"E19,E27,E30,G11,G24",146.7895466201075,248.380414519459,24.748818845283193,45.44009974509127,32.11796677111525,34.821709758659075,-1665.6712072547525,198.3631362375758,2026-03-22 06:55:46
2026-03-22 06:55:48.416831+00:00,4439264.754885906,3088744.6740010087,3374907.1884762836,-1187.289423765493,5,"E07,E21,E29,G06,G24",28.58695507259521,55.03051644936204,13.606460144573047,35.91055121291221,32.139181244592564,34.82936382388162,2626.654655445367,2473.896228688909,2026-03-22 06:55:48
2026-03-22 06:55:50.416831+00:00,4435284.244738365,3085151.946498141,3372752.5248379423,-3430.178548952175,5,"E07,E15,E21,E34,G11",60.794385730270726,90.22407374158502,13.598920454987134,32.29232220961516,32.148251161140365,34.822198011777516,-3023.6738915434107,2889.408561407246,2026-03-22 06:55:50
2026-03-22 06:55:52.416831+00:00,2421224.968599004,1865412.6270878704,3447490.0720833824,-1787903.0381590098,5,"E07,E29,G01,G11,G29",76690.74939298257,171485.72874007747,-19.95091917353045,13.240108036075142,48.70414322754503,37.6121546741977,-1758816.0913871909,1177899.0275153788,2026-03-22 06:55:52
2026-03-22 06:55:54.416831+00:00,4436931.717609734,3085416.513200765,3373616.6300337533,-2717.680992413082,5,"E07,E15,E29,G11,G24",134.640891877239,205.23418543860316,13.575911068141892,41.57008642498801,32.14763368438775,34.81452677588177,-1290.8297985671088,1178658.1847145327,2026-03-22 06:55:54
2026-03-22 06:55:56.416831+00:00,4437602.07936007,3085868.394767483,3373022.0418865983,-2045.1984888879879,5,"E21,E29,E34,G11,G24",1.6701392647994882,3.272053834050894,19.25491835368407,40.66209163332849,32.13921365463393,34.814402462251856,-922.7218443499878,501.7760684283691,2026-03-22 06:55:56
2026-03-22 06:55:58.416831+00:00,4437558.053801593,3085902.847004157,3373009.965415323,-2061.566249830101,5,"E21,E29,E34,G11,G24",1.49983975412841,2.9388605877757072,19.249747959092815,40.65864421679502,32.13920047519887,34.814968740876914,-943.0970274638385,28.596536369990783,2026-03-22 06:55:58
2026-03-22 06:56:00.416831+00:00,4437540.530367484,3085951.9715106697,3373024.069776954,-2054.6733846731577,5,"E21,E29,E34,G11,G24",0.009236714317893422,0.018101636320352554,19.244515452986974,40.65511685543131,32.13924265074732,34.81550231903587,-924.0270533934236,27.014907459140915,2026-03-22 06:56:00
2026-03-22 06:56:02.416831+00:00,4436811.145106129,3085853.09486874,3372627.805940332,-2712.4274532848735,5,"E15,E21,E29,G11,G24",139.47784547685254,223.60693334043026,34.00070274047546,45.650871374769714,32.13936033643615,34.819056573099864,-1689.6802194891497,417.97263008949164,2026-03-22 06:56:02
2026-03-22 06:56:04.416831+00:00,4437479.228497551,3086037.261883042,3373024.6855337583,-2062.67952601321,5,"E21,E29,E34,G11,G24",2.4151104203647087,4.734427407383919,19.23409597284968,40.64813630773496,32.13925518470093,34.81661559455492,-925.081539357081,399.30136448812567,2026-03-22 06:56:04
2026-03-22 06:56:06.416831+00:00,4436747.659138905,3085939.682287348,3372621.1279415074,-2725.1003499543363,5,"E15,E21,E29,G11,G24",140.73288893627293,225.63533014059067,34.012744618830524,45.64865176364763,32.139322180462784,34.82019449497998,-1695.5004579406232,420.58715929897534,2026-03-22 06:56:06
2026-03-22 06:56:08.416831+00:00,4437420.476089677,3086128.67226552,3373019.5562812225,-2074.5947817411056,5,"E21,E29,E34,G11,G24",1.055838794096239,2.0704090148210526,19.22363208054913,40.64115757018063,32.139197024534525,34.8177667002423,-924.45937148761,402.22661615799,2026-03-22 06:56:08
2026-03-22 06:56:10.416831+00:00,4436689.863321838,3086028.698542493,3372609.8764684508,-2735.8738983753547,5,"E15,E21,E29,G11,G24",138.93538189836713,222.76897180825472,34.02476036913202,45.646442958741474,32.139220010338825,34.821319110119454,-1698.6220817565918,421.7900279812593,2026-03-22 06:56:10
2026-03-22 06:56:12.416831+00:00,4436587.51639889,3086039.116520782,3372546.7717531766,-2804.2055562710398,5,"E15,E21,E29,G11,G24",137.3973877354144,220.31068685278296,34.03079530185442,45.645524645112154,32.139112644920864,34.82202937281859,-1798.299716860056,60.344080070865374,2026-03-22 06:56:12
2026-03-22 06:56:14.416831+00:00,4437473.630157007,3086335.822519512,3373171.1945022186,-1945.035546521648,5,"E07,E21,E29,E34,G11",36.90036231645051,66.95688844099641,13.476179231679508,30.378674727285933,32.13957821431078,34.819247688164666,-706.6873218715191,561.9465747577132,2026-03-22 06:56:14
2026-03-22 06:56:16.416831+00:00,4437038.204105256,3093214.872837077,3376097.3783508516,2858.1898672539905,5,"E15,E27,E30,G06,G24",131.59879377788914,223.68907342851162,26.490231721911197,45.65774794581222,32.14477533535351,34.881704572374574,3875.993306064047,3744.1114110738795,2026-03-22 06:56:16
2026-03-22 06:56:18.416831+00:00,4434065.215724329,3084553.1692214604,3368473.565601605,-7907.918162673408,5,"E15,E27,G06,G12,G25",111.86274068384125,162.7904979288578,30.239442083108226,45.29555961641346,32.121996185327255,34.824367793476675,-6436.680853194557,5957.900013290854,2026-03-22 06:56:18
2026-03-22 06:56:20.416831+00:00,4438118.785060589,3088775.0687865205,3374395.548090352,-1728.3413533909802,5,"E07,E15,E21,E29,G11",55.167992676214574,95.36817486211658,13.437048444111213,35.38710275948186,32.13970349100009,34.83656348603257,1572.68306023255,4163.10391710167,2026-03-22 06:56:20
2026-03-22 06:56:22.416831+00:00,4434672.315899238,3086251.2719195616,3369967.491086879,-5880.072962916099,5,"E15,E27,G06,G12,G25",26.318733668799,38.299297377467155,30.25000952750773,45.30304520727453,32.126368960434725,34.835473944776325,-4398.864338678308,3076.336666061868,2026-03-22 06:56:22
2026-03-22 06:56:24.416831+00:00,4436911.621119819,3087011.900428569,3373809.062845944,-1953.8452593784596,5,"E07,E15,E21,G24,G29",37.19066987125237,73.08374701440334,13.415766454269571,36.12268796833105,32.14481051100293,34.82853273555111,-431.07003869954497,2255.588458677774,2026-03-22 06:56:24
2026-03-22 06:56:27.416836+00:00,4396548.129581611,3070196.2876603133,3345617.1484055733,-36548.495431411015,5,"E15,E21,E29,G11,G32",7214.3715565527,16131.823074251413,11.341691940446987,35.0560138368476,32.13448256819414,34.92735671381958,-51609.49303341098,17342.149358101295,2026-03-22 06:56:27
2026-03-22 06:56:51.491996+00:00,4436440.289531102,3088394.6782257496,3370695.1828081417,1790949.9430617222,5,"E27,E30,G11,G25,G32",149.49125525652894,320.5344689823687,11.304355140207795,35.839947410030625,32.119093334163324,34.84341706393035,-1745.9661687966436,2098.1008613952167,2026-03-22 06:56:51
2026-03-22 06:56:53.431996+00:00,4436206.654472449,3088925.8772024983,3372364.7555900486,1791678.7660266745,5,"E13,E29,E34,G11,G25",44.78317965573982,61.77372335642576,19.11143902248624,32.30091263985072,32.13131068887657,34.849452742474426,-763.47482844349,911.1079507097654,2026-03-22 06:56:53
2026-03-22 06:56:55.431996+00:00,4437186.9949093405,3087483.408439962,3372496.975338115,1792968.2771601095,5,"E13,E29,G11,G19,G25",15.433340681821782,24.996123287826777,15.630198197527589,31.610083880281287,32.132413850963715,34.830968141040664,-709.6258708909154,874.5378157741321,2026-03-22 06:56:55
2026-03-22 06:56:57.431996+00:00,4436212.970981827,3088140.2478265427,3372809.0065729204,1792607.2040829665,5,"E13,E27,G12,G24,G29",61.88348977282048,75.75725943595171,24.367753513791005,47.09651643189483,32.13683225149271,34.84258029575585,-902.9073555003852,607.7672421714036,2026-03-22 06:56:57
2026-03-22 06:56:59.431996+00:00,4437833.570759018,3089238.723898452,3368897.989246682,1790122.6055275798,5,"E19,E27,G12,G25,G32",44.28211070178123,69.21569287031889,11.299128378092899,37.250864064776934,32.0975673623148,34.84232237986202,-1324.1534122200683,2186.8384625142285,2026-03-22 06:56:59
2026-03-22 06:57:01.431996+00:00,4436195.988488191,3088232.09554072,3372754.025254583,1792560.1378391252,5,"E13,E27,G12,G24,G29",60.60814492537968,74.07989352941513,24.390288310849517,47.10121399186667,32.13622744659885,34.8434821859366,-899.5211520344019,2154.297451522631,2026-03-22 06:57:01
2026-03-22 06:57:03.431996+00:00,4436173.731375246,3088292.0829942143,3372714.0743946205,1792541.2302214487,5,"E13,E27,G12,G24,G29",70.60477907488094,86.2314989194274,24.401457529190793,47.10356471879398,32.13584553083115,34.8441388412195,-907.2180611519143,37.71586160055386,2026-03-22 06:57:03
2026-03-22 06:57:05.431997+00:00,4436175.604744385,3088328.1957394574,3372702.9919488844,1792519.1462562892,5,"E13,E27,G12,G24,G29",61.62692196156076,75.20730957016349,24.412750654557446,47.10589780444032,32.13565452424441,34.844441656165515,-894.3394035473466,18.910704997153996,2026-03-22 06:57:05
2026-03-22 06:57:07.431997+00:00,4435878.576185059,3088447.6464927057,3372610.452201339,1792276.218452774,5,"E13,E27,G11,G24,G29",123.52136565552439,205.97456480935216,24.422293012969373,45.3733164564517,32.135789825579415,34.84727977914699,-1092.1910200119019,166.62686786857336,2026-03-22 06:57:07
2026-03-22 06:57:09.431997+00:00,4440295.733215734,3091082.942656127,3375565.39950183,1795139.2713299077,5,"E21,E29,G11,G19,G25",26.66514492137088,44.39537054300308,15.539355451062516,33.06237419869708,32.13374404713696,34.84345466516909,4824.391178657301,2965.964246719236,2026-03-22 06:57:09
2026-03-22 06:57:11.431997+00:00,4437014.729472713,3088376.070191697,3372821.0469673583,1792928.6575249627,5,"E07,E27,E30,G12,G25",95.36196391577074,137.51309420913458,13.176971804356938,37.97227722438512,32.13312113684617,34.83977680006049,-225.1953915581107,2530.9886869497377,2026-03-22 06:57:11
2026-03-22 06:57:13.431997+00:00,4437378.988023583,3088052.3687026394,3371688.695481743,1792172.8964954745,5,"E15,E21,E30,G06,G12",52.83327095396095,97.25264417380095,26.27529492650372,39.26291474457189,32.12392566618356,34.83475561743473,-730.8088742317632,616.377894005607,2026-03-22 06:57:13
2026-03-22 06:57:15.431997+00:00,4437339.184750522,3088610.5280131465,3372913.790700476,1793032.2154444926,5,"E13,E27,E30,G25,G32",15.87428466521289,33.85549421608448,11.334340468928156,31.119891108460035,32.13190963442075,34.839851789093615,163.06394712720066,673.4211927565318,2026-03-22 06:57:15
2026-03-22 06:57:17.431997+00:00,4436106.568511102,3088603.207621872,3372560.5551093942,1792384.8341635948,5,"E13,E27,G12,G24,G29",65.18665827270718,79.17728063836694,24.480096622769288,47.119939893991884,32.13408462941193,34.847252143992,-885.0205090306699,641.1263067086198,2026-03-22 06:57:17
2026-03-22 06:57:19.431997+00:00,4436903.17138619,3087890.819763939,3372613.2852191688,1792570.9576367934,5,"E07,E21,E29,E34,G11",34.317679103897376,63.67355792969465,13.135882151700553,30.303982052117114,32.133303382811036,34.83623094503395,-647.9785070447251,534.9890338139694,2026-03-22 06:57:19
2026-03-22 06:57:21.431997+00:00,4436876.271189636,3087924.6498702937,3372584.1835663025,1792536.3936719766,5,"E07,E21,E29,E34,G11",34.85899735406917,64.71967014297843,13.125505475509302,30.301696119624637,32.13309433545076,34.836688127870225,-665.7897685440257,26.052844711153213,2026-03-22 06:57:21
2026-03-22 06:57:23.431997+00:00,4436083.685274733,3087981.005025409,3372385.0943022044,1791859.4965870245,5,"E07,E15,E21,E29,G24",160.64739159244675,325.1428187787533,13.113956955399534,38.07377694400623,32.13454011347616,34.84197786734272,-1295.2887034025043,409.57443495928356,2026-03-22 06:57:23
2026-03-22 06:57:25.431997+00:00,4435994.672911596,3087805.479582115,3371967.070389637,1791676.6327803107,5,"E15,E21,E29,G11,G24",135.06651721294472,216.7507373802364,34.24869592348945,45.6050606992052,32.13217871447468,34.84098982168143,-1664.4141386244446,231.01751747070034,2026-03-22 06:57:25
2026-03-22 06:57:27.431997+00:00,4436076.750620753,3088076.7849641386,3372356.2948619756,1791831.2553008788,5,"E07,E15,E21,E29,G24",155.48567039330624,314.83106314763427,13.09313090376544,38.06425659660373,32.13408491283982,34.842853152355225,-1269.088799169287,240.74833879117108,2026-03-22 06:57:27
2026-03-22 06:57:29.431997+00:00,4435888.507628589,3087852.5537598296,3371878.656325152,1791566.9294777801,5,"E15,E21,E29,G11,G24",136.11450876766722,218.43752412125468,34.26083573668923,45.602929261520124,32.13179235545961,34.84204236323662,-1762.4515758473426,280.11320432257514,2026-03-22 06:57:29
2026-03-22 06:57:31.431997+00:00,4435877.586836119,3087901.583670331,3371863.853649688,1791550.04346422,5,"E15,E21,E29,G11,G24",137.52305220191678,220.70016572624445,34.26682235986107,45.60176821358384,32.13158789001132,34.842535086232076,-1754.1936221504584,26.183558929490577,2026-03-22 06:57:31
2026-03-22 06:57:33.431996+00:00,4438868.798764967,3091264.5614487985,3374616.23459919,1793739.826890827,5,"E15,E21,E29,G24,G29",10.520713262952832,18.046903431415558,24.558349187423495,40.34225369369789,32.131616126788344,34.85366897672184,3415.774784577079,2637.8304089497396,2026-03-22 06:57:33
2026-03-22 06:57:35.431996+00:00,4436744.918943707,3088227.527854024,3372442.9408964105,1792364.5116921857,5,"E07,E21,E29,E34,G11",38.10526892087351,71.06353240460157,13.052592628895187,30.285425672337443,32.131702770543676,34.84011832156593,-685.6892068898305,2148.118017561355,2026-03-22 06:57:35
2026-03-22 06:57:37.431996+00:00,4441816.766381895,3092110.236066388,3373644.643005478,1796489.8304320711,5,"E15,E29,G12,G24,G29",7.949373986173864,14.33361092582345,24.597791950571605,45.38489379110879,32.11029270873901,34.843180419184144,5357.398210880347,3249.7364299875735,2026-03-22 06:57:37
2026-03-22 06:57:39.431996+00:00,4437378.947225329,3089237.2423838973,3372206.181968242,1792744.0233132897,5,"E15,E29,G06,G12,G32",104.1123026765624,214.5483698695898,11.349687335914762,36.30479055510555,32.124632066099956,34.8450618971561,117.60531041305512,2739.411511696804,2026-03-22 06:57:39
2026-03-22 06:57:41.431996+00:00,4437355.053411846,3089267.8626373624,3372178.5002154303,1792719.3056880326,5,"E15,E29,G06,G12,G32",107.31853036794013,221.16896700114012,11.35123133220552,36.304111150292925,32.124430794500434,34.84547286791445,101.09459452982992,23.84739861982078,2026-03-22 06:57:41
2026-03-22 06:57:43.431996+00:00,4436220.034180358,3088624.542510487,3371806.8223664947,1791760.2640327548,5,"E15,E21,E29,G12,G25",121.4510357783671,198.22595442086458,30.664130959928702,40.65367371889097,32.12782242388603,34.84675053210844,-1196.7181065063924,678.283470401544,2026-03-22 06:57:43
2026-03-22 06:57:45.431996+00:00,4434411.396065,3087687.627993745,3371234.2543872627,1790331.9788323983,5,"E15,E21,E29,E34,G12",123.15798279545015,187.8020209632814,18.969683531356562,38.319890250138954,32.133138371967114,34.8495553128669,-3211.5564662488177,1057.9242334459263,2026-03-22 06:57:45
2026-03-22 06:57:47.431996+00:00,4441424.888824913,3092978.2304863166,3373513.1151052746,1796357.0886115113,5,"E07,E15,E27,G11,G24",438.3054328914765,621.5653337650001,12.999155806889048,46.57431823156115,32.1084537372663,34.853092031502754,5435.18618231453,4537.9720580851545,2026-03-22 06:57:47
2026-03-22 06:57:49.431996+00:00,4439957.918613071,3093241.5726314834,3372845.1751003074,1795344.2138989645,5,"E07,E27,E30,G11,G24",51.047036831275015,91.58439541980624,12.989599369536736,42.894727631810966,32.108400041838166,34.86425677133377,4188.029433573596,816.6233125022567,2026-03-22 06:57:49
2026-03-22 06:57:51.431996+00:00,4435853.342801887,3088564.4202754726,3372123.989623929,1791564.3060117625,5,"E07,E15,E21,E29,G24",161.53188156851198,327.9112516529858,12.968145209790611,38.007105765383606,32.13185347177426,34.8484484649194,-1311.972926418297,3132.227851004544,2026-03-22 06:57:51
2026-03-22 06:57:53.431996+00:00,4435735.266735473,3088365.5463098446,3371682.5430407003,1791354.9048654814,5,"E15,E21,E29,G11,G24",138.2919017407845,221.94955911114812,34.21383165902595,45.58885826983393,32.12949146487805,34.84743357121888,-1725.0488830814138,249.1826125096953,2026-03-22 06:57:53
2026-03-22 06:57:55.431996+00:00,4437246.721020487,3089549.6796921478,3372067.547443274,1792564.8504224126,5,"E15,E29,G06,G12,G32",104.05018957804239,214.52309358865023,11.36162092990849,36.29911857481942,32.1232375833878,34.84857967630684,103.17419322114438,979.1443091769378,2026-03-22 06:57:55
2026-03-22 06:57:57.431996+00:00,4436696.791644977,3089374.4350450975,3372339.5084952465,1792382.3276561687,5,"E13,E27,E30,G12,G25",95.42874126440627,137.62121788039804,26.154231363078804,40.824901491798386,32.12795913617379,34.85038574452606,-219.2104653120041,319.0203042747958,2026-03-22 06:57:57
2026-03-22 06:57:59.431996+00:00,4435678.914349819,3088484.769774112,3371622.7742195805,1791267.2169591512,5,"E15,E21,E29,G11,G24",137.54079879989405,220.74559184908867,34.18582365964412,45.58531981175794,32.12892993419967,34.8488120975596,-1738.3083863696083,765.0631516927523,2026-03-22 06:57:59
2026-03-22 06:58:01.431996+00:00,4452706.941736015,3097833.8849394745,3383778.4245814322,1805571.520601994,5,"E15,E21,E29,G11,G25",326.32137596885474,724.1183474808931,30.727273323042077,38.9253436196533,32.12911725409611,34.82707851081991,21084.938040379435,11457.74308884433,2026-03-22 06:58:01
2026-03-22 06:58:03.431996+00:00,4432542.045344155,3087379.803407388,3371638.892832876,1789478.2044753493,5,"E07,E15,E27,G06,G29",3.941559250222184,8.441506706178188,12.896839811361524,34.9172233784473,32.1444381314056,34.858205944472665,-4444.2032169774175,12877.102723906264,2026-03-22 06:58:03
2026-03-22 06:58:05.431997+00:00,4441797.242200704,3092065.393469652,3375748.5440321392,1796247.4399060546,5,"E15,E21,E29,G24,G29",90.12732874019522,154.18750727176666,24.746168848803997,40.336148926686164,32.12654653382325,34.84290888811538,6440.7108667632565,5579.035121822291,2026-03-22 06:58:05
2026-03-22 06:58:07.431997+00:00,4439507.954575368,3092133.947136396,3374730.7560846475,1794132.22842602,5,"E21,E29,E34,G11,G29",20.321895932530975,32.759722743183374,18.89202846910594,32.61296851981295,32.12759466106216,34.857356129895685,4341.609106726013,1253.1390328691023,2026-03-22 06:58:07
2026-03-22 06:58:09.431997+00:00,4441778.122589489,3092156.836802479,3375711.635102924,1796199.0298364456,5,"E15,E21,E29,G24,G29",88.78433796562662,151.8410283923149,24.768536256827048,40.335234824247536,32.12608982147122,34.843819051507005,6452.039055752568,1236.5587731328792,2026-03-22 06:58:09
2026-03-22 06:58:11.431997+00:00,4435574.64341424,3088742.901543238,3371501.108709977,1791084.2127479676,5,"E15,E21,E29,G11,G24",134.12689308608523,215.26588467136025,34.12970542104779,45.57819887100245,32.12770340023628,34.851689267387634,-1750.5616520280018,4119.060582758495,2026-03-22 06:58:11
2026-03-22 06:58:13.431997+00:00,4435536.243721972,3088775.8116878895,3371466.160908988,1791032.6796342689,5,"E15,E21,E29,G11,G24",137.08176094327143,220.00778336450458,34.12036668398195,45.57705114702195,32.127497377005376,34.852208167159624,-1779.9067511605099,30.736634417288744,2026-03-22 06:58:13
2026-03-22 06:58:15.431997+00:00,4435544.406335962,3088831.4602960027,3371461.6330116848,1791021.973469498,5,"E15,E21,E29,G11,G24",137.4066105699413,220.52836671844125,34.110994456722075,45.57580368010596,32.12727809886001,34.852642805143425,-1749.7105690278113,28.213018741666282,2026-03-22 06:58:15
2026-03-22 06:58:17.431997+00:00,4435478.461654596,3088858.1832762132,3371408.0699914587,1790946.1460819498,5,"E15,E21,E29,G11,G24",135.9200582691324,218.14190081506968,34.10162730248488,45.57471570617118,32.12705525901668,34.85327474732229,-1811.091349631548,44.53037111773597,2026-03-22 06:58:17
2026-03-22 06:58:19.431997+00:00,4435487.875009081,3088915.769412192,3371406.1606091578,1790933.1498064878,5,"E15,E21,E29,G11,G24",139.36868435546526,223.67564137279987,34.09223348574646,45.573454841972364,32.126845746482246,34.85371865500242,-1777.6948980158195,29.190837776633547,2026-03-22 06:58:19
2026-03-22 06:58:21.431997+00:00,4452503.377042401,3098239.0434287926,3383486.4375872947,1805200.4498634166,5,"E15,E21,E29,G11,G25",318.8629809705807,707.0458469688892,30.828453124455798,38.96672504624515,32.12658732509226,34.83181947393331,20984.112347492017,11427.858938828169,2026-03-22 06:58:21
2026-03-22 06:58:23.431997+00:00,4432416.648753372,3087525.4393169065,3369315.102663026,1788312.2877399868,5,"E15,E21,E29,G11,G32",63.4749841026765,124.75012570992112,11.39457663031968,35.121173398514784,32.126772982178295,34.86023370298414,-5696.929076422006,13407.877348403059,2026-03-22 06:58:23
2026-03-22 06:58:25.431997+00:00,4432617.812725301,3088990.465556292,3372342.3950848575,1790454.8228809268,6,"E15,E27,E30,G06,G12,G25",4.8378636786560065,7.117363080382347,26.098048114441305,42.25728753093711,32.1450941484796,34.87176274690141,-3237.6753424620256,1684.5821613212383,2026-03-22 06:58:25
2026-03-22 06:58:27.431997+00:00,4434592.617884807,3091793.3050005035,3371518.15918247,1791263.7663032704,5,"E07,E15,E27,G06,G12",178.7407677619034,292.3003517091274,12.781704275718443,41.85861574345215,32.12333372531991,34.88416799939649,-946.9887352604419,1763.1739272421976,2026-03-22 06:58:27
2026-03-22 06:58:29.431997+00:00,4435871.789361911,3090093.91529509,3372050.994617045,1791704.6370064374,5,"E15,E27,G12,G24,G29",67.95559838175134,104.4618467129767,24.8835882418717,50.654640196776306,32.127030384175185,34.86163992754349,-597.7364252991974,1096.371132308717,2026-03-22 06:58:29
2026-03-22 06:58:31.431997+00:00,4409703.63112385,3064208.515150378,3347933.1302462486,1771635.5342434442,5,"E21,E29,E34,G11,G25",797.4739422507545,1349.8718235231936,18.87146212622946,33.940929639884715,32.11668264240145,34.79460853342406,-44134.587307847105,22002.82838655167,2026-03-22 06:58:31
2026-03-22 06:58:33.431996+00:00,4432550.180697551,3089158.158208272,3372276.184116305,1790334.9148987813,5,"E15,E27,E30,G06,G25",4.299122182691651,7.8597918301820755,26.074952300069942,38.78708181665866,32.14439442519189,34.87363183027217,-3238.7032510517165,20838.879077912523,2026-03-22 06:58:33
2026-03-22 06:58:35.431996+00:00,4441354.504369367,3093351.599873551,3373105.1120779403,1795690.056925506,5,"E15,E29,G12,G24,G29",0.6666358849948288,1.1923366747796535,24.921542328055644,45.36643503354411,32.10459443124387,34.85676130561964,5350.156994626857,4893.572056376069,2026-03-22 06:58:35
2026-03-22 06:58:37.431996+00:00,4435721.961484793,3097866.915097982,3379702.9348252923,1801098.7061051605,5,"E15,E27,E30,G06,G24",423.73831826447116,731.3208084069192,26.099049922586314,45.3247041376752,32.16469002112876,34.93008967415558,7134.747484717518,4889.909915530728,2026-03-22 06:58:37
2026-03-22 06:58:39.431996+00:00,4432278.463112044,3088205.970908281,3371296.545681754,1788942.2145284812,5,"E07,E15,E27,G06,G29",3.011635856259092,6.4530214704573154,12.710237017838313,34.912053646982386,32.140593263166366,34.86699409080672,-4409.604285736568,6630.590134223355,2026-03-22 06:58:39
2026-03-22 06:58:41.431996+00:00,4440683.073947592,3092444.9247792554,3374115.129286344,1794725.9544496026,5,"E07,E15,E21,E29,G24",526.5184990345547,1068.3884436227381,12.706690742323712,37.88285849280801,32.11742406667245,34.852946834949314,4981.458847212605,4913.008924104371,2026-03-22 06:58:41
2026-03-22 06:58:43.431996+00:00,4440661.034033319,3092489.4767074175,3374095.1381183513,1794696.1603730496,5,"E07,E15,E21,E29,G24",526.8144349822334,1068.9160080775619,12.696320498575856,37.87806424809331,32.117236168396616,34.853467294458326,4977.075923853554,26.787492052392373,2026-03-22 06:58:43
2026-03-22 06:58:45.431996+00:00,4441535.928404944,3092983.687504167,3375391.2593961693,1795700.6532344543,5,"E15,E21,E29,G24,G29",79.77438144721658,136.0441072396934,24.969194929600448,40.32657501753581,32.12233431562188,34.852467684864344,6513.476285981946,820.0022621824994,2026-03-22 06:58:45
2026-03-22 06:58:47.431996+00:00,4435985.244254051,3090066.2735302895,3371327.3649469395,1791048.40783686,5,"E15,E21,E29,E34,G12",128.72766246325963,197.1972745321691,18.783883857699255,38.329434146125536,32.12113240848997,34.860712246654785,-917.0692615201697,3736.195823710096,2026-03-22 06:58:47
2026-03-22 06:58:49.431996+00:00,4436190.834860884,3090392.1555296527,3371354.41467061,1791266.5236310654,5,"E15,E29,E34,G12,G25",27.445007966352748,45.183531265705824,18.77729955486513,37.62876304976152,32.119636799797874,34.86230069750596,-602.0537733128294,193.13095471564367,2026-03-22 06:58:49
2026-03-22 06:58:51.431996+00:00,4436184.703059447,3090433.455888293,3371345.710620933,1791249.4541300728,5,"E15,E29,E34,G12,G25",25.473183238846367,41.944205939769745,18.771580468751413,37.63004942683746,32.119481236448486,34.86269697159331,-590.9485464142635,21.325331729341528,2026-03-22 06:58:51
2026-03-22 06:58:53.431996+00:00,4436162.222395296,3090481.195204759,3371322.0570124905,1791214.1728328702,5,"E15,E29,E34,G12,G25",24.423177980384505,40.22167020663619,18.765939019909435,37.6313314438186,32.1192581566943,34.863248269544364,-596.035577009432,28.91330052780726,2026-03-22 06:58:53
2026-03-22 06:58:55.431996+00:00,4436158.34769516,3090533.5122975404,3371301.676824837,1791194.44342919,5,"E15,E29,E34,G12,G25",24.599866674459975,40.51935410127044,18.760167299050323,37.632560118552604,32.11897432539789,34.863726659910206,-584.2355561386794,28.140022863521867,2026-03-22 06:58:55
2026-03-22 06:58:57.431996+00:00,4435642.855169435,3090244.235228356,3371128.586263184,1790733.6928713494,5,"E15,E21,E29,G12,G25",119.98149996619935,196.20821457356215,31.039022723058697,40.78865881845921,32.12047342505273,34.864334101492865,-1174.5431018033996,307.9667633720138,2026-03-22 06:58:57
2026-03-22 06:58:59.431996+00:00,4436112.321890557,3090616.6579035176,3371246.754597396,1791120.4652527396,5,"E15,E29,E34,G12,G25",27.994457319759764,46.12563930079341,18.748810648855695,37.63513013428364,32.118507979971426,34.86472845345868,-605.1665567457676,305.39376484556794,2026-03-22 06:58:59
2026-03-22 06:59:01.431996+00:00,4436105.702592188,3090669.0035191104,3371234.5934013166,1791099.7859615877,5,"E15,E29,E34,G12,G25",28.049062257343326,46.223139964044094,18.743091747389695,37.63637615815158,32.118297645292,34.86522370798855,-590.8888338170946,27.072925926003578,2026-03-22 06:59:01
2026-03-22 06:59:03.431996+00:00,4436074.262647306,3090703.900211331,3371210.460052186,1791058.5598387474,5,"E15,E29,E34,G12,G25",27.781976107890987,45.79031768813729,18.737474772394403,37.6376995828269,32.118141340578354,34.865717602733326,-608.6724195247516,26.403919227871107,2026-03-22 06:59:03
2026-03-22 06:59:05.431997+00:00,4436054.938961858,3090754.537772687,3371195.441921138,1791025.2783671175,5,"E15,E29,E34,G12,G25",29.122828676711794,48.00792616605759,18.731837236506323,37.638972462674886,32.11796384409543,34.86627496415382,-605.5682868203148,28.12075984235873,2026-03-22 06:59:05
2026-03-22 06:59:07.431997+00:00,4436003.243668881,3090239.1354496586,3371590.4977372363,1791095.090373715,5,"E07,E21,E29,E34,G11",33.791309852701204,63.78812104463577,12.575150704516073,30.17604720549616,32.12259767469735,34.86210644601072,-680.9662128649652,325.72267948828335,2026-03-22 06:59:07
2026-03-22 06:59:09.431997+00:00,4441352.643479915,3093529.10335029,3375177.08172975,1795360.7005559502,5,"E15,E21,E29,G24,G29",75.19929567914946,128.0050382874906,25.102721711177587,40.32055281139055,32.11992752281107,34.85831444740399,6536.209883314557,3616.059729209182,2026-03-22 06:59:09
2026-03-22 06:59:11.431997+00:00,4435961.099099469,3090324.8842781587,3371570.775891686,1791031.1719961346,5,"E07,E21,E29,E34,G11",32.590075607418214,61.535269036889076,12.554276931713357,30.171174985124832,32.12237781111419,34.863107421999516,-679.2283691419289,3617.361347245597,2026-03-22 06:59:11
2026-03-22 06:59:13.431997+00:00,4435934.569107678,3090366.912481823,3371559.109811683,1790995.7727376728,5,"E07,E21,E29,E34,G11",32.83225178035863,61.99992346018553,12.54383895284726,30.168743534343445,32.12227788330198,34.86363361272313,-683.5210033906624,25.526005319781895,2026-03-22 06:59:13
2026-03-22 06:59:15.431997+00:00,4434956.955269984,3090149.842006364,3370900.7466195854,1790066.846255186,5,"E15,E21,E29,G11,G24",135.2997640770436,217.06636818125844,33.82886294011632,45.53858324402019,32.12169079664242,34.86766916601338,-1818.0173953697085,599.2266890909508,2026-03-22 06:59:15
2026-03-22 06:59:17.431997+00:00,4432155.852766454,3090132.3621295854,3371897.4127619336,1789687.651502205,5,"E15,E27,G06,G12,G25",7.039371659812059,10.220560677349567,31.147419913691532,45.55682306771392,32.140379370864956,34.88449827039015,-3242.4203121885657,1486.5920910488585,2026-03-22 06:59:17
2026-03-22 06:59:19.431997+00:00,4435369.899450985,3091187.1094462024,3371604.6892292574,1790920.774886966,5,"E15,E27,G12,G24,G29",67.93176010177154,105.03559035435319,25.161350554035906,50.678973368955084,32.122599094719895,34.87418670109135,-654.5278382990509,1697.6656810776403,2026-03-22 06:59:19
2026-03-22 06:59:21.431997+00:00,4431912.161066623,3088856.189084559,3368909.9401366366,1787475.9229069613,5,"E15,E21,E29,G11,G32",53.137662928865545,104.72794954106212,11.432458638492148,35.187855327720904,32.12201111587759,34.874873382309644,-5618.636548224837,2482.4794631169398,2026-03-22 06:59:21
2026-03-22 06:59:23.431997+00:00,4441194.938698781,3093853.31103956,3375113.0243911715,1795125.296654613,5,"E15,E21,E29,G24,G29",69.90991018650745,118.87602604925632,25.17988641333244,40.31658705094084,32.1191709974613,34.862084742149456,6549.499452132732,6115.95132972153,2026-03-22 06:59:23
2026-03-22 06:59:25.431997+00:00,4431687.373084932,3087949.712819621,3369788.5828571795,1786670.3235008023,5,"E15,E27,E30,G06,G25",39.500080003262646,72.35441033914685,25.911940452813045,38.79043253448789,32.13210037567464,34.86834820200545,-5746.465213248506,6196.691728112122,2026-03-22 06:59:25
2026-03-22 06:59:27.431997+00:00,4441169.4075410385,3093939.2509256373,3375093.722992163,1795063.6545090126,5,"E15,E21,E29,G24,G29",69.29742201657562,117.79918102174997,25.202084363863037,40.315507207338214,32.11888877749897,34.86298568157701,6563.100038533099,6203.3873005406085,2026-03-22 06:59:27
2026-03-22 06:59:29.431997+00:00,4441159.848245518,3093987.348463651,3375078.415026734,1795035.2071623914,5,"E15,E21,E29,G24,G29",67.77809801078685,115.19921341910958,25.21319804338465,40.31498296517145,32.11867786137532,34.86346128311487,6571.603592800908,25.686022947201323,2026-03-22 06:59:29
2026-03-22 06:59:31.431997+00:00,4441152.155582772,3094032.0170006175,3375066.2895316943,1795007.3364675778,5,"E15,E21,E29,G24,G29",68.59751374438237,116.57448934391141,25.22432597313528,40.3144571987408,32.11849327852407,34.863895803485576,6581.436641383916,23.459981270440654,2026-03-22 06:59:31
2026-03-22 06:59:33.431996+00:00,4436865.623423835,3093222.7340105153,3372764.6776840985,1791181.0948596024,5,"E07,E21,E29,G11,G15",3.9513367604403036,7.190100215375423,1.6440950395601484,26.736370860289774,32.119993590344635,34.88281840449362,1987.325522493571,2466.107171808941,2026-03-22 06:59:33
2026-03-22 06:59:35.431996+00:00,4462303.312531469,3104907.5517790443,3389399.14296916,1812744.2371341218,5,"E15,E21,E29,G11,G24",400.44171647064746,642.0486432462931,33.7054718806238,45.46565497404479,32.11496267701493,34.83051574037454,34166.54257776495,16281.250172670196,2026-03-22 06:59:35
2026-03-22 06:59:37.431996+00:00,4441094.992856883,3094160.9469718793,3375013.214950014,1794886.4113454472,5,"E15,E21,E29,G24,G29",65.7199911908941,111.63453411310911,25.257638997834025,40.3128762870495,32.11795996365763,34.86536151433592,6575.916206439957,13894.578648459083,2026-03-22 06:59:37
2026-03-22 06:59:39.431996+00:00,4434704.972872774,3090656.518721593,3370715.7571605262,1789612.865852472,5,"E15,E21,E29,G11,G24",138.33188975597548,221.86439268290997,33.71554480247637,45.522923227576754,32.11987968913472,34.873602528344364,-1846.131138571538,4230.293022095197,2026-03-22 06:59:39
2026-03-22 06:59:41.431996+00:00,4434677.632665909,3090690.753078308,3370691.076255096,1789565.5102902926,5,"E15,E21,E29,G11,G24",137.8541196107224,221.09172585234046,33.70615832962069,45.52163154695485,32.11970482646939,34.87406593113161,-1861.6726493639871,25.14271854814408,2026-03-22 06:59:41
2026-03-22 06:59:43.431996+00:00,4434665.593340377,3090733.36855355,3370678.4876693785,1789530.7650170305,5,"E15,E21,E29,G11,G24",136.61645199543264,219.10023653507233,33.696742714102925,45.52029802903784,32.11953915607919,34.87450948304249,-1856.094193845056,23.018995306748078,2026-03-22 06:59:43
2026-03-22 06:59:45.431996+00:00,4434649.987228972,3090773.5490311123,3370663.0877300077,1789490.8238424396,5,"E15,E21,E29,G11,G24",136.96506954216338,219.6526895277202,33.687335631729795,45.518970896225966,32.1193727179076,34.874953475279526,-1855.6676841089502,22.886566053922273,2026-03-22 06:59:45
2026-03-22 06:59:47.431996+00:00,4434628.069033686,3090815.9010887123,3370642.360381963,1789446.4179124439,5,"E15,E21,E29,G11,G24",137.60166805467506,220.6668226905167,33.67790361239398,45.517662528760596,32.1191844578026,34.87545460582893,-1861.407515249215,25.998687584636155,2026-03-22 06:59:47
2026-03-22 06:59:49.431996+00:00,4434593.110085805,3090846.923196696,3370614.742626392,1789393.0869978908,5,"E15,E21,E29,G11,G24",138.5921518568264,222.24829332530499,33.66850376318616,45.51636988382572,32.11902593541555,34.875936250202734,-1885.3584103370085,27.144242683868097,2026-03-22 06:59:49
2026-03-22 06:59:51.431996+00:00,4434591.377288716,3090900.6720973253,3370611.7294496032,1789368.5829175129,5,"E15,E21,E29,G11,G24",136.9239818141964,219.56612656638026,33.65902088332801,45.51499835823155,32.11886232950797,34.87641414199522,-1862.134503427893,26.930587344826808,2026-03-22 06:59:51
2026-03-22 06:59:53.431996+00:00,4434563.469219481,3090946.0720158014,3370592.924933498,1789320.3822996255,5,"E15,E21,E29,G11,G24",137.1841693510813,219.97622832283378,33.64951917451908,45.51367763537951,32.11870396266917,34.87697807639546,-1869.5366240311414,28.256073471198622,2026-03-22 06:59:53
2026-03-22 06:59:55.431996+00:00,4434580.346112909,3091003.72819923,3370604.8665180895,1789316.0812616402,5,"E15,E21,E29,G11,G24",136.23526230607186,218.44729881733656,33.64004008134934,45.512248227048374,32.11857067275162,34.87737714197995,-1823.538207674399,30.625424331343062,2026-03-22 06:59:55
2026-03-22 06:59:57.431996+00:00,4434524.3313899115,3091034.6893161647,3370570.2081063907,1789249.0439169821,5,"E15,E21,E29,G11,G24",135.51973387032513,217.2927681952715,33.6305473670315,45.51097215071781,32.11844136242763,34.87798587522893,-1865.8903449997306,36.391776048297295,2026-03-22 06:59:57
2026-03-22 06:59:59.431996+00:00,4434496.225417035,3091080.2667574724,3370566.6039472856,1789210.225273817,5,"E15,E21,E29,G11,G24",135.70700659143455,217.58564032241702,33.620958702425796,45.50958811818783,32.118399411873355,34.87855254966391,-1865.261058513075,26.83392829219691,2026-03-22 06:59:59
2026-03-22 07:00:01.431996+00:00,4435464.458368399,3091404.049830351,3371243.437206104,1790106.6005913774,5,"E07,E21,E29,E34,G11",33.59129733395719,63.60277923196554,12.29473617615255,30.109802444710635,32.11887283824984,34.87549988524249,-675.8495972976089,612.456893714443,2026-03-22 07:00:01
2026-03-22 07:00:03.431996+00:00,4434428.478638179,3091162.4433905464,3370552.0714531858,1789127.5787147009,5,"E15,E21,E29,G11,G24",135.17087188790876,216.7109221369028,33.60180705161875,45.50683422408294,32.11832955297622,34.87967774458149,-1880.258055058308,634.3528744892246,2026-03-22 07:00:03
2026-03-22 07:00:05.431997+00:00,4434408.238259006,3091207.872148114,3370560.925199258,1789100.596934537,5,"E15,E21,E29,G11,G24",136.333527858132,218.56709422916174,33.5921965029358,45.505396786803566,32.11835223561856,34.880195448749745,-1867.6109618945047,25.257826662461948,2026-03-22 07:00:05
2026-03-22 07:00:07.431997+00:00,4435305.111038188,3091464.520735065,3371272.0663993675,1789943.0345261297,5,"E07,E29,E34,G11,G24",28.895182284607955,41.29559160023928,12.26265353968988,35.71648750356722,32.11955258686907,34.8769912491715,-742.0608980869874,586.5089696063886,2026-03-22 07:00:07
2026-03-22 07:00:09.431997+00:00,4435350.4333561435,3091572.170634754,3371258.375650823,1789970.4275398264,5,"E07,E21,E29,E34,G11",31.28444658580357,59.25980934128165,12.252573699498344,30.099764032451493,32.118974533439854,34.877652516992086,-665.7146131023765,58.80061650098364,2026-03-22 07:00:09
2026-03-22 07:00:11.431997+00:00,4435317.618483391,3091611.31362792,3371267.011472447,1789934.4974738562,5,"E07,E21,E29,E34,G11",30.96816830357192,58.66683014854789,12.241976095850738,30.09724498122257,32.11906225610856,34.87819168388092,-664.9659522734582,25.901579116467353,2026-03-22 07:00:11
2026-03-22 07:00:13.431997+00:00,4434272.104988846,3091359.1233831225,3370592.662005416,1788951.9866681888,5,"E15,E21,E29,G11,G24",136.01493047037033,218.0239566899836,33.553631675916264,45.49961816115825,32.118715463249444,34.88233580128698,-1872.062060534954,634.713634352276,2026-03-22 07:00:13
2026-03-22 07:00:15.431997+00:00,4435820.284770554,3090258.5449715233,3369236.1980411117,1787430.1139433854,5,"E15,E27,E30,G06,G25",52.369928567222246,96.09788823127747,25.739699612420257,38.77359532104418,32.105277804607894,34.86338360561541,-2050.2780334874988,1167.0612626404638,2026-03-22 07:00:15
2026-03-22 07:00:17.431997+00:00,4441095.741648999,3094447.289444036,3377483.9473479376,1794459.9362848746,5,"E15,E21,E29,G24,G29",125.64557315550567,212.82514576613903,25.469767099563725,40.292992277988276,32.136020477102534,34.8678438919058,8028.992734320462,5324.504534709906,2026-03-22 07:00:17
2026-03-22 07:00:19.431997+00:00,4441291.505095591,3094881.983292969,3375243.164416344,1794792.2600618612,5,"E15,E21,E29,G11,G24",408.9830829425285,655.4363688081503,33.52019230700357,45.480263091922716,32.11696801690753,34.87043429734411,7183.8505871053785,1145.4682684216396,2026-03-22 07:00:19
2026-03-22 07:00:21.431997+00:00,4435145.504247094,3091779.0057828715,3371333.6552597745,1789753.7036703266,5,"E07,E21,E29,E34,G11",32.97361552556749,62.498269103467464,12.188755078396044,30.084604738110478,32.119788544099194,34.88069263483465,-667.8989578615874,3958.726364097402,2026-03-22 07:00:21
2026-03-22 07:00:23.431997+00:00,4437504.583839622,3094726.4011352467,3373153.2789661954,1791221.8948561565,5,"E07,E21,E29,E34,G11",185.09689860883464,350.80898274481297,12.172165153456472,30.074544748786064,32.11632668017151,34.89201180237332,3366.2603537449613,2095.4370856731534,2026-03-22 07:00:23
2026-03-22 07:00:25.431997+00:00,4437471.004286827,3094755.2599886907,3373169.1421670304,1791187.7996804502,5,"E07,E21,E29,E34,G11",184.65418726747646,350.0054153352976,12.16150540667629,30.07200850999982,32.11650065541162,34.892465922767485,3365.3478566752747,23.51627589986114,2026-03-22 07:00:25
2026-03-22 07:00:27.431997+00:00,4441151.937662405,3094997.2239228575,3375307.9653456314,1794645.1972463618,5,"E15,E21,E29,G11,G24",406.2135150998332,650.8909399211407,33.48162502645897,45.474263761849976,32.11769524379528,34.872279616598206,7177.123735859059,2132.040199562681,2026-03-22 07:00:27
2026-03-22 07:00:29.431997+00:00,4440485.4539950555,3095191.774043445,3375069.1430938,1793997.990060621,5,"E15,E21,E29,G24,G29",51.998374579226834,87.9966975338757,25.543074091983545,40.29662310310272,32.11795908360791,34.878002826967005,6681.266339969821,367.1124814800889,2026-03-22 07:00:29
2026-03-22 07:00:31.431997+00:00,4440448.746841439,3095219.486722139,3375097.6834706017,1793958.830604315,5,"E15,E21,E29,G24,G29",51.97058971220887,87.937459718436,25.55389853784182,40.29587679732293,32.1182451714289,34.87846566972727,6684.357345008291,27.064556134368736,2026-03-22 07:00:31
2026-03-22 07:00:33.431996+00:00,4433881.141898817,3091638.859788797,3370773.9691444593,1788554.4390687996,5,"E15,E21,E29,G11,G24",132.6590317060825,212.55711879208684,33.45693175452601,45.48456924245442,32.12087149894851,34.88713823202629,-1911.782387778163,4319.979865146908,2026-03-22 07:00:33
2026-03-22 07:00:35.431996+00:00,4433853.30838927,3091670.3528728513,3370801.513806105,1788524.4921413292,5,"E15,E21,E29,G11,G24",135.71500295284105,217.4439380094409,33.44724891865978,45.48301891269314,32.12110504810641,34.88758080762768,-1901.2173783993348,25.125818305971382,2026-03-22 07:00:35
2026-03-22 07:00:37.431996+00:00,4434858.904375302,3092003.1253973064,3371526.40895911,1789455.9701441303,5,"E07,E21,E29,E34,G11",29.501592525988475,55.962452970445156,12.102843785085053,30.064160603495726,32.121773667395956,34.884378085675486,-655.9747925642878,641.7619930716945,2026-03-22 07:00:37
2026-03-22 07:00:39.431996+00:00,4440311.076723934,3095338.851094324,3375190.8435360086,1793811.9784171886,5,"E15,E21,E29,G24,G29",49.9542348726908,84.47885524109006,25.5973001437173,40.29296412692492,32.119169962658056,34.880335555216064,6696.046511128545,3683.793222118631,2026-03-22 07:00:39
2026-03-22 07:00:41.431996+00:00,4433720.343615103,3091748.1014157957,3370848.2313560923,1788387.1605449948,5,"E15,E21,E29,G11,G24",135.51255815024362,217.08984838798642,33.418199017055265,45.47847679077175,32.121771799227844,34.88906297431856,-1931.0850282879546,4335.5947317195805,2026-03-22 07:00:41
2026-03-22 07:00:43.431996+00:00,4435207.141813214,3092832.209040926,3371298.9900108287,1789554.4219459489,5,"E15,E29,G06,G12,G25",94.81054967522452,134.19459810480475,31.20376450759197,40.25126871612569,32.11639307062263,34.88947431220425,-133.33404099941254,947.2383002170319,2026-03-22 07:00:43
2026-03-22 07:00:45.431996+00:00,4434708.501885141,3092116.6709266803,3371602.2091501774,1789295.842316144,5,"E07,E21,E29,E34,G11",30.955059955910972,58.74245497584343,12.060088604596158,30.053941143005346,32.12263288109891,34.886276834056005,-665.1586198993027,461.6758649945171,2026-03-22 07:00:45
2026-03-22 07:00:47.431996+00:00,4433620.958225292,3091849.0960688232,3370900.2941578473,1788276.0244280011,5,"E15,E21,E29,G11,G24",134.7199282734726,215.78920207172632,33.38915853238874,45.473908077385964,32.12228348039738,34.89054369003035,-1923.518215767108,660.8767232042978,2026-03-22 07:00:47
2026-03-22 07:00:49.431996+00:00,4434224.911056967,3091465.2311649574,3373768.5321430983,1788763.2829253655,5,"E15,E21,E29,G11,G24",126.02305977986127,201.85235937684774,33.370688549872725,45.461630253148755,32.142867402251774,34.88354449724084,-164.3594279801473,1478.0815629850485,2026-03-22 07:00:49
2026-03-22 07:00:51.431996+00:00,4440587.643273216,3095000.8038599947,3377881.1970207086,1793901.5369786487,5,"E15,E21,E29,G24,G29",112.01188734472638,189.28358512371778,25.65442856374468,40.280707185642946,32.13953108769262,34.87572590486096,8155.302089427598,4180.270563405757,2026-03-22 07:00:51
2026-03-22 07:00:53.431996+00:00,4440560.205754754,3095040.7536560046,3377900.1358275525,1793869.3772655395,5,"E15,E21,E29,G24,G29",110.51451486314596,186.72775768861175,25.665273302324007,40.27997981206436,32.13967391997203,34.876238905377626,8165.659931696951,26.01673512005588,2026-03-22 07:00:53
2026-03-22 07:00:55.431996+00:00,4440046.775593566,3095624.2974123266,3375332.523420132,1793520.0129355767,5,"E15,E21,E29,G24,G29",44.644090438605474,75.41615301370621,25.68406518635448,40.287175273316386,32.12050751226986,34.88441425535798,6726.007221279666,1341.3395655741824,2026-03-22 07:00:55
2026-03-22 07:00:57.431996+00:00,4439542.8058573045,3096230.252654192,3373005.7756389673,1793215.931677769,5,"E15,E27,G12,G24,G29",80.9000218141441,126.43608884140849,25.701417657720757,50.71289659401772,32.103071761279125,34.89272717303898,5432.596182903275,1228.3039615021519,2026-03-22 07:00:57
2026-03-22 07:00:59.431996+00:00,4437739.36353728,3094399.6109735332,3377061.7425527694,1791497.9184425669,5,"E15,E29,E34,G11,G25",663.8569553525926,936.2687736265361,18.41660520868849,36.01414903110104,32.14612683626263,34.887750733956466,5449.804959320463,2400.7561710051973,2026-03-22 07:00:59
2026-03-22 07:01:01.431996+00:00,4431238.09015316,3090421.751595789,3371907.764493157,1786225.9479273956,5,"E15,E21,E29,G11,G25",84.97038006248165,136.69433089345694,31.700946969480388,39.33245028605113,32.14327763739389,34.892582613412536,-3734.186389136128,4600.364406303655,2026-03-22 07:01:01
2026-03-22 07:01:03.431996+00:00,4429336.509298334,3090298.9829716785,3368911.55705335,1784785.447737075,5,"E07,E15,E21,E29,G06",222.0209645839917,411.3342648372054,11.970740119638485,31.309968672413465,32.12820345057167,34.90305426536461,-6708.10296631977,1775.4112836792096,2026-03-22 07:01:03
2026-03-22 07:01:05.431997+00:00,4440473.188939275,3095647.941052274,3375548.288063243,1793893.4612848663,5,"E15,E21,E29,G11,G24",409.85602871173785,656.1283241175115,33.29775939849892,45.44557268707062,32.12041348420705,34.8820381750573,7148.434381616302,7012.185604138757,2026-03-22 07:01:05
2026-03-22 07:01:07.431997+00:00,4433735.001036958,3092743.5744168726,3371103.388910168,1788252.275408345,5,"E15,E21,E29,G12,G25",119.6576761751087,196.2694247327745,31.70881368688209,41.02599499178999,32.12093215192562,34.89762860119253,-1302.9421174172312,4289.395360676633,2026-03-22 07:01:07
2026-03-22 07:01:09.431997+00:00,4433676.065243692,3092779.8696077312,3371089.4185731,1788195.7768243896,5,"E15,E21,E29,G12,G25",119.78280363858369,196.48295883834362,31.719107252285134,41.02961383485183,32.12095766575502,34.89830148789264,-1333.7220978401601,35.30559065186968,2026-03-22 07:01:09
2026-03-22 07:01:11.431997+00:00,4435865.683253519,3093936.279049026,3370708.4000291363,1788714.186254187,5,"E19,E27,E30,G06,G25",42.843714121089825,70.0522204823792,24.786424559329472,34.706918935841124,32.106265346037226,34.89507794666217,545.1964598977938,1252.6856105702254,2026-03-22 07:01:11
2026-03-22 07:01:13.431997+00:00,4433221.710733341,3092436.8420542544,3371009.697295977,1787826.6040300066,5,"E15,E21,E29,G11,G24",136.72132771682277,218.84514600411057,33.26302789215837,45.454389125414,32.12307726331912,34.898074705283605,-1857.923973753117,1527.2264101756673,2026-03-22 07:01:13
2026-03-22 07:01:15.431997+00:00,4439763.576471353,3096107.160461933,3375365.4143106528,1793190.149688426,5,"E15,E21,E29,G24,G29",40.18392878849399,67.79054536670446,25.792671703130353,40.280210898730274,32.12054828361515,34.890321601218155,6780.65769055672,4337.035717510732,2026-03-22 07:01:15
2026-03-22 07:01:17.431997+00:00,4433086.226266808,3092495.3916772874,3370946.504081117,1787688.1343031328,5,"E15,E21,E29,G11,G24",131.63171836668616,210.6744125932455,33.24380258675392,45.45162582710018,32.12296680983794,34.89940538868735,-1957.2647085571662,4391.999747397918,2026-03-22 07:01:17
2026-03-22 07:01:19.431997+00:00,4434143.501274178,3092863.931795269,3371675.555734382,1788661.4602398335,5,"E07,E21,E29,E34,G11",29.84718674581888,56.727192878723145,11.88134451728403,30.010421630830997,32.12336570528294,34.89619792712163,-656.6353264106438,668.0510034606772,2026-03-22 07:01:19
2026-03-22 07:01:21.431997+00:00,4439688.832169344,3096254.716962047,3375352.5620495556,1793092.4754462272,5,"E15,E21,E29,G24,G29",38.708521045812866,65.27548287063837,25.825400564064992,40.27820549638741,32.120339597709645,34.8920553516303,6793.385705742054,3733.9153119062107,2026-03-22 07:01:21
2026-03-22 07:01:23.431997+00:00,4434089.648765532,3092960.212443985,3371665.9575431556,1788592.1219130887,5,"E07,E21,E29,E34,G11",30.191960497478597,57.39216284826398,11.860560514535491,30.005289553844545,32.12324005526532,34.89736135009523,-652.4966721152887,3734.8248819608575,2026-03-22 07:01:23
2026-03-22 07:01:25.431997+00:00,4430370.289822494,3091588.3077361067,3370114.877631954,1785545.335812268,5,"E15,E21,E29,G06,G12",230.4763818107251,323.05724246427417,31.070154119595,40.91768691688741,32.12979005561542,34.90799524109504,-4725.388107157312,2128.473770427635,2026-03-22 07:01:25
2026-03-22 07:01:27.431997+00:00,4436867.434380098,3097078.6125397524,3371590.1795619503,1790767.4195376164,5,"E27,E30,G11,G24,G29",67.87370569252275,111.38283372670412,25.555472331838903,45.115326099890304,32.1004480257077,34.91630110585102,3232.9066726285964,4316.620495943461,2026-03-22 07:01:27
2026-03-22 07:01:29.431997+00:00,4432937.584402172,3092935.0551416916,3368261.4810747365,1784924.7024098625,5,"E27,E30,G11,G24,G32",143.07771765393431,239.91116072237492,11.495667099928006,42.241589028302734,32.101827418303316,34.9041291146563,-3274.754318463616,3305.034885550063,2026-03-22 07:01:29
2026-03-22 07:01:31.431997+00:00,4433966.356120619,3093689.2255539116,3371214.107468279,1788319.9655034218,5,"E15,E29,E34,G12,G25",39.62081358912155,66.06853202357888,18.321297823251335,37.73247974697797,32.11827331913884,34.904445288064956,-625.1234821006656,1608.193620120825,2026-03-22 07:01:31
2026-03-22 07:01:33.431996+00:00,4433950.511327615,3093742.2909668926,3371216.407386671,1788300.1524791473,5,"E15,E29,E34,G12,G25",37.541124520685415,62.61069984361529,18.3155003771021,37.73363284976743,32.118207595214315,34.90500256207993,-609.1888185376301,27.71411290784947,2026-03-22 07:01:33
2026-03-22 07:01:35.431996+00:00,4433705.129901036,3093510.426893647,3371152.033305086,1788022.1216337625,5,"E15,E21,E29,E34,G12",143.75284115864383,222.7568298727274,18.31059269064911,38.36696410102403,32.11931706198984,34.904475407819625,-926.2229089736938,171.84078048595808,2026-03-22 07:01:35
2026-03-22 07:01:37.431996+00:00,4436737.567863107,3097320.294951193,3371558.190591703,1790616.7985470316,5,"E27,E30,G11,G24,G29",69.21794496493304,113.4867910221219,25.52732408873983,45.10976145677175,32.10005121169746,34.91918669069898,3242.889879055321,2443.140312752857,2026-03-22 07:01:37
2026-03-22 07:01:39.431996+00:00,4433861.848182259,3093869.5793187725,3371194.4060119875,1788199.294544996,5,"E15,E29,E34,G12,G25",39.372540371746574,65.69672288000584,18.29821453665781,37.73720074142325,32.11803893119605,34.906646474467074,-620.7794711999595,2253.305420880864,2026-03-22 07:01:39
2026-03-22 07:01:41.431996+00:00,4433829.445600462,3093910.996830408,3371183.3585873167,1788163.6555301447,5,"E15,E29,E34,G12,G25",38.14253932807035,63.654556430876255,18.292449936334727,37.738388382059036,32.11796831466389,34.90720292326284,-629.0853110933676,26.86718802293965,2026-03-22 07:01:41
2026-03-22 07:01:43.431996+00:00,4433816.698260142,3093960.5017647496,3371184.097541607,1788146.2497915814,5,"E15,E29,E34,G12,G25",33.954394847839396,56.674437288194895,18.286596139992362,37.739528370016224,32.11788824557186,34.90771045981699,-613.5526625793427,25.562566688731184,2026-03-22 07:01:43
2026-03-22 07:01:45.431996+00:00,4430113.057563064,3092046.3157604383,3370044.666615724,1785234.092624746,5,"E15,E21,E29,G06,G12",225.621909458206,316.01479133218527,30.99370731626732,40.91736718927822,32.12900783451736,34.91353982400156,-4719.390191739425,2160.98156557448,2026-03-22 07:01:45
2026-03-22 07:01:47.431996+00:00,4433766.854665248,3094044.4886022117,3371172.2309576594,1788085.670647657,5,"E15,E29,E34,G12,G25",39.12262691218235,65.32214580476284,18.274980737297536,37.74187287085039,32.11776313758688,34.90874263032602,-613.7742691962048,2157.2163379418603,2026-03-22 07:01:47
2026-03-22 07:01:49.431996+00:00,4436575.039008842,3097576.374213031,3371511.5558732166,1790426.7665852355,5,"E27,E30,G11,G24,G29",69.2446194943206,113.40734678134322,25.49338292334349,45.10298874468744,32.09963130191121,34.92239522793425,3229.397387774661,2262.479650396754,2026-03-22 07:01:49
2026-03-22 07:01:51.431996+00:00,4433704.392918406,3094120.8916524895,3371149.420656339,1788012.8012298758,5,"E15,E29,E34,G12,G25",40.97306575528812,68.43396986275911,18.263387004596986,37.7442373892582,32.11762485317818,34.909785417426775,-632.2525265105069,2253.4479480367277,2026-03-22 07:01:51
2026-03-22 07:01:53.431996+00:00,4438752.2601974895,3097479.571596844,3372709.32626898,1792238.7174091446,5,"E15,E29,G12,G24,G29",24.441012563926257,42.48259221017361,26.007963047073424,45.28764979915975,32.10049089271916,34.9083614119134,5331.336608757265,3130.295535416749,2026-03-22 07:01:53
2026-03-22 07:01:55.431996+00:00,4433651.910547668,3094210.7970963093,3371131.382198126,1787948.7900688201,5,"E15,E29,E34,G12,G25",40.251501914917185,67.25058643519878,18.251754395145895,37.74654786826696,32.117446717171525,34.910885023559295,-634.716303197667,3130.0303823015392,2026-03-22 07:01:55
2026-03-22 07:01:57.431996+00:00,4439287.416142792,3097085.446973051,3375259.017452558,1792578.9654590432,5,"E15,E21,E29,G24,G29",28.75280867299266,48.37336330860853,26.02231519973812,40.26625476898924,32.11892647982159,34.901698514597456,6867.325151493773,3776.90044944788,2026-03-22 07:01:57
2026-03-22 07:01:59.431996+00:00,4429945.902790323,3093429.764066224,3371842.5387858506,1786775.9937913844,5,"E15,E27,G06,G12,G25",7.947787601142535,11.684094611555338,30.951387186331484,45.76886541315347,32.13960262204638,34.9265842602835,-3208.5432043839246,5298.58980554497,2026-03-22 07:01:59
2026-03-22 07:02:01.431996+00:00,4429917.358587034,3093469.2800529697,3371841.191802323,1786745.3627405735,5,"E15,E27,G06,G12,G25",8.386152683522079,12.330578122287989,30.943710648557932,45.77140081522732,32.13959606954686,34.927101118809425,-3209.9192628627643,24.382878801049547,2026-03-22 07:02:01
2026-03-22 07:02:03.431996+00:00,4429893.770708764,3093514.189972986,3371824.8244498954,1786706.495744193,5,"E15,E27,G06,G12,G25",6.724547264764934,9.889065641909838,30.93594546649309,45.773833554943906,32.139440433048875,34.92763478147816,-3213.2296834168956,26.651356169241083,2026-03-22 07:02:03
2026-03-22 07:02:05.431997+00:00,4432478.225813189,3093588.4179621455,3370809.6983133303,1786936.5379855444,5,"E15,E21,E29,G11,G24",133.76100639745414,213.74734972789884,33.0129685900166,45.41563341725926,32.12131319639537,34.912595049225466,-1922.5781461913139,1388.8296636831924,2026-03-22 07:02:05
2026-03-22 07:02:07.431997+00:00,4433494.824506761,3094479.010364698,3371091.3612311287,1787749.1001492932,5,"E15,E29,E34,G12,G25",42.4108318023341,70.92719238251448,18.216848038132614,37.753464895298585,32.11702261959013,34.9141685699127,-635.081713847816,690.2828642155987,2026-03-22 07:02:07
2026-03-22 07:02:09.431997+00:00,4434066.555836832,3094894.0974114984,3371242.9985340983,1788202.2206105671,5,"E15,E29,G06,G12,G32",102.63712064893649,212.89940257743,11.516512894826985,36.185370548065166,32.11479403855329,34.91430786414972,43.83660240191966,361.30590981154205,2026-03-22 07:02:09
2026-03-22 07:02:11.431997+00:00,4433460.799326203,3094586.6515873508,3371078.3213730343,1787691.0344769666,5,"E15,E29,E34,G12,G25",41.679834283008965,69.72747853025794,18.205082460907846,37.7556669718193,32.11676138362619,34.91531032987593,-613.4645040901378,349.4933662931761,2026-03-22 07:02:11
2026-03-22 07:02:13.431997+00:00,4429769.994711191,3092681.1530687474,3369943.4466445195,1784787.392548905,5,"E15,E21,E29,G06,G12",221.06602437751727,309.2752433642745,30.885737634623002,40.916489116097196,32.127840335444866,34.92114305190032,-4703.716767924838,2152.957498419965,2026-03-22 07:02:13
2026-03-22 07:02:15.431997+00:00,4429754.296241147,3092729.963957861,3369935.574800074,1784757.543693778,5,"E15,E21,E29,G06,G12",222.288072658303,310.95780964940786,30.87792422350996,40.91637805218049,32.127707845515516,34.92166280246979,-4695.140735116787,25.936994779474897,2026-03-22 07:02:15
2026-03-22 07:02:17.431997+00:00,4432107.102702332,3093919.5235768827,3370633.49345235,1786513.348209016,5,"E15,E21,E29,G12,G24",17.22706123511539,25.7181168012321,32.954250376705836,47.08295646812046,32.12051765960945,34.917724670714385,-2113.502218430862,1363.620252873958,2026-03-22 07:02:17
2026-03-22 07:02:19.431997+00:00,4433873.012192611,3094639.596016569,3372305.574925413,1788449.5556571102,5,"E19,E27,G11,G24,G29",61.68458643871194,96.26195130869746,24.78957751465641,44.95842208009787,32.12436881070906,34.91327026729027,351.01200099568814,1268.1479703501443,2026-03-22 07:02:19
2026-03-22 07:02:21.431997+00:00,4432060.30235919,3094012.255731234,3370594.7696276135,1786430.2579848017,5,"E15,E21,E29,G12,G24",18.360738165521152,27.39120475575328,32.93513676837186,47.079267786394325,32.120151265412765,34.91881464664996,-2121.6368822306395,1285.138858330442,2026-03-22 07:02:21
2026-03-22 07:02:23.431997+00:00,4432041.1282753935,3094062.3521343945,3370582.2574305534,1786399.2260265697,5,"E15,E21,E29,G12,G24",16.62002153632708,24.785548735409975,32.92554234861236,47.07740598414115,32.11999353536528,34.919366412259066,-2117.318240351975,27.540198684501433,2026-03-22 07:02:23
2026-03-22 07:02:25.431997+00:00,4433301.351760408,3094905.168906782,3370968.5236612745,1787425.9759040913,5,"E15,E29,E34,G12,G25",43.12294172889233,72.22531577199697,18.16369559085517,37.763415765166854,32.11567538274291,34.91904525243683,-628.1564727686346,782.2571420247189,2026-03-22 07:02:25
2026-03-22 07:02:27.431997+00:00,4433291.21575962,3094953.422637649,3370956.1360536455,1787400.8876445491,5,"E15,E29,E34,G12,G25",44.75429524248776,74.9703475125134,18.157689515968652,37.764481915543044,32.11548816804737,34.91952602461206,-618.3866243865341,25.419548960053614,2026-03-22 07:02:27
2026-03-22 07:02:29.431997+00:00,4433288.415799172,3094454.526549016,3371368.7194842566,1787508.798708932,5,"E07,E21,E29,E34,G11",28.403853638837123,54.12824745848775,11.520060418188363,29.919863485478565,32.12002004758793,34.915207785792965,-642.8382531553507,323.7013416122831,2026-03-22 07:02:29
2026-03-22 07:02:31.431997+00:00,4432162.925481725,3094175.3784143096,3370614.147711227,1786450.9153690732,5,"E15,E21,E29,G11,G24",136.0071684152434,217.12097086012363,32.88846387496002,45.39597905455717,32.11944786097357,34.91960975517503,-1960.9838265543804,691.7424911826058,2026-03-22 07:02:31
2026-03-22 07:02:33.431996+00:00,4432143.187236556,3094221.468881344,3370600.5069266437,1786418.3964410278,5,"E15,E21,E29,G11,G24",133.75798080112597,213.51317569240928,32.87889300026612,45.394444799036904,32.1192947264124,34.92013010715037,-1959.5983470110223,25.980777402932485,2026-03-22 07:02:33
2026-03-22 07:02:35.431996+00:00,4432118.032385239,3094264.913388259,3370579.910575358,1786379.9624485173,5,"E15,E21,E29,G11,G24",136.8961701915595,218.5048274062574,32.86934373942424,45.392931848790624,32.11911701439359,34.92066032709671,-1966.9549736613408,27.131169400249316,2026-03-22 07:02:35
2026-03-22 07:02:37.431996+00:00,4432098.686498861,3094309.9299163884,3370564.5856229314,1786346.7271753883,5,"E15,E21,E29,G11,G24",134.2319737665057,214.2348892055452,32.85978939008318,45.39139782405769,32.118952413724166,34.92116896116379,-1966.7122798692435,25.66907327650072,2026-03-22 07:02:37
2026-03-22 07:02:39.431996+00:00,4432087.246995081,3094357.3353229496,3370557.897417506,1786321.3166785783,5,"E15,E21,E29,G11,G24",137.1749889972546,218.91391260176897,32.85021886548538,45.389830963905816,32.11881614610827,34.92165038039232,-1955.22846645955,24.61131299711314,2026-03-22 07:02:39
2026-03-22 07:02:41.431996+00:00,4432052.877996831,3094394.424410178,3370532.4090339337,1786275.7236184315,5,"E15,E21,E29,G11,G24",137.00829930647532,218.62979678437114,32.84067927099034,45.38832484590854,32.11865473546433,34.92218127185284,-1974.6648435276002,28.31292164929791,2026-03-22 07:02:41
2026-03-22 07:02:43.431996+00:00,4432020.568773261,3094440.589401377,3370513.612350092,1786234.37601595,5,"E15,E21,E29,G11,G24",134.39593700040925,214.44325614720583,32.83105581700089,45.3867982667755,32.118511428371086,34.92277854439869,-1984.7121107019484,29.700200603487193,2026-03-22 07:02:43
2026-03-22 07:02:45.431996+00:00,4432013.041704964,3094492.191098526,3370511.3314686236,1786213.1258783482,5,"E15,E21,E29,G11,G24",134.68764161312447,214.89060209691525,32.82145457892537,45.385210494129,32.11838192092202,34.9232726858426,-1966.1323159998283,26.09882337436556,2026-03-22 07:02:45
2026-03-22 07:02:47.431996+00:00,4432010.38840243,3094550.1083258716,3370511.0947639467,1786195.3936238473,5,"E15,E21,E29,G11,G24",136.58649710301478,217.90167594328523,32.8118295613774,45.38361659238167,32.11823152430159,34.92379213524271,-1940.0186386136338,28.98922759764011,2026-03-22 07:02:47
2026-03-22 07:02:49.431996+00:00,4433091.438528629,3094920.1110636,3371238.229387201,1787185.2881660499,5,"E07,E21,E29,E34,G11",26.934516470240027,51.36166084930301,11.417762500524574,29.893622554646885,32.11851987052169,34.920448465163425,-623.3014711663127,677.1809510049187,2026-03-22 07:02:49
2026-03-22 07:02:51.431996+00:00,4433074.736057764,3094974.806089968,3371232.2763900543,1787157.8909318123,5,"E07,E21,E29,E34,G11",26.99904431461755,51.4879396520555,11.40749411501564,29.890965688448254,32.11838993406788,34.921025052318214,-611.5477576106787,28.74872439523629,2026-03-22 07:02:51
2026-03-22 07:02:53.431996+00:00,4435710.791385881,3098098.7401572815,3373303.422174079,1788938.9171661704,5,"E21,E29,E34,G11,G25",50.81757567525131,84.4757984392345,18.076357004674406,34.04949085665204,32.11527308385667,34.93217010259639,3834.917422775179,2291.145816425588,2026-03-22 07:02:53
2026-03-22 07:02:55.431996+00:00,4433010.583869526,3095047.6540841716,3371200.298519755,1787088.5522877248,5,"E07,E21,E29,E34,G11",28.59636741256819,54.54097709804773,11.387010537112717,29.885735988516352,32.11819792770312,34.922047227942855,-637.779997495003,2292.5627560810626,2026-03-22 07:02:55
2026-03-22 07:02:57.431996+00:00,4431868.056837613,3094769.7516747923,3370441.121914574,1786023.693304587,5,"E15,E21,E29,G11,G24",132.3027654387835,210.97656259685755,32.76374431045545,45.37582521701606,32.11765351419557,34.92656468996324,-1969.556162711233,699.8119185977049,2026-03-22 07:02:57
2026-03-22 07:02:59.431996+00:00,4431840.410715993,3094812.482897818,3370436.774902623,1785994.8082819297,5,"E15,E21,E29,G11,G24",133.16329131336252,212.3301021270454,32.75408423067567,45.37422412359881,32.11761167719951,34.92710381605263,-1970.3442100053653,25.539978341915695,2026-03-22 07:02:59
2026-03-22 07:03:01.431996+00:00,4431792.722961269,3094852.7282088934,3370418.6155480207,1785948.1191211997,5,"E15,E21,E29,G11,G24",133.77431473925643,213.28551103547215,32.74439467729047,45.37267105604097,32.11754993997643,34.92774296548437,-1993.5976861035451,32.494496355821525,2026-03-22 07:03:01
2026-03-22 07:03:03.431996+00:00,4431770.29385246,3094900.0807312313,3370417.927487211,1785927.1398813752,5,"E15,E21,E29,G11,G24",134.05538235599124,213.71455019712448,32.734714036842036,45.371054422385555,32.11750284958715,34.9282905919842,-1986.575863206759,26.200189509940742,2026-03-22 07:03:03
2026-03-22 07:03:05.431997+00:00,4431759.967841322,3094956.1527358317,3370432.127653525,1785917.4469051147,5,"E15,E21,E29,G11,G24",133.85225910683218,213.3715225160122,32.724967160817506,45.36938650130204,32.117497973565285,34.928840538606494,-1959.0055237328634,29.37829758916795,2026-03-22 07:03:05
2026-03-22 07:03:07.431997+00:00,4438575.186581208,3098744.9160351,3374899.726542994,1791511.824995467,5,"E15,E21,E29,G24,G29",11.699609665045754,19.59922629222274,26.405384632158963,40.242679500485096,32.11443398486629,34.92041704034394,6986.014668378048,4493.366601101214,2026-03-22 07:03:07
2026-03-22 07:03:09.431997+00:00,4432129.570382387,3095509.30119604,3370524.9959344454,1786200.0256248643,5,"E15,E21,E29,G12,G25",118.41942163381592,194.68791016563773,32.33583987902412,41.241121501174135,32.115235457686815,34.93140414475192,-1384.7325212256983,4217.624908245709,2026-03-22 07:03:09
2026-03-22 07:03:11.431997+00:00,4438207.979681168,3099195.578177601,3375073.3092019632,1791233.2003998244,5,"E15,E21,E29,G11,G24",400.62691834019375,638.4110020287335,32.68308954614204,45.3498217737525,32.115964688359874,34.92655309340425,7041.804499814287,4219.681598407776,2026-03-22 07:03:11
2026-03-22 07:03:13.431997+00:00,4433334.892593836,3096381.1327045434,3370886.0120908734,1787191.3218165808,5,"E15,E29,G06,G12,G32",113.51284259585213,235.71769255027175,11.543375605790711,36.14763467059256,32.1108621965807,34.93166478063933,66.98923271801323,3507.1904060826014,2026-03-22 07:03:13
2026-03-22 07:03:15.431997+00:00,4432049.347975194,3095650.8410620233,3370520.125659126,1786130.0061785714,5,"E15,E21,E29,G12,G25",119.63225035779173,196.70188665762544,32.36683518261663,41.251604440318346,32.115124987759096,34.93312080528383,-1374.3814091691747,761.5483784026784,2026-03-22 07:03:15
2026-03-22 07:03:17.431997+00:00,4433249.856665374,3096460.0744245327,3370868.768197368,1787119.9671582645,5,"E15,E29,G06,G12,G32",103.98156620445663,215.93928669765592,11.545031130086123,36.14530796686539,32.11084798253809,34.9328664221357,37.0606172028929,744.5856850736202,2026-03-22 07:03:17
2026-03-22 07:03:19.431997+00:00,4431993.53785617,3095741.588603117,3370516.6431359025,1786082.4672944758,5,"E15,E21,E29,G12,G25",120.54978594828492,198.2238586731255,32.387537934969835,41.25860497683268,32.11506860095061,34.934247985527605,-1370.9725416433066,744.7400359935413,2026-03-22 07:03:19
2026-03-22 07:03:21.431997+00:00,4428989.365069417,3094260.8384943474,3369617.3112779497,1783769.8144099673,5,"E15,E21,E29,G06,G12",212.04664898493652,295.68512316420674,30.619243612389024,40.91208893039144,32.12407836544373,34.93961787803637,-4653.150268364698,1733.960265405141,2026-03-22 07:03:21
2026-03-22 07:03:23.431997+00:00,4438388.12287755,3099126.9204734596,3374908.917802049,1791352.5514187515,5,"E15,E21,E29,G24,G29",2.996259827516892,5.014727961272001,26.492127271423158,40.23667421776523,32.11419136672714,34.92486566567813,7046.21575741563,5916.428436338745,2026-03-22 07:03:23
2026-03-22 07:03:25.431997+00:00,4428941.632502159,3094352.42224833,3369614.30359975,1783729.306082962,5,"E15,E21,E29,G06,G12",210.85935733444109,293.965860594064,30.603486339483574,40.91178278153998,32.12399144190911,34.94070394926941,-4643.4662927966565,5917.452012169345,2026-03-22 07:03:25
2026-03-22 07:03:27.431997+00:00,4435580.913472792,3095104.6854315577,3367646.837466878,1784068.7831418084,5,"E15,E27,E30,G11,G25",445.613060794688,729.7650488875806,25.18229423076263,43.09041775993163,32.08079077507984,34.90695551117487,-712.9266871865839,3482.7027826046674,2026-03-22 07:03:27
2026-03-22 07:03:29.431997+00:00,4428889.098291509,3094437.2186033856,3369612.242728396,1783686.360009673,5,"E15,E21,E29,G06,G12",209.65843127255002,292.2271306887269,30.58773278767928,40.9114945423652,32.12394928965573,34.941760175962195,-4639.902924254537,3503.167146639096,2026-03-22 07:03:29
2026-03-22 07:03:31.431997+00:00,4431662.088713897,3095843.1418046835,3370960.4953628443,1785947.2285976436,5,"E07,E15,E21,E29,G24",164.30237110787468,329.6944947652519,11.199964122928684,37.1748397498642,32.119483581587964,34.93714201075349,-1315.878371312283,1694.393777793658,2026-03-22 07:03:31
2026-03-22 07:03:33.431996+00:00,4428836.445317513,3094516.285287342,3369611.2030032305,1783642.7278942603,5,"E15,E21,E29,G06,G12",209.40756174046732,291.8117980360985,30.571945658953883,40.9112098836172,32.12393114888381,34.94276731395608,-4638.6567346621305,1700.3977665725781,2026-03-22 07:03:33
2026-03-22 07:03:35.431996+00:00,4428787.080776268,3094543.3658517604,3369598.1919921767,1783603.0436798204,5,"E15,E21,E29,G06,G12",208.93299251990808,291.1176284439862,30.56415247230683,40.91112573326924,32.123951459617565,34.94330256567976,-4666.709320668131,28.89420923926297,2026-03-22 07:03:35
2026-03-22 07:03:37.431996+00:00,4432302.001210768,3094228.1063890224,3368422.834691487,1783524.168888761,5,"E15,E27,E30,G12,G25",242.67575784717874,345.19355807080865,25.172305804638267,44.785356694701804,32.10201140061669,34.91922418711783,-3003.6353529160842,1859.806372582721,2026-03-22 07:03:37
2026-03-22 07:03:39.431996+00:00,4437868.769075549,3099808.7751105237,3375061.1751065464,1790946.0818188556,5,"E15,E21,E29,G11,G24",397.1165561431512,631.9677165783942,32.54757140912765,45.32675065870923,32.11552250907898,34.933929928167515,7097.184357733466,5152.677248424336,2026-03-22 07:03:39
2026-03-22 07:03:41.431996+00:00,4432254.067341593,3094308.7975920425,3368407.2825339786,1783476.1396696225,5,"E15,E27,E30,G12,G25",242.45772752325047,344.83105566352606,25.160926065893104,44.790988761896344,32.10185951999958,34.92021632036075,-3006.0667779920623,5149.002685772298,2026-03-22 07:03:41
2026-03-22 07:03:43.431996+00:00,4435149.625460493,3100141.677815984,3371020.1125330906,1788737.2697520838,5,"E27,E30,G11,G24,G29",89.3309232202426,144.6849206984043,25.171058172939894,45.035657152817805,32.09443906607212,34.95330637097878,3222.9205088950694,3508.333975373403,2026-03-22 07:03:43
2026-03-22 07:03:45.431996+00:00,4432206.23303624,3094396.2095862585,3368417.290110255,1783448.035170492,5,"E15,E27,E30,G12,G25",242.80576219367242,345.27328219637275,25.149606938505574,44.79671671605739,32.101884142735216,34.92126625692175,-2991.5854645222425,3480.253177096267,2026-03-22 07:03:45
2026-03-22 07:03:47.431996+00:00,4432195.109318752,3094445.9515286945,3368397.4675586084,1783424.6048941205,5,"E15,E27,E30,G12,G25",244.63178140401283,347.84335101023316,25.143868203736417,44.79940989867045,32.1016398448789,34.92176605395169,-2985.7245906684548,27.34470461459986,2026-03-22 07:03:47
2026-03-22 07:03:49.431996+00:00,4435530.621540342,3101106.40041266,3371527.808263901,1789626.6438468087,5,"E07,E27,E30,G11,G24",3.5431181514669405,6.6133925169706345,11.11958680597488,41.929955984352134,32.09417336982963,34.95936645802179,4225.472628698684,4039.9954841407907,2026-03-22 07:03:49
2026-03-22 07:03:51.431996+00:00,4435279.421581316,3095601.4747986686,3367599.6992252357,1783812.803262037,5,"E15,E27,E30,G11,G25",445.0584697103128,728.2719335332513,25.114289942501152,43.12744254488105,32.08025298666725,34.91309887738035,-706.5542076965794,3383.6868965168433,2026-03-22 07:03:51
2026-03-22 07:03:53.431996+00:00,4433806.514892814,3098317.064105711,3369854.657410185,1786365.5064161988,5,"E27,E30,G11,G24,G32",464.3242316808218,792.4730432406068,11.546988435283748,42.00597071298893,32.09581802871027,34.945616117982134,785.5546290948987,1912.3752124926768,2026-03-22 07:03:53
2026-03-22 07:03:55.431996+00:00,4435256.113271189,3095691.721552527,3367594.8933885475,1783789.8296954075,5,"E15,E27,E30,G11,G25",446.2135842792157,730.0633781887591,25.10279639901038,43.13345607853081,32.08006039829787,34.914024126988714,-681.5364404059947,1877.517803752661,2026-03-22 07:03:55
2026-03-22 07:03:57.431996+00:00,4431438.405784695,3096510.330898766,3370464.0242630495,1785668.7463079193,5,"E15,E21,E29,G12,G25",115.433846769036,189.92841892689466,32.472122931105865,41.32527918934788,32.11473762009225,34.94429638695655,-1411.4895722279325,2422.6495665489333,2026-03-22 07:03:57
2026-03-22 07:03:59.431996+00:00,4428246.04106163,3095140.9438892915,3370355.087704849,1783841.2876104084,5,"E15,E27,G06,G12,G29",56.47056729806952,90.33960025385022,26.689402419374446,44.727347628872415,32.13022158224795,34.95178376476432,-4349.870288676582,1737.6910312614098,2026-03-22 07:03:59
2026-03-22 07:04:01.431996+00:00,4429672.676237728,3096979.214195623,3368277.2169996966,1783147.9062055512,5,"E15,E27,G06,G12,G25",29.161760491896985,43.28611596673727,30.451850821804232,45.89431915922101,32.10367878930913,34.959091948474985,-3572.2028425363824,1559.8134753996742,2026-03-22 07:04:01
2026-03-22 07:04:03.431996+00:00,4434429.172407669,3099733.5841728314,3373261.269001666,1787896.5508870706,5,"E15,E21,E29,G24,G29",67.44059081311839,112.62832991033792,26.700302483458568,40.221295863111365,32.11549843654591,34.95413526949086,3715.790463183075,3709.8377371638935,2026-03-22 07:04:03
2026-03-22 07:04:05.431997+00:00,4432057.679080964,3096567.526655001,3371092.0472952346,1786323.9608855024,5,"E07,E21,E29,E34,G11",28.37805938690548,54.2299215644598,11.026329884397116,29.79184553296428,32.116944046468106,34.941034297300114,-619.9122552797198,2255.7373108952856,2026-03-22 07:04:05
2026-03-22 07:04:07.431997+00:00,4418134.0592542635,3091864.814150892,3384651.140111236,1791326.8084524935,5,"E27,E30,G11,G25,G32",629.2030680610836,1353.4404329545796,11.648020598417041,36.44412303804341,32.28827786382836,34.98480406429667,-5329.795672893524,9997.8959282407,2026-03-22 07:04:07
2026-03-22 07:04:09.431997+00:00,4430658.353270423,3096381.8559731697,3370226.294340662,1785046.6564181892,5,"E15,E21,E29,G12,G24",19.73562498826815,29.787349559366703,32.41393106878342,46.977121336420794,32.11634053342824,34.94791605073712,-2141.763045264408,9815.011244673153,2026-03-22 07:04:09
2026-03-22 07:04:11.431997+00:00,4430661.088986169,3096434.5276277093,3370226.901988219,1785052.6202789263,5,"E15,E21,E29,G12,G24",18.96254061073075,28.629729110747576,32.4043272980483,46.97516335691287,32.11618971775982,34.94835706532095,-2113.9858206510544,26.373076082152405,2026-03-22 07:04:11
2026-03-22 07:04:13.431997+00:00,4428337.74466062,3095364.5675186724,3369524.814445874,1783302.8039438203,5,"E15,E21,E29,G06,G12",205.5232243308207,285.72530471533537,30.412780557169,40.907527838207464,32.12290064590091,34.9531703583658,-4619.252818832174,1326.241909221937,2026-03-22 07:04:13
2026-03-22 07:04:15.431997+00:00,4430794.020211172,3096434.8722989527,3370253.77867382,1785169.2621191463,5,"E15,E21,E29,G11,G24",134.1112756325863,213.03524515777826,32.38641032571856,45.311609203408594,32.11587156456423,34.947552931847625,-2007.2437087949365,1388.3651130518856,2026-03-22 07:04:15
2026-03-22 07:04:17.431997+00:00,4430768.78745682,3096474.4389218474,3370235.479244108,1785143.6605001977,5,"E15,E21,E29,G11,G24",134.05632038941877,212.92437759041786,32.37682436386754,45.30995757412067,32.11572224145676,34.94804989605002,-2015.2933086901903,25.1847109736455,2026-03-22 07:04:17
2026-03-22 07:04:19.431997+00:00,4430742.545886219,3096513.2435939363,3370220.7485786034,1785117.3471095238,5,"E15,E21,E29,G11,G24",131.69649486784277,209.15295207500458,32.36721661981204,45.30829054998934,32.11560624203114,34.94854636537158,-2022.5153075885028,24.553080813588725,2026-03-22 07:04:19
2026-03-22 07:04:21.431997+00:00,4431909.070956527,3096905.1812270833,3370990.1728118667,1786185.350205214,5,"E07,E21,E29,E34,G11",25.85128424983309,49.41925095394254,10.945096912273872,29.770178811185662,32.115822650118815,34.94486942714522,-613.4486774215475,725.6737384438878,2026-03-22 07:04:21
2026-03-22 07:04:23.431997+00:00,4431895.987355457,3096945.4245547857,3370982.061637174,1786169.7608739934,5,"E07,E21,E29,E34,G11",24.714838093460035,47.24878768250346,10.934926227930676,29.76745129526869,32.115701588825225,34.94529841665665,-607.3206972852349,21.54354425596187,2026-03-22 07:04:23
2026-03-22 07:04:25.431997+00:00,4431883.938705706,3096984.210994504,3370969.402370412,1786154.021303541,5,"E07,E21,E29,E34,G11",24.62024290184468,47.06995504721999,10.924800463939391,29.764731044672295,32.11554571798075,34.945708466955736,-603.5986069310457,21.2709596738083,2026-03-22 07:04:25
2026-03-22 07:04:27.431997+00:00,4430660.315085736,3096653.609676684,3370160.5494015603,1785026.6461643334,5,"E15,E21,E29,G11,G24",136.66472060874705,216.94545436650515,32.32901456626619,45.30158634231974,32.115083904741496,34.950265153293465,-2043.5012428825721,751.7970337652208,2026-03-22 07:04:27
2026-03-22 07:04:29.431997+00:00,4431846.387918842,3097045.76157421,3370942.816264167,1786112.142343527,5,"E07,E21,E29,E34,G11",24.065933621767606,46.01414720341563,10.904507420377056,29.759309922626272,32.11532116828105,34.946471052050185,-613.9410334350541,736.9690157153558,2026-03-22 07:04:29
2026-03-22 07:04:31.431997+00:00,4431827.119543157,3097084.496967075,3370930.4988741176,1786091.9527581276,5,"E07,E21,E29,E34,G11",25.94202972086034,49.603341694921255,10.894358703480277,29.756588324987764,32.1151964196982,34.94692448001822,-615.073513741605,22.491215282709422,2026-03-22 07:04:31
2026-03-22 07:04:33.431996+00:00,4431808.129295912,3097117.158525833,3370917.4226194154,1786071.9635693855,5,"E07,E21,E29,E34,G11",26.188513765069263,50.07673546299338,10.884214992015435,29.753871233976344,32.115081461232194,34.947323460161286,-619.3628637306392,19.98997840393568,2026-03-22 07:04:33
2026-03-22 07:04:35.431996+00:00,4430603.9927742565,3096803.889729622,3370121.6061284645,1784961.1066126607,5,"E15,E21,E29,G11,G24",134.66244556757607,213.66875118389726,32.290771921430576,45.294768329898865,32.11459487344409,34.95191273820973,-2030.3858994040638,738.4791785712104,2026-03-22 07:04:35
2026-03-22 07:04:37.431996+00:00,4430575.543715889,3096834.591644693,3370105.720817941,1784933.3839478071,5,"E15,E21,E29,G11,G24",133.49567133639667,211.79282568395138,32.28120083017357,45.29307718234052,32.114500973496376,34.95235221369819,-2043.6830094605684,22.384702374056225,2026-03-22 07:04:37
2026-03-22 07:04:39.431996+00:00,4430566.285928974,3096874.521666198,3370090.5329566654,1784925.904968369,5,"E15,E21,E29,G11,G24",134.57374633465452,213.47824354469776,32.27168091034146,45.29138337414383,32.114311613466825,34.95275532250304,-2038.808383337222,21.856259778712186,2026-03-22 07:04:39
2026-03-22 07:04:41.431996+00:00,4430551.749614749,3096913.29194856,3370081.7915181243,1784915.3823760152,5,"E15,E21,E29,G11,G24",133.5834369849364,211.8824023976922,32.262100206124224,45.289664813407676,32.1141954411863,34.95318040729915,-2034.7336626425385,21.15922950776598,2026-03-22 07:04:41
2026-03-22 07:04:43.431996+00:00,4430536.715065284,3096954.287975136,3370065.6247899747,1784904.153360439,5,"E15,E21,E29,G11,G24",134.69475475047727,213.61989244818687,32.252542528422026,45.287971282403056,32.11401837679045,34.95362785181074,-2033.871825103648,23.281295989025462,2026-03-22 07:04:43
2026-03-22 07:04:45.431996+00:00,4430513.163424042,3096989.615075006,3370052.9764740937,1784885.5032796916,5,"E15,E21,E29,G11,G24",135.81988677636,215.37878148257732,32.2429496624182,45.28626079366406,32.113917245517655,34.95407776720035,-2039.8027552263811,22.15098014208788,2026-03-22 07:04:45
2026-03-22 07:04:47.431996+00:00,4430498.043627575,3097030.89900777,3370040.407166157,1784874.6130974996,5,"E15,E21,E29,G11,G24",134.82064898281013,213.76874907687306,32.23336791120585,45.284549799186365,32.11376720862444,34.954528227635244,-2036.9473347496241,22.86350176397659,2026-03-22 07:04:47
2026-03-22 07:04:49.431996+00:00,4430468.801252622,3097065.108475895,3370019.1045335787,1784853.1261902757,5,"E15,E21,E29,G11,G24",136.00736000010784,215.62458596378565,32.22379426618142,45.282864854187196,32.11362538658539,34.955002990716004,-2051.971146806143,24.89581469377154,2026-03-22 07:04:49
2026-03-22 07:04:51.431996+00:00,4430461.825663309,3097110.3970999415,3370017.812154017,1784850.3438760152,5,"E15,E21,E29,G11,G24",132.98208046540327,210.8029735572636,32.214171422753495,45.28111042683392,32.11351849697192,34.95543878035803,-2035.523197681643,22.920452434542497,2026-03-22 07:04:51
2026-03-22 07:04:53.431996+00:00,4430456.004609187,3097154.470718193,3370012.3951438456,1784850.9525045196,5,"E15,E21,E29,G11,G24",132.7132500293968,210.35139660164714,32.20458519024468,45.27936667520276,32.11337889194511,34.95585700073166,-2021.0557520249858,22.392590828489492,2026-03-22 07:04:53
2026-03-22 07:04:55.431996+00:00,4430423.951742289,3097187.8491002945,3369986.955021565,1784826.7978163569,5,"E15,E21,E29,G11,G24",133.706487127494,211.89999202266335,32.19502028729775,45.2776884964846,32.11321878052927,34.956341609713405,-2040.6323792953044,26.404083442690958,2026-03-22 07:04:55
2026-03-22 07:04:57.431996+00:00,4430417.894502778,3097232.187527506,3369979.884061306,1784827.1384913565,5,"E15,E21,E29,G11,G24",131.48957189360513,208.36117358133197,32.1854383319492,45.275945591259884,32.11306673639152,34.956763560332895,-2027.0789989940822,22.652730282903832,2026-03-22 07:04:57
2026-03-22 07:04:59.431996+00:00,4430380.241693094,3097262.589880986,3369947.9817756265,1784797.8184175335,5,"E15,E21,E29,G11,G24",135.79693782662375,215.16040197387338,32.17589297337157,45.27428393566595,32.1128874306429,34.95725632517417,-2055.421809787862,28.981860730999855,2026-03-22 07:04:59
2026-03-22 07:05:01.431996+00:00,4430392.5929029565,3097312.993471412,3369944.8828225895,1784814.770314398,5,"E15,E21,E29,G11,G24",134.33673120701454,212.82058745250106,32.16635871941115,45.27252204555954,32.112676719331844,34.957619164196004,-2024.034001451917,25.99364260161357,2026-03-22 07:05:01
2026-03-22 07:05:03.431996+00:00,4431572.755914653,3097714.6028002305,3370714.685231917,1785903.8175202536,5,"E07,E21,E29,E34,G11",25.67315863719174,49.11947516351938,10.73256436407919,29.71277779794287,32.112816773354915,34.953941565404925,-600.6531370580196,732.5760261871176,2026-03-22 07:05:03
2026-03-22 07:05:05.431997+00:00,4430351.044951528,3097392.8847467103,3369893.351108876,1784787.132524969,5,"E15,E21,E29,G11,G24",132.58309709625829,209.99040259048343,32.147276010695016,45.26914870731339,32.112226753837234,34.958565480202985,-2041.496756519191,753.4367349656047,2026-03-22 07:05:05
2026-03-22 07:05:07.431997+00:00,4431553.006465124,3097798.6806298518,3370667.7434685933,1785894.0988395943,5,"E07,E21,E29,E34,G11",24.788022661628933,47.429187797009945,10.712593824021353,29.707292127030733,32.11230484471222,34.95479169771294,-598.5165498554707,743.1462348905862,2026-03-22 07:05:07
2026-03-22 07:05:09.431997+00:00,4431538.515086957,3097839.2385151703,3370638.804912611,1785884.9389100347,5,"E07,E21,E29,E34,G11",26.217731037644995,50.166454046964645,10.702643125448358,29.704561076963365,32.11202931880551,34.95523192601817,-604.277818819508,25.944084706488624,2026-03-22 07:05:09
2026-03-22 07:05:11.431997+00:00,4431539.21447688,3097891.7184573384,3370619.641103638,1785886.7575724355,5,"E07,E21,E29,E34,G11",26.22460038887196,50.18120298534632,10.692667256777959,29.701789291601635,32.111736024765264,34.955683467846136,-588.5114807924256,27.93691576832911,2026-03-22 07:05:11
2026-03-22 07:05:13.431997+00:00,4431527.264356829,3097930.5934824757,3370592.814076984,1785881.344717156,5,"E07,E21,E29,E34,G11",24.662477901808384,47.19359225407243,10.682708388503626,29.699050117979642,32.11147126317735,34.95609364665154,-592.2020054589957,24.360635807304778,2026-03-22 07:05:13
2026-03-22 07:05:15.431997+00:00,4431518.073299277,3097976.1723941816,3370567.1020881236,1785875.9814821573,5,"E07,E21,E29,E34,G11",25.03154943220469,47.9013655744493,10.672755564878976,29.696299388774964,32.11118576268033,34.95654529430776,-590.1306744655594,26.566045539267265,2026-03-22 07:05:15
2026-03-22 07:05:17.431997+00:00,4431510.837128928,3098023.440121143,3370542.2060882985,1785872.7822926063,5,"E07,E21,E29,E34,G11",24.895875134922946,47.64322581514716,10.662805006646058,29.69354243415608,32.11089417434186,34.956999736851124,-585.4484657002613,26.955569835915917,2026-03-22 07:05:17
2026-03-22 07:05:19.431997+00:00,4431500.2774102995,3098065.6728516803,3370515.331950154,1785868.643727781,5,"E07,E21,E29,E34,G11",25.338683532530403,48.49214195087552,10.65285873737182,29.69079379832305,32.110614362152155,34.95743062742209,-586.568077868782,25.579926148923075,2026-03-22 07:05:19
2026-03-22 07:05:21.431997+00:00,4431496.845020438,3098114.6422466277,3370498.477073157,1785869.8971953625,5,"E07,E21,E29,E34,G11",27.067080105818697,51.80146524310112,10.642853713084273,29.688013965271363,32.11036457970301,34.95787674705308,-574.1442697485909,25.951251512504417,2026-03-22 07:05:21
2026-03-22 07:05:23.431997+00:00,4431481.358612954,3098156.57026855,3370465.394030925,1785860.507059659,5,"E07,E21,E29,E34,G11",26.024239963284227,49.80718030780554,10.632949298411466,29.685276734275583,32.11005752744848,34.95833489819585,-582.1313789887354,27.804116252884683,2026-03-22 07:05:23
2026-03-22 07:05:25.431997+00:00,4431473.477426198,3098202.047522467,3370439.0853561303,1785857.6538631057,5,"E07,E21,E29,E34,G11",25.041001756070376,47.92681281641126,10.623014473358483,29.6825166845998,32.10976259442064,34.95877769464011,-579.5150492424145,26.563321036563686,2026-03-22 07:05:25
2026-03-22 07:05:27.431997+00:00,4431459.396650659,3098240.240009434,3370407.503424636,1785851.1807892213,5,"E07,E21,E29,E34,G11",25.864550728212347,49.504507541656494,10.613101948501734,29.679774970158046,32.109471743747775,34.95919486606747,-587.5405659964308,25.760205246731704,2026-03-22 07:05:27
2026-03-22 07:05:29.431997+00:00,4431987.044163666,3098718.8988786875,3371279.0010898723,1786664.2616833232,5,"E19,E27,G11,G24,G29",69.24311195792582,109.62199697643518,24.748610347282355,44.939708076414675,32.11274095378764,34.96014790057788,474.31006061472,562.8131109901186,2026-03-22 07:05:29
2026-03-22 07:05:31.431997+00:00,4431439.0717170015,3098329.0424819416,3370357.21819336,1785845.7569800687,5,"E07,E21,E29,E34,G11",25.226832179314687,48.286737482994795,10.593202474816973,29.674245943335897,32.1089235227745,34.96008945854383,-585.2779444940388,570.5141366980484,2026-03-22 07:05:31
2026-03-22 07:05:33.431996+00:00,4431435.086370113,3098375.728943246,3370336.5432433663,1785849.263378587,5,"E07,E21,E29,E34,G11",24.047967540222686,46.03157154843211,10.583237997729103,29.671464002563727,32.10865299473049,34.96051908960452,-576.3740482898429,25.607444421254968,2026-03-22 07:05:33
2026-03-22 07:05:35.431996+00:00,4431426.990144677,3098422.1678430825,3370312.0687395893,1785849.6668358843,5,"E07,E21,E29,E34,G11",25.528566555040083,48.86704043671489,10.573294975084146,29.668690285649312,32.10837027004854,34.96097152760731,-572.4631864987314,26.55711589886353,2026-03-22 07:05:35
2026-03-22 07:05:37.431996+00:00,4431412.659204273,3098461.052909701,3370284.5546305245,1785847.2622369905,5,"E07,E21,E29,E34,G11",26.40249109575385,50.5413414388895,10.56335393223509,29.665931023901088,32.10810956675819,34.96139622136579,-578.1620189007372,24.8719242141568,2026-03-22 07:05:37
2026-03-22 07:05:39.431996+00:00,4430176.86312918,3098136.429480575,3369455.63432694,1784725.5240238195,5,"E15,E21,E29,G11,G24",128.93560920865556,203.76569401845336,31.985596757769034,45.240052349968494,32.10752356830117,34.96608183491561,-2034.171882437542,761.5249798343169,2026-03-22 07:05:39
2026-03-22 07:05:41.431996+00:00,4431397.610587379,3098554.845663839,3370234.7235625335,1785849.745343404,5,"E07,E21,E29,E34,G11",24.730486026629368,47.34324183315039,10.543488637545881,29.66037403681896,32.107530364988904,34.96230208242182,-569.5688338819891,753.7036048962465,2026-03-22 07:05:41
2026-03-22 07:05:43.431996+00:00,4430424.344042239,3099226.9193451293,3369994.5868503563,1785477.2482103815,5,"E13,E27,G12,G24,G29",57.1897941479483,73.75588873401284,27.26130497791135,47.693502243021996,32.10767267157948,34.974048786508355,-1046.514115119353,603.4476865287135,2026-03-22 07:05:43
2026-03-22 07:05:45.431996+00:00,4430416.7660649195,3099265.4744611313,3369974.9165861267,1785477.4840112138,5,"E13,E27,G12,G24,G29",54.160517867504,69.86816192790866,27.272335287966506,47.69572202410399,32.10744621116157,34.97442959884073,-1043.5088731897995,21.9706736642357,2026-03-22 07:05:45
2026-03-22 07:05:47.431996+00:00,4431734.594558937,3099471.3243723814,3370362.312414958,1786219.0103611413,5,"E13,E27,E30,G25,G32",8.73381820245259,18.736687120050192,11.596502373448416,32.01234018953379,32.10466393396059,34.96821358777028,177.05897207558155,694.4641196276589,2026-03-22 07:05:47
2026-03-22 07:05:49.431996+00:00,4431714.966478236,3099513.6922938875,3370331.9937593215,1786215.5440857192,5,"E13,E27,E30,G25,G32",8.552210414898214,18.3473488278687,11.596942578175101,32.01573603342857,32.104393047548164,34.96870060234835,167.88963443227112,27.8366808561199,2026-03-22 07:05:49
2026-03-22 07:05:51.431996+00:00,4431369.493906787,3098784.0665394166,3370123.3253226625,1785875.3006645928,5,"E07,E21,E29,E34,G11",28.21869679527339,54.02791375294328,10.493764821475262,29.646421265963426,32.10616013797261,34.96446327556944,-537.0290879942477,416.9075304155703,2026-03-22 07:05:51
2026-03-22 07:05:53.431996+00:00,4431708.228134908,3098961.9711169363,3370217.7960602366,1786139.3564152683,5,"E07,E21,E29,G11,G19",32.02999535403337,56.82809277996421,10.484052042704791,28.61480445802578,32.10506259003044,34.96395127888713,-165.3168308744207,197.05052414361444,2026-03-22 07:05:53
2026-03-22 07:05:55.431996+00:00,4431693.566393409,3099006.2770927497,3370191.707884485,1786138.1605156048,5,"E07,E21,E29,G11,G19",32.69600428415305,58.02265853062272,10.47411594322199,28.610888846430083,32.10479919315752,34.9644250016232,-167.85254151932895,26.732840620723195,2026-03-22 07:05:55
2026-03-22 07:05:57.431996+00:00,4430089.160290122,3098535.753977101,3369232.3605138254,1784737.0402697287,5,"E15,E21,E29,G11,G24",130.9951854366222,206.76716762036085,31.899849567442363,45.22431289989447,32.10506476491073,34.97008271751274,-2019.8587851068005,963.8280868774523,2026-03-22 07:05:57
2026-03-22 07:05:59.431996+00:00,4430067.815977135,3098576.322897025,3369206.6357252225,1784730.9597597986,5,"E15,E21,E29,G11,G24",131.84156147576422,208.07425024360418,31.890277889421853,45.222554464737044,32.10484056800955,34.970564700415984,-2028.6502849906683,26.282987412824312,2026-03-22 07:05:59
2026-03-22 07:06:01.431996+00:00,4430035.615550929,3098614.9199813823,3369173.5038758847,1784714.7180108908,5,"E15,E21,E29,G11,G24",133.80921264857747,211.15022183954716,31.880694372638104,45.2208204154044,32.104607836531486,34.971095503153244,-2049.8708982393146,30.101170281589845,2026-03-22 07:06:01
2026-03-22 07:06:03.431996+00:00,4430036.9013267895,3098667.478494671,3369167.877305681,1784728.2066856106,5,"E15,E21,E29,G11,G24",131.18572823664303,206.98140189051628,31.871068218223982,45.21899009631178,32.104415362067996,34.97154414112201,-2026.450636281632,26.43723146888176,2026-03-22 07:06:03
2026-03-22 07:06:05.431997+00:00,4430012.733003851,3098707.0085409554,3369145.4611009574,1784722.2240723001,5,"E15,E21,E29,G11,G24",132.83162372730112,209.54884923249483,31.86146530651696,45.21721250947911,32.10423039011897,34.97203425226173,-2035.947112230584,25.73526752280223,2026-03-22 07:06:05
2026-03-22 07:06:07.431997+00:00,4429994.792390817,3098750.7749112556,3369129.1427921047,1784722.7498768694,5,"E15,E21,E29,G11,G24",134.54306961006307,212.21883737295866,31.851837935629053,45.2154127051611,32.10405590559759,34.97252332148316,-2035.822724073194,25.018233196541093,2026-03-22 07:06:07
2026-03-22 07:06:09.431997+00:00,4431158.0640900545,3099712.5759738074,3369472.3990825852,1785685.6361990988,5,"E15,E29,E34,G12,G25",56.86624111204563,97.09321378916502,17.47964394732566,37.87444479938927,32.099466957391556,34.973809128429025,-578.932314530015,773.9649880852827,2026-03-22 07:06:09
2026-03-22 07:06:11.431997+00:00,4429950.043523218,3098839.1091477415,3369094.7473796643,1784716.5462335644,5,"E15,E21,E29,G11,G24",133.93651962701574,211.20222429186106,31.832532542191807,45.21181439875157,32.103726124661456,34.97356228396122,-2042.2735101142898,768.9081211135913,2026-03-22 07:06:11
2026-03-22 07:06:13.431997+00:00,4431045.843543546,3099197.634621763,3369854.2675335854,1785766.5930316853,5,"E07,E21,E29,G11,G24",37.7082968654498,73.65733917057514,10.383773505319695,38.077357439535675,32.10423981620249,34.97001974937967,-703.9190701218322,690.3240297655923,2026-03-22 07:06:13
2026-03-22 07:06:15.431997+00:00,4429917.235693256,3098925.264989164,3369083.218905063,1784727.8177201583,5,"E15,E21,E29,G11,G24",130.6909119404532,206.02544356510043,31.813181032932278,45.208122539957934,32.10353015094247,34.97450978236481,-2029.3392917327583,696.8602593139791,2026-03-22 07:06:15
2026-03-22 07:06:17.431997+00:00,4429888.713701659,3098968.484718361,3369070.169195437,1784723.381057547,5,"E15,E21,E29,G11,G24",128.24789113867678,202.1451488994062,31.80347150218154,45.20630124340978,32.1034237038192,34.97505837752562,-2035.085932453163,26.70086102474215,2026-03-22 07:06:17
2026-03-22 07:06:19.431997+00:00,4429861.3429042315,3099010.0103261606,3369063.4600405516,1784722.1647260839,5,"E15,E21,E29,G11,G24",132.2308518810584,208.3930797353387,31.79374321585486,45.2044541731966,32.10336583933843,34.975585267005826,-2037.4860332347453,25.092575665994342,2026-03-22 07:06:19
2026-03-22 07:06:21.431997+00:00,4429817.641702055,3099048.9290487166,3369038.784548378,1784702.2330551294,5,"E15,E21,E29,G11,G24",132.22271882715532,208.35011968016624,31.784033593827665,45.202668786778304,32.10324199615974,34.976188728468635,-2062.0346720321104,31.754298728939254,2026-03-22 07:06:21
2026-03-22 07:06:23.431997+00:00,4429771.042314466,3099087.6985091725,3369022.88675919,1784681.179142659,5,"E15,E21,E29,G11,G24",132.71251423776525,209.09154581651092,31.77425763638753,45.20085163092177,32.10319702025509,34.97680850415487,-2084.001998935826,31.334141478512016,2026-03-22 07:06:23
2026-03-22 07:06:25.431997+00:00,4427437.800406675,3098189.451366136,3368356.7014148594,1782940.4878742453,5,"E15,E21,E29,G06,G12",183.49522969516846,252.7095234543085,29.865225493839024,40.88492014910174,32.10974281412777,34.98318623663539,-4493.643745071255,1293.7028873786667,2026-03-22 07:06:25
2026-03-22 07:06:27.431997+00:00,4431546.2049921425,3100008.386301965,3370746.7361807716,1786668.338681452,5,"E19,E27,G11,G24,G29",75.3316445970722,119.72478353604674,24.728674391544534,44.92961357377122,32.10686491441581,34.97402003908762,511.3567196149379,2544.5912599541625,2026-03-22 07:06:27
2026-03-22 07:06:29.431997+00:00,4430991.8411683915,3100243.014755063,3369841.648162741,1785994.3940295074,5,"E13,E27,E30,G12,G25",99.14036481878011,140.96382033452392,24.695034088403542,41.924805392332054,32.10148344306542,34.97942364692319,-240.50644373055547,543.4965686343554,2026-03-22 07:06:29
2026-03-22 07:06:31.431997+00:00,4431295.70754748,3100450.1752588837,3370050.4396029906,1786200.2691321562,5,"E13,E27,E30,G25,G32",15.858999706336519,34.03287165239453,11.605884677346438,32.08735318858906,32.10131612736047,34.979376369696716,181.96246326435357,211.44982632121534,2026-03-22 07:06:31
2026-03-22 07:06:33.431996+00:00,4431447.3933863705,3100137.820595316,3370741.3779127095,1786649.0749148915,5,"E19,E27,G11,G24,G29",72.0287025905457,114.51740525662899,24.72646000391831,44.92837995992173,32.10685644595938,34.97574371642559,502.7720171753317,386.642721184447,2026-03-22 07:06:33
2026-03-22 07:06:35.431996+00:00,4429578.625238997,3099349.625658655,3369000.613086702,1784639.055598493,5,"E15,E21,E29,G11,G24",129.1822652436318,203.34993909299374,31.715511000747505,45.18964139282969,32.103062794651485,34.9802520617577,-2102.196959488094,1336.3951348947683,2026-03-22 07:06:35
2026-03-22 07:06:37.431996+00:00,4429543.156763745,3099395.1829111325,3368993.572239912,1784626.718632107,5,"E15,E21,E29,G11,G24",131.10109519685466,206.3396673500538,31.70570340012591,45.18777786264013,32.10302310042542,34.98086316322404,-2108.4318317063153,29.081994057897216,2026-03-22 07:06:37
2026-03-22 07:06:39.431996+00:00,4429509.15767741,3099442.2073002104,3368996.674221736,1784617.8676240875,5,"E15,E21,E29,G11,G24",131.81320803615705,207.4294109530747,31.695837612886198,45.18587791601105,32.10305110709776,34.98147807710898,-2107.5434917975217,29.05534946854761,2026-03-22 07:06:39
2026-03-22 07:06:41.431996+00:00,4429478.404302622,3099484.7551421314,3369002.159008702,1784605.9612428157,5,"E15,E21,E29,G11,G24",131.44867180120758,206.82471596077085,31.686005188084494,45.183963147278064,32.10309687439027,34.98203439820862,-2105.309667630121,26.392100148737633,2026-03-22 07:06:41
2026-03-22 07:06:43.431996+00:00,4429462.999736987,3099538.9134131023,3369006.623410693,1784604.8246017233,5,"E15,E21,E29,G11,G24",129.95600471854337,204.445289734751,31.676196276918088,45.18205294701518,32.10304263891623,34.982598274178926,-2087.3261670060456,28.24159097016691,2026-03-22 07:06:43
2026-03-22 07:06:45.431996+00:00,4429423.394650837,3099576.5552350804,3368998.883439926,1784584.2882291763,5,"E15,E21,E29,G11,G24",131.1769330949779,206.33487939089537,31.666414432097078,45.18017723647595,32.10303559631566,34.98316577887311,-2100.6458438467234,27.59246617388835,2026-03-22 07:06:45
2026-03-22 07:06:47.431996+00:00,4429390.264301754,3099615.5926143746,3368997.542581349,1784566.7860467173,5,"E15,E21,E29,G11,G24",130.09169564112096,204.59684798121452,31.656625725599294,45.17827626505141,32.10304818270886,34.98370606081834,-2105.392811778933,25.609250839757436,2026-03-22 07:06:47
2026-03-22 07:06:49.431996+00:00,4429356.598106253,3099656.0805668803,3368990.547356688,1784547.1887467706,5,"E15,E21,E29,G11,G24",131.80640723355395,207.26207287609577,31.646855633298504,45.17639315134189,32.10301567545533,34.984262195333756,-2112.8117251582444,26.55946246468558,2026-03-22 07:06:49
2026-03-22 07:06:51.431996+00:00,4429339.897298216,3099700.612963288,3368992.791579173,1784537.5944981407,5,"E15,E21,E29,G11,G24",131.28591064994623,206.4121073745191,31.637108703256274,45.17447374820209,32.10297601520305,34.984750358242245,-2101.5811725920066,23.80697299886397,2026-03-22 07:06:51
2026-03-22 07:06:53.431996+00:00,4429738.531450676,3100122.4085827805,3369655.97665587,1785008.1344002653,5,"E07,E15,E21,E29,G24",163.98119089459558,326.0279037952423,10.17939945133388,36.67539877324668,32.10531833558388,34.98599040869772,-1267.6052664620802,440.63453623280077,2026-03-22 07:06:53
2026-03-22 07:06:55.431996+00:00,4431700.40676917,3099459.539891868,3368029.0335530913,1783902.4967574559,5,"E15,E27,E30,G24,G32",107.68384744215466,157.81869744881988,11.619328089622089,40.38945387823186,32.08700359412489,34.96831886362868,-1092.1539964331314,1316.7472732447857,2026-03-22 07:06:55
2026-03-22 07:06:57.431996+00:00,4426842.533648018,3099266.876114682,3369351.8335712138,1783567.9860109037,5,"E07,E15,E27,G06,G12",50.906392247638415,73.92940106242895,10.151433214105511,41.42921648603851,32.11672455897881,34.996164315939524,-3854.3995339358225,2519.218652687847,2026-03-22 07:06:57
2026-03-22 07:06:59.431996+00:00,4428503.135321161,3099701.8347407635,3368684.765062707,1783839.7028889118,5,"E15,E21,E29,E34,G24",140.08919743562703,286.0882976166904,17.335447572757108,38.09975785795081,32.103905527818156,34.98984621699224,-2845.403752490878,920.83756959216,2026-03-22 07:06:59
2026-03-22 07:07:01.431996+00:00,4430235.58006045,3100572.201161651,3369342.400002278,1785229.6446130075,5,"E15,E21,E29,E34,G12",168.49637911073978,268.6997006945312,17.31983144759987,38.392661093360985,32.09973428128012,34.9868753174524,-870.8213500119746,1023.6437606712777,2026-03-22 07:07:01
2026-03-22 07:07:03.431996+00:00,4429589.76188823,3100325.746132562,3369656.7743533095,1784919.060590714,5,"E07,E15,E21,E29,G24",166.2859663839447,330.44604804366827,10.128545795776509,36.65013066360381,32.105349794576526,34.98865973271786,-1271.663158364594,379.6881699235482,2026-03-22 07:07:03
2026-03-22 07:07:07.431997+00:00,4430136.246474939,3100686.8893195884,3369339.6886421572,1785179.9959391663,5,"E15,E21,E29,E34,G12",167.57249879274383,267.3808949999511,17.301309470441645,38.39280891026117,32.099788425879765,34.98847441430473,-885.4936816431582,181.9362677658087,2026-03-22 07:07:07
2026-03-22 07:07:09.431997+00:00,4430128.396773706,3100743.242720183,3369355.11372311,1785189.5349228312,5,"E15,E21,E29,E34,G12",164.66213347530424,262.78872641175985,17.29504258381129,38.392783502173174,32.09978222858709,34.98901129371568,-855.370816309005,29.475653896132478,2026-03-22 07:07:09
2026-03-22 07:07:11.431997+00:00,4429019.679894196,3100091.519310539,3368994.2069311617,1784368.8797629015,5,"E15,E21,E29,G11,G24",132.5271309160405,208.03997352346778,31.539139124460277,45.155220243033405,32.10316998191321,34.99009048126434,-2133.190248230472,667.8791496339926,2026-03-22 07:07:11
2026-03-22 07:07:13.431997+00:00,4429489.001953383,3100615.75602365,3369191.3927494367,1784771.5935773042,5,"E15,E21,E29,G12,G25",118.48674325741902,195.4270385429263,31.528179116728836,41.65866737768007,32.10139243938846,34.9917897508936,-1448.0416183583438,365.3661086984372,2026-03-22 07:07:13
2026-03-22 07:07:15.431997+00:00,4430204.629209482,3101101.2172447867,3369427.659247477,1785374.1475903168,5,"E15,E29,E34,G12,G25",63.59228094785998,109.19205992668867,17.275944548710513,37.90430481092617,32.0990533641011,34.99165544154442,-590.0197866177186,448.2233887794431,2026-03-22 07:07:15
2026-03-22 07:07:17.431997+00:00,4428773.726088423,3100278.8167985836,3369048.921707871,1784226.0765296773,5,"E15,E21,E29,G12,G24",20.198220883049284,31.407254427671432,31.50809262031642,46.79038827000735,32.10403917604487,34.99321151650332,-2183.8120344132185,846.6505122655161,2026-03-22 07:07:17
2026-03-22 07:07:19.431997+00:00,4430220.377356127,3100628.588120234,3369942.328748762,1785550.6356564874,5,"E07,E21,E29,E34,G11",24.65696115527893,47.250121872872114,10.04764837707521,29.52095140058221,32.104222514440195,34.987457167586435,-535.1649750443175,867.9452759983978,2026-03-22 07:07:19
2026-03-22 07:07:21.431997+00:00,4430183.601389603,3100654.1683186633,3369972.010785008,1785541.5488188514,5,"E07,E21,E29,E34,G11",21.6642925210034,41.515916761010885,10.037196414337878,29.51801923196367,32.10452338711423,34.98790265862675,-532.4875938920304,26.869320521491968,2026-03-22 07:07:21
2026-03-22 07:07:23.431997+00:00,4430134.345646657,3100676.7642574236,3369993.0533031086,1785524.5284585606,5,"E07,E21,E29,E34,G11",22.779067924762245,43.652886394411325,10.026778892918323,29.51511267410037,32.10481546473948,34.98839807003685,-544.5116870021448,29.066700146440084,2026-03-22 07:07:23
2026-03-22 07:07:25.431997+00:00,4430103.2632542765,3100707.599654157,3370026.721335758,1785521.7802292977,5,"E07,E21,E29,E34,G11",20.15087537053182,38.61688247695565,10.016318022261357,29.512161159474694,32.105109983209864,34.98885459327073,-533.2111188163981,27.615544672802137,2026-03-22 07:07:25
2026-03-22 07:07:27.431997+00:00,4430056.490423559,3100733.104698177,3370048.546470194,1785506.5116098702,5,"E07,E21,E29,E34,G11",21.374488196361487,40.96241147443652,10.005907574407852,29.509245370861684,32.105390290829924,34.98936017991706,-541.6821656525135,28.786027239410302,2026-03-22 07:07:27
2026-03-22 07:07:29.431997+00:00,4430026.357890706,3100768.979639359,3370080.6747839823,1785505.652724167,5,"E07,E21,E29,E34,G11",20.562388460216674,39.40662268921733,9.995471018444857,29.506288159960697,32.105655459891345,34.98985468249492,-528.0919337701052,28.40426679150009,2026-03-22 07:07:29
2026-03-22 07:07:31.431997+00:00,4428952.266073553,3101383.316013204,3369847.4230407034,1785060.4031421097,5,"E13,E27,G12,G24,G29",55.02910827275959,71.91813455149531,27.84413263257012,47.81156178191342,32.106402349319836,35.001714845751195,-1098.9388050362468,629.5809693054155,2026-03-22 07:07:31
2026-03-22 07:07:33.431996+00:00,4428901.942454369,3101411.476073551,3369869.6601109197,1785045.626651292,5,"E13,E27,G12,G24,G29",58.00119403893377,75.81881453469396,27.854718443225053,47.81371561931157,32.10669242199628,35.00226517022219,-1108.3548351591453,30.90285892230094,2026-03-22 07:07:33
2026-03-22 07:07:35.431996+00:00,4428872.162936563,3101432.913915898,3369901.1884893817,1785039.780018262,5,"E13,E27,G12,G24,G29",54.09034587929366,70.72183584794402,27.865418418830053,47.81585000436712,32.106991291885805,35.002632270745046,-1101.8437253367156,24.189044078410785,2026-03-22 07:07:35
2026-03-22 07:07:37.431996+00:00,4430197.96797378,3101658.357929769,3370368.9837270505,1785816.6812405265,5,"E13,E27,E30,G25,G32",8.322307768164622,17.867060482501984,11.620572143386084,32.202023813009944,32.10473944385879,34.99653157583393,176.26563578750938,711.9368624545141,2026-03-22 07:07:37
2026-03-22 07:07:39.431996+00:00,4428802.331030068,3101499.9901781515,3369944.02447294,1785031.1981481118,5,"E13,E27,G12,G24,G29",56.78625112059919,74.2788746394217,27.886694940338774,47.82013336336629,32.10740832757685,35.00363898732094,-1094.9367725653574,733.7358501293531,2026-03-22 07:07:39
2026-03-22 07:07:41.431996+00:00,4430127.321810824,3101719.356950354,3370415.6630224492,1785800.0027345212,5,"E13,E27,E30,G25,G32",7.045705403660483,15.126710630953312,11.621505596825793,32.20902093936964,32.10520570694571,34.99749024939096,181.68729684129357,711.717161381176,2026-03-22 07:07:41
2026-03-22 07:07:43.431996+00:00,4426794.382379953,3099811.6316849105,3368536.675573219,1782967.012497806,5,"E15,E21,E29,E34,G11",84.86078908438357,121.67817731574178,17.204966608555388,36.76136286933339,32.109184685597505,35.001188374518854,-4056.493911623955,2137.667816373155,2026-03-22 07:07:43
2026-03-22 07:07:45.431996+00:00,4429705.305708057,3101002.424709928,3370258.2533746455,1785433.4020256023,5,"E07,E21,E29,E34,G11",24.095056226530147,46.18137487769127,9.912438574124945,29.482813718840607,32.10763112245084,34.99383194184335,-543.1034209849313,1792.7139186787158,2026-03-22 07:07:45
2026-03-22 07:07:47.431996+00:00,4428323.422792722,3100626.81282067,3369407.7623473774,1784207.3867990903,5,"E15,E21,E29,G11,G24",131.71955777939723,206.16810523346066,31.36060080303031,45.11846735338132,32.10759298927148,34.99897006380638,-2136.503751255572,832.769426448923,2026-03-22 07:07:47
2026-03-22 07:07:49.431996+00:00,4429501.844438719,3100369.6201807526,3372281.2404307825,1785104.0063112008,5,"E15,E21,E29,G11,G24",157.7483432571381,246.86938103288412,31.343602097311198,45.10622236278918,32.125622284475675,34.989574874203406,83.87820133939385,1558.1801825841721,2026-03-22 07:07:49
2026-03-22 07:07:51.431996+00:00,4428275.345941056,3100711.1288907067,3369448.28676445,1784213.889729737,5,"E15,E21,E29,G11,G24",131.46879665422927,205.70655774325132,31.340796031828123,45.1143601340127,32.10785959767191,34.999994360160684,-2107.3591907322407,1552.945044047908,2026-03-22 07:07:51
2026-03-22 07:07:53.431996+00:00,4429579.25776452,3101170.910603829,3370304.9140008623,1785422.4898259912,5,"E07,E21,E29,E34,G11",22.781218022569732,43.664758678525686,9.871497004751992,29.471039077923894,32.10801936917869,34.99606043683848,-523.9197915159166,813.2335902519075,2026-03-22 07:07:53
2026-03-22 07:07:55.431996+00:00,4429541.502713425,3101207.740049932,3370312.9373011193,1785414.7035754914,5,"E07,E21,E29,E34,G11",23.463061688349303,44.97202556580305,9.861273233218748,29.468106537539683,32.108127668216305,34.996609565818964,-527.9613557225093,26.675013263606782,2026-03-22 07:07:55
2026-03-22 07:07:57.431996+00:00,4426574.149281018,3100100.6921371487,3368627.796464399,1782952.1297368633,5,"E15,E21,E29,E34,G11",83.65904142333493,120.1536660976708,17.161754683667667,36.76201497924064,32.109951126837835,35.00503805983104,-4020.414674206637,1793.7698510118596,2026-03-22 07:07:57
2026-03-22 07:07:59.431996+00:00,4426540.608052908,3100142.671754,3368630.9863874963,1782950.011117364,5,"E15,E21,E29,E34,G11",83.71310083419004,120.26009338721633,17.155540563534146,36.762104504621064,32.109991777891295,35.005606614134436,-4021.5920928707346,26.914112578049924,2026-03-22 07:07:59
2026-03-22 07:08:01.431996+00:00,4429437.877809025,3101330.8570392095,3370331.6963584316,1785402.8401370093,5,"E07,E21,E29,E34,G11",25.054041750786887,48.022524904459715,9.830702125335643,29.459289517188658,32.10833940304797,34.99830799385887,-530.0818209331483,1781.7386674914674,2026-03-22 07:08:01
2026-03-22 07:08:03.431996+00:00,4428374.4732406605,3101961.271847526,3370065.691992282,1784962.4880852425,5,"E13,E27,G12,G24,G29",56.48568942819764,74.07609879598022,28.01452129959223,47.84596033047709,32.108749322989475,35.01024391002886,-1102.9659117497504,632.2599207159159,2026-03-22 07:08:03
2026-03-22 07:08:05.431997+00:00,4428343.540384143,3102001.4535269663,3370070.395368453,1784960.9726218416,5,"E13,E27,G12,G24,G29",56.243530024207715,73.77412721887231,28.025210244330808,47.848114104489,32.10879619774802,35.01078073639603,-1102.3990111034364,25.463346838480767,2026-03-22 07:08:05
2026-03-22 07:08:07.431997+00:00,4428311.18579862,3102041.167702231,3370077.6585387047,1784958.9416377146,5,"E13,E27,G12,G24,G29",56.30471278196943,73.86988979578018,28.035880057328765,47.850264387423266,32.108869495500606,35.01132214962145,-1101.6846317239106,25.868844984942307,2026-03-22 07:08:07
2026-03-22 07:08:09.431997+00:00,4424884.250585295,3098346.471258654,3368498.0113749737,1781080.1461439573,5,"E13,E27,G06,G12,G25",142.07437578080444,204.35034565627575,29.43486820596173,43.16127827928468,32.120428630368394,35.000079616104976,-6114.106518177316,2640.5469096567135,2026-03-22 07:08:09
2026-03-22 07:08:11.431997+00:00,4427938.769281385,3101120.451052515,3369504.5126763494,1784186.8592419694,5,"E15,E21,E29,G11,G24",130.09273227207302,203.20604225620627,31.242055150957516,45.094187045206006,32.10848536320185,35.00559422017812,-2112.1217242795974,2123.563822397341,2026-03-22 07:08:11
2026-03-22 07:08:13.431997+00:00,4426036.932711278,3101466.5899449913,3369557.5556724425,1783492.6481500014,5,"E13,E27,G06,G12,G25",4.5395878216843775,6.529282014816999,29.422339010082524,43.163531206243405,32.11540839835173,35.0201661363822,-3235.0534600457177,966.9033084690545,2026-03-22 07:08:13
2026-03-22 07:08:15.431997+00:00,4425995.516743035,3101494.182627177,3369564.9750721846,1783486.0910695584,5,"E13,E27,G06,G12,G25",2.6540187259162127,3.8175999894738197,29.413986037842285,43.1673926454079,32.115551835466235,35.02065766544882,-3246.4249671027064,25.157931295292403,2026-03-22 07:08:15
2026-03-22 07:08:17.431997+00:00,4427851.753318323,3101243.3677774584,3369528.853657213,1784187.3715675948,5,"E15,E21,E29,G11,G24",132.15483127682484,206.3193521015346,31.2124577488501,45.08805561994858,32.108675003471944,35.007190373972556,-2099.827935484238,936.7266235266968,2026-03-22 07:08:17
2026-03-22 07:08:19.431997+00:00,4427813.915109914,3101279.5788504775,3369532.6711895787,1784179.9602045666,5,"E15,E21,E29,G11,G24",132.0392864479681,206.10291359573603,31.202591693244337,45.08602084345456,32.108753172068056,35.007734800055246,-2106.4545027650893,26.2561677428407,2026-03-22 07:08:19
2026-03-22 07:08:21.431997+00:00,4425912.082999426,3101622.143036165,3369577.4611515747,1783480.5154518925,5,"E13,E27,G06,G12,G25",0.47374395163193966,0.6816170439124107,29.388655583767903,43.17871450584853,32.11562275531295,35.02227622187066,-3235.4611903987825,966.4783673851589,2026-03-22 07:08:21
2026-03-22 07:08:23.431997+00:00,4425882.765644469,3101665.0969625395,3369581.586080294,1783482.8573603234,5,"E13,E27,G06,G12,G25",2.0452318687553843,2.942902769893408,29.38021848521566,43.18249237095479,32.11565119618724,35.022827511973155,-3232.724109556526,26.084296662906905,2026-03-22 07:08:23
2026-03-22 07:08:25.431997+00:00,4429679.417864497,3102265.9075827487,3371325.030637575,1786263.619046721,5,"E19,E27,G11,G24,G29",79.92449438982753,127.84596418216825,24.683123013941035,44.90009063056314,32.112407549498435,35.00495540953491,619.8122452329844,2110.3992753450666,2026-03-22 07:08:25
2026-03-22 07:08:27.431997+00:00,4429656.159068968,3102304.726045505,3371338.035617368,1786267.7601094488,5,"E19,E27,G11,G24,G29",80.43695655506853,128.6784349679947,24.682255225411993,44.899501606057456,32.11249145616533,35.00543363949902,629.4502507578582,23.5423773206708,2026-03-22 07:08:27
2026-03-22 07:08:29.431997+00:00,4427207.01622099,3099319.5508097145,3369206.913970741,1782731.2664096463,5,"E13,E27,E30,G12,G25",226.20170980070444,320.0283213928342,24.35067587638032,42.19331895703872,32.11403975453348,34.99440557433991,-3652.9614976840094,2205.178640774013,2026-03-22 07:08:29
2026-03-22 07:08:31.431997+00:00,4425437.8559795115,3100612.70410018,3368950.0319144777,1782526.9571864803,5,"E15,E21,E29,G06,G12",166.43887861541114,226.58627891167998,29.34231985428646,40.86081039566226,32.11546942160085,35.01639662920412,-4388.591285117902,1103.1955610292607,2026-03-22 07:08:31
2026-03-22 07:08:33.431996+00:00,4425413.460172229,3100657.7589103505,3368954.9092992125,1782528.7461048183,5,"E15,E21,E29,G06,G12",167.12867632874472,227.47966895624995,29.33383158273589,40.86031267496165,32.11547852373467,35.0169363180332,-4381.023769397289,25.7336494845834,2026-03-22 07:08:33
2026-03-22 07:08:35.431996+00:00,4424521.766554868,3098852.5880982014,3368576.6634957246,1781068.8308903803,5,"E13,E27,G06,G12,G25",143.0540956583187,205.9852917417884,29.32500823191963,43.210411106081665,32.121061582007975,35.006682352669266,-6077.873209964484,1024.308188014547,2026-03-22 07:08:35
2026-03-22 07:08:37.431996+00:00,4428790.288830937,3102170.603178832,3370816.935911106,1785493.1376563138,5,"E19,E27,E30,G11,G24",85.24202377500598,132.29305861517787,24.33309437488676,44.124519945184915,32.11227982943451,35.009532794813126,-313.4386460762471,2926.1035094349295,2026-03-22 07:08:37
2026-03-22 07:08:39.431996+00:00,4427492.198130314,3101656.0120730847,3369575.8404426672,1784143.658825661,5,"E15,E21,E29,G11,G24",131.6359435039026,205.10891577601433,31.104109088586323,45.06550514665197,32.109310955136884,35.012958907474285,-2123.770825835876,934.098687898728,2026-03-22 07:08:39
2026-03-22 07:08:41.431996+00:00,4428585.182069275,3101548.111398713,3372526.6187974494,1784969.5379065326,5,"E15,E21,E29,E34,G24",38.76716375453601,78.90858546644449,17.022041823924187,37.87304844797915,32.127855893668126,35.00537672257052,150.85612135380507,1574.2735900571693,2026-03-22 07:08:41
2026-03-22 07:08:43.431996+00:00,4427439.392031412,3101740.129284885,3369593.501735265,1784146.9668619344,5,"E15,E21,E29,G11,G24",131.5582076825661,204.91380719840527,31.084366015432973,45.06134338646156,32.109421861763714,35.01401023187813,-2110.1355070360005,1577.4093777419987,2026-03-22 07:08:43
2026-03-22 07:08:45.431996+00:00,4427390.67301984,3101773.13248115,3369593.4405001523,1784129.3493700565,5,"E15,E21,E29,G11,G24",129.656554997213,201.91521086543798,31.074467032256795,45.0592902065683,32.10952192043836,35.01459300150195,-2127.925869421102,29.422596766477767,2026-03-22 07:08:45
2026-03-22 07:08:47.431996+00:00,4427362.63845006,3101819.44396053,3369589.245450938,1784129.766358899,5,"E15,E21,E29,G11,G24",131.04319103403012,204.03754168003798,31.06463164012897,45.05724967975867,32.10947254271021,35.01516550412076,-2127.0956855667755,27.149073018591384,2026-03-22 07:08:47
2026-03-22 07:08:49.431996+00:00,4427332.968562659,3101855.854546296,3369612.2379358797,1784126.9998339314,5,"E15,E21,E29,G11,G24",130.51473518320245,203.17770854011178,31.054692379114503,45.055110272528985,32.10966456964959,35.01566200713049,-2117.760349136777,26.1471190477621,2026-03-22 07:08:49
2026-03-22 07:08:51.431996+00:00,4427778.201973492,3102301.728345919,3370309.605203487,1784651.761318939,5,"E07,E15,E21,E29,G24",165.0118795181934,326.07697028294206,9.575418410277619,36.37327640206801,32.1120176290321,35.01682450616156,-1221.5022798320279,469.93545866495975,2026-03-22 07:08:51
2026-03-22 07:08:53.431996+00:00,4433446.398714324,3106148.895913023,3371622.9186813985,1789215.572794558,5,"E07,E15,E27,G24,G29",306.7904581330202,652.2139814533293,9.57578494061182,40.56482088243912,32.08923200959065,35.01574765655279,5278.920477631502,3487.6189898490306,2026-03-22 07:08:53
2026-03-22 07:08:55.431996+00:00,4427721.3038986605,3102387.4906031676,3370317.18190188,1784652.9526275387,5,"E07,E15,E21,E29,G24",166.9713954558662,329.8780040591955,9.555220850208988,36.36307065558912,32.11206297937404,35.01791487165091,-1215.2604075977579,3486.754547237976,2026-03-22 07:08:55
2026-03-22 07:08:57.431996+00:00,4426783.760418787,3099876.521999855,3369280.0263325158,1782688.029332985,5,"E13,E27,E30,G12,G25",227.17032388022014,321.01228027418256,24.271840150962905,42.25410019360272,32.11472932237433,35.00181651270328,-3637.1901234593242,1436.9797126732894,2026-03-22 07:08:57
2026-03-22 07:08:59.431996+00:00,4421699.6924139885,3102215.761952145,3366504.4449099842,1779628.9079957476,5,"E19,E27,G11,G24,G29",171.76568609765647,275.3218240439892,24.64676147444526,44.90230100018111,32.107042173703,35.05307637683135,-7501.664581132121,3123.445343883249,2026-03-22 07:08:59
2026-03-22 07:09:01.431996+00:00,4429213.691395094,3103018.4873389355,3371442.3257708494,1786277.6653766665,5,"E19,E27,G11,G24,G29",84.83847230996678,135.94540562480688,24.66605020855736,44.88924848455408,32.11306223875257,35.01431682488912,724.7774137295783,4513.513490916621,2026-03-22 07:09:01
2026-03-22 07:09:03.431996+00:00,4429155.5058464045,3103051.5910621868,3371422.54172374,1786253.6254104571,5,"E19,E27,G11,G24,G29",81.67839436085546,130.89430287480354,24.66502039248489,44.8886882698265,32.1130485168594,35.01495778037806,689.9854719126597,34.90280464874476,2026-03-22 07:09:03
2026-03-22 07:09:05.431997+00:00,4425275.693795675,3102504.4693933357,3369637.1938112094,1783425.4709903612,5,"E13,E27,G06,G12,G25",0.19632663927926536,0.2829851135611534,29.20171224444485,43.261545341307475,32.11614967055819,35.03380835347371,-3216.143570130691,2152.8894710683885,2026-03-22 07:09:05
2026-03-22 07:09:07.431997+00:00,4425254.11771249,3102555.888096989,3369632.494895844,1783428.7361740263,5,"E13,E27,G06,G12,G25",2.1766424998287386,3.1376600861549377,29.19311134582724,43.26523108158182,32.11605691621796,35.0343860097065,-3208.6043051565066,27.979859973829072,2026-03-22 07:09:07
2026-03-22 07:09:09.431997+00:00,4425221.646133447,3102588.766357971,3369618.3221024275,1783419.212982251,5,"E13,E27,G06,G12,G25",1.204282377222486,1.7361287735402584,29.184498856561355,43.26895247949394,32.11598560834998,35.03486903339307,-3222.672133585438,24.167393136022515,2026-03-22 07:09:09
2026-03-22 07:09:11.431997+00:00,4425202.190657486,3102637.412154491,3369611.511927984,1783422.411950428,5,"E13,E27,G06,G12,G25",0.711462637706818,1.0257464684545994,29.17585271799395,43.27262374413645,32.11587602222206,35.03540971049933,-3216.1320392088965,26.416413173883875,2026-03-22 07:09:11
2026-03-22 07:09:13.431997+00:00,4425175.865964573,3102684.79335899,3369605.096556519,1783426.1857167934,5,"E13,E27,G06,G12,G25",0.07508653406157653,0.10826405137777328,29.167261018716893,43.27632571740206,32.11579991228211,35.035981215437786,-3214.760298919864,27.290680587817477,2026-03-22 07:09:13
2026-03-22 07:09:15.431997+00:00,4425144.968606601,3102728.0196457854,3369595.7717562164,1783425.199831391,5,"E13,E27,G06,G12,G25",1.7463937645378014,2.5182490944862366,29.15867919258888,43.280041342003166,32.115730966867005,35.036544483692055,-3220.12626221776,26.972720017083194,2026-03-22 07:09:15
2026-03-22 07:09:17.431997+00:00,4425128.31237457,3102775.3996712053,3369587.9397353,1783427.1309206735,5,"E13,E27,G06,G12,G25",0.9001962240947966,1.2981587573885918,29.149987770644383,43.28369609447514,32.1156060568506,35.037057130978795,-3212.802338176407,25.41474683065895,2026-03-22 07:09:17
2026-03-22 07:09:19.431997+00:00,4425098.43674523,3102822.19401744,3369581.4329862306,1783432.7273833586,5,"E13,E27,G06,G12,G25",1.9037691349263717,2.745610672980547,29.141413479771256,43.287410553465165,32.11554480330976,35.0376451507035,-3214.225709911436,27.949069087666782,2026-03-22 07:09:19
2026-03-22 07:09:21.431997+00:00,4425086.985996616,3102876.5406478285,3369581.409650108,1783444.7413384442,5,"E13,E27,G06,G12,G25",0.7502034805133929,1.0820256471633911,29.132725733847288,43.29105884319192,32.11543993384198,35.03818658139241,-3195.752101715654,27.769931684154297,2026-03-22 07:09:21
2026-03-22 07:09:23.431997+00:00,4425383.693948381,3103387.4929542085,3369017.107411843,1783255.0931289736,5,"E27,G06,G12,G24,G29",24.703908686144008,37.408731225878,28.43892235960116,47.41787286408422,32.108555343959885,35.04081552251733,-3041.478078506887,408.5171000540705,2026-03-22 07:09:23
2026-03-22 07:09:25.431997+00:00,4425038.345141705,3102962.3187539224,3369559.969646272,1783447.48696018,5,"E13,E27,G06,G12,G25",1.9239603908699534,2.775379978120327,29.115395980904015,43.298417759337156,32.11523089495874,35.039227193321416,-3199.169603800401,385.59639016412547,2026-03-22 07:09:25
2026-03-22 07:09:27.431997+00:00,4428247.796836873,3103765.4707315746,3370354.100154088,1785522.0130408988,5,"E13,E27,E30,G12,G25",100.95785763281205,142.49680821225047,24.194322919800673,42.31224642842996,32.10648693992407,35.02667093300817,-160.57925580535084,1701.1963838916568,2026-03-22 07:09:27
2026-03-22 07:09:29.431997+00:00,4428544.21998076,3103979.594213171,3370550.7379727555,1785735.933775207,5,"E13,E27,E30,G25,G32",9.549689572397046,20.51372278854251,11.631832520710383,32.39395234861577,32.10623653457287,35.02672611130364,253.6475301394239,207.5945431201861,2026-03-22 07:09:29
2026-03-22 07:09:31.431997+00:00,4428548.218723695,3103730.6109542255,3370213.9889364233,1785675.58747096,5,"E13,G06,G12,G25,G32",71.75669025787684,154.38274869322777,11.63367381058347,33.60611678863111,32.10433337619692,35.02454162351279,-43.60150879062712,209.40902956340682,2026-03-22 07:09:31
2026-03-22 07:09:33.431996+00:00,4428526.57719402,3104079.384959469,3370507.698310873,1785754.2932569415,5,"E13,E27,E30,G25,G32",8.442150783949476,18.134892743080854,11.631742259765845,32.40058311581252,32.10570250212408,35.02769914605045,267.0516326231882,228.24168525760598,2026-03-22 07:09:33
2026-03-22 07:09:35.431996+00:00,4428511.513757286,3104125.339550081,3370482.998289903,1785759.3517165456,5,"E13,E27,E30,G25,G32",10.527231082032912,22.614103108644485,11.631712183961898,32.40391622269101,32.10544652995803,35.028189427331746,265.81842904072255,27.15153108247157,2026-03-22 07:09:35
2026-03-22 07:09:37.431996+00:00,4428492.791832781,3104171.313045007,3370455.8675366337,1785763.2287413536,5,"E13,E27,E30,G25,G32",9.720024274803992,20.880257964134216,11.63166730902539,32.407255420512215,32.10518629421323,35.02870211761022,260.7653357544914,28.28493621090836,2026-03-22 07:09:37
2026-03-22 07:09:39.431996+00:00,4428487.691714289,3104219.995622206,3370435.2630656525,1785777.406411736,5,"E13,E27,E30,G25,G32",8.310868812006278,17.853286527097225,11.63162593776566,32.410562481394116,32.10491499674133,35.02915547201924,269.9470568774268,26.554419386324476,2026-03-22 07:09:39
2026-03-22 07:09:41.431996+00:00,4428145.846540545,3103496.0228397446,3370241.7854269044,1785452.66641149,5,"E07,E21,E29,E34,G11",20.827147534239028,39.91505932435393,9.328604480214464,29.310162719389705,32.10677039468001,35.02495302228298,-421.98873573727906,411.83379816748356,2026-03-22 07:09:41
2026-03-22 07:09:43.431996+00:00,4427042.136136293,3104097.1447552214,3369907.210859273,1784965.7896814363,5,"E13,E27,G12,G24,G29",55.619937413864676,73.65768530592322,28.550091599353767,47.9534162836072,32.10689260197294,35.03688208870213,-1073.0749530997127,650.2815457603219,2026-03-22 07:09:43
2026-03-22 07:09:45.431996+00:00,4427031.941274537,3104144.579527651,3369882.6928581707,1784976.7790891528,5,"E13,E27,G12,G24,G29",55.0342544735843,72.89540422335267,28.560946411998682,47.95557291335503,32.106614747682706,35.03735567893301,-1070.1092778779566,27.180531726465787,2026-03-22 07:09:45
2026-03-22 07:09:47.431996+00:00,4427022.519628102,3104196.9310973017,3369862.1538264058,1784990.7416394034,5,"E13,E27,G12,G24,G29",55.513150051645965,73.5430795699358,28.571749506205563,47.957718418885534,32.106350724724315,35.0378672217051,-1062.100977487862,28.510112645674234,2026-03-22 07:09:47
2026-03-22 07:09:49.431996+00:00,4427004.338905508,3104243.674044244,3369834.48940624,1784994.5018162285,5,"E13,E27,G12,G24,G29",55.73330720963569,73.84813870489597,28.582577458387547,47.95988396858492,32.10608207691195,35.03838338728263,-1066.6816887706518,28.638967797398642,2026-03-22 07:09:49
2026-03-22 07:09:51.431996+00:00,4428401.828710309,3104511.6068448103,3370288.8862818214,1785828.557226499,5,"E13,E27,E30,G25,G32",10.530825836325526,22.623153492808342,11.631177344760488,32.430512719720056,32.10333160315485,35.03220738746052,274.3892322881147,746.8671670185938,2026-03-22 07:09:51
2026-03-22 07:09:53.431996+00:00,4428383.214582139,3104559.834743866,3370261.2895744955,1785833.57327703,5,"E13,E27,E30,G25,G32",9.053963964796397,19.450579423457384,11.631078631468919,32.433844097355696,32.1030611654231,35.03273895792757,270.26346741989255,29.30014620325706,2026-03-22 07:09:53
2026-03-22 07:09:55.431996+00:00,4426962.750533135,3104394.3350145523,3369758.4740312523,1785020.114646053,5,"E13,E27,G12,G24,G29",55.349141191495505,73.37870486453176,28.615019168394422,47.96635086962073,32.10524987734982,35.03994356843184,-1062.6545500010252,757.9465260562268,2026-03-22 07:09:55
2026-03-22 07:09:57.431996+00:00,4428039.075608566,3103896.4248650195,3370048.8385643344,1785524.4314711846,5,"E07,E21,E29,E34,G11",21.70704936967535,41.59644706174731,9.250638905616961,29.286047883915437,32.10461391626731,35.02907646584725,-403.92838086001575,610.4714872708878,2026-03-22 07:09:57
2026-03-22 07:09:59.431996+00:00,4428017.549465907,3103938.5409558527,3370017.10956532,1785527.4070540385,5,"E07,E21,E29,E34,G11",19.22997758727077,36.84913992509246,9.240934984824152,29.283051055750274,32.10434013904968,35.029572790642305,-415.2448916248977,28.477488053431053,2026-03-22 07:09:59
2026-03-22 07:10:01.431996+00:00,4428007.182528271,3103992.405574006,3369995.914908455,1785539.9590079142,5,"E07,E21,E29,E34,G11",19.514115475560324,37.3929878026247,9.231185657886837,29.2800154600474,32.104070716143376,35.03010317686627,-407.5094166798517,29.402737816204098,2026-03-22 07:10:01
2026-03-22 07:10:03.431996+00:00,4427989.013583252,3104031.7521795696,3369968.116912175,1785548.0684652,5,"E07,E21,E29,E34,G11",20.521932967304604,39.32352167740464,9.221459000670839,29.27700757355126,32.103821408399206,35.0305550514503,-415.7537459740415,25.743904762475065,2026-03-22 07:10:03
2026-03-22 07:10:05.431997+00:00,4427976.481175587,3104083.17431414,3369946.0035363324,1785559.576923328,5,"E07,E21,E29,E34,G11",19.380207866786268,37.13514298573136,9.211712041899252,29.273973465917333,32.10356018201242,35.03107741014556,-411.1952142799273,28.68054770451306,2026-03-22 07:10:05
2026-03-22 07:10:07.431997+00:00,4427973.758600969,3104138.543216451,3369929.303887429,1785578.8235232544,5,"E07,E21,E29,E34,G11",19.287142916789502,36.956144481897354,9.201954475922959,29.270916851437978,32.103290954066274,35.031574343046806,-395.0355459097773,28.948255686596912,2026-03-22 07:10:07
2026-03-22 07:10:09.431997+00:00,4427954.669288921,3104177.1194778737,3369904.1311532995,1785586.261642666,5,"E07,E21,E29,E34,G11",19.87012737916328,38.07254917174578,9.192205792794764,29.267900091212418,32.10306742802033,35.03202512521788,-402.8963715201244,24.930886082146618,2026-03-22 07:10:09
2026-03-22 07:10:11.431997+00:00,4426500.376397993,3103768.451973503,3368980.9673266276,1784308.1528861823,5,"E15,E21,E29,G11,G24",130.96897666613987,202.29057991877198,30.655252588417017,44.97044816600398,32.102846475501025,35.0373261312249,-2100.941781084053,885.1847819250876,2026-03-22 07:10:11
2026-03-22 07:10:13.431997+00:00,4426841.794050648,3104819.457812618,3369553.401640009,1785120.381653373,5,"E13,E27,G12,G24,G29",53.50696773239069,71.04811207205057,28.712377010331064,47.98570284489548,32.10298768145689,35.044367736490244,-1048.7592574460432,622.2660866812806,2026-03-22 07:10:13
2026-03-22 07:10:15.431997+00:00,4428236.880089408,3105084.8747192854,3370018.580516901,1785961.1128621367,5,"E13,E27,E30,G25,G32",9.036851710202015,19.41525761038065,11.630013389203134,32.470389822084776,32.10033687593019,35.03818332334603,295.11529652401805,747.1784554900464,2026-03-22 07:10:15
2026-03-22 07:10:17.431997+00:00,4424661.800028768,3104197.492090313,3368959.9502241067,1783673.5165676903,5,"E13,E27,G06,G12,G25",1.2324250866805158,1.781277570873499,28.885429949397615,43.3914612041549,32.108722154515256,35.05223938171812,-3178.4752429248765,1916.3339653492458,2026-03-22 07:10:17
2026-03-22 07:10:19.431997+00:00,4424634.141614817,3104235.541206277,3368942.541086138,1783680.0722263232,5,"E13,E27,G06,G12,G25",1.9482773326235698,2.8161354921758175,28.87664291669813,43.39511156199469,32.10859289049013,35.05273795840072,-3188.397218313068,25.078881418074612,2026-03-22 07:10:19
2026-03-22 07:10:21.431997+00:00,4428175.389488633,3105211.8102846867,3369977.64185229,1785994.1640280522,5,"E13,E27,E30,G25,G32",4.134291520696535,8.882509857416153,11.62983728122061,32.4804590361078,32.09991617265074,35.03965834135012,292.44752887263894,1908.2040911123156,2026-03-22 07:10:21
2026-03-22 07:10:23.431997+00:00,4424600.211881622,3104325.3171988376,3368927.2804198028,1783709.45817441,5,"E13,E27,G06,G12,G25",0.2545263344846852,0.3679581433534622,28.85899937195595,43.40236721943118,32.10836218909052,35.053723592012624,-3176.360706260428,1915.1386406594668,2026-03-22 07:10:23
2026-03-22 07:10:25.431997+00:00,4424564.261988806,3104364.9348442936,3368917.9018452615,1783712.5757177714,5,"E13,E27,G06,G12,G25",3.0600300904138233,4.42407913506031,28.850314915811484,43.40607441473121,32.108322522753326,35.05428626017731,-3186.999352327548,27.15653827991904,2026-03-22 07:10:25
2026-03-22 07:10:27.431997+00:00,4426318.003447119,3104111.6688927836,3368885.734045752,1784388.6870665133,5,"E15,E21,E29,G11,G24",131.87079744628554,203.35441071167588,30.577091507888763,44.953300704998604,32.101889882506235,35.041414004930296,-2111.1156164743006,886.1133550691021,2026-03-22 07:10:27
2026-03-22 07:10:29.431997+00:00,4426285.829113634,3104145.7229357003,3368878.7692282395,1784392.3861075412,5,"E15,E21,E29,G11,G24",130.22004569574386,200.76787712424994,30.567288493709434,44.95112722256128,32.10186920733654,35.04190527443434,-2120.568211453967,23.682135973921707,2026-03-22 07:10:29
2026-03-22 07:10:31.431997+00:00,4427720.723070628,3104646.3098150287,3369795.297638183,1785714.6959789826,5,"E07,E21,E29,E34,G11",20.38887908441574,39.058814223855734,9.083540543202204,29.234288322175832,32.10186312544298,35.03751851487939,-394.835371135734,887.3460736666151,2026-03-22 07:10:31
2026-03-22 07:10:33.431996+00:00,4427685.86511673,3104681.2349982,3369806.621505105,1785723.1303813367,5,"E07,E21,E29,E34,G11",19.58127257293933,37.51105400547385,9.07343122541755,29.231203429392245,32.10199032521725,35.03803352863822,-396.0091834841296,25.31342477141334,2026-03-22 07:10:33
2026-03-22 07:10:35.431996+00:00,4426190.0255015,3104259.985044994,3368897.840939666,1784421.8981769385,5,"E15,E21,E29,G11,G24",131.28572181656466,202.28628193959594,30.53757563679544,44.944471037994006,32.102076451945784,35.04347970187841,-2121.300450584851,900.1207965723574,2026-03-22 07:10:35
2026-03-22 07:10:37.431996+00:00,4427638.644532617,3104763.640743133,3369829.945416764,1785757.061431295,5,"E07,E21,E29,E34,G11",18.51786588814869,35.47260866314173,9.053297080488447,29.224997750601556,32.10212706124536,35.039035637494656,-376.28778348863125,897.3551297854415,2026-03-22 07:10:37
2026-03-22 07:10:39.431996+00:00,4426123.399513061,3104327.7290671854,3368923.2321185777,1784442.5312686448,5,"E15,E21,E29,G11,G24",131.77155056071453,202.95111054182053,30.517725844907503,44.93997501366363,32.102345505507465,35.04447295074035,-2121.0626603998244,909.4112743451898,2026-03-22 07:10:39
2026-03-22 07:10:41.431996+00:00,4427897.254586622,3105606.2192414496,3370027.7749573607,1786112.3451775522,5,"E13,E27,E30,G25,G32",10.313580037054109,22.160147931426764,11.629692883408621,32.51445296433828,32.10030515690987,35.04477105288773,318.02470517903566,1224.8585459548824,2026-03-22 07:10:41
2026-03-22 07:10:43.431996+00:00,4427863.074127097,3105636.1672132914,3370045.6676643062,1786122.742465244,5,"E13,E27,E30,G25,G32",11.316896859935527,24.316074032336473,11.629772543711756,32.517895969862494,32.10049352964607,35.04523872235357,318.39521572738886,24.41993956096796,2026-03-22 07:10:43
2026-03-22 07:10:45.431996+00:00,4427821.077458713,3105654.104077879,3370058.3076837356,1786122.4607493647,5,"E13,E27,E30,G25,G32",7.459970338170441,16.028989497572184,11.629936198807451,32.5213703768563,32.10070549157044,35.04564976813317,304.711344210431,23.691883408229717,2026-03-22 07:10:45
2026-03-22 07:10:47.431996+00:00,4427479.180967651,3104928.7382385354,3369915.304207876,1785811.1983319393,5,"E07,E21,E29,E34,G11",19.2382846436323,36.849251590669155,9.002578865582922,29.20947476046559,32.10295060736798,35.041437883297725,-361.22545730881393,407.277180061361,2026-03-22 07:10:47
2026-03-22 07:10:49.431996+00:00,4427754.750317521,3105720.0281359777,3370092.083635921,1786138.758493467,5,"E13,E27,E30,G25,G32",7.558397191981122,16.240684513002634,11.630015592411626,32.528236961158555,32.10104231209505,35.0466250283205,308.7291463557631,428.17319350997604,2026-03-22 07:10:49
2026-03-22 07:10:51.431996+00:00,4425919.009874297,3104522.765793551,3369025.4910514303,1784496.6247046697,5,"E15,E21,E29,G11,G24",129.5520897520258,199.28391690924764,30.45803243841563,44.926337802372245,32.1033922257088,35.047409083323885,-2113.592598054558,1218.7083154688592,2026-03-22 07:10:51
2026-03-22 07:10:53.431996+00:00,4425888.855901807,3104557.5002617673,3369046.717896996,1784506.5571018595,5,"E15,E21,E29,G11,G24",129.6557251962758,199.40155540034175,30.44806657259216,44.92404232958947,32.10357715721231,35.0478939760761,-2106.326595512219,25.329450802839094,2026-03-22 07:10:53
2026-03-22 07:10:55.431996+00:00,4427348.706816741,3105064.5385037675,3369989.042150137,1785847.7464167522,5,"E07,E21,E29,E34,G11",16.87029507735996,32.311042208224535,8.961980362457675,29.19701397876755,32.1036521995526,35.04340965485086,-346.4749750578776,905.0176062850642,2026-03-22 07:10:55
2026-03-22 07:10:57.431996+00:00,4427300.796158195,3105094.8715196266,3370001.7963721403,1785846.5568900888,5,"E07,E21,E29,E34,G11",18.154163149638762,34.76932204514742,8.951831883025822,29.193919723219942,32.10385415966079,35.04396426027046,-358.16988748311996,29.061113332078573,2026-03-22 07:10:57
2026-03-22 07:10:59.431996+00:00,4427272.0860643685,3105140.482424899,3370012.817964754,1785858.4552072051,5,"E07,E21,E29,E34,G11",19.54320066618345,37.428828842937946,8.94177720920345,29.19079763670546,32.103925490029596,35.044534581896805,-350.03798622544855,27.504998050421005,2026-03-22 07:10:59
2026-03-22 07:11:01.431996+00:00,4427122.445683515,3105716.09124093,3369540.127058665,1785651.2990369194,5,"E15,E29,E34,G12,G25",75.72657928049574,132.66456174477935,16.555875309531565,37.99081685437328,32.099317192136425,35.0504378573703,-425.0050890315324,379.85340770290986,2026-03-22 07:11:01
2026-03-22 07:11:03.431996+00:00,4423983.635665388,3105061.532297747,3369147.5587141532,1783905.006184135,5,"E13,E27,G06,G12,G25",1.6729778203182124,2.4220077991485596,28.68530288139606,43.47728939188714,32.11043799842535,35.06386636616122,-3128.5723228501156,1615.1382019123382,2026-03-22 07:11:03
2026-03-22 07:11:05.431997+00:00,4423956.633646462,3105118.7124864957,3369150.76121265,1783918.0163480146,5,"E13,E27,G06,G12,G25",1.2057743988325607,1.7457452341914177,28.67657794255222,43.48096152242408,32.11041092485323,35.06452694756287,-3117.7659643916413,31.658075585343063,2026-03-22 07:11:05
2026-03-22 07:11:07.431997+00:00,4423483.505847603,3104204.9667004338,3368747.7582499813,1783145.7352223305,5,"E13,E21,G06,G12,G32",131.84532408454766,284.11382560804486,11.638437327831909,34.19248920206353,32.11170602380343,35.05947917134535,-4104.623226358555,552.5379316207878,2026-03-22 07:11:07
2026-03-22 07:11:09.431997+00:00,4427440.768471345,3106136.8055148385,3370199.9906053874,1786223.326162981,5,"E13,E27,E30,G25,G32",3.891572034960885,8.362284142524004,11.629208371199748,32.562289795062924,32.101951399963035,35.05214988478206,351.083005188033,2318.4535520577224,2026-03-22 07:11:09
2026-03-22 07:11:11.431997+00:00,4423578.510530765,3104126.7688771277,3368564.85383998,1783069.049511812,5,"E15,E21,E29,G06,G12",145.2308208174985,194.2012318968773,28.646557868845147,40.81195598626702,32.11015043381507,35.058221912402075,-4174.024084467441,2325.4545752444465,2026-03-22 07:11:11
2026-03-22 07:11:13.431997+00:00,4423566.455001715,3104178.2135393247,3368565.3344268044,1783082.2371236994,5,"E15,E21,E29,G06,G12",147.86455354592348,197.6738401390612,28.637656197388797,40.811216001390726,32.11005969820355,35.058741807456016,-4157.097254901193,26.420257440788976,2026-03-22 07:11:13
2026-03-22 07:11:15.431997+00:00,4425566.014957532,3105036.6143336305,3369080.30452692,1784575.8314003611,5,"E15,E21,E29,G11,G24",133.5540350176922,204.91830123960972,30.339012125350553,44.89932630534595,32.10378171649911,35.05401582882666,-2079.2720586741343,1118.065980229628,2026-03-22 07:11:15
2026-03-22 07:11:17.431997+00:00,4423518.0287351115,3104274.6292393226,3368538.795172192,1783086.1237067897,5,"E15,E21,E29,G06,G12",144.9838188861839,193.72684683650732,28.61991410893734,40.80975460372288,32.10978132655373,35.059873491413754,-4157.868605475873,1125.6221871070547,2026-03-22 07:11:17
2026-03-22 07:11:19.431997+00:00,4423496.498933319,3104321.900276766,3368532.3507597647,1783091.8157359846,5,"E15,E21,E29,G06,G12",145.45221984546592,194.3041676580906,28.611040797429034,40.80902828285291,32.10968635181175,35.060414858265396,-4153.221045562066,26.170660087906942,2026-03-22 07:11:19
2026-03-22 07:11:21.431997+00:00,4423470.15097421,3104366.3844426423,3368518.380215538,1783091.2107188953,5,"E15,E21,E29,G06,G12",144.45034397184313,192.91761668026447,28.602163984524353,40.808302888705576,32.10956044428965,35.06096138238515,-4157.270106775686,26.777939002440256,2026-03-22 07:11:21
2026-03-22 07:11:23.431997+00:00,4426841.536026717,3105811.853380636,3370313.0178802223,1786004.2981539809,5,"E19,E27,E30,G11,G24",93.39869631006353,141.62029720842838,23.863339095195194,43.79582200494727,32.106060273592014,35.0529777646328,-162.47321288380772,2041.8338552924208,2026-03-22 07:11:23
2026-03-22 07:11:25.431997+00:00,4426793.9996564165,3105850.0389373247,3370293.4182345276,1785988.5381053356,5,"E19,E27,E30,G11,G24",90.9024749507205,137.79484912753105,23.8578240451149,43.791831049307135,32.10599195015077,35.053598238363485,-187.27566955797374,32.02338736125924,2026-03-22 07:11:25
2026-03-22 07:11:27.431997+00:00,4426765.472378632,3105894.586895905,3370278.8755251146,1785985.5816515628,5,"E19,E27,E30,G11,G24",90.04966334064878,136.46261454746127,23.852206488634884,43.78778576525926,32.10587015269055,35.05415822133923,-193.1132653746754,27.43089767275776,2026-03-22 07:11:27
2026-03-22 07:11:29.431997+00:00,4426755.908799361,3105951.7089567697,3370276.260401092,1785998.9622769258,5,"E19,E27,E30,G11,G24",89.95457159452768,136.27928690612316,23.84652925845681,43.78369318801127,32.105730446370515,35.05471185993168,-173.34382615052164,28.98806116123134,2026-03-22 07:11:29
2026-03-22 07:11:31.431997+00:00,4426726.269524367,3105996.762736618,3370278.0876253755,1786004.7976423835,5,"E19,E27,E30,G11,G24",89.96501522605095,136.25553533807397,23.840928410573113,43.779637422990746,32.10573666654007,35.05528299385523,-171.00513085070997,26.97993907252591,2026-03-22 07:11:31
2026-03-22 07:11:33.431996+00:00,4426681.423746111,3106039.8671006556,3370246.8325353237,1785981.9263855282,5,"E19,E27,E30,G11,G24",89.62820313849329,135.70540192350745,23.83542152732108,43.77564376729754,32.10555519430432,35.05592976122921,-197.74135566782206,34.806664328114785,2026-03-22 07:11:33
2026-03-22 07:11:35.431996+00:00,4426665.43768843,3106095.7116996655,3370240.4535053964,1785992.8778497074,5,"E19,E27,E30,G11,G24",91.46979420276641,138.453588552773,23.829784148900437,43.77156398333163,32.10541544365107,35.05651139601379,-185.04579365160316,29.218424416700188,2026-03-22 07:11:35
2026-03-22 07:11:37.431996+00:00,4423556.920437744,3105863.527993475,3368982.496026948,1783934.5631337846,5,"E13,E27,G06,G12,G25",0.10801297842273788,0.15655003860592842,28.534654763163136,43.53891231223689,32.108641600462356,35.07342361116795,-3121.830364845693,1680.717539387303,2026-03-22 07:11:37
2026-03-22 07:11:39.431996+00:00,4425224.638442074,3105598.1268918295,3368931.9322154503,1784554.807105273,5,"E15,E21,E29,G11,G24",132.68017300759576,203.04934504628181,30.220857055706983,44.87260925590728,32.102441328660035,35.060965312560135,-2121.6232597008348,844.7303986708562,2026-03-22 07:11:39
2026-03-22 07:11:41.431996+00:00,4426723.279845943,3106126.6699960507,3369852.7907884778,1785908.4195077121,5,"E07,E21,E29,E34,G11",19.592140262448446,37.50157830491662,8.734725526371975,29.12538296074182,32.10214177249662,35.0564278897993,-335.8994775004685,918.3224354669251,2026-03-22 07:11:41
2026-03-22 07:11:43.431996+00:00,4426689.925214007,3106172.4162801853,3369842.2454866148,1785905.599346019,5,"E07,E21,E29,E34,G11",16.924795454454483,32.39502439647913,8.724886184136643,29.122259353900212,32.102066134740355,35.057027632133,-342.37394504621625,28.794345691085486,2026-03-22 07:11:43
2026-03-22 07:11:45.431996+00:00,4426662.9180675885,3106223.253181469,3369830.3998264596,1785904.1273276315,5,"E07,E21,E29,E34,G11",17.31423367391109,33.139418322592974,8.715085527795676,29.11912628534276,32.10194164320576,35.05763289531337,-342.660513157025,29.385779529822855,2026-03-22 07:11:45
2026-03-22 07:11:47.431996+00:00,4426634.883353328,3106275.0174556943,3369818.588086484,1785897.6850479688,5,"E07,E21,E29,E34,G11",16.394883843579567,31.378818199038506,8.705283707947169,29.11599140737392,32.10181888617629,35.058252453498156,-343.1897980403155,30.02083647631389,2026-03-22 07:11:47
2026-03-22 07:11:49.431996+00:00,4426611.26093445,3106330.0260221246,3369809.7852342217,1785895.7964561523,5,"E07,E21,E29,E34,G11",17.585932189054322,33.65735599398613,8.695474181562071,29.112843186675924,32.10169287160965,35.0588732937612,-337.48134846333414,30.254963486776457,2026-03-22 07:11:49
2026-03-22 07:11:51.431996+00:00,4426580.028314228,3106379.735350482,3369794.7927867784,1785885.7682669724,5,"E07,E21,E29,E34,G11",17.35901478874875,33.22202564403415,8.685691873353507,29.109714220159923,32.10156401188985,35.05949448910614,-342.9171814220026,30.29549212344951,2026-03-22 07:11:51
2026-03-22 07:11:53.431996+00:00,4426553.584142453,3106428.2233038866,3369780.6308581843,1785880.2041635427,5,"E07,E21,E29,E34,G11",16.504157619759916,31.58497330918908,8.675918709916553,29.106578807542764,32.10142607118365,35.060075948040556,-345.1851079771295,28.508490260480528,2026-03-22 07:11:53
2026-03-22 07:11:55.431996+00:00,4425006.710986319,3105999.493840007,3368831.876903385,1784516.799556794,5,"E15,E21,E29,G11,G24",133.60438402040316,204.10337244346738,30.141941616926438,44.854601527754696,32.101426473963166,35.06577387014581,-2130.5759045137092,932.303542457329,2026-03-22 07:11:55
2026-03-22 07:11:57.431996+00:00,4423011.040398314,3105263.3579541445,3368312.7821622244,1783064.0227882923,5,"E15,E21,E29,G06,G12",139.23977340034116,185.10899382457137,28.442126898862732,40.79473569923952,32.10731954925106,35.07154162121943,-4148.340666214004,1094.7666975873015,2026-03-22 07:11:57
2026-03-22 07:11:59.431996+00:00,4424847.389999782,3106210.419977262,3368828.1939777923,1784419.1939371144,5,"E15,E21,E29,G12,G24",28.24417524113072,45.85847997665405,30.12079034192275,46.485038068736735,32.10144251165983,35.06857359064699,-2140.3401534361765,1064.7482888071077,2026-03-22 07:11:59
2026-03-22 07:12:01.431996+00:00,4424808.032663527,3106250.667392082,3368807.2407140397,1784398.955886661,5,"E15,E21,E29,G12,G24",29.252832033993315,47.51016083359718,30.11095968855655,46.482794458914924,32.101325956948365,35.069162354799865,-2159.1735643008724,30.032871901654033,2026-03-22 07:12:01
2026-03-22 07:12:03.431996+00:00,4424791.879275919,3106302.909076153,3368804.8645671024,1784398.3150675653,5,"E15,E21,E29,G12,G24",27.95942479439113,45.4229169562459,30.101085811081457,46.48050209454526,32.10122728097156,35.06971386239818,-2146.2085700212047,27.36682097008157,2026-03-22 07:12:03
2026-03-22 07:12:05.431997+00:00,4426414.551411491,3106712.9948332985,3369714.568092187,1785839.9221513583,5,"E07,E21,E29,E34,G11",17.174473844335324,32.861258048564196,8.617207482293486,29.087683367672504,32.10068276407164,35.06339179190326,-338.11702581401914,952.4694302881352,2026-03-22 07:12:05
2026-03-22 07:12:07.431997+00:00,4422900.131757594,3105500.9696623175,3368263.2924010484,1783030.216445419,5,"E15,E21,E29,G06,G12",137.7693952781295,182.91346637904644,28.397308137723936,40.79081856520266,32.10672175505098,35.07427901777062,-4135.878160038963,1995.391668976288,2026-03-22 07:12:07
2026-03-22 07:12:09.431997+00:00,4422880.246009267,3105551.5252164593,3368251.773120575,1783022.1330358025,5,"E15,E21,E29,G06,G12",136.84320439359402,181.63580447807908,28.38831560962295,40.790012742782004,32.10657242422333,35.074838821678966,-4131.177948101424,27.76689064208074,2026-03-22 07:12:09
2026-03-22 07:12:11.431997+00:00,4422869.549684306,3105599.716019452,3368246.713371394,1783021.3849195559,5,"E15,E21,E29,G06,G12",137.29750830001785,182.19005724415183,28.379259229863937,40.78919462051846,32.10644291422181,35.07532211936107,-4117.824726358056,24.8111160699206,2026-03-22 07:12:11
2026-03-22 07:12:13.431997+00:00,4422845.928683566,3105640.089455863,3368231.4138605,1783009.354673534,5,"E15,E21,E29,G06,G12",136.81169439521076,181.49681867286563,28.37024271434937,40.78840427846758,32.10630740870315,35.07581632951572,-4122.678557840176,24.607118264737466,2026-03-22 07:12:13
2026-03-22 07:12:15.431997+00:00,4422820.48665226,3105684.181099857,3368215.5095490576,1782994.7589703295,5,"E15,E21,E29,G06,G12",136.04087844901085,180.42610677331686,28.361247949491702,40.787609573996825,32.106164177720046,35.07635389441876,-4127.305895528756,26.66606996518012,2026-03-22 07:12:15
2026-03-22 07:12:17.431997+00:00,4422812.620470881,3105731.0650048596,3368212.4511923995,1782994.2864072595,5,"E15,E21,E29,G06,G12",137.21204259511057,181.930151052773,28.35216028210395,40.786782297693414,32.10604245482383,35.07680860234135,-4111.562092918903,23.818747359989363,2026-03-22 07:12:17
2026-03-22 07:12:19.431997+00:00,4422802.97614897,3105777.3307239227,3368207.061342304,1782989.6723119025,5,"E15,E21,E29,G06,G12",136.93903245882396,181.5189968086779,28.343072318783435,40.78595408593198,32.105911592399416,35.07726877683559,-4098.590702266432,23.783293451503944,2026-03-22 07:12:19
2026-03-22 07:12:21.431997+00:00,4422779.2303890865,3105817.2151111243,3368188.0855823467,1782971.7872021832,5,"E15,E21,E29,G06,G12",135.85827171586595,180.0378185287118,28.334024350047095,40.7851477027762,32.105749816195306,35.07775949827469,-4105.72147399839,25.073416803838033,2026-03-22 07:12:21
2026-03-22 07:12:23.431997+00:00,4426951.6241243305,3107601.463996138,3370604.0532496492,1786713.087474125,5,"E19,E27,G11,G24,G29",95.00804390916906,153.45521549880505,24.541952235153456,44.81419809842344,32.10292470996722,35.067826986703594,939.3525191610679,2570.472395058286,2026-03-22 07:12:23
2026-03-22 07:12:25.431997+00:00,4426971.1049465425,3107648.956839123,3370617.353998585,1786730.1786456201,5,"E19,E27,G11,G24,G29",95.66892728036427,154.531204380095,24.540656076081728,44.81325631781816,32.102819143069084,35.06812018958979,983.0421968540177,26.514064621902154,2026-03-22 07:12:25
2026-03-22 07:12:27.431997+00:00,4426070.663643834,3107317.3779210555,3369943.8829793353,1785807.8076149456,5,"E19,E27,E30,G11,G24",90.78693959323502,136.38412407785654,23.683061243678388,43.66484110615085,32.10211940861401,35.07072610093692,-160.53710983786732,586.1532078516758,2026-03-22 07:12:27
2026-03-22 07:12:29.431997+00:00,4426056.785180821,3107356.5528277573,3369935.406774734,1785796.032246204,5,"E19,E27,E30,G11,G24",93.84082949310873,140.93138613551855,23.677299696630218,43.66065781987834,32.1020012142495,35.071150282443334,-155.59572834521532,21.208082746556453,2026-03-22 07:12:29
2026-03-22 07:12:31.431997+00:00,4426046.196432411,3107394.5064350534,3369928.00008583,1785787.7389839508,5,"E19,E27,E30,G11,G24",94.60016373382675,142.03123593330383,23.67150537519805,43.65645866199316,32.10188164878955,35.071543845242836,-148.39940269012004,20.04655169975667,2026-03-22 07:12:31
2026-03-22 07:12:33.431996+00:00,4426006.723340048,3107856.492221703,3369064.5966974217,1785445.9730986126,5,"E15,E29,E34,G12,G25",82.80769970167218,146.32344663888216,16.249999046104353,38.01666898074831,32.09416797285154,35.075789898899615,-409.66191498190165,490.0141231783708,2026-03-22 07:12:33
2026-03-22 07:12:35.431996+00:00,4426001.662642758,3107488.1378765684,3369897.2574279336,1785748.6158867455,5,"E19,E27,E30,G11,G24",90.6138305681126,135.96651999279857,23.660206901432886,43.648168699086234,32.10156362541248,35.072626841303226,-150.03656847495586,455.25663816496916,2026-03-22 07:12:35
2026-03-22 07:12:37.431996+00:00,4422911.296104518,3107235.880321188,3368621.1980778347,1783666.0195024887,5,"E13,E27,G06,G12,G25",1.1240897166842987,1.6322536170482635,28.26479468797976,43.64633536295263,32.104631600910494,35.089261525085774,-3093.2795041939244,1676.478950054139,2026-03-22 07:12:37
2026-03-22 07:12:39.431996+00:00,4422891.190628012,3107282.8614376597,3368605.5957275648,1783649.7459360296,5,"E13,E27,G06,G12,G25",2.993993717621931,4.347735937684774,28.25571819014988,43.649882086008915,32.104461739185915,35.089791525643875,-3092.6298805857077,26.715579838450267,2026-03-22 07:12:39
2026-03-22 07:12:41.431996+00:00,4426394.948125075,3108285.098501683,3369676.566509162,1785949.5469378654,5,"E13,E27,E30,G25,G32",5.148214371648948,11.06441618129611,11.615792505735856,32.7157067474936,32.09614076064875,35.07714234433998,393.3169688358903,1899.1954971620303,2026-03-22 07:12:41
2026-03-22 07:12:43.431996+00:00,4424505.319203821,3107062.4567349977,3368554.955273008,1784223.7039373724,5,"E15,E21,E29,G11,G24",131.84110222455396,200.32173208147287,29.90660850684432,44.799280549833256,32.09834944510752,35.07804679987101,-2107.9440645007417,1257.3346923899287,2026-03-22 07:12:43
2026-03-22 07:12:45.431996+00:00,4424492.962770331,3107111.198710063,3368548.4479914894,1784210.9322139327,5,"E15,E21,E29,G11,G24",129.8503877602614,197.25161650776863,29.89679063524147,44.79692435714602,32.09821391308551,35.078544780686684,-2096.238362690434,25.35155959023965,2026-03-22 07:12:45
2026-03-22 07:12:47.431996+00:00,4424465.145785348,3107154.727946023,3368532.3638816546,1784186.5794688154,5,"E15,E21,E29,G11,G24",129.59151043234,196.812973074615,29.886967725219606,44.794600051566896,32.098080201987344,35.079091712308156,-2102.8772365618497,27.05216084711755,2026-03-22 07:12:47
2026-03-22 07:12:49.431996+00:00,4424452.890499407,3107199.5357076786,3368527.0651781945,1784174.2756922604,5,"E15,E21,E29,G11,G24",129.9306453956071,197.28254501149058,29.877166045115636,44.792231689069865,32.09796434404275,35.079554952150616,-2092.373840571381,23.377359754801464,2026-03-22 07:12:49
2026-03-22 07:12:51.431996+00:00,4424430.886300298,3107242.5018568127,3368510.5180371962,1784153.250692797,5,"E15,E21,E29,G11,G24",129.36147959668227,196.3729937337339,29.86738267884094,44.78989966754706,32.09780583906431,35.08006159472397,-2095.50230571907,25.51510643256887,2026-03-22 07:12:51
2026-03-22 07:12:53.431996+00:00,4422771.268640298,3107591.2683343957,3368523.381168243,1783526.0859162728,5,"E13,E27,G06,G12,G25",0.3717455636804203,0.5400521904230118,28.19195261675167,43.674700789264286,32.103453751349186,35.093197162203246,-3069.2564786570147,847.9584738372807,2026-03-22 07:12:53
2026-03-22 07:12:55.431996+00:00,4424404.886533804,3107334.8969908063,3368496.1280211965,1784125.242906643,5,"E15,E21,E29,G11,G24",129.99476156647637,197.24301134422421,29.847773172040007,44.7851639338467,32.097543316349416,35.08102123818749,-2076.1881053140387,826.9184394213603,2026-03-22 07:12:55
2026-03-22 07:12:57.431996+00:00,4424394.944684058,3107387.615020097,3368493.224156089,1784113.6338053443,5,"E15,E21,E29,G11,G24",125.72086060496304,190.7138339355588,29.837921465175675,44.78278173001915,32.09741488709409,35.08153897690402,-2058.95560427662,26.862908541320078,2026-03-22 07:12:57
2026-03-22 07:12:59.431996+00:00,4424365.704578503,3107434.4193592975,3368481.5889656497,1784087.3480486553,5,"E15,E21,E29,G11,G24",122.36040354625457,185.57288406789303,29.8280412866885,44.780430510537535,32.09731172152424,35.0821229695925,-2062.619947067462,28.200210980896422,2026-03-22 07:12:59
2026-03-22 07:13:01.431996+00:00,4424341.602283726,3107467.3277561315,3368451.4897190696,1784059.2162487581,5,"E15,E21,E29,G11,G24",133.38651185141086,202.2483517639339,29.818382512883975,44.77812053989878,32.09708557879557,35.08255516042219,-2079.2990411687642,25.34683333464581,2026-03-22 07:13:01
2026-03-22 07:13:03.431996+00:00,4424315.941646557,3107516.6197930565,3368443.7091220757,1784034.4373605277,5,"E15,E21,E29,G11,G24",128.3913868293807,194.62892968207598,29.808485071532512,44.77575172123876,32.0969909712468,35.08313892318999,-2077.221621367149,28.05668767745361,2026-03-22 07:13:03
2026-03-22 07:13:05.431997+00:00,4424290.926163309,3107559.939634671,3368425.9792532125,1784006.7394271526,5,"E15,E21,E29,G11,G24",130.73981571198738,198.14266869425774,29.79868498101658,44.77340618262038,32.09683425037046,35.0836669639349,-2082.891008795239,26.53643020836513,2026-03-22 07:13:05
2026-03-22 07:13:07.431997+00:00,4422376.20541738,3106849.82918609,3367941.8702434613,1782605.6836567998,5,"E15,E21,E29,G06,G12",134.37934710672536,176.94358444958925,28.124873648327547,40.765731793748856,32.10260304766224,35.08917362660177,-4013.188242454082,1049.377662879199,2026-03-22 07:13:07
2026-03-22 07:13:09.431997+00:00,4425679.3697758755,3108265.0874720607,3369691.3319247463,1785425.4345230362,5,"E19,E27,E30,G11,G24",91.51340147278206,136.63490288332105,23.563637426404885,43.57704691669244,32.09911472044054,35.08132554098685,-104.66671805270016,1998.403548431231,2026-03-22 07:13:09
2026-03-22 07:13:11.431997+00:00,4425666.114345418,3108307.6912319153,3369681.6115061813,1785405.9760076117,5,"E19,E27,E30,G11,G24",94.65961688336365,141.29133409261703,23.557894031318938,43.572815071398544,32.098975101429815,35.081775616472314,-98.27816693112254,22.8323965421343,2026-03-22 07:13:11
2026-03-22 07:13:13.431997+00:00,4425635.912019536,3108357.601710869,3369660.544085565,1785374.2090561287,5,"E19,E27,E30,G11,G24",91.68878209263093,136.81600506976247,23.552325153131655,43.56865502693994,32.09879512702497,35.08239222774224,-106.10942427907139,31.012387079685052,2026-03-22 07:13:13
2026-03-22 07:13:15.431997+00:00,4425624.717578402,3108406.8397616125,3369654.680944365,1785357.2762165663,5,"E19,E27,E30,G11,G24",92.36547498201575,137.78542759642005,23.54661032359578,43.564421208658494,32.09865861776016,35.082887265600775,-93.01147298980504,25.416911584874764,2026-03-22 07:13:15
2026-03-22 07:13:17.431997+00:00,4425599.525552611,3108458.6378262215,3369638.2556668706,1785328.247411636,5,"E19,E27,E30,G11,G24",87.3169422003496,130.21541610360146,23.541016692493695,43.56024068196711,32.098489255520576,35.08348972870188,-93.98259678389877,29.947735312796965,2026-03-22 07:13:17
2026-03-22 07:13:19.431997+00:00,4422265.951038127,3107151.168324707,3367864.511842548,1782463.9453548763,5,"E15,E21,E29,G06,G12",128.90802344415815,169.44911202415824,28.07008681155545,40.76039668128098,32.101613609509485,35.09245946851608,-3983.9746300419793,1998.0216900305948,2026-03-22 07:13:19
2026-03-22 07:13:21.431997+00:00,4422244.918223715,3107199.033246313,3367855.6587642087,1782439.1780408695,5,"E15,E21,E29,G06,G12",130.2187940353338,171.12276608869433,28.060977272490373,40.75951991276129,32.10149650469314,35.093002837286114,-3979.947288519703,26.513237252878564,2026-03-22 07:13:21
2026-03-22 07:13:23.431997+00:00,4422226.243064448,3107246.159904398,3367842.8750679954,1782412.8667057918,5,"E15,E21,E29,G06,G12",128.46502942149138,168.76933182775974,28.05182332680126,40.758626378629,32.10134213652857,35.09352543117293,-3976.733725987375,26.13955988902878,2026-03-22 07:13:23
2026-03-22 07:13:25.431997+00:00,4422206.741664153,3107296.3382818145,3367832.3531562067,1782388.0036830127,5,"E15,E21,E29,G06,G12",129.90662734199645,170.61391771957278,28.042692905411936,40.75773287924621,32.10119988403953,35.09407952868912,-3971.404214164242,27.42665127812995,2026-03-22 07:13:25
2026-03-22 07:13:27.431997+00:00,4422175.199363756,3107338.8321736697,3367810.129237887,1782352.1271081402,5,"E15,E21,E29,G06,G12",129.2710904098134,169.73020929843187,28.033588450404725,40.75686111597027,32.101036607130574,35.09464035717194,-3984.3810846060514,28.69908580771165,2026-03-22 07:13:27
2026-03-22 07:13:29.431997+00:00,4426354.307891512,3109128.1015506242,3370224.984563539,1786075.5019397049,5,"E19,E27,G11,G24,G29",101.4172309601642,164.07747131213546,24.493047832617187,44.783677699222196,32.09816796988189,35.08469732225652,1066.992978548631,2573.8084249756043,2026-03-22 07:13:29
2026-03-22 07:13:31.431997+00:00,4422129.438365409,3107430.6574725155,3367785.8998145657,1782291.5960630116,5,"E15,E21,E29,G06,G12",128.4907259635522,168.60737977176905,28.015328237892025,40.75509009918788,32.10077777628392,35.095715734085346,-3984.251882068813,2582.633022884534,2026-03-22 07:13:31
2026-03-22 07:13:33.431996+00:00,4422116.7250018995,3107482.4222258003,3367782.4919711356,1782270.5161016968,5,"E15,E21,E29,G06,G12",129.19627178966988,169.48356208577752,28.006160552148486,40.75417925675985,32.100658889232946,35.096242209784556,-3969.6626180503517,26.705970980519325,2026-03-22 07:13:33
2026-03-22 07:13:35.431996+00:00,4422095.732773426,3107536.633762969,3367768.5005672146,1782240.7605668958,5,"E15,E21,E29,G06,G12",127.48460184596195,167.1896155551076,27.997022508821043,40.753264518400314,32.10048483371124,35.0968403644153,-3965.243430087343,29.89700571200235,2026-03-22 07:13:35
2026-03-22 07:13:37.431996+00:00,4423255.9942806205,3108151.960150747,3368093.846799061,1783081.3858263593,5,"E15,E21,E29,E34,G12",26.331590556756495,43.86633991077542,16.04461141585023,38.36133109737094,32.0967239201508,35.095105881642226,-2688.4643824175,676.5137654087019,2026-03-22 07:13:37
2026-03-22 07:13:39.431996+00:00,4422647.467602859,3109589.018248664,3366962.5573956543,1782134.9567749654,5,"E15,E29,G06,G12,G25",244.7769283045897,319.89206459000707,27.97608786468148,40.42324945028531,32.086502124224495,35.11127445019726,-3011.1549471849576,963.7500205703028,2026-03-22 07:13:39
2026-03-22 07:13:41.431996+00:00,4422012.937483099,3107663.3386915615,3367751.632880583,1782149.7591567365,5,"E15,E21,E29,G06,G12",131.707075860925,172.5740796327591,27.969762289120375,40.750679684580675,32.10033138716215,35.098443983171734,-3969.877519018948,1087.8315989206912,2026-03-22 07:13:41
2026-03-22 07:13:43.431996+00:00,4424738.913368635,3109440.8977161963,3369863.1375603043,1785214.5441342639,5,"E15,E27,E30,G11,G25",171.13858042144864,275.02206936106086,23.474457089614155,43.95533553740121,32.10087587480351,35.09724624078893,-92.67539749667048,1939.6592888357402,2026-03-22 07:13:43
2026-03-22 07:13:45.431996+00:00,4421949.367104938,3107770.5309828487,3367730.421659189,1782087.0273101318,5,"E15,E21,E29,G06,G12",124.94796059243527,163.6219905614853,27.951671486611833,40.74891187015556,32.10012309564352,35.09976117636266,-3972.9964396236464,1944.2331712045604,2026-03-22 07:13:45
2026-03-22 07:13:47.431996+00:00,4421915.941516702,3107811.787846028,3367722.3018879024,1782055.8387132443,5,"E15,E21,E29,G06,G12",126.97085768324423,166.22157524898648,27.942607764129257,40.74805500021639,32.10007840538123,35.10032275080185,-3980.3814087705687,26.8576311039416,2026-03-22 07:13:47
2026-03-22 07:13:49.431996+00:00,4425189.918047902,3109812.186938939,3369502.0129841543,1785106.6852794527,5,"E15,E27,E30,G24,G29",91.83877163809254,159.4508046992123,23.45503453809161,43.26512656706714,32.095325883965174,35.097717309568004,208.8760430086404,2114.7039062178023,2026-03-22 07:13:49
2026-03-22 07:13:51.431996+00:00,4425130.843918518,3109668.040780644,3368630.3831986245,1784507.7790513204,5,"E15,E29,E34,G12,G25",92.22951217626789,164.19708039984107,15.985722920699539,38.0349727700333,32.08929517353894,35.096827755019646,-365.3698466224596,442.7206655263791,2026-03-22 07:13:51
2026-03-22 07:13:53.431996+00:00,4423682.741267432,3108693.7982747597,3368191.78618309,1783345.6856407423,5,"E15,E21,E29,G11,G24",129.26093902131655,194.78534942865372,29.56160185575604,44.715780084280354,32.09430549500762,35.097203885632574,-2076.714062890969,899.7940167600707,2026-03-22 07:13:53
2026-03-22 07:13:55.431996+00:00,4421343.854942793,3106133.745043588,3366318.528492921,1779747.6697101304,5,"E15,E27,G06,G12,G25",129.69036230431212,200.10782234370708,27.898236764056506,46.50269548929624,32.09621727378851,35.089253212922436,-5940.121730990708,1970.6189484395188,2026-03-22 07:13:55
2026-03-22 07:13:57.431996+00:00,4423601.703594439,3108784.5203907383,3368191.0389180663,1783299.0785536522,5,"E15,E21,E29,G11,G24",131.2362869686855,197.66581247746944,29.54156459123471,44.71086570366276,32.09436755628146,35.098484235671656,-2089.089975109324,1976.7894277765374,2026-03-22 07:13:57
2026-03-22 07:13:59.431996+00:00,4423545.200501064,3108816.089081914,3368174.0493268888,1783259.0711506484,5,"E15,E21,E29,G11,G24",131.42573566747546,197.9030432663858,29.531630466945707,44.70845479765465,32.09437228897935,35.099102227925464,-2121.902960160747,33.45828758271785,2026-03-22 07:13:59
2026-03-22 07:14:01.431996+00:00,4423523.10989351,3108873.4705265714,3368186.397849003,1783257.2383316525,5,"E15,E21,E29,G11,G24",128.58847755024328,193.58333928510547,29.52157328352708,44.70594975136101,32.09439514655905,35.099734337181395,-2102.7016521980986,31.357260448916453,2026-03-22 07:14:01
2026-03-22 07:14:03.431996+00:00,4425400.397674906,3110161.0908515453,3368777.1885733805,1784748.9533213992,5,"E15,E29,G06,G12,G25",116.67583134731846,151.77352223917842,27.848194537722854,40.41742332118905,32.08800213237273,35.09945920749847,139.64870081469417,1175.9261451591217,2026-03-22 07:14:03
2026-03-22 07:14:05.431997+00:00,4423435.261526796,3108953.4675404867,3368183.855921259,1783211.582804063,5,"E15,E21,E29,G11,G24",132.30767192166272,199.08508789539337,29.501566279723523,44.701015864130355,32.09449973393166,35.10096321549074,-2125.971737335436,1190.8140184282247,2026-03-22 07:14:05
2026-03-22 07:14:07.431997+00:00,4423398.896274831,3109002.1920542303,3368189.8781281575,1783203.095221364,5,"E15,E21,E29,G11,G24",131.18862578804604,197.35282745957375,29.491511871501906,44.69852452677998,32.09455406936223,35.10160725114169,-2124.2410350311548,30.548227305116452,2026-03-22 07:14:07
2026-03-22 07:14:09.431997+00:00,4423346.9076544205,3109046.3229068643,3368179.658494039,1783179.0137952166,5,"E15,E21,E29,G11,G24",131.0417274003153,197.0834199488163,29.481487269051176,44.6960861937939,32.094558200114896,35.10230666641789,-2144.205635700375,34.477491671858914,2026-03-22 07:14:09
2026-03-22 07:14:11.431997+00:00,4425455.964388965,3110179.8884987324,3368180.633137244,1784258.9971152954,5,"E15,E30,G06,G12,G25",32.288035137879774,62.07058742642403,23.387892874842645,39.197767563777916,32.0831745294061,35.099283674562656,-129.55712403915823,1197.1938241699634,2026-03-22 07:14:11
2026-03-22 07:14:13.431997+00:00,4421471.958072292,3108433.6918478,3367745.708287745,1781854.3771265107,5,"E15,E21,E29,G06,G12",123.15820803040144,160.60023041814566,27.825392788021936,40.73687581028738,32.10028412607988,35.10842295213296,-3972.67738835793,2185.7875411239206,2026-03-22 07:14:13
2026-03-22 07:14:15.431997+00:00,4425285.892498629,3110659.542889093,3368736.534676729,1784805.7007480126,5,"E15,E29,G06,G12,G32",120.90572921538838,251.8114505596459,11.590566660769932,35.565616060224315,32.08676724607207,35.104476263665475,281.524581794627,2262.865749416845,2026-03-22 07:14:15
2026-03-22 07:14:17.431997+00:00,4419069.823678041,3108995.8296608403,3366118.297884848,1779564.9977339923,5,"E15,E21,E29,G12,G25",178.1616057191742,294.27031921222806,29.430500981008205,42.345628840748184,32.095713628219976,35.12794935991165,-6228.004532927647,3473.5650701588725,2026-03-22 07:14:17
2026-03-22 07:14:19.431997+00:00,4424577.338803568,3109712.5790482806,3369100.426899408,1784412.3459523295,5,"E07,E21,E29,G11,G24",39.69732412243766,74.19797145202756,7.963683785146326,36.84448577781134,32.094933719907836,35.10058545146661,-477.6067597651854,3151.9654979784414,2026-03-22 07:14:19
2026-03-22 07:14:21.431997+00:00,4423153.703314753,3109334.7784571904,3368204.5739568486,1783132.2633679654,5,"E15,E21,E29,G11,G24",129.64962216167737,194.7018154002726,29.42138484658854,44.681081988496054,32.09471113986526,35.105984883726585,-2124.343962902203,861.9779269698648,2026-03-22 07:14:21
2026-03-22 07:14:23.431997+00:00,4423107.86930367,3109372.8346062405,3368197.1485039336,1783103.8398583345,5,"E15,E21,E29,G11,G24",129.2081080571805,193.99085807427764,29.411413147175804,44.67860819772069,32.094729213077514,35.106594140814764,-2141.513838757761,30.017346666212273,2026-03-22 07:14:23
2026-03-22 07:14:25.431997+00:00,4424721.0438040355,3109953.887491938,3369175.937365568,1784533.7115011932,5,"E07,E21,E29,E34,G11",10.86111840269491,20.716912239789963,7.934524096168279,28.861956696245983,32.0942823840316,35.10180156505438,-220.33255402371287,987.1653939775067,2026-03-22 07:14:25
2026-03-22 07:14:27.431997+00:00,4424675.879672271,3109991.2602439276,3369170.1631653146,1784503.9228079154,5,"E07,E21,E29,E34,G11",18.142678977434638,34.60421897098422,7.924740324135053,28.85868900735276,32.09431234361821,35.10240062144426,-236.49729958269745,29.452770573624953,2026-03-22 07:14:27
2026-03-22 07:14:29.431997+00:00,4424644.05521595,3110029.949764072,3369186.128287185,1784485.9994123334,5,"E07,E21,E29,E34,G11",16.36137058702658,31.205012053251266,7.914809717262767,28.8553721934926,32.094452471103445,35.10292982756133,-231.22402089927346,26.28954214830573,2026-03-22 07:14:29
2026-03-22 07:14:31.431997+00:00,4422982.543021661,3109548.0097399196,3368223.4127297765,1783033.1438061676,5,"E15,E21,E29,G11,G24",131.59216113096556,197.37455593049526,29.371398909148642,44.66849733936584,32.09493846649629,35.108876606433064,-2129.067002701573,989.9129006037737,2026-03-22 07:14:31
2026-03-22 07:14:33.431996+00:00,4422931.251081352,3109582.618198049,3368221.278979263,1782999.6707881805,5,"E15,E21,E29,G11,G24",131.17473343876463,196.69952914491296,29.361381799320938,44.665995166402716,32.09502787294741,35.10948925095228,-2148.885165605694,30.95628061950463,2026-03-22 07:14:33
2026-03-22 07:14:35.431996+00:00,4422884.482299926,3109621.685692723,3368226.785472605,1782968.4331150886,5,"E15,E21,E29,G11,G24",130.62216879943068,195.82210226356983,29.351319434142404,44.66346769685837,32.095145638753905,35.11011298754032,-2159.336013287306,30.593747421433932,2026-03-22 07:14:35
2026-03-22 07:14:37.431996+00:00,4423605.577572604,3110675.4769514054,3369002.0349016925,1784046.5857366677,5,"E15,E27,G12,G24,G29",60.43233788491547,100.64125383645296,30.111974391009653,50.94252466175563,32.095337750244006,35.114852271385764,-734.2161621078849,746.9046268525202,2026-03-22 07:14:37
2026-03-22 07:14:39.431996+00:00,4424460.386247482,3110229.998882858,3369235.929484898,1784367.0155886025,5,"E07,E21,E29,E34,G11",14.92598213140782,28.459748059511185,7.865376231277325,28.838824903742136,32.09500171583402,35.10578263536536,-234.6000821068883,495.94739041985446,2026-03-22 07:14:39
2026-03-22 07:14:41.431996+00:00,4424421.119759152,3110265.0909302114,3369252.9541004626,1784339.349117588,5,"E07,E21,E29,E34,G11",13.985685083319515,26.665428020060062,7.8554193560282,28.835505520435714,32.09518900979735,35.10632601026705,-235.67161724809557,27.67284963806599,2026-03-22 07:14:41
2026-03-22 07:14:43.431996+00:00,4422717.331171133,3109761.460459926,3368283.3102652323,1782848.7150620334,5,"E15,E21,E29,G11,G24",131.37045235083045,196.7472385428846,29.31107760806156,44.65320271114863,32.095847683891996,35.112343527890054,-2177.0336285335943,1012.0212905942021,2026-03-22 07:14:43
2026-03-22 07:14:45.431996+00:00,4422674.127578747,3109797.2101711766,3368293.2558909273,1782814.9333507514,5,"E15,E21,E29,G11,G24",131.61072607607818,197.05771919712424,29.30102734733627,44.65064402604911,32.09599453115054,35.11291678770569,-2184.26915090438,28.475900863430606,2026-03-22 07:14:45
2026-03-22 07:14:47.431996+00:00,4424317.430080572,3110370.9264854942,3369314.936752228,1784258.5433928075,5,"E07,E21,E29,E34,G11",11.29420688855455,21.53026856854558,7.825508947161166,28.825505859845833,32.09577736929491,35.10787502801558,-223.0359367839992,1009.1364258817817,2026-03-22 07:14:47
2026-03-22 07:14:49.431996+00:00,4424283.497629864,3110410.820025753,3369330.7512307195,1784235.2825733535,5,"E07,E21,E29,E34,G11",15.042909145856122,28.674863763153553,7.8155916979044635,28.82217208165464,32.09592126666365,35.108427524194234,-218.7125410642475,27.354174706076535,2026-03-22 07:14:49
2026-03-22 07:14:51.431996+00:00,4424253.273233432,3110441.3552334616,3369364.6240166216,1784213.2528264215,5,"E07,E21,E29,E34,G11",10.525959726213687,20.063531205058098,7.805519278713767,28.818812915137578,32.09621438192214,35.10887632215701,-206.7834161631763,27.355432158126362,2026-03-22 07:14:51
2026-03-22 07:14:53.431996+00:00,4422537.6682897275,3109929.8757885196,3368397.9505492016,1782719.3786567189,5,"E15,E21,E29,G11,G24",129.10457831642546,193.111359808594,29.2607146658497,44.64015690686648,32.09696391899302,35.114898664003725,-2158.5575330285355,1017.2719815855976,2026-03-22 07:14:53
2026-03-22 07:14:55.431996+00:00,4422506.177535673,3109960.296045596,3368428.7698064204,1782701.9717114056,5,"E15,E21,E29,G11,G24",130.7013672619835,195.45064725354314,29.25063951708383,44.637510961145935,32.09723904546971,35.1153543352456,-2149.1798341916874,26.771655939841715,2026-03-22 07:14:55
2026-03-22 07:14:57.431996+00:00,4422459.523770655,3109986.41992802,3368443.79897291,1782670.4000742324,5,"E15,E21,E29,G11,G24",130.8540188513671,195.62966104596853,29.240592753361188,44.634916511064134,32.09746479956608,35.11586519839724,-2160.792901248671,27.77096896327492,2026-03-22 07:14:57
2026-03-22 07:14:59.431996+00:00,4422429.878083642,3110021.3805128066,3368473.627652456,1782655.9893875683,5,"E15,E21,E29,G11,G24",130.00382993499065,194.309592358768,29.230506311832176,44.632270481442,32.09771259764431,35.11634898463471,-2148.4495949819684,27.344374972611085,2026-03-22 07:14:59
2026-03-22 07:15:01.431996+00:00,4422384.009404523,3110047.40167636,3368493.915411393,1782630.1673793746,5,"E15,E21,E29,G11,G24",131.442560201865,196.41038490086794,29.220432655752443,44.62965448413084,32.097975740502534,35.11685417810488,-2156.773531805724,28.25168065543967,2026-03-22 07:15:01
2026-03-22 07:15:03.431996+00:00,4424288.727619921,3111325.3248211,3369118.2847595117,1784139.9459327538,5,"E15,E29,G06,G12,G25",122.76354108770799,158.060109321028,27.577172692357475,40.4182203071734,32.091757215808656,35.116320653501255,117.64869479462504,1188.5785761572042,2026-03-22 07:15:03
2026-03-22 07:15:05.431997+00:00,4422300.066310836,3110103.5471336017,3368538.4215814876,1782588.1363923145,5,"E15,E21,E29,G11,G24",130.4803232506798,194.87395619228482,29.200282277248657,44.62440085243551,32.098490184437296,35.1178526288527,-2163.930831464939,1202.4714176849104,2026-03-22 07:15:05
2026-03-22 07:15:07.431997+00:00,4422268.748162048,3110134.32294337,3368568.526023057,1782578.341997278,5,"E15,E21,E29,G11,G24",130.5767374245745,194.9686012379825,29.190206905224496,44.621741630266335,32.09875817823734,35.11831034241378,-2154.6374078309163,26.61885756652393,2026-03-22 07:15:07
2026-03-22 07:15:09.431997+00:00,4422228.93286268,3110163.604127669,3368596.5492451177,1782560.891253472,5,"E15,E21,E29,G11,G24",129.8222889638528,193.79292076826096,29.180101837233664,44.61909054899732,32.09904770416395,35.11880690484969,-2153.0657056234777,28.407511296954752,2026-03-22 07:15:09
2026-03-22 07:15:11.431997+00:00,4422189.882413273,3110193.3926286753,3368621.176025321,1782547.9963377076,5,"E15,E21,E29,G11,G24",129.52093559820005,193.29399099573493,29.17001781126102,44.616446898246394,32.09930687416596,35.11930320479645,-2152.5211186381057,27.471670382087154,2026-03-22 07:15:11
2026-03-22 07:15:13.431997+00:00,4424215.763302453,3111695.843161115,3369201.7024031454,1784203.7285019672,5,"E15,E29,G06,G12,G32",122.68162855610184,255.40536743029952,11.576775979989272,35.50012489946984,32.09165928112658,35.11997572188371,291.98062742780894,1294.0790021211512,2026-03-22 07:15:13
2026-03-22 07:15:15.431997+00:00,4423802.641685032,3110799.0540582263,3369659.3923874954,1783998.8267909207,5,"E07,E21,E29,E34,G11",12.057648769779563,22.967446465045214,7.68548791368405,28.77862526995883,32.09924694447955,35.11472229213871,-188.14640394691378,544.1461861518361,2026-03-22 07:15:15
2026-03-22 07:15:17.431997+00:00,4422070.667452525,3110276.092984097,3368690.4241217263,1782507.5628904914,5,"E15,E21,E29,G11,G24",129.63523919902659,193.31708809360862,29.1398171252862,44.60851066497409,32.10007544597185,35.12074692630133,-2158.02421899233,1026.1728079604698,2026-03-22 07:15:17
2026-03-22 07:15:19.431997+00:00,4422038.326194593,3110308.5798186217,3368718.6911018966,1782503.4211321182,5,"E15,E21,E29,G11,G24",129.8733710349383,193.62284383922815,29.1297331272406,44.605843285582424,32.10032867765217,35.121225721402816,-2149.5795850493014,26.927558142367054,2026-03-22 07:15:19
2026-03-22 07:15:21.431997+00:00,4421991.938992903,3110333.507298077,3368730.78925338,1782485.9345405975,5,"E15,E21,E29,G11,G24",130.6556370647954,194.73946867510676,29.119705874510288,44.60322530568841,32.10053426940387,35.12172463073382,-2163.1430596113205,27.01627741728437,2026-03-22 07:15:21
2026-03-22 07:15:23.431997+00:00,4421956.319982439,3110360.2524756724,3368759.963143816,1782479.9944684533,5,"E15,E21,E29,G11,G24",131.10318593292172,195.3566787056625,29.109629998127534,44.60054798495466,32.100823115587325,35.122173644507356,-2159.2849627435207,26.62298966201247,2026-03-22 07:15:23
2026-03-22 07:15:25.431997+00:00,4420501.483241068,3109958.044173534,3367767.348374179,1781459.5986473483,5,"E15,E29,E34,G11,G25",92.35541094292385,142.34806282818317,15.686063285041794,36.42222137783445,32.10005114442032,35.12755906642769,-3890.7959197396412,903.2725977319925,2026-03-22 07:15:25
2026-03-22 07:15:27.431997+00:00,4420451.3942418005,3109986.3632356403,3367768.9692755123,1781441.7059995898,5,"E15,E29,E34,G11,G25",92.11295794345749,142.0039947256446,15.679378805578494,36.42250550640108,32.1001818378641,35.12811012339117,-3910.834263799712,28.781523792831845,2026-03-22 07:15:27
2026-03-22 07:15:29.431997+00:00,4423543.94887625,3110995.5502870874,3369830.083111169,1783936.0416498054,5,"E07,E21,E29,E34,G11",11.100727657260927,21.135875932872295,7.615601838206553,28.75507089232576,32.10102335860588,35.118001762211236,-180.94591436721385,1925.5221964051593,2026-03-22 07:15:29
2026-03-22 07:15:31.431997+00:00,4423504.507786523,3111021.411428083,3369850.7493527583,1783923.649203744,5,"E07,E21,E29,E34,G11",12.758934793867635,24.291639171540737,7.605648187378492,28.75170862818704,32.10126455345695,35.11846626322916,-184.69013692252338,25.746318736318724,2026-03-22 07:15:31
2026-03-22 07:15:33.431996+00:00,4423463.895163388,3111050.13141485,3369868.350770779,1783909.2018359334,5,"E07,E21,E29,E34,G11",15.097907693696047,28.74303224682808,7.59572237599303,28.748347997927034,32.1014790437748,35.11896268268012,-189.4812370883301,26.38198011010929,2026-03-22 07:15:33
2026-03-22 07:15:35.431996+00:00,4421735.231515058,3110528.158185994,3368897.8118117196,1782416.338828215,5,"E15,E21,E29,G11,G24",129.70887024064902,192.98236483335495,29.04929595898811,44.584550486045586,32.10228032675704,35.124977187477214,-2157.3793544005603,1025.021942661584,2026-03-22 07:15:35
2026-03-22 07:15:37.431996+00:00,4423400.20110477,3111106.314129424,3369926.4508392797,1783889.6202456153,5,"E07,E21,E29,E34,G11",11.452251508962757,21.799823261797428,7.575728410824801,28.741570764661596,32.102017684419124,35.11983778110262,-175.35945910122246,1020.353649306135,2026-03-22 07:15:37
2026-03-22 07:15:39.431996+00:00,4423366.0860675955,3111137.756691927,3369952.803458,1783876.0510148788,5,"E07,E21,E29,E34,G11",9.72722506850759,18.515012569725513,7.565753796098924,28.73818299939169,32.10226604588264,35.12031819813495,-169.66976323537529,26.678319904178153,2026-03-22 07:15:39
2026-03-22 07:15:41.431996+00:00,4421616.557951664,3110607.272617262,3368973.5046598883,1782365.1285216932,5,"E15,E21,E29,G11,G24",130.8030181341878,194.46007666364312,29.01906208922412,44.57649842750605,32.103105854716965,35.12638662451921,-2160.8142748968676,1036.9773524398606,2026-03-22 07:15:41
2026-03-22 07:15:43.431996+00:00,4423297.111857196,3111196.771896499,3369999.878255284,1783847.7162189553,5,"E07,E21,E29,E34,G11",8.112273861106532,15.43913758546114,7.545853960932228,28.73141441906919,32.10273333651429,35.12125003670686,-163.6828490961343,1027.7662169661721,2026-03-22 07:15:43
2026-03-22 07:15:45.431996+00:00,4423240.374942232,3111217.7243524925,3370016.312763511,1783816.5634728896,5,"E07,E21,E29,E34,G11",11.190465745476018,21.296197522431612,7.535889744445869,28.728066857884905,32.10302352845124,35.121777442759665,-184.0489933853969,31.337581242413087,2026-03-22 07:15:45
2026-03-22 07:15:47.431996+00:00,4423201.381367086,3111247.7343785395,3370047.208352179,1783800.7153929546,5,"E07,E21,E29,E34,G11",16.530053718998992,31.455819569528103,7.525864765881808,28.724671052335804,32.103329661743764,35.12227519229436,-180.02144753746688,29.05012033144782,2026-03-22 07:15:47
2026-03-22 07:15:49.431996+00:00,4423169.7155214455,3111269.8585837986,3370078.912446022,1783783.2402917126,5,"E07,E21,E29,E34,G11",15.110727255029511,28.753088913857937,7.515850883930553,28.72127149386614,32.10363498807749,35.12265993987387,-174.3298554616049,24.98677552688932,2026-03-22 07:15:49
2026-03-22 07:15:51.431996+00:00,4423138.655151574,3111304.662027257,3370105.0486664493,1783769.2894532268,5,"E07,E21,E29,E34,G11",15.162001089191582,28.848792552947998,7.505901929706321,28.71786755661003,32.10386044187835,35.12315087499229,-164.99812625907362,26.73540850324013,2026-03-22 07:15:51
2026-03-22 07:15:53.431996+00:00,4423088.329750346,3111320.77710838,3370124.5873438125,1783738.3824181615,5,"E07,E21,E29,E34,G11",14.020333441994108,26.674863550812006,7.495933616987827,28.714505857274617,32.104162548270644,35.1235972964512,-181.62790230754763,28.16958360296374,2026-03-22 07:15:53
2026-03-22 07:15:55.431996+00:00,4423059.304855814,3111346.400624273,3370157.711456222,1783720.5426909372,5,"E07,E21,E29,E34,G11",11.357133108245376,21.606502547860146,7.4859242610341825,28.711093358666552,32.104458715107086,35.123996276367876,-171.64523155614734,25.47653769750759,2026-03-22 07:15:55
2026-03-22 07:15:57.431996+00:00,4423026.818893231,3111373.2043756377,3370184.266949257,1783701.7078474597,5,"E07,E21,E29,E34,G11",11.807663574070656,22.462156407535076,7.475964916137208,28.707691329858005,32.10471501408409,35.12442658374333,-166.97590144257993,24.894643311769062,2026-03-22 07:15:57
2026-03-22 07:15:59.431996+00:00,4421272.8064169455,3110833.6506735845,3369202.9799135453,1782177.21610985,5,"E15,E21,E29,G11,G24",131.25768637397954,194.68238165602088,28.92845464296236,44.55217831450856,32.105582806871155,35.13044522328659,-2166.6658669812605,1040.5049508317502,2026-03-22 07:15:59
2026-03-22 07:16:01.431996+00:00,4419853.382737645,3110452.4650263437,3368229.595157642,1781173.359219461,5,"E15,E29,E34,G11,G25",94.80804936392416,146.67152609676123,15.56550546701907,36.42612533230505,32.10476185889681,35.13579930190581,-3853.121165507473,881.4113628219694,2026-03-22 07:16:01
2026-03-22 07:16:03.431996+00:00,4422917.375718981,3111441.045581076,3370258.5390867135,1783627.040151247,5,"E07,E21,E29,E34,G11",11.928122616869116,22.686863750219345,7.446094980573212,28.69750457391739,32.10552434184485,35.12568165242612,-170.26253876741976,1902.758390481269,2026-03-22 07:16:03
2026-03-22 07:16:05.431997+00:00,4422881.533842348,3111461.9250374176,3370286.975121354,1783602.9620869006,5,"E07,E21,E29,E34,G11",13.08866903670005,24.89254605025053,7.436109682869014,28.694100700621654,32.105824493952056,35.12608108845839,-169.80459692701697,25.14556300139019,2026-03-22 07:16:05
2026-03-22 07:16:07.431997+00:00,4422854.553306947,3111490.7301603653,3370316.803421893,1783580.527555144,5,"E07,E21,E29,E34,G11",10.269043594992848,19.528761263936758,7.426149870537726,28.69067774756877,32.10607868397312,35.1264951867203,-158.60426860675216,24.735662066914433,2026-03-22 07:16:07
2026-03-22 07:16:09.431997+00:00,4419716.060613545,3110551.9696917064,3368346.5759458253,1781076.3651702192,5,"E15,E29,E34,G11,G25",93.7892259113796,145.2149365618825,15.538611690016841,36.4268313906465,32.105919931037505,35.137499812103435,-3837.564386555925,1911.3610276130653,2026-03-22 07:16:09
2026-03-22 07:16:11.431997+00:00,4421051.553968374,3110982.3200351316,3369360.134619176,1782016.3117779607,5,"E15,E21,E29,G11,G24",129.76522820977632,192.1683914475143,28.868061118962046,44.535828300195554,32.10724108075363,35.133083307048324,-2163.9438457498327,865.4543753432356,2026-03-22 07:16:11
2026-03-22 07:16:13.431997+00:00,4422737.580678998,3111566.0762150898,3370390.2848173655,1783486.8011381663,5,"E07,E21,E29,E34,G11",10.518482610114152,19.999126475304365,7.396296313650033,28.68046660826972,32.10689076883746,35.12786122999831,-163.86385411210358,1030.1294551422177,2026-03-22 07:16:13
2026-03-22 07:16:15.431997+00:00,4422695.29111944,3111596.8794245566,3370407.0177352573,1783450.9534098324,5,"E07,E21,E29,E34,G11",11.28388899235521,21.45297048613429,7.386412260008489,28.677069468595896,32.10709941947616,35.12838598342145,-169.2540925098583,27.46468233098281,2026-03-22 07:16:15
2026-03-22 07:16:17.431997+00:00,4422664.175040728,3111629.34701021,3370433.1359091476,1783421.5652186829,5,"E07,E21,E29,E34,G11",10.187413043527538,19.36702087894082,7.376484363495273,28.67364415835603,32.10733136883483,35.12885704051532,-161.10363394394517,26.00246853640385,2026-03-22 07:16:17
2026-03-22 07:16:19.431997+00:00,4422626.91598398,3111658.4126187298,3370453.553910438,1783389.4389234923,5,"E07,E21,E29,E34,G11",11.471417019949072,21.80651543289423,7.366585830264697,28.67023437113682,32.10755323769384,35.129336071765266,-161.896278264001,25.7387921488244,2026-03-22 07:16:19
2026-03-22 07:16:21.431997+00:00,4422587.2042473685,3111691.795857993,3370476.0956097525,1783353.118089679,5,"E07,E21,E29,E34,G11",10.87125869730928,20.664237093180418,7.356666326419326,28.666818564271722,32.107789033601534,35.1298674737638,-161.1543556060642,28.282463189924638,2026-03-22 07:16:21
2026-03-22 07:16:23.431997+00:00,4422551.860612555,3111716.2631503628,3370501.947696313,1783317.9155944297,5,"E07,E21,E29,E34,G11",9.1362814330437,17.365174680948257,7.346725023591101,28.66339897854574,32.10805758374973,35.13029498498541,-159.9722284367308,25.080626473605193,2026-03-22 07:16:23
2026-03-22 07:16:25.431997+00:00,4422511.982540986,3111752.0886027715,3370520.8506017574,1783284.0622960362,5,"E07,E21,E29,E34,G11",11.18087252206222,21.249823722988367,7.336843171755754,28.659983138393063,32.108259494757256,35.13084856910764,-160.08828402496874,28.42113415518891,2026-03-22 07:16:25
2026-03-22 07:16:27.431997+00:00,4422465.804090412,3111778.465627902,3370538.1079428643,1783244.2393470174,5,"E07,E21,E29,E34,G11",11.467324353218345,21.792742431163788,7.326948515939426,28.656581908312223,32.10849959457877,35.13135869616953,-170.04850585665554,27.95537772132709,2026-03-22 07:16:27
2026-03-22 07:16:29.431997+00:00,4422435.480969275,3111812.73513614,3370560.95387425,1783217.9453101289,5,"E07,E21,E29,E34,G11",11.744641350459135,22.318184606730938,7.317064694268924,28.653148378796566,32.10869845579155,35.13184054364556,-162.2071158848703,25.57258029236007,2026-03-22 07:16:29
2026-03-22 07:16:31.431997+00:00,4422395.62392695,3111844.1321971524,3370583.107776205,1783184.7693304117,5,"E07,E21,E29,E34,G11",12.023710854027913,22.846901819109917,7.3071552969176645,28.649725930610515,32.10893732720742,35.132355633528675,-162.73774661216885,27.68191934725306,2026-03-22 07:16:31
2026-03-22 07:16:33.431996+00:00,4422675.428918655,3111999.7976738606,3370711.5544365384,1783384.915317298,5,"E07,E21,E29,G11,G19",36.82155152785411,68.53904640674591,7.29745363637067,27.29393939918632,32.108392233538396,35.13199846125482,175.2432405455038,172.49727359730204,2026-03-22 07:16:33
2026-03-22 07:16:35.431996+00:00,4422323.321701233,3111904.776752765,3370631.1802063542,1783123.486306042,5,"E07,E21,E29,E34,G11",10.255806422187222,19.484861504286528,7.287330420487355,28.64286444490839,32.10942069457257,35.13332200046977,-157.71001291368157,186.727398153073,2026-03-22 07:16:35
2026-03-22 07:16:37.431996+00:00,4422293.202607714,3111938.539238866,3370651.3455973556,1783094.4390711074,5,"E07,E21,E29,E34,G11",12.372885349798663,23.50537494197488,7.277477755841588,28.639427851185918,32.10959966960439,35.133798216137045,-151.39758378826082,24.76745978301039,2026-03-22 07:16:37
2026-03-22 07:16:39.431996+00:00,4422253.863773672,3111965.843592799,3370669.5072993506,1783060.336052269,5,"E07,E21,E29,E34,G11",12.394776152217347,23.545282162725925,7.267608823947152,28.636006898316367,32.10981729630789,35.13427469140274,-155.68449274264276,25.60722079222181,2026-03-22 07:16:39
2026-03-22 07:16:41.431996+00:00,4422225.655681539,3111997.0213681394,3370689.740161986,1783030.4005608468,5,"E07,E21,E29,E34,G11",10.890509078644527,20.686248000711203,7.2577628873606255,28.63256676995878,32.10999642166147,35.13471685996559,-149.2716350480914,23.329803189151367,2026-03-22 07:16:41
2026-03-22 07:16:43.431996+00:00,4422197.250198859,3112022.3216751837,3370715.9820778957,1783003.2001877297,5,"E07,E21,E29,E34,G11",12.272853383680797,23.31028264388442,7.247859228010487,28.629120993260255,32.11023843492158,35.13510930395894,-142.66615431383252,23.10635807226519,2026-03-22 07:16:43
2026-03-22 07:16:45.431996+00:00,4422153.056715369,3112046.8744836776,3370724.351460193,1782963.649146224,5,"E07,E21,E29,E34,G11",10.0261797364958,19.04171422123909,7.238064324515701,28.62571609912028,32.110407878671,35.13559154702829,-156.86113594286144,25.622016645424686,2026-03-22 07:16:45
2026-03-22 07:16:47.431996+00:00,4420392.746350599,3111512.147100994,3369732.264678868,1781428.881085963,5,"E15,E21,E29,G11,G24",131.0127097928833,193.0987123735249,28.686900313350794,44.486561618567876,32.111205783610515,35.141694408370704,-2164.1975907403976,1045.0911605916303,2026-03-22 07:16:47
2026-03-22 07:16:49.431996+00:00,4422406.736236611,3112223.7272278154,3370854.889036358,1783135.0181544267,5,"E07,E21,E29,G11,G19",36.06015798550746,67.17164159566164,7.218694253122788,27.259353835243417,32.1099226512475,35.135577062078625,174.4593450576067,1206.52258431776,2026-03-22 07:16:49
2026-03-22 07:16:51.431996+00:00,4420324.317358617,3111555.6982343295,3369753.6532811183,1781360.1444667347,5,"E15,E21,E29,G11,G24",132.66907409419642,195.43687960878015,28.66699867967573,44.48107818671336,32.11151733279932,35.142489360693425,-2178.9907205179334,1224.2805344552867,2026-03-22 07:16:51
2026-03-22 07:16:53.431996+00:00,4420292.639564856,3111581.538376877,3369756.2316813054,1781326.6659037962,5,"E15,E21,E29,G11,G24",134.5280651896638,198.1231073886156,28.65708680775193,44.478357151669336,32.11158992556123,35.142906592104595,-2186.9623798048124,20.480745420744192,2026-03-22 07:16:53
2026-03-22 07:16:55.431996+00:00,4418654.1397406785,3111800.9578367644,3370805.9357093885,1781538.570317702,5,"E15,E27,G06,G12,G25",16.05130869147437,24.99541423097253,27.094359412780992,46.67362873782977,32.12543054206825,35.15480770991702,-2656.5650756424293,979.1201560304733,2026-03-22 07:16:55
2026-03-22 07:16:57.431996+00:00,4420266.356636455,3111631.6332180263,3369779.9792517866,1781289.0611898282,5,"E15,E21,E29,G11,G24",132.0911891146746,194.4320218451321,28.637378955323445,44.472824723057904,32.11173616548863,35.143501129554195,-2168.1186240511015,959.2315672497907,2026-03-22 07:16:57
2026-03-22 07:16:59.431996+00:00,4420244.910473789,3111646.7886926183,3369773.948439874,1781260.6791418432,5,"E15,E21,E29,G11,G24",130.68240202496304,192.30800211057067,28.62764001898307,44.47010515435572,32.111732344974435,35.14376333207407,-2178.789041516371,13.472165708750495,2026-03-22 07:16:59
2026-03-22 07:17:01.431996+00:00,4422352.589867217,3113169.3806239623,3370350.5053331438,1782949.2073990228,5,"E15,E29,G06,G12,G32",122.10541563325143,253.93319561704993,11.54703006177022,35.37165767362612,32.103673385186816,35.14410017995828,329.92227607779205,1331.6358798531587,2026-03-22 07:17:01
2026-03-22 07:17:03.431996+00:00,4422334.599965977,3113178.729734488,3370339.0055443426,1782914.5297283567,5,"E15,E29,G06,G12,G32",123.34399088506099,256.5025637932122,11.54647659133242,35.36910202059566,32.10363024915266,35.14429088006241,315.90840013697743,11.654264849353602,2026-03-22 07:17:03
2026-03-22 07:17:05.431997+00:00,4420217.956060942,3111658.8520838227,3369782.1420204146,1781183.6863028214,5,"E15,E21,E29,G11,G24",133.78779480001742,196.72416472434998,28.59867926056092,44.46180174796345,32.1118673474259,35.14403234352882,-2187.220725289546,1332.319347762621,2026-03-22 07:17:05
2026-03-22 07:17:07.431997+00:00,4420225.759756427,3111666.063774016,3369779.308288663,1781171.6336177764,5,"E15,E21,E29,G11,G24",131.69298257298902,193.5937700457871,28.58913841845487,44.45903442307994,32.11179518756568,35.14404723532399,-2179.8059621509165,5.498549224766158,2026-03-22 07:17:07
2026-03-22 07:17:09.431997+00:00,4420207.620074449,3111655.449344747,3369773.0019657393,1781133.8069134306,5,"E15,E21,E29,G11,G24",134.59363764718654,197.80652364343405,28.57956872697752,44.456280464449335,32.11184743085473,35.144065914719114,-2200.8971957024187,10.97137046823089,2026-03-22 07:17:09
2026-03-22 07:17:11.431997+00:00,4420231.906697756,3111670.584864431,3369793.0380251417,1781142.7339238878,5,"E15,E21,E29,G11,G24",130.2473454306536,191.36922151222825,28.569941219451692,44.453435028022085,32.11186351304459,35.14404891573569,-2166.0458330223337,17.466880832916708,2026-03-22 07:17:11
2026-03-22 07:17:13.431997+00:00,4421979.289755831,3112251.7639607615,3370803.4386651865,1782647.7012771007,5,"E07,E21,E29,E34,G11",10.049527420087895,19.065019004046917,7.102762921244232,28.57757198907127,32.11112792100003,35.1384265839226,-135.30443944688886,1050.2411802844977,2026-03-22 07:17:13
2026-03-22 07:17:15.431997+00:00,4420202.268415652,3111684.7206608728,3369785.548886543,1781096.0040945832,5,"E15,E21,E29,G11,G24",131.04010369036814,192.43329034745693,28.55060149849645,44.44791939759695,32.11188348639632,35.14435226479351,-2183.662332895212,1062.478534943711,2026-03-22 07:17:15
2026-03-22 07:17:17.431997+00:00,4420179.783090918,3111698.365169498,3369782.5509078214,1781067.2571229031,5,"E15,E21,E29,G11,G24",131.8771977696246,193.61156967282295,28.540842853389563,44.44516580551128,32.11191108404581,35.1446077144591,-2194.1767002157867,13.235844518131795,2026-03-22 07:17:17
2026-03-22 07:17:19.431997+00:00,4421944.426734368,3112296.93390879,3370806.492769994,1782593.1939650138,5,"E07,E21,E29,E34,G11",10.914808095228878,20.70145658403635,7.073946402688357,28.567224128700378,32.11116329055311,35.13903058625756,-135.80843136180192,1063.0979095472524,2026-03-22 07:17:19
2026-03-22 07:17:21.431997+00:00,4420166.163440933,3111736.8148884694,3369787.8931861552,1781045.023004625,5,"E15,E21,E29,G11,G24",131.09182053501104,192.35731372237206,28.521376348205454,44.43960240092661,32.11189917120891,35.145024059307744,-2182.0226296791807,1062.249825829446,2026-03-22 07:17:21
2026-03-22 07:17:23.431997+00:00,4421205.678920689,3112646.665867591,3371075.0662673195,1782274.0384071697,5,"E07,E15,E21,G24,G29",117.51826823512538,214.73593882843852,7.050381719348534,35.54641732966856,32.115145764780145,35.14656679641879,-334.189084013924,944.0915974805528,2026-03-22 07:17:23
2026-03-22 07:17:25.431997+00:00,4421172.30013593,3112668.4164758152,3371060.620293498,1782244.5143092198,5,"E07,E15,E21,G24,G29",115.71583997716677,211.36700944975019,7.040857440447633,35.54534455557691,32.115106242110066,35.14695887420826,-354.3804423622787,21.189138666826214,2026-03-22 07:17:25
2026-03-22 07:17:27.431997+00:00,4421151.74996677,3112699.2333156345,3371070.8555861176,1782224.6417172998,5,"E07,E15,E21,G24,G29",115.42892342980684,210.76718559116125,7.031165913264501,35.54417722681812,32.11517993137015,35.14735125117598,-348.1453359015286,19.21424135860883,2026-03-22 07:17:27
2026-03-22 07:17:29.431997+00:00,4416352.321180136,3111777.1916712793,3368560.7626589593,1777888.2107362752,5,"E15,E21,E29,G24,G29",113.31536519378584,186.46441849693656,28.467706530720807,39.8362592674839,32.11736662448038,35.16865754255834,-5455.693355889991,2747.0549673637465,2026-03-22 07:17:29
2026-03-22 07:17:31.431997+00:00,4420058.389765502,3111872.8731119647,3369796.934619766,1780945.7437179934,5,"E15,E21,E29,G11,G24",131.77626198980764,193.10469425469637,28.472060461776938,44.42574260252009,32.11201526090627,35.14686085792844,-2185.5187067817897,1953.98441742851,2026-03-22 07:17:31
2026-03-22 07:17:33.431996+00:00,4422101.093914839,3113235.408786325,3370950.5641681706,1782761.8630413862,5,"E13,E27,E30,G25,G32",9.394783466097028,20.18457942083478,11.540428255810207,33.20399212249977,32.1090602898679,35.14620595838511,506.84906690660864,1356.467120923557,2026-03-22 07:17:33
2026-03-22 07:17:35.431996+00:00,4421869.137729117,3112866.4455430354,3370503.3227466485,1782457.7504661519,5,"E13,E30,G06,G12,G25",82.93557565399551,145.62296801805496,22.808184776810197,36.77571780862418,32.10757120873994,35.14442418139088,-71.43544065020978,312.23486197042905,2026-03-22 07:17:35
2026-03-22 07:17:37.431996+00:00,4422069.88329701,3113319.111431473,3370954.266816734,1782734.562998506,5,"E13,E27,E30,G25,G32",6.713398002631601,14.423431355506182,11.538656005936758,33.21049347279847,32.10897993814754,35.14712141788055,528.0151670631021,334.8715216053289,2026-03-22 07:17:37
2026-03-22 07:17:39.431996+00:00,4421804.806924676,3112918.567391237,3370486.1274056803,1782396.0910227075,5,"E13,E30,G06,G12,G25",81.12226017653501,142.4309222176671,22.796753342940246,36.78097180993622,32.10754818131224,35.1452681161008,-99.71793643943965,335.35634760671985,2026-03-22 07:17:39
2026-03-22 07:17:41.431996+00:00,4422012.528952733,3113387.9006423494,3370942.4445252647,1782684.7525905368,5,"E13,E27,E30,G25,G32",5.990396844126802,12.869896549731493,11.536932391662297,33.21706411835902,32.108924609568945,35.148067132583414,515.5511432681233,343.38296957111186,2026-03-22 07:17:41
2026-03-22 07:17:43.431996+00:00,4419929.121387175,3112086.155278381,3369785.809520354,1780826.8310987626,5,"E15,E21,E29,G11,G24",135.54627335403075,198.31062145903707,28.4127091029236,44.40911966870003,32.111848316078294,35.14949809392627,-2176.959896954708,1357.657229515216,2026-03-22 07:17:43
2026-03-22 07:17:45.431996+00:00,4421881.050194462,3112997.5727542792,3370505.3737346902,1782399.7127750798,5,"E13,E19,G06,G12,G25",35.63469750333264,65.07228213176131,24.282239861817384,37.08896365403403,32.10717838206486,35.145487570176925,1.843786746263504,1135.6144308964617,2026-03-22 07:17:45
2026-03-22 07:17:47.431996+00:00,4421830.330201028,3113021.8757222025,3370491.970200415,1782351.4903579226,5,"E13,E19,G06,G12,G25",34.253503781493514,62.55511489883065,24.28034282131421,37.09239623769492,32.107207725422036,35.1460074706794,-28.55991262383759,28.908505300723263,2026-03-22 07:17:47
2026-03-22 07:17:49.431996+00:00,4421707.99706194,3113147.32496469,3370485.388033551,1782311.8137585016,5,"E13,E30,G06,G12,G25",82.58857681702645,144.9833664856851,22.7683434951142,36.79392179855155,32.10729074926792,35.147840453992316,-55.615958178415895,87.67302076529236,2026-03-22 07:17:49
2026-03-22 07:17:51.431996+00:00,4421426.781344241,3112924.2834010324,3371094.2828985564,1782303.9707157947,5,"E19,E27,E30,G11,G24",99.12897337662942,141.91146176308393,22.76281867393428,42.95830328685596,32.11365959202984,35.14762343158704,-35.481878341175616,353.40584871690544,2026-03-22 07:17:51
2026-03-22 07:17:53.431996+00:00,4419868.443995435,3110134.0241156192,3369474.1543177105,1779362.9619617928,5,"E13,E27,E30,G12,G25",216.9116565149823,304.88089526444674,22.749959338589285,43.40071146230023,32.11509376149983,35.13294656731797,-3336.3764411909506,1791.5620831410004,2026-03-22 07:17:53
2026-03-22 07:17:55.431996+00:00,4421627.909024404,3113283.9179737866,3370491.6729776887,1782245.2888605555,5,"E13,E30,G06,G12,G25",79.58174643560463,139.69201346859336,22.751457268422254,36.80178961917666,32.10727572012339,35.14951230949897,-41.13522160798311,1874.359405856506,2026-03-22 07:17:55
2026-03-22 07:17:57.431996+00:00,4421711.540311037,3113235.458813735,3370485.709444156,1782237.7219819275,5,"E13,E19,G06,G12,G25",39.058703995316506,71.35942541062832,24.27037916876838,37.109086075426475,32.107036122006505,35.14858237252138,-10.013073567301035,48.420156001631206,2026-03-22 07:17:57
2026-03-22 07:17:59.431996+00:00,4421680.900401578,3113287.272965863,3370490.691391549,1782213.8286992682,5,"E13,E19,G06,G12,G25",39.18908343036112,71.60354643687606,24.268279376982214,37.11242211021558,32.107051283354174,35.1492181408933,-3.319111917167902,30.200704512452734,2026-03-22 07:17:59
2026-03-22 07:18:01.431996+00:00,4421683.483331183,3113333.100814648,3370500.2736772276,1782205.584159971,5,"E13,E19,G06,G12,G25",38.35430233117077,70.08388290554285,24.266330224238136,37.11570721945456,32.10698789832536,35.14959939743457,25.911218436434865,23.44506050555186,2026-03-22 07:18:01
2026-03-22 07:18:03.431996+00:00,4419670.722687027,3112513.8330100183,3369781.1422842927,1780586.424404747,5,"E15,E21,E29,G11,G24",128.20040795283668,187.05706323310733,28.313004898453165,44.38124055576937,32.111644999075786,35.15478132194641,-2149.8278316110373,1144.5037250560313,2026-03-22 07:18:03
2026-03-22 07:18:05.431997+00:00,4417198.271414364,3111569.000387377,3368492.9719224405,1778733.2437100164,5,"E15,E21,E29,G11,G25",146.91846919864412,228.49323688447475,28.30206493890235,41.03487240106338,32.1141054776108,35.161685860417464,-5007.554606536403,1471.8269426598285,2026-03-22 07:18:05
2026-03-22 07:18:07.431997+00:00,4417241.040995135,3111636.270840944,3368543.8764997497,1778763.6147975577,5,"E15,E21,E29,G11,G25",150.39696751103543,233.89098336547613,28.29204688383251,41.037404112150156,32.114140975745876,35.1620078562394,-4918.065380973741,47.29119091714673,2026-03-22 07:18:07
2026-03-22 07:18:09.431997+00:00,4421382.031693951,3113240.272561422,3370811.223854752,1782056.2961873217,5,"E07,E21,E29,E34,G11",15.330091661403891,29.013588342815638,6.834282255051032,28.480182707044428,32.1108007922609,35.15063404664876,-62.856864081695676,2493.0648565177235,2026-03-22 07:18:09
2026-03-22 07:18:11.431997+00:00,4421350.430893418,3113272.4885007087,3370820.2163500125,1782022.8143705237,5,"E07,E21,E29,E34,G11",10.878083950500129,20.585954509675503,6.824606402601568,28.476678284259727,32.11090442930241,35.15110591952957,-64.2518734941259,23.00729400347753,2026-03-22 07:18:11
2026-03-22 07:18:13.431997+00:00,4421319.380579613,3113317.566877277,3370813.65857958,1781991.5498728587,5,"E07,E21,E29,E34,G11",13.021468179740836,24.63994114845991,6.815084469676893,28.473182970826734,32.11085162612848,35.1516858672648,-67.25864602066576,27.564408094902163,2026-03-22 07:18:13
2026-03-22 07:18:15.431997+00:00,4417100.495745723,3111799.2432367755,3368536.8267822373,1778627.6110473098,5,"E15,E21,E29,G11,G25",151.5338637888046,235.61033932119608,28.252013865015368,41.04812419681774,32.114188037271326,35.16427897568068,-4939.634639910422,2514.3716388157586,2026-03-22 07:18:15
2026-03-22 07:18:17.431997+00:00,4421259.020813638,3113397.372031052,3370820.505383988,1781927.255627091,5,"E07,E21,E29,E34,G11",10.484094700207454,19.835041649639606,6.795864565764275,28.466165167257053,32.110920242587206,35.15274546399796,-66.5022587729618,2503.124764153247,2026-03-22 07:18:17
2026-03-22 07:18:19.431997+00:00,4421238.307400894,3113447.4395661675,3370823.551463796,1781898.0637278424,5,"E07,E21,E29,E34,G11",9.456328336384303,17.888961728662252,6.7863008635589175,28.462635841811135,32.11088650691778,35.15330557222681,-54.81086452677846,27.134305510882374,2026-03-22 07:18:19
2026-03-22 07:18:21.431997+00:00,4421196.2445072,3113482.008456824,3370819.6961118816,1781863.7089217831,5,"E07,E21,E29,E34,G11",14.396376468006768,27.231848310679197,6.77671673576048,28.459149363730795,32.110926505444546,35.15386165854538,-69.13132203929126,27.290836216245307,2026-03-22 07:18:21
2026-03-22 07:18:23.431997+00:00,4421176.21745003,3113523.545563226,3370832.959688306,1781835.2448590647,5,"E07,E21,E29,E34,G11",11.281983375040852,21.338794596493244,6.767059968995076,28.45560816091402,32.11099166643458,35.154343677823825,-55.692799345590174,23.99133534590201,2026-03-22 07:18:23
2026-03-22 07:18:25.431997+00:00,4421151.124260045,3113577.7725400985,3370832.1356549705,1781802.3371069783,5,"E07,E21,E29,E34,G11",13.742680265966088,25.990578327327967,6.757526039156212,28.45207992172042,32.11093404664964,35.15496653551597,-47.06187053211033,29.878555166322236,2026-03-22 07:18:25
2026-03-22 07:18:27.431997+00:00,4421114.965371501,3113613.4008552856,3370832.3750151545,1781764.311789319,5,"E07,E21,E29,E34,G11",11.44361671603054,21.64056107401848,6.747930973478078,28.448575086423215,32.110979251889276,35.15549578355092,-54.599128377623856,25.381584648620404,2026-03-22 07:18:27
2026-03-22 07:18:29.431997+00:00,4423099.619727097,3116599.5186171387,3371884.5396400364,1782889.0738864876,5,"E07,E29,G11,G19,G25",2.507284952586325,4.632581289857626,6.738349385697577,26.843420553101822,32.102999086724004,35.16924752080411,3335.656744848937,1868.3416842682282,2026-03-22 07:18:29
2026-03-22 07:18:31.431997+00:00,4420329.884501637,3114009.2247432587,3371077.1386255645,1781399.0848997908,5,"E07,E15,E21,G24,G29",110.11022825466402,198.616152305156,6.724617272580866,35.507187124437536,32.11483315381324,35.16371514327235,-275.06479632575065,1938.617546757707,2026-03-22 07:18:31
2026-03-22 07:18:33.431996+00:00,4417033.52380764,3110976.039997512,3369839.451315742,1778149.3905137302,5,"E07,E15,G06,G12,G25",663.1492168821121,1276.9519611410797,6.712567971185854,36.13268480582603,32.12668212704749,35.15755103858093,-4694.898022237234,2323.6875328743367,2026-03-22 07:18:33
2026-03-22 07:18:35.431996+00:00,4420127.766549439,3114284.5721055786,3370547.715403115,1781321.72891741,5,"E07,E15,G12,G24,G29",84.05558580003658,177.8436621800065,6.709922327959617,40.34073497332136,32.110820850982385,35.1673338594576,-562.1291424185038,2292.5074085346773,2026-03-22 07:18:35
2026-03-22 07:18:37.431996+00:00,4421274.301613442,3113951.2681541457,3370953.318036667,1781806.745889339,5,"E07,E21,E29,G11,G19",36.58827279961619,68.46920695155859,6.700164856567784,27.0246170946632,32.110346036796834,35.15745048262248,284.81752029340714,630.505288116695,2026-03-22 07:18:37
2026-03-22 07:18:39.431996+00:00,4423947.75289168,3115196.8723829947,3375809.423426481,1784550.50366795,5,"E15,E21,E34,G24,G29",83.96359410113251,161.80801559612155,15.004385420342373,37.15642996118483,32.13350426934472,35.151932712129806,5325.537493666634,2840.8023157649304,2026-03-22 07:18:39
2026-03-22 07:18:41.431996+00:00,4417741.391141112,3113626.132839458,3369787.593338051,1779429.0567834158,5,"E13,E27,G06,G12,G25",4.531574258735902,6.631319023668766,26.58129693612883,44.29744318069845,32.11618615749303,35.17619861473454,-2939.687685553916,4394.5587522090445,2026-03-22 07:18:41
2026-03-22 07:18:43.431996+00:00,4420935.78216062,3114290.358004933,3370540.3076071627,1781482.3815507998,5,"E13,E30,G06,G12,G25",76.99813958352537,135.05366955697536,22.616153010334322,36.86465848369503,32.10758185915379,35.16245308649739,-3.7331409407779574,1674.2093527162322,2026-03-22 07:18:43
2026-03-22 07:18:45.431996+00:00,4421128.533865538,3114746.6737214094,3370980.960452152,1781752.4437509116,5,"E13,E27,E30,G25,G32",3.866066752752435,8.303545087575912,11.505385847273017,33.32173602913004,32.10893283153862,35.16522926502688,586.5604048017412,331.4936585551569,2026-03-22 07:18:45
2026-03-22 07:18:47.431996+00:00,4419299.732918252,3114331.2788281357,3370285.0728960964,1780516.0318322892,5,"E13,E27,G12,G24,G29",49.41446105752699,66.64348321408033,31.417810667509045,48.511244830318184,32.111930586606455,35.172792770917106,-1252.2759397206828,1000.1656503831903,2026-03-22 07:18:47
2026-03-22 07:18:49.431996+00:00,4418997.621717169,3113449.746180173,3369831.464709709,1779822.941571293,5,"E15,E21,E29,G11,G24",129.8840579399962,188.32725709304214,28.083000492681006,44.315932544141596,32.1120837817387,35.1669997441013,-2132.6636229548603,518.20154718068,2026-03-22 07:18:49
2026-03-22 07:18:51.431996+00:00,4419239.623872169,3114386.230350302,3370282.4011861463,1780437.43278341,5,"E13,E27,G12,G24,G29",49.51218509306994,66.76742599904537,31.43875188980179,48.51518312040293,32.11199398271708,35.173635759562764,-1268.5011915825307,533.5989481129236,2026-03-22 07:18:51
2026-03-22 07:18:53.431996+00:00,4419228.941764553,3114420.5221148487,3370287.673764344,1780413.7168884405,5,"E13,E27,G12,G24,G29",47.85614868545958,64.53037400916219,31.449250257448384,48.51712144722885,32.11198141512858,35.1739980327026,-1256.362299115397,18.150982202738227,2026-03-22 07:18:53
2026-03-22 07:18:55.431996+00:00,4419201.300601071,3114442.543281342,3370282.4911631634,1780375.3973416793,5,"E13,E27,G12,G24,G29",49.014990218641714,66.08894453942776,31.459790619953687,48.519094563172374,32.111989328715296,35.17435754390424,-1267.5097768958658,17.85934662419454,2026-03-22 07:18:55
2026-03-22 07:18:57.431996+00:00,4421017.814956757,3114272.833544621,3370965.8321957206,1781469.0296126073,5,"E07,E21,E29,G11,G19",29.856699138912848,55.91508713364601,6.604615410024327,26.98083808381668,32.110559133441264,35.161800758453225,270.7042886959389,974.0996825183493,2026-03-22 07:18:57
2026-03-22 07:18:59.431996+00:00,4418903.123885491,3113586.044831172,3369841.8525220337,1779665.3990910256,5,"E15,E21,E29,G11,G24",131.52010528969313,190.44022273272276,28.033671863675828,44.30145422639501,32.112157133440945,35.16875760572076,-2126.07823178079,1245.6852903798836,2026-03-22 07:18:59
2026-03-22 07:19:01.431996+00:00,4420702.00750471,3114186.095626448,3370861.4608205226,1781198.3044919262,5,"E07,E21,E29,E34,G11",11.089896006312213,20.937864117324352,6.585481527713536,28.388488263122497,32.11123895386826,35.162976440565004,-45.76945938169956,1076.527323707243,2026-03-22 07:19:01
2026-03-22 07:19:03.431996+00:00,4420724.889420907,3114206.50853619,3370860.6501832986,1781183.914875184,5,"E07,E21,E29,E34,G11",7.7111025179303745,14.557140957564116,6.576101589536422,28.384900999109203,32.11108673526606,35.16301363235423,-20.398286586627364,15.337259416942949,2026-03-22 07:19:03
2026-03-22 07:19:05.431997+00:00,4421012.355628841,3114327.558187373,3370935.0127952606,1781358.8161043145,5,"E07,E21,E29,G11,G19",35.92460745298369,67.2996275536716,6.5670002612296114,26.963288906334544,32.11019405784895,35.16230807870814,277.236154794693,160.3274259083236,2026-03-22 07:19:05
2026-03-22 07:19:07.431997+00:00,4421042.440254064,3115165.8730304656,3370349.3499276084,1781275.4076076492,5,"E15,E29,G06,G12,G32",116.89824111859706,242.66362399235368,11.492870531601314,35.204019242830626,32.103288555661166,35.16938506016274,395.7698529055342,511.53637587439545,2026-03-22 07:19:07
2026-03-22 07:19:09.431997+00:00,4421031.060063848,3114355.1346431933,3370920.2554607354,1781316.8094651895,5,"E07,E21,E29,G11,G19",35.94857230753198,67.3548125885427,6.548265911471121,26.95448202798042,32.10993191926529,35.162432809109134,295.7959046782926,495.822389843675,2026-03-22 07:19:09
2026-03-22 07:19:11.431997+00:00,4420995.308209434,3114356.1760060727,3370899.51122743,1781265.9195954667,5,"E07,E21,E29,G11,G19",33.79467509959302,63.323956184089184,6.53886341297284,26.950156147668615,32.10991069345755,35.162659973462304,260.52047150582075,20.6736713365736,2026-03-22 07:19:11
2026-03-22 07:19:13.431997+00:00,4420720.679850271,3114261.4852422373,3370805.6906495653,1781043.064596723,5,"E07,E21,E29,E34,G11",8.846482702768801,16.691942662000656,6.529254275949756,28.367171001931627,32.11053164920992,35.163515529810866,-25.709404255263507,152.6346759776543,2026-03-22 07:19:13
2026-03-22 07:19:15.431997+00:00,4420720.480491933,3114268.797632738,3370793.28047558,1781013.442107291,5,"E07,E21,E29,E34,G11",9.228159620848535,17.410295892506838,6.51990100097907,28.363623481533647,32.110417447570484,35.1635800861108,-28.87704925518483,7.202833069763549,2026-03-22 07:19:15
2026-03-22 07:19:17.431997+00:00,4418867.575213339,3113658.316485291,3369737.7219825787,1779387.188239064,5,"E15,E21,E29,G11,G24",131.50607625598442,189.96185848489404,27.947387060680946,44.27532399961946,32.11130120278199,35.169600821869544,-2170.7854178473353,1109.0704367823196,2026-03-22 07:19:17
2026-03-22 07:19:19.431997+00:00,4421025.880010796,3114391.5018516886,3370858.4046590487,1781168.135692216,5,"E07,E21,E29,G11,G19",39.09447383012454,73.2768125794828,6.501483785024383,26.9325608010505,32.109379397744725,35.16277941322979,277.0727388681844,1270.0167362641027,2026-03-22 07:19:19
2026-03-22 07:19:21.431997+00:00,4418883.805488619,3113663.1099639796,3369699.5015425924,1779332.2896071854,5,"E15,E21,E29,G11,G24",134.62719331921392,194.36718283221126,27.92850638950227,44.26949966379565,32.11093229630444,35.16954326641083,-2177.525555660948,1271.0324970246709,2026-03-22 07:19:21
2026-03-22 07:19:23.431997+00:00,4418857.3045028765,3113805.417183454,3369750.8397928644,1779292.6622719327,5,"E15,E21,E29,G12,G24",34.155272339206064,59.04796162620187,27.91763207990789,45.94665588532465,32.11103538638071,35.17093803512606,-2099.1549137942493,76.7939823503443,2026-03-22 07:19:23
2026-03-22 07:19:25.431997+00:00,4421783.455396066,3115414.08470801,3370986.594547796,1781561.386591192,5,"E07,E15,E29,G06,G25",5.9616452135412485,11.81399916484952,6.475384547859602,29.18899354774113,32.1045679439107,35.16701317496706,1368.6662086797878,1780.2570087358656,2026-03-22 07:19:25
2026-03-22 07:19:27.431997+00:00,4418915.327816829,3113813.624742921,3369702.572392272,1779253.9485291047,5,"E15,E21,E29,G12,G24",36.60884567157692,63.32131730020046,27.899036493971995,45.941510155246974,32.11041646696353,35.170654902240564,-2080.6326477229595,1763.259822495764,2026-03-22 07:19:27
2026-03-22 07:19:29.431997+00:00,4420055.205482975,3114580.0987708964,3370875.564898079,1780506.3739521452,5,"E07,E15,E21,G24,G29",109.3055418958077,194.78686165064573,6.451124236421005,35.475150236247245,32.11279358175587,35.1703366051153,-293.91601345688105,903.1493436881973,2026-03-22 07:19:29
2026-03-22 07:19:31.431997+00:00,4421133.873374645,3114418.197556625,3370716.8337784293,1781015.5839932484,5,"E07,E21,E29,G11,G19",36.03341525124582,67.56981262937188,6.4463455100151466,26.906206285697806,32.10780117464459,35.1623517123487,289.62934723868966,551.1197673935197,2026-03-22 07:19:31
2026-03-22 07:19:33.431996+00:00,4418990.535995281,3113669.6841264847,3369547.7871021214,1779179.070356086,5,"E15,E21,E29,G11,G24",133.91467926240946,193.03279891237617,27.872465787853532,44.2520051595607,32.10933649829447,35.16894863659146,-2181.0608069486916,1276.7971774234468,2026-03-22 07:19:33
2026-03-22 07:19:35.431996+00:00,4421153.055049775,3114397.467856715,3370653.013731767,1780959.163754012,5,"E07,E21,E29,G11,G19",37.28873406120924,69.93425342813134,6.428044069031211,26.89747425250406,32.10729574771754,35.16205512783586,258.8792024375871,1267.6438500141376,2026-03-22 07:19:35
2026-03-22 07:19:37.431996+00:00,4420867.617391814,3114279.257654225,3370525.1113264775,1780715.35650904,5,"E07,E21,E29,E34,G11",9.009676576653165,16.977718107402325,6.418700710738162,28.324548240599558,32.10776352759419,35.16277286398203,-64.42792404256761,167.1880182864258,2026-03-22 07:19:37
2026-03-22 07:19:39.431996+00:00,4420893.160739276,3114288.2986380067,3370496.6474134577,1780694.2073974835,5,"E07,E21,E29,E34,G11",6.062362848624578,11.422542907297611,6.409593851978579,28.320969852635518,32.10742104636839,35.16269531454384,-57.4581624250859,19.649404136671315,2026-03-22 07:19:39
2026-03-22 07:19:41.431996+00:00,4420921.971701703,3114301.4408139084,3370481.074398544,1780676.6519374845,5,"E07,E21,E29,E34,G11",8.027275998849392,15.12306884303689,6.400389000967221,28.317365033487285,32.10715291242515,35.16263335130181,-39.37318882346153,17.64445477284004,2026-03-22 07:19:41
2026-03-22 07:19:43.431996+00:00,4422971.80521736,3117110.613473587,3371751.1630143467,1781801.9039646199,5,"E21,E29,E34,G11,G19",39.04176833220879,63.85889708995819,7.591946388422891,28.54812857919249,32.10107100081323,35.17445100487141,3425.6644923146814,1851.1073419570826,2026-03-22 07:19:43
2026-03-22 07:19:45.431996+00:00,4423008.813518931,3117124.6040123166,3371735.9038682855,1781791.0844641696,5,"E21,E29,E34,G11,G19",46.317106615135415,75.72166704759002,7.580020744702393,28.543959649570468,32.100770999539634,35.17434635289161,3450.0086480146274,21.202541696854322,2026-03-22 07:19:45
2026-03-22 07:19:47.431996+00:00,4423011.37168996,3117114.5658830553,3371699.8534670128,1781754.9562470443,5,"E21,E29,E34,G11,G19",39.19816150065764,64.05224809423089,7.568233040330029,28.53989103487923,32.10051342850408,35.17424386653193,3427.7239910662174,18.754597503037587,2026-03-22 07:19:47
2026-03-22 07:19:49.431996+00:00,4423023.397768555,3117111.6426251973,3371668.7800971167,1781726.6911147903,5,"E21,E29,E34,G11,G19",40.50600242282093,66.15711847692728,7.556407736823771,28.535791111266008,32.10023715803425,35.17414520905394,3418.112258160487,16.723683203544567,2026-03-22 07:19:49
2026-03-22 07:19:51.431996+00:00,4419100.3375900965,3113821.7359702107,3369371.691002329,1778936.6792682656,5,"E15,E21,E29,G12,G24",36.53272879254434,63.3793023750186,27.78695787164126,45.91069831474508,32.107140575406476,35.16959569780519,-2124.44553012494,2805.820079394184,2026-03-22 07:19:51
2026-03-22 07:19:53.431996+00:00,4423063.716827167,3117123.054538933,3371619.2125312653,1781684.1552530522,5,"E21,E29,E34,G11,G19",40.467886113310286,66.03019834682345,7.5327241377234,28.527537361872753,32.099669357574285,35.17399804710142,3425.2597541445866,2813.2913238796823,2026-03-22 07:19:53
2026-03-22 07:19:55.431996+00:00,4420279.035277928,3114599.055483273,3370529.620392276,1780190.3797491807,5,"E07,E15,E21,G24,G29",106.85826735004898,189.33076637610793,6.332132948125414,35.46228738679024,32.10922149312942,35.16913469364037,-313.57926242798567,1956.542460118823,2026-03-22 07:19:55
2026-03-22 07:19:57.431996+00:00,4419169.089692162,3113668.736326847,3369217.416029233,1778874.3171854443,5,"E15,E21,E29,G11,G24",141.97235019346846,204.00015312433243,27.76038330617379,44.21679078297387,32.10611475431337,35.167850400484745,-2233.4833864634857,977.1582812629836,2026-03-22 07:19:57
2026-03-22 07:19:59.431996+00:00,4419192.512072909,3113691.8365266393,3369223.198861416,1778868.4440401292,5,"E15,E21,E29,G11,G24",131.48762424275944,188.88383999094367,27.75075627962466,44.21375508822233,32.10600334694808,35.16790755900601,-2202.920765369199,16.70081059646652,2026-03-22 07:19:59
2026-03-22 07:20:01.431996+00:00,4419210.173944921,3113698.272414201,3369220.9919679384,1778859.656537249,5,"E15,E21,E29,G11,G24",133.02510519226666,191.04147600382566,27.74123878976356,44.21073134409911,32.105899484692635,35.16785550226291,-2188.7237431295216,9.463518776265705,2026-03-22 07:20:01
2026-03-22 07:20:03.431996+00:00,4420324.706100421,3114615.572541807,3370477.464798158,1780116.7231108854,5,"E07,E15,E21,G24,G29",108.41990015947798,191.74567457661033,6.295034697106688,35.4580478501082,32.10859850745665,35.16899902441704,-301.6198136229068,956.8627674370334,2026-03-22 07:20:03
2026-03-22 07:20:05.431997+00:00,4420871.864136268,3114387.042614454,3370533.305418713,1780419.1198066312,5,"E19,E27,E30,G11,G24",100.22628504304087,140.7581998258829,22.365748956675255,42.64054739192796,32.10751194403011,35.16368055811736,-4.551886174827814,297.7942511477001,2026-03-22 07:20:05
2026-03-22 07:20:07.431997+00:00,4421349.150462533,3115083.3287718548,3370343.634402494,1780682.6815523834,5,"E13,E27,E30,G25,G32",4.302987169436679,9.237212218344212,11.472638908612371,33.452487404839786,32.10227121240356,35.16679873670745,564.8466555550694,432.6059825698985,2026-03-22 07:20:07
2026-03-22 07:20:09.431997+00:00,4420860.228959865,3114391.0377106825,3370494.6088620536,1780361.8482988495,5,"E19,E27,E30,G11,G24",102.50376958665888,143.87786263599992,22.35359487813313,42.63079813464979,32.107250912774965,35.16378615918701,-31.227534532546997,430.4371140450958,2026-03-22 07:20:09
2026-03-22 07:20:11.431997+00:00,4420879.104039164,3114407.7218704694,3370494.7200119337,1780357.916280056,5,"E19,E27,E30,G11,G24",99.28212856283112,139.31823690608144,22.347428557495498,42.62585401482678,32.107131744979,35.16381549707859,-9.958856568671763,12.59605256267418,2026-03-22 07:20:11
2026-03-22 07:20:13.431997+00:00,4420886.882915646,3114418.115130494,3370486.2131018187,1780339.2373575643,5,"E19,E27,E30,G11,G24",101.99230196400336,143.08242294192314,22.341304312587948,42.62093711810933,32.10700759141688,35.16385805340077,-4.023439555428922,7.760449293649236,2026-03-22 07:20:13
2026-03-22 07:20:15.431997+00:00,4420878.096881033,3114422.2219932247,3370440.4462527903,1780306.2404796975,5,"E19,E27,E30,G11,G24",99.9616155441824,140.19487857818604,22.335267759760402,42.616084168916544,32.10668107629009,35.163947236951884,-32.42916165757924,23.391586071163385,2026-03-22 07:20:15
2026-03-22 07:20:17.431997+00:00,4420882.312176037,3114440.1080870098,3370422.088061174,1780293.6004770568,5,"E19,E27,E30,G11,G24",101.27168618422313,141.99296309426427,22.329221638985004,42.611194775584394,32.10647494993775,35.16407643721087,-30.54194092936814,12.987535007455193,2026-03-22 07:20:17
2026-03-22 07:20:19.431997+00:00,4421265.667068629,3114646.4962144503,3369780.3444644646,1780294.3385483106,5,"E13,E19,G06,G12,G25",31.433968926443786,57.74254455789924,24.137221776110678,37.34229580337617,32.099500924658216,35.163524920601986,-5.42846108507365,387.74730068049655,2026-03-22 07:20:19
2026-03-22 07:20:21.431997+00:00,4418284.520589371,3114153.7436070004,3369094.930326507,1778342.4060287706,5,"E13,E19,E27,E30,G25",51.19438465715443,95.69850276783109,22.334607880018797,36.01544608037885,32.10730615763595,35.177453263108035,-2674.407502935268,1549.1797832602851,2026-03-22 07:20:21
2026-03-22 07:20:23.431997+00:00,4420875.756712863,3114511.108997445,3370356.5710872905,1780247.3706128572,5,"E19,E27,E30,G11,G24",100.00398854221592,140.09711548313498,22.31134358492498,42.59661485985699,32.10580416517948,35.16473141194976,-35.2655541356653,1452.0633663211895,2026-03-22 07:20:23
2026-03-22 07:20:25.431997+00:00,4420894.021808075,3114683.8302490464,3369657.602539469,1780026.2134247064,5,"E13,E19,E30,G12,G25",33.58371025004872,61.73485403135419,22.30634662326062,36.606747769643256,32.09991616537022,35.16611594166153,-309.81109152920544,360.11223087446535,2026-03-22 07:20:25
2026-03-22 07:20:27.431997+00:00,4421954.270846624,3115059.793432734,3371113.198959281,1781332.8877195823,5,"E19,E27,G11,G24,G29",135.53049213006008,217.77117713913321,24.12992023638669,44.51777920555328,32.105843486688116,35.16290313194188,1381.3961623385549,919.8148287295219,2026-03-22 07:20:27
2026-03-22 07:20:29.431997+00:00,4420873.409152012,3114608.293767369,3370307.380476019,1780221.2797586247,5,"E19,E27,E30,G11,G24",101.28228044284332,141.76682486757636,22.293605862613777,42.58203781632847,32.105169327414174,35.16558748683649,-15.622616806067526,710.8898259700051,2026-03-22 07:20:29
2026-03-22 07:20:31.431997+00:00,4421242.008966329,3114846.7631244566,3369693.487707031,1780236.511468999,5,"E13,E19,G06,G12,G25",29.84907718297832,54.856800097972155,24.124378702276456,37.36131043348875,32.09837735766083,35.16540372913173,29.740508874878287,377.3585129553449,2026-03-22 07:20:31
2026-03-22 07:20:33.431996+00:00,4420847.79478922,3114674.0986311953,3370277.099240409,1780199.0182147513,5,"E19,E27,E30,G11,G24",99.58846221844115,139.3153107613325,22.281965821343203,42.57238642282561,32.104856719094336,35.166313736951096,-17.349298790097237,362.567508327487,2026-03-22 07:20:33
2026-03-22 07:20:35.431996+00:00,4421902.098713615,3115197.9222973506,3371051.194753513,1781285.1917823944,5,"E19,E27,G11,G24,G29",136.06994995194884,218.53664679825306,24.12115789418969,44.511556698843115,32.10519312795824,35.16441754502865,1379.6982870101929,704.4806352246975,2026-03-22 07:20:35
2026-03-22 07:20:37.431996+00:00,4420315.007852239,3114590.5497429734,3369715.6090856865,1779628.8482960828,5,"E13,E19,E27,G11,G24",171.324246244075,231.23207243531942,24.1188345872824,45.34279502861735,32.10288537545895,35.16884147545226,-725.4576923111454,1080.6881948762057,2026-03-22 07:20:37
2026-03-22 07:20:39.431996+00:00,4420803.298202226,3114778.5000989493,3370245.195142861,1780172.8879470427,5,"E19,E27,E30,G11,G24",101.9553838691307,142.50211598724127,22.264586056534284,42.55791192398463,32.10449914429053,35.16748949235389,-14.18200012948364,372.22781806167944,2026-03-22 07:20:39
2026-03-22 07:20:41.431996+00:00,4420773.945997636,3114810.711105391,3370245.732246234,1780159.6638432785,5,"E19,E27,E30,G11,G24",99.77842156529155,139.4182828962803,22.258881206989738,42.55311748517575,32.10452932916563,35.16794758744351,-18.50627396814525,21.790992005383647,2026-03-22 07:20:41
2026-03-22 07:20:43.431996+00:00,4419662.409248021,3114293.445019008,3369108.5464177183,1779014.6492992605,5,"E13,E21,E29,G11,G24",90.40089003581271,160.0820125155151,27.5395464050237,41.83679015863417,32.10162444348731,35.17025109698291,-1644.9368538931012,836.1025293650106,2026-03-22 07:20:43
2026-03-22 07:20:45.431996+00:00,4417806.333666089,3114550.913642936,3368855.5672256355,1778056.3655763017,5,"E13,E27,G06,G12,G25",5.813156486674058,8.515820313245058,25.95794770584086,44.49963485902975,32.10625376417892,35.18381451585544,-2938.860078931786,945.4238639070799,2026-03-22 07:20:45
2026-03-22 07:20:47.431996+00:00,4420967.495078968,3115195.935234855,3369611.8437794955,1780121.5337776854,5,"E13,E30,G06,G12,G25",82.51622370438821,144.42425337433815,22.241724686048254,37.01420660080159,32.09786525340242,35.17010273138756,-33.37525396049023,1656.875716388715,2026-03-22 07:20:47
2026-03-22 07:20:49.431996+00:00,4421889.944435806,3116011.465288759,3368718.48984073,1779681.049887769,5,"E13,E19,E27,G06,G25",40.07401537006403,75.30016011744738,24.09737852845844,36.780649493537716,32.08517709867913,35.171535950223365,528.8170812372118,760.6055720049281,2026-03-22 07:20:49
2026-03-22 07:20:51.431996+00:00,4420637.875277638,3114990.5484721726,3370247.160590053,1780121.1495378,5,"E19,E27,E30,G11,G24",101.25759767519324,141.27631359547377,22.230401337596966,42.52910802266483,32.104576890029904,35.17033550508736,-24.224618717096746,1112.0681839549584,2026-03-22 07:20:51
2026-03-22 07:20:53.431996+00:00,4419526.557198152,3114462.008944494,3369136.09872008,1778981.3362587572,5,"E13,E21,E29,G11,G24",90.73328405892363,160.71110041812062,27.48959114830659,41.832139619644025,32.10190186265563,35.1725405609084,-1642.1145234918222,828.9813606197081,2026-03-22 07:20:53
2026-03-22 07:20:55.431996+00:00,4421008.048542007,3115278.7944314643,3369686.5626037735,1780167.35565732,5,"E13,E19,G06,G12,G25",31.138274146154394,57.28093636780977,24.09771716801282,37.39987861073237,32.09804851304911,35.170572825474935,74.84286652877927,889.517512600623,2026-03-22 07:20:55
2026-03-22 07:20:57.431996+00:00,4419094.659313212,3115264.2219395414,3369360.964530403,1779080.0155716,5,"E13,E27,G12,G24,G29",45.006767969173005,60.47480849176645,32.116363985857994,48.63758104185443,32.10309688570254,35.1821259567988,-1430.1600525043905,970.4747296776019,2026-03-22 07:20:57
2026-03-22 07:20:59.431996+00:00,4420411.088455006,3115101.94085688,3369455.134648746,1779819.5617072112,5,"E13,E29,E34,G11,G25",48.33290296586214,78.92059816420078,14.478752964667093,34.10560536700568,32.099107093369746,35.172684313995596,-547.8118124781176,664.8663110621188,2026-03-22 07:20:59
2026-03-22 07:21:01.431996+00:00,4420625.85842354,3115604.908604863,3369903.5646656007,1780116.2542674374,5,"E13,E27,E30,G12,G25",102.51108016849214,144.12080492079258,22.20397181935426,43.784524061852764,32.10030311856574,35.17572928522706,84.6447762446478,353.6213281576678,2026-03-22 07:21:01
2026-03-22 07:21:03.431996+00:00,4420602.168052543,3115637.6344165467,3369921.087301428,1780118.4516202265,5,"E13,E27,E30,G12,G25",103.9986175544516,146.21134141087532,22.198224401539452,43.78874999721601,32.10043942835101,35.17615726303857,93.52331905253232,22.018487656286688,2026-03-22 07:21:03
2026-03-22 07:21:05.431997+00:00,4420841.244156612,3115394.0046016322,3369762.6581639955,1780120.4885506583,5,"E13,E19,G06,G12,G25",30.95738379219359,56.970914114266634,24.086987182042257,37.41639854147027,32.09896521378201,35.17258844384228,55.98988067731261,188.1571950704754,2026-03-22 07:21:05
2026-03-22 07:21:07.431997+00:00,4420829.428942781,3115413.8920332068,3369776.043109916,1780118.5751189126,5,"E13,E19,G06,G12,G25",31.545137462783426,58.057071670889854,24.0849188193158,37.419651802550014,32.09905885068343,35.17283276919039,64.62559549417347,13.362877588734632,2026-03-22 07:21:07
2026-03-22 07:21:09.431997+00:00,4418893.627432559,3115363.726838951,3369416.201093956,1778993.4418525263,5,"E13,E27,G12,G24,G29",46.55544762229254,62.5600327141583,32.1788175883101,48.6489967277966,32.104031739515236,35.184215284519865,-1491.4195135049522,984.8007806332997,2026-03-22 07:21:09
2026-03-22 07:21:11.431997+00:00,4420894.14220883,3115933.0801061504,3370226.2734101824,1780377.1010401514,5,"E13,E27,E30,G25,G32",4.506683932440085,9.669756278395653,11.437064171394224,33.555212470994306,32.10081146475788,35.17693363914503,602.0532228527591,1116.068957375497,2026-03-22 07:21:11
2026-03-22 07:21:13.431997+00:00,4418900.6843846,3115398.957955838,3369435.6441904474,1779009.4682098043,5,"E13,E27,G12,G24,G29",46.61920430251912,62.64704937487841,32.20003153726637,48.65272318522399,32.104055334489004,35.18447733436542,-1459.004392215982,1105.0175486771154,2026-03-22 07:21:13
2026-03-22 07:21:15.431997+00:00,4418898.157698628,3115402.0549006686,3369456.052428321,1779007.8743024904,5,"E13,E27,G12,G24,G29",43.17402116108867,58.017788253724575,32.21066459186496,48.654576363325404,32.10421261467002,35.18451958576346,-1448.3959009572864,10.397973148545999,2026-03-22 07:21:15
2026-03-22 07:21:17.431997+00:00,4418659.043279031,3114547.6447144425,3369072.9757894953,1778421.5830339547,5,"E15,E21,E29,G11,G24",132.79069218977887,188.73155427724123,27.36909030572235,44.0954118971611,32.1045824739533,35.17857879615765,-2234.54207147751,483.20290334383117,2026-03-22 07:21:17
2026-03-22 07:21:19.431997+00:00,4418650.795903897,3114560.294560011,3369088.131511269,1778421.1952123535,5,"E15,E21,E29,G11,G24",133.76280259140802,190.0611488185823,27.359266524461756,44.09225897563307,32.104695667339804,35.178738738753054,-2226.0240708598867,10.697355888252982,2026-03-22 07:21:19
2026-03-22 07:21:21.431997+00:00,4420737.017508107,3115502.067915258,3369834.4219896803,1780086.0907126796,5,"E13,E19,G06,G12,G25",33.17364681217535,61.087064016610384,24.0707517444089,37.44247049254708,32.09962340331994,35.17416031581081,74.68608349002898,1203.765665806076,2026-03-22 07:21:21
2026-03-22 07:21:23.431997+00:00,4420685.386912417,3115487.364837274,3369811.952783134,1780049.2223667875,5,"E13,E19,G06,G12,G25",31.70337918246931,58.3840514048934,24.06882362146206,37.445825588293225,32.099694582939335,35.17434808941916,19.819742733612657,29.09795592646629,2026-03-22 07:21:23
2026-03-22 07:21:25.431997+00:00,4420697.885120639,3115518.6861189366,3369837.2512063137,1780067.5173064491,5,"E13,E19,G06,G12,G25",32.495121449973865,59.84675211831927,24.066698798588305,37.449000142864705,32.099752425424946,35.17454304659469,57.202280674129725,21.07865098352782,2026-03-22 07:21:25
2026-03-22 07:21:27.431997+00:00,4420558.524285991,3115632.3142714663,3369858.738925079,1780044.1014165832,5,"E13,E30,G06,G12,G25",76.06248373221055,133.02885834500194,22.124859181015378,37.06459644961124,32.100148772658265,35.17637756260648,27.574996617622674,90.54628835408586,2026-03-22 07:21:27
2026-03-22 07:21:29.431997+00:00,4420746.425968438,3116052.0465693385,3370324.373167235,1780328.9853687324,5,"E13,E27,E30,G25,G32",2.9675879063128114,6.366429358720779,11.427724664305723,33.58431704338338,32.10181094185395,35.178865258797146,609.9662393536419,327.2222072277375,2026-03-22 07:21:29
2026-03-22 07:21:31.431997+00:00,4418524.896570114,3114665.5906003905,3369158.719983988,1778381.2667132376,5,"E15,E21,E29,G11,G24",133.9181638461969,189.96707076206803,27.29982661459227,44.07342886503683,32.10543759336415,35.1804196672391,-2224.2873323662207,1433.1957616689347,2026-03-22 07:21:31
2026-03-22 07:21:33.431996+00:00,4419101.713983961,3114818.0311295115,3369357.3965088828,1778849.7945599689,5,"E13,E21,E29,G11,G24",95.49036901490608,169.25705694779754,27.291519123475897,41.81275031196967,32.10427434451964,35.1782181487898,-1644.934956599027,314.41580781235444,2026-03-22 07:21:33
2026-03-22 07:21:35.431996+00:00,4420632.789058815,3115644.995227717,3369931.4643718987,1780069.7771030432,5,"E13,E19,G06,G12,G25",28.1059106891187,51.78343676775694,24.05590378787648,37.46516744169537,32.100378436375436,35.176034117817636,123.83260243292898,916.1897205144636,2026-03-22 07:21:35
2026-03-22 07:21:37.431996+00:00,4420672.255302566,3116134.661018668,3370350.109376629,1780307.7365486252,5,"E13,E27,E30,G25,G32",1.6168129088499807,3.468339916318655,11.423142215992762,33.597208109706024,32.10206994865659,35.18003327383902,612.6087102890015,322.72039415312804,2026-03-22 07:21:37
2026-03-22 07:21:39.431996+00:00,4420458.845277472,3115738.0257671387,3369905.939690369,1780006.3297105855,5,"E13,E30,G06,G12,G25",79.35208247855616,138.74975560232997,22.089453897612483,37.0794811208436,32.100607950085596,35.17790135567829,35.22901504300535,316.28708152500434,2026-03-22 07:21:39
2026-03-22 07:21:41.431996+00:00,4420645.292129171,3116172.5337592317,3370352.667102535,1780305.1051326015,5,"E13,E27,E30,G25,G32",2.2186644711532733,4.7592433877289295,11.420853298879662,33.603617491112374,32.10209052926159,35.180525765214206,613.7835048958659,325.2402975037109,2026-03-22 07:21:41
2026-03-22 07:21:43.431996+00:00,4420642.514117613,3116201.0530650537,3370367.034118726,1780315.600030031,5,"E13,E27,E30,G25,G32",0.6763988113330034,1.4509125463664532,11.419659489494455,33.6067946964536,32.10213241182074,35.18078965489236,633.4143840484321,16.027159035663793,2026-03-22 07:21:43
2026-03-22 07:21:45.431996+00:00,4420107.020037663,3116086.1996912765,3370368.3783165733,1780264.7586692218,5,"E27,E30,G12,G24,G29",91.8088009717231,135.96867621317506,22.075853337770177,45.77161775665457,32.10455728219045,35.1830638153958,207.32269215863198,273.8370929940014,2026-03-22 07:21:45
2026-03-22 07:21:47.431996+00:00,4420606.301053035,3116229.6697348617,3370355.5103194606,1780302.296915922,5,"E13,E27,E30,G25,G32",3.86136372238488,8.282534919679165,11.417388156596717,33.613222058034786,32.10210721265553,35.18125845976375,616.1844385778531,259.82242544997047,2026-03-22 07:21:47
2026-03-22 07:21:49.431996+00:00,4418586.140838492,3115705.0772010204,3369550.5341289677,1778909.20502692,5,"E13,E27,G12,G24,G29",43.51232629338371,58.468149453401566,32.388941289010965,48.68656145684331,32.1053199071569,35.18904939831096,-1466.278154070489,1118.506960890989,2026-03-22 07:21:49
2026-03-22 07:21:51.431996+00:00,4418574.617500296,3115708.763739565,3369546.538515162,1778905.6020642642,5,"E13,E27,G12,G24,G29",48.388706018788525,65.01974578946829,32.399608096722986,48.68844648612952,32.105324340617905,35.18915169953328,-1474.5794605808333,6.37069107905264,2026-03-22 07:21:51
2026-03-22 07:21:53.431996+00:00,4418547.506549996,3115709.374982777,3369535.7369454247,1778883.6576340653,5,"E13,E27,G12,G24,G29",43.410262796371924,58.32933738455176,32.41023823022977,48.69035725584651,32.10534633866088,35.18932256111136,-1498.7900419421494,14.594957632709807,2026-03-22 07:21:53
2026-03-22 07:21:55.431996+00:00,4415769.2064911425,3113817.741111507,3367900.6239462695,1776444.1003532058,5,"E15,E21,E29,G11,G25",139.8346348227206,219.10961958393455,27.1807747218466,41.32613842484325,32.108966167798535,35.18990722996461,-5214.544645912014,1868.8783026168953,2026-03-22 07:21:55
2026-03-22 07:21:57.431996+00:00,4420523.78857347,3115835.7916955324,3369919.8561484814,1780053.0897597934,5,"E13,E19,G06,G12,G25",28.43361365497322,52.43140450119972,24.03247837538166,37.50028816671551,32.10018996266676,35.17835155914234,135.30520759429783,2772.8990976829264,2026-03-22 07:21:57
2026-03-22 07:21:59.431996+00:00,4418541.123812373,3115745.746404162,3369538.883693293,1778886.796037494,5,"E13,E27,G12,G24,G29",44.45247034726859,59.726647309958935,32.442129167215235,48.695947847387984,32.10529490553619,35.189676543622426,-1483.7813744405285,1010.4711427109821,2026-03-22 07:21:59
2026-03-22 07:22:01.431996+00:00,4420560.96387863,3116321.562729845,3370354.449432653,1780289.7939160662,5,"E13,E27,E30,G25,G32",2.101787911643066,4.507691863924265,11.409611632160459,33.635531371952965,32.102022960127414,35.18233082646023,629.0818669740111,1126.5506878739257,2026-03-22 07:22:01
2026-03-22 07:22:03.431996+00:00,4418587.502665627,3115789.5486424635,3369550.0404360495,1778934.1781001557,5,"E13,E27,G12,G24,G29",39.97153736247126,53.70404456183314,32.463484708019344,48.69960314996225,32.10507743259387,35.1897726593869,-1424.3628204585984,1098.2556603787282,2026-03-22 07:22:03
2026-03-22 07:22:05.431997+00:00,4420580.618691154,3116055.3689198554,3370031.926944357,1780204.3212626649,5,"E13,G06,G12,G25,G32",93.26498973101839,201.58988893777132,11.409436964915152,34.989929554852225,32.10021726928052,35.17990601266786,341.37464680336416,1033.8498733605745,2026-03-22 07:22:05
2026-03-22 07:22:07.431997+00:00,4418894.400014524,3115073.135912377,3369347.071035132,1778790.6534554684,5,"E13,E21,E29,G11,G24",96.61067932191897,171.285011485219,27.125447538912898,41.796833336553505,32.10430316686011,35.18169363511387,-1669.4561862125993,1034.0627063668414,2026-03-22 07:22:07
2026-03-22 07:22:09.431997+00:00,4420447.3841743,3115890.6332714986,3369907.1688373517,1780017.7811562677,5,"E13,E19,G06,G12,G25",29.942481042504877,55.238846730440855,24.019933973541843,37.51952672302578,32.1002408967757,35.17929278406464,102.42623766418546,921.1095592731766,2026-03-22 07:22:09
2026-03-22 07:22:11.431997+00:00,4420456.940379443,3115902.2323126197,3369896.6125005633,1780018.7347251358,5,"E13,E19,G06,G12,G25",28.466522847598817,52.51983845606446,24.017860448279993,37.522649382660155,32.1000907998198,35.179334893902485,109.09427131805569,9.182797205120046,2026-03-22 07:22:11
2026-03-22 07:22:13.431997+00:00,4420521.766813353,3116402.0655113123,3370341.777463857,1780274.6210562873,5,"E13,E27,E30,G25,G32",0.21152199053210818,0.45359692722558975,11.402755012103672,33.654618422545596,32.10185740957205,35.18326708998579,634.5020454758778,336.2318908109437,2026-03-22 07:22:13
2026-03-22 07:22:15.431997+00:00,4418852.3202943625,3115131.1120874663,3369344.20905781,1778772.29593884,5,"E13,E21,E29,G11,G24",99.3035399303904,176.06149081513286,27.086413622340057,41.79303432667312,32.10428603629165,35.182452746341156,-1671.81438965071,1161.627845966413,2026-03-22 07:22:15
2026-03-22 07:22:17.431997+00:00,4418825.769229889,3115151.5435064156,3369342.0157164414,1778758.8848248005,5,"E13,E21,E29,G11,G24",98.67281387155398,174.94390282407403,27.076536247127798,41.79207528082459,32.104316874020256,35.182791840182375,-1681.390272302553,16.78699385922635,2026-03-22 07:22:17
2026-03-22 07:22:19.431997+00:00,4417063.53995509,3115329.009140557,3369058.516944467,1777786.4010167692,6,"E13,E19,E27,G06,G12,G25",33.38036550851211,67.43027633056045,24.00453396943846,41.21458728239813,32.108565544107044,35.195092522875214,-2965.372719391249,896.8441366775022,2026-03-22 07:22:19
2026-03-22 07:22:21.431997+00:00,4420251.6339718755,3116059.3723063706,3369897.0371004976,1779946.7636513994,5,"E13,E30,G06,G12,G25",76.27148650131309,133.24757766351104,21.96416690831943,37.130347434039464,32.10046432386263,35.18194875066265,43.86479135695845,1688.2305726641425,2026-03-22 07:22:21
2026-03-22 07:22:23.431997+00:00,4420445.041294023,3116513.141924816,3370363.6793232355,1780265.146076121,5,"E13,E27,E30,G25,G32",0.8474136495567576,1.817051075398922,11.39652415839777,33.67060584329615,32.10201850328216,35.184697131634586,647.2378053646535,339.5100230208163,2026-03-22 07:22:23
2026-03-22 07:22:25.431997+00:00,4420682.799198813,3116321.737240218,3369128.409142277,1779496.1252374658,5,"E15,E30,G06,G12,G25",79.63744091802047,154.80307308584452,21.950669164997258,39.327651370657335,32.092179337806606,35.181588698025784,62.06193992868066,636.2108523399994,2026-03-22 07:22:25
2026-03-22 07:22:27.431997+00:00,4418766.771080304,3115266.562742943,3369393.8389405115,1778768.7198125075,5,"E13,E21,E29,G11,G24",98.67993083469096,174.95623369142413,27.027119738598454,41.78703963702888,32.10462630541203,35.184148339473936,-1638.555003495887,1101.704355579024,2026-03-22 07:22:27
2026-03-22 07:22:29.431997+00:00,4419889.8617459675,3115867.274868204,3370554.3213285427,1779945.0015659,5,"E19,E27,E30,G11,G24",103.37953605918882,142.28525542467833,21.940791434232903,42.28638911437334,32.10743291014902,35.18249373707506,48.955149699002504,861.5258373471311,2026-03-22 07:22:29
2026-03-22 07:22:31.431997+00:00,4419867.144742507,3115891.2729233545,3370568.5877940897,1779944.1063808827,5,"E19,E27,E30,G11,G24",102.50417413907645,141.0410679988563,21.934971010330475,42.28140031677638,32.10756460557926,35.182840230674586,52.52311770338565,17.99653394731913,2026-03-22 07:22:31
2026-03-22 07:22:33.431996+00:00,4418660.262256584,3115323.5669304687,3369407.206392812,1778726.4538764488,5,"E13,E21,E29,G11,G24",102.27238336552439,181.32425582036376,26.99722668266537,41.784021713671805,32.10498829852764,35.18529247079959,-1677.3646384524181,884.2603287611215,2026-03-22 07:22:33
2026-03-22 07:22:35.431996+00:00,4420231.265000586,3116162.019075286,3369979.9847886716,1779979.0843854754,5,"E13,E19,G06,G12,G25",25.97088940942291,47.9603676199913,23.99084441009721,37.5609230655028,32.100894334986435,35.18296189441407,123.94228313490748,935.2976413387139,2026-03-22 07:22:35
2026-03-22 07:22:37.431996+00:00,4418055.738470001,3115259.453883642,3369264.7378291944,1778289.096986583,5,"E15,E21,E29,G11,G24",134.0459035926929,188.43441580981016,26.975676540705766,43.96863711057837,32.10644553105541,35.188429060073574,-2202.8848387496546,1230.7637693206493,2026-03-22 07:22:37
2026-03-22 07:22:39.431996+00:00,4420187.302209552,3116225.9027651497,3370015.059160092,1779984.598235576,5,"E13,E19,G06,G12,G25",30.523504614876227,56.37668073922396,23.98610393554287,37.56728334546154,32.10115806511568,35.1837834109403,143.32517778128386,1228.8785045659738,2026-03-22 07:22:39
2026-03-22 07:22:41.431996+00:00,4419755.461318071,3116026.966285553,3370613.117362643,1779941.6369203306,5,"E19,E27,E30,G11,G24",103.74461940443612,142.54804445803165,21.90596532221916,42.256459141584365,32.107967509917465,35.18469707749683,65.10062858648598,382.0130534774368,2026-03-22 07:22:41
2026-03-22 07:22:43.431996+00:00,4420221.172079134,3116761.216989395,3370455.4934199476,1780247.4661937782,5,"E13,E27,E30,G25,G32",1.8524486409744085,3.9712730571627617,11.383518268379705,33.70273904462994,32.10291156190713,35.18821151470545,662.1356043247506,441.8302604998935,2026-03-22 07:22:43
2026-03-22 07:22:45.431996+00:00,4419843.52949473,3116329.390234356,3369997.2196456078,1779865.686294338,5,"E13,E29,E34,G12,G25",19.033552756027202,28.11969804763794,14.08651557734108,35.91864537630746,32.10208248575547,35.18677812219573,-53.64634729549289,367.1182099034415,2026-03-22 07:22:45
2026-03-22 07:22:47.431996+00:00,4420112.397211949,3116342.043518103,3370034.538022178,1780002.29957717,5,"E13,E19,G06,G12,G25",25.179571692829438,46.521142322570086,23.976664135729255,37.57987758714341,32.10127954234977,35.18524628790169,158.5065623493865,135.86998949573209,2026-03-22 07:22:47
2026-03-22 07:22:49.431996+00:00,4418063.969236474,3116248.4519495065,3369620.251351925,1778793.3220515796,5,"E13,E27,G12,G24,G29",40.14197692104763,53.882565692067146,32.703278671310336,48.74251771587679,32.10639702289285,35.19694448581438,-1525.4193026646972,1045.9983266685538,2026-03-22 07:22:49
2026-03-22 07:22:51.431996+00:00,4419638.5153728975,3116170.56635315,3370622.7924171374,1779955.7539846553,5,"E19,E27,E30,G11,G24",104.4073253591522,143.2575167864561,21.87705803566468,42.23150783377114,32.10810292179498,35.186654528466484,59.37356286030263,934.1239598260568,2026-03-22 07:22:51
2026-03-22 07:22:53.431996+00:00,4419632.200706078,3116190.33236812,3370627.8205260136,1779961.0022405616,5,"E19,E27,E30,G11,G24",106.92753349075632,146.67611617594957,21.871089126632512,42.22643245433573,32.10811147180938,35.18686423899022,67.32251730840653,10.675348281274989,2026-03-22 07:22:53
2026-03-22 07:22:55.431996+00:00,4420027.158258707,3116443.3953257543,3370036.600498824,1780013.1157563534,5,"E13,E19,G06,G12,G25",29.04051094221075,53.67133644968271,23.96725674649348,37.59247495178976,32.10134927039824,35.18664420003608,150.0620375489816,377.35045032962137,2026-03-22 07:22:55
2026-03-22 07:22:57.431996+00:00,4417903.338832125,3115533.3691350026,3369307.073697808,1778350.8495533352,5,"E15,E21,E29,G11,G24",134.76384519810523,188.92205806821585,26.876744528677555,43.93633410944188,32.10660934189994,35.191732475332714,-2152.170410941355,1211.5038153037522,2026-03-22 07:22:57
2026-03-22 07:22:59.431996+00:00,4417849.597002557,3115526.5575913205,3369297.663033254,1778321.2277623178,5,"E15,E21,E29,G11,G24",134.82813853461172,188.9603024572134,26.86690018285122,43.93313725249046,32.10676683322411,35.192001742307696,-2197.6996189951897,27.491553157549173,2026-03-22 07:22:59
2026-03-22 07:23:01.431996+00:00,4419641.615299824,3116419.01108786,3369946.688052503,1779787.2380703893,5,"E13,E19,E30,G12,G25",27.09540272369829,50.094717878848314,21.848181201524316,36.92070242206063,32.10223980494542,35.18878687224964,-176.5390545744449,1052.2637854688478,2026-03-22 07:23:01
2026-03-22 07:23:03.431996+00:00,4418389.89058537,3115685.5833757455,3369445.354466433,1778775.784952133,5,"E13,E21,E29,G11,G24",104.35871602184135,184.9826203994453,26.849009650599704,41.76908781505781,32.1053390036626,35.1900790995045,-1667.5528915440664,767.4741582282082,2026-03-22 07:23:03
2026-03-22 07:23:05.431997+00:00,4420029.18317101,3116973.676079992,3369960.2383557614,1780060.0412930956,5,"E15,E29,G06,G12,G25",138.92945356970802,176.97568716481328,25.236012778811055,40.33723235282439,32.099293621242786,35.191222971522976,369.75357382465154,1073.7275962727272,2026-03-22 07:23:05
2026-03-22 07:23:07.431997+00:00,4416662.073519574,3115978.0570690357,3369213.8465001546,1777898.0628685234,5,"E13,E27,G06,G12,G25",8.774134098757258,12.856517609208822,25.248949606364377,44.73595084873087,32.10953168657826,35.203167567634395,-2843.7917508669198,1794.8388104428961,2026-03-22 07:23:07
2026-03-22 07:23:09.431997+00:00,4419555.041261653,3116371.646982749,3370623.54941823,1780015.1283530877,5,"E19,E27,E30,G11,G24",108.31848600824524,148.2630336098373,21.82369935507648,42.185897995851306,32.10788029162139,35.18890534116377,100.14081601891667,1621.067371681547,2026-03-22 07:23:09
2026-03-22 07:23:11.431997+00:00,4416609.507864269,3115969.507823959,3369166.296422654,1777842.2300030023,6,"E13,E19,E27,G06,G12,G25",27.154790729532895,54.4554479457438,23.944175396129392,41.27607466050014,32.10939792243087,35.20341473502203,-2909.622847857885,1655.4054783687232,2026-03-22 07:23:11
2026-03-22 07:23:13.431997+00:00,4416646.67775469,3116127.315946593,3368878.179607687,1777679.2730709342,6,"E19,E27,G06,G12,G24,G29",33.74787606318545,64.68627456948161,23.940330715721526,42.62989367621304,32.10661414996456,35.204554432758535,-2959.975661981851,165.29995719125876,2026-03-22 07:23:13
2026-03-22 07:23:15.431997+00:00,4417860.886892903,3116567.527160182,3369580.961213274,1778837.3930290006,5,"E13,E27,G12,G24,G29",44.999395254819724,60.35141511261463,32.8389628046705,48.76659906912351,32.10601066430982,35.200948177720726,-1531.0793632017449,735.1856447592361,2026-03-22 07:23:15
2026-03-22 07:23:17.431997+00:00,4416617.562952591,3116148.794858814,3368844.160799845,1777649.2720591712,5,"E19,E27,G06,G12,G24",6.267315576476204,8.989001989364624,23.93581253446763,44.579403150079884,32.10640886391417,35.20491838357858,-2987.718943219632,752.3406824686518,2026-03-22 07:23:17
2026-03-22 07:23:19.431997+00:00,4417728.69913788,3115833.079688796,3369281.3599834596,1778393.6533579289,5,"E15,E21,E29,G11,G24",134.27972927101334,187.67534064128995,26.768308436742863,43.900671514828495,32.10626892573181,35.19539512127739,-2140.4098976459354,617.5440909340408,2026-03-22 07:23:19
2026-03-22 07:23:21.431997+00:00,4417692.683819677,3115862.8303235294,3369262.050401933,1778380.9390918936,5,"E15,E21,E29,G11,G24",134.90444418544863,188.49639496952295,26.75842242549433,43.897477889341225,32.106180269390435,35.19587279977301,-2161.078045080416,25.273817237558127,2026-03-22 07:23:21
2026-03-22 07:23:23.431997+00:00,4417662.4663157975,3115889.6198584037,3369246.1372242444,1778368.5598529316,5,"E15,E21,E29,G11,G24",136.77648530106163,191.0595425069332,26.74856573974666,43.8942649356042,32.10610303102479,35.19628941651091,-2177.373125803657,21.7025686476221,2026-03-22 07:23:23
2026-03-22 07:23:25.431997+00:00,4418983.509611412,3116973.282130313,3369661.1435444797,1779490.4923178647,5,"E15,E29,G12,G25,G32",165.63219469999063,352.1299913972616,11.354465955444153,37.5763969496777,32.10110489821726,35.19760458028863,-513.2639789776877,879.1628908062129,2026-03-22 07:23:25
2026-03-22 07:23:27.431997+00:00,4412227.38830104,3115165.881616609,3366860.7988102906,1773976.9503929191,5,"E15,E21,E29,G12,G25",165.30282237864344,271.55387830734253,26.716265313034253,43.16547111311261,32.11117210978656,35.223247270953415,-7560.171525797807,3766.755978547697,2026-03-22 07:23:27
2026-03-22 07:23:29.431997+00:00,4419325.588453126,3116541.707609889,3370210.457912126,1779864.8261811424,5,"E07,E21,E29,G11,G24",34.28064574848779,60.20732606947422,5.334653560547517,35.35787966771646,32.105153771467904,35.19177887775771,-195.23863574769348,3984.267770286305,2026-03-22 07:23:29
2026-03-22 07:23:31.431997+00:00,4417589.878103655,3116027.236871006,3369201.6180028548,1778354.5213071916,5,"E15,E21,E29,G11,G24",135.18442469149366,188.62811669707298,26.709131924106035,43.881309374177576,32.10566692492509,35.19792473955965,-2184.0897021451965,1036.234592281999,2026-03-22 07:23:31
2026-03-22 07:23:33.431996+00:00,4419611.557939334,3117057.015841323,3369893.0542873233,1779997.6937384843,5,"E13,E30,G06,G12,G25",75.21390495759385,131.17666936293244,21.754357942286862,37.21811178891589,32.100185683797775,35.194494329309215,85.62540481239557,1185.9304202713868,2026-03-22 07:23:33
2026-03-22 07:23:35.431996+00:00,4415931.628140839,3116245.0502236006,3368875.2760832976,1777484.8533658113,5,"E13,E19,E27,G12,G25",17.820655348026065,33.003549076616764,23.913911991231338,44.543714643156896,32.10906827162934,35.20994423513087,-3398.908849162981,1951.7328171912181,2026-03-22 07:23:35
2026-03-22 07:23:37.431996+00:00,4417531.057518964,3116760.7704969672,3369453.8664001394,1778606.8436788705,5,"E13,E19,E27,G24,G29",63.793597783542786,105.99689305946231,23.91225953526154,40.98116764224208,32.10579756022505,35.20463659365086,-1732.5580151565373,888.66592298702,2026-03-22 07:23:37
2026-03-22 07:23:39.431996+00:00,4416420.985619122,3116439.6225492773,3369013.0157547365,1777827.243621741,6,"E13,E19,E27,G06,G12,G25",23.09890347064423,46.61811304092407,23.9093956601004,41.30770581277771,32.10766549457983,35.20863856619423,-2891.998788339086,618.41428643658,2026-03-22 07:23:39
2026-03-22 07:23:41.431996+00:00,4416751.210523259,3116520.374491415,3369136.0334860855,1778025.6999466987,5,"E13,E19,E27,E30,G29",3.7888467724506385,5.899251375347376,21.747476575106006,35.10618912722505,32.10708852733883,35.20731985779361,-2558.629659499973,180.76415967869485,2026-03-22 07:23:41
2026-03-22 07:23:43.431996+00:00,4407137.695694662,3112348.1300567524,3365753.38886932,1770181.3186011082,5,"E15,E21,E29,G12,G25",528.1099016853321,867.3394942171872,26.631971728813674,43.204576723037455,32.13047443153162,35.2299768415111,-13046.74828296993,5506.123309225003,2026-03-22 07:23:43
2026-03-22 07:23:45.431996+00:00,4420306.747612222,3117434.896613781,3371191.0819193106,1781035.773079181,5,"E19,E27,G11,G24,G29",149.02229858805205,235.28425365686417,23.90753404162546,44.34892943946503,32.106334203723556,35.193521174247984,1441.1899011675268,7564.185814068503,2026-03-22 07:23:45
2026-03-22 07:23:47.431996+00:00,4419721.010987956,3117655.589935345,3370259.880403874,1780244.4957552096,5,"E13,E27,E34,G25,G32",0.27140703062620164,0.5637726187705994,11.337704384119162,32.231841157735104,32.100905948607036,35.19900783896948,648.591104760766,561.0100706629739,2026-03-22 07:23:47
2026-03-22 07:23:49.431996+00:00,4419288.941224913,3116962.575920795,3370431.6414938723,1779965.4428240126,5,"E19,E27,E30,G11,G24",100.94186076889493,137.41574976965785,21.706719217273143,42.08445594316895,32.105824333097054,35.19564667264705,102.4167558318004,417.26927053646676,2026-03-22 07:23:49
2026-03-22 07:23:51.431996+00:00,4419795.384736061,3118045.8142792205,3370100.071532318,1780581.9207630493,5,"E13,E30,G06,G12,G29",28.678579245510555,51.07636518031359,21.704247326675162,36.031453513438336,32.09831621472531,35.20193147673689,805.7057053409517,620.4492345376274,2026-03-22 07:23:51
2026-03-22 07:23:53.431996+00:00,4419782.348352704,3118056.138368366,3370100.6371333674,1780570.6419415823,5,"E13,E30,G06,G12,G29",30.25528202284439,53.88299383968115,21.69826389986757,36.03364103596963,32.098343058874335,35.20210044232579,802.0239305896685,8.319465311169811,2026-03-22 07:23:53
2026-03-22 07:23:55.431996+00:00,4419737.4037200445,3117741.2770692776,3370262.0096092974,1780253.3872190767,5,"E13,E27,E30,G25,G32",3.884849018852658,8.321455501019955,11.332137557286472,33.81652129389201,32.100621349536894,35.19964947526875,702.9106905302033,178.32465733615123,2026-03-22 07:23:55
2026-03-22 07:23:57.431996+00:00,4419214.773953864,3117052.6729428535,3370407.984495037,1779924.7366916991,5,"E19,E27,E30,G11,G24",104.83670878399222,142.56501802802086,21.683278391705155,42.064042796297144,32.10568521541377,35.19687963416383,82.49244939722121,438.3566420999069,2026-03-22 07:23:57
2026-03-22 07:23:59.431996+00:00,4419192.858007034,3117074.6785539864,3370415.6491465806,1779912.6594011397,5,"E19,E27,E30,G11,G24",106.30378942260103,144.52132933214307,21.67743422688163,42.058933967719824,32.105768808698734,35.19720398988078,82.13986134435982,15.994550088045067,2026-03-22 07:23:59
2026-03-22 07:24:01.431996+00:00,4416300.359623573,3116672.937084998,3368972.99915579,1777750.9599694605,6,"E13,E19,E27,G06,G12,G25",25.450906787808176,51.56890684366226,23.883069405591,41.33276157587314,32.107187205591764,35.21139644093352,-2882.8023186381906,1628.5869720527824,2026-03-22 07:24:01
2026-03-22 07:24:03.431996+00:00,4419556.213951617,3117462.9210754987,3369915.0592732416,1780028.4696270283,5,"E13,E29,G06,G12,G25",25.77529765476838,43.88889696076512,24.9414191797864,38.231201341944804,32.099449383635616,35.19834627405949,257.19650572538376,1740.1249506559393,2026-03-22 07:24:03
2026-03-22 07:24:05.431997+00:00,4419533.945254515,3117368.8026600014,3369853.2520084176,1779929.1516554798,5,"E13,E19,G06,G12,G25",25.4908579563939,47.23902302607894,23.882669395573174,37.7004799132255,32.09932438982039,35.19766747682266,162.98056403826922,57.389667661156885,2026-03-22 07:24:05
2026-03-22 07:24:07.431997+00:00,4416227.611466145,3116737.362591415,3369006.480703324,1777719.018210885,6,"E13,E19,E27,G06,G12,G25",28.327899503086407,57.224281661212444,23.875744369401037,41.339828437350086,32.10754996394031,35.212399024760565,-2883.886772115715,1735.4812966049017,2026-03-22 07:24:07
2026-03-22 07:24:09.431997+00:00,4416198.552287244,3116758.6917685606,3369012.6357049937,1777704.1816901602,6,"E13,E19,E27,G06,G12,G25",26.64000476344145,53.501811906695366,23.87327679318802,41.342183136957175,32.107651876396204,35.21276135477091,-2890.3083236701787,18.284239946243982,2026-03-22 07:24:09
2026-03-22 07:24:11.431997+00:00,4416234.726088613,3116899.1958223814,3368776.240511634,1777549.5731477335,5,"E19,E27,G06,G24,G29",34.56065299524742,60.43827082589269,23.8695732023726,38.45781701998303,32.105315043514146,35.21375705156242,-2922.2896907059476,138.6836512437609,2026-03-22 07:24:11
2026-03-22 07:24:13.431997+00:00,4419685.355662669,3118024.190163843,3370406.773124359,1780283.0331390724,5,"E13,E27,E30,G19,G25",69.15184281842336,133.94105533510447,6.062091526154923,32.793485892968796,32.101149446946835,35.20241618664457,881.9627884412184,1989.4153240857618,2026-03-22 07:24:13
2026-03-22 07:24:15.431997+00:00,4419401.976760663,3117778.9859396843,3370248.5963278967,1779961.9016238542,5,"E13,E19,E27,E30,G25",93.46665953941474,175.47400085255504,21.63149321940034,36.358609940369924,32.10172813781997,35.20202418930483,482.01203719340265,203.3768746603225,2026-03-22 07:24:15
2026-03-22 07:24:17.431997+00:00,4419379.981219256,3117799.174319277,3370261.0383794312,1779954.0812479719,5,"E13,E19,E27,E30,G25",93.93123907658264,176.3506640829146,21.625634961925773,36.361601795271085,32.10185353715708,35.20233327120796,483.2574730636552,16.17234644962114,2026-03-22 07:24:17
2026-03-22 07:24:19.431997+00:00,4418971.7538646385,3117292.8511953056,3370541.73680479,1779813.116690584,5,"E19,E27,E30,G11,G24",104.23400686097878,141.33060212433338,21.61896530021018,42.007667684208236,32.106995183248735,35.20044315205601,102.63502926472574,354.190727195559,2026-03-22 07:24:19
2026-03-22 07:24:21.431997+00:00,4419387.609083808,3117670.0576849463,3370044.2973187086,1779961.321468891,5,"E13,E29,G06,G12,G25",33.37698984668855,56.999310959130526,24.850557950865685,38.24571558365224,32.100524695474995,35.20116899593078,310.3071044124663,375.05544305155865,2026-03-22 07:24:21
2026-03-22 07:24:23.431997+00:00,4419545.721852505,3118128.8037094837,3370460.253047793,1780216.6627235368,5,"E13,E27,E30,G19,G25",61.527559928740175,119.08788479864597,6.006616531337304,32.79987928937892,32.10181567997054,35.20417438309127,864.8181151458994,319.55701025482625,2026-03-22 07:24:23
2026-03-22 07:24:25.431997+00:00,4419335.017376893,3117727.01077221,3370063.8640175425,1779943.334390402,5,"E13,E29,G06,G12,G25",31.953947584430864,54.60468405112624,24.83045371764047,38.24893196718366,32.10072277211387,35.20198318366892,312.11242155358195,301.23006315305315,2026-03-22 07:24:25
2026-03-22 07:24:27.431997+00:00,4419286.621524763,3117641.303971043,3369992.4339816445,1779825.5641232107,5,"E13,E19,G06,G12,G25",25.54760301296812,47.38499729335308,23.855338281631465,37.734718053811456,32.10060338020163,35.20153680553904,198.80135451164097,60.807204133405946,2026-03-22 07:24:27
2026-03-22 07:24:29.431997+00:00,4419267.086906095,3117669.819166697,3369999.0069444543,1779818.7428000004,5,"E13,E19,G06,G12,G25",22.790071697602148,42.273712143301964,23.85279826554467,37.737790887542204,32.100651313078586,35.20190295032246,202.69708545226604,17.592054668323243,2026-03-22 07:24:29
2026-03-22 07:24:31.431997+00:00,4418827.209302317,3117451.052698689,3370589.657399866,1779760.0361846166,5,"E19,E27,E30,G11,G24",105.27820280233142,142.51774428412318,21.584156273759604,41.97689348794294,32.1074902404769,35.20269558103029,105.3061359161511,384.1285703731741,2026-03-22 07:24:31
2026-03-22 07:24:33.431996+00:00,4418809.573392579,3117459.7172689904,3370581.153525816,1779744.0051469747,5,"E19,E27,E30,G11,G24",105.83552794358343,143.2355947382748,21.578194040804032,41.97170849097295,32.107470412899296,35.2028783083695,92.81064235046506,10.70533071731304,2026-03-22 07:24:33
2026-03-22 07:24:35.431996+00:00,4419186.795329871,3117998.166003926,3370323.437778388,1779863.7719479755,5,"E13,E19,E27,E30,G25",95.05088413457155,178.49154943600297,21.57300265798878,36.38843880758731,32.102536903234395,35.20523560291474,479.87658073659986,353.07252675619736,2026-03-22 07:24:35
2026-03-22 07:24:37.431996+00:00,4418796.438701606,3117488.4382768143,3370577.6064823186,1779731.2298622138,5,"E19,E27,E30,G11,G24",103.96478216129053,140.63262337446213,21.5661781726247,41.96127006122784,32.10741540122878,35.20320717890927,95.85894972085953,345.2543928302062,2026-03-22 07:24:37
2026-03-22 07:24:39.431996+00:00,4418788.8962781085,3117506.6805180707,3370594.3818597263,1779732.4321402074,5,"E19,E27,E30,G11,G24",106.18573449865681,143.60042790696025,21.560195918084542,41.95604544582245,32.1075226766469,35.20341117476524,108.46266826987267,12.952613688442316,2026-03-22 07:24:39
2026-03-22 07:24:41.431996+00:00,4418775.869759173,3117529.449967525,3370591.9273978043,1779726.4435634569,5,"E19,E27,E30,G11,G24",101.36277373824478,137.04259780421853,21.5542919161606,41.95085882966826,32.10749203091613,35.203687859388175,109.26057591382414,13.17348100683105,2026-03-22 07:24:41
2026-03-22 07:24:43.431996+00:00,4418824.144877046,3117703.7569887796,3369904.570858009,1779523.6047385612,5,"E13,E19,E30,G12,G25",22.74977809670074,42.21482289582491,21.54923569793206,37.12192563498068,32.10157062455446,35.20490198846527,-137.51170707773417,355.37741819914015,2026-03-22 07:24:43
2026-03-22 07:24:45.431996+00:00,4418819.656979441,3117743.951149135,3369908.797905765,1779524.805364398,5,"E13,E19,E30,G12,G25",23.688169496056876,43.95928360149264,21.543384860029537,37.12579599394125,32.101509438838015,35.205277354818044,-118.74244644679129,20.332115509169505,2026-03-22 07:24:45
2026-03-22 07:24:47.431996+00:00,4419224.188362975,3118313.769133844,3370436.998287841,1780021.2921957069,5,"E13,E27,E30,G25,G32",3.4755730372970164,7.439754907041788,11.293597414082036,33.899098091768195,32.10238598959353,35.20773902383648,720.2403544653207,437.98796204554327,2026-03-22 07:24:47
2026-03-22 07:24:49.431996+00:00,4419213.431375425,3118365.4137632498,3370450.308500723,1780031.1226441138,5,"E13,E27,E30,G25,G32",9.364806381791954,20.04560264199972,11.291815865107363,33.90221760515773,32.10238709157098,35.20825173038891,745.091401796788,27.20313536413966,2026-03-22 07:24:49
2026-03-22 07:24:51.431996+00:00,4417313.019581421,3114758.4886339298,3368959.2811601404,1776688.5525232041,5,"E13,E27,E30,G12,G25",213.3938375077086,299.42091794312,21.5162256383436,44.26084001385551,32.10840621202544,35.18862607037386,-3123.930529391393,2170.5204678644764,2026-03-22 07:24:51
2026-03-22 07:24:53.431996+00:00,4417297.78037072,3114784.6548329033,3368948.503144672,1776680.358310082,5,"E13,E27,E30,G12,G25",214.59908578192412,301.1043149717152,21.510363507734496,44.26489131685438,32.108311255421405,35.18894584841103,-3127.43621949479,16.07069638319628,2026-03-22 07:24:53
2026-03-22 07:24:55.431996+00:00,4416882.982116042,3117741.3458214365,3369474.654666691,1778355.56335021,5,"E13,E27,G12,G24,G29",41.55326702927591,55.400614097714424,33.3580152498388,48.85795352930501,32.1057843538937,35.21708728468262,-1691.1110509447753,1515.826063395815,2026-03-22 07:24:55
2026-03-22 07:24:57.431996+00:00,4418816.814576083,3115324.2201870373,3369419.1526119052,1777766.2988779158,5,"E13,E27,G06,G12,G25",251.7250124437686,368.59354531392455,24.658967301217057,44.90114117998881,32.104464378438955,35.184342148003864,-1562.313242171891,1548.0055550662785,2026-03-22 07:24:57
2026-03-22 07:24:59.431996+00:00,4418214.703273434,3116002.0950112003,3369939.112033394,1778299.9104730918,5,"E13,E29,E34,G12,G25",783.4629640890173,1203.6423489302397,13.582900396218564,36.06632842475488,32.10892347243336,35.193890275401046,-1371.87706970796,522.5921205889073,2026-03-22 07:24:59
2026-03-22 07:25:01.431996+00:00,4418619.4422556,3117812.7687656838,3370545.54804351,1779668.5186965023,5,"E19,E27,E30,G11,G24",105.91518413221989,142.82398100942373,21.495820248973473,41.8990618725707,32.106967503613966,35.207096030148804,114.6974628213793,975.9761425395196,2026-03-22 07:25:01
2026-03-22 07:25:03.431996+00:00,4419046.348068702,3118061.1590084373,3369978.3624135056,1779725.1624756565,5,"E13,E19,G06,G12,G25",20.494137003264125,38.064463689923286,23.81015226249963,37.789485909836685,32.10027682010788,35.20663866393937,230.04891606140882,376.047146259165,2026-03-22 07:25:03
2026-03-22 07:25:05.431997+00:00,4418972.766297131,3118034.8108726763,3369905.1674902146,1779673.9648553198,5,"E13,E19,G06,G12,G25",19.97064109256896,37.09482818841934,23.80781992702171,37.79263892060893,32.10007857449512,35.206860010440536,127.35436304286122,53.53967382982752,2026-03-22 07:25:05
2026-03-22 07:25:07.431997+00:00,4419107.137051544,3118262.3907663715,3370053.435715673,1779868.985812459,5,"E13,G06,G12,G25,G32",90.29303324505803,195.19874775409698,11.27985873977001,35.290259505712086,32.100056341214355,35.208009219456954,410.29930168762803,151.51862454539489,2026-03-22 07:25:07
2026-03-22 07:25:09.431997+00:00,4418616.932114198,3117870.7696733326,3370547.0913216295,1779676.0579327794,5,"E19,E27,E30,G11,G24",111.03301691903833,149.57827274501324,21.47160649407618,41.87793900883386,32.10682884596018,35.20761346318971,142.10577841568738,399.17534317762744,2026-03-22 07:25:09
2026-03-22 07:25:11.431997+00:00,4418642.041816077,3118047.360253619,3369845.8448238485,1779467.2104490527,5,"E13,E19,E30,G12,G25",20.836230015496973,38.70196717977524,21.466757729711453,37.17654622194502,32.100885692347234,35.20898874682944,-126.95190511923283,361.7877073728863,2026-03-22 07:25:11
2026-03-22 07:25:13.431997+00:00,4418586.542329028,3117912.3676237594,3370532.422705879,1779666.9430155347,5,"E19,E27,E30,G11,G24",110.99625484040176,149.4527494199574,21.459803662665877,41.86749588830092,32.106720858824815,35.20815919657909,133.59165925346315,350.96025105152984,2026-03-22 07:25:13
2026-03-22 07:25:15.431997+00:00,4416786.328179242,3117937.9564669817,3369416.6845635287,1778330.1807014763,5,"E13,E27,G12,G24,G29",39.56014245123203,52.6522366926074,33.462483667943275,48.875908049057465,32.10517638387591,35.21938024120388,-1692.7636773902923,1059.04407088219,2026-03-22 07:25:15
2026-03-22 07:25:17.431997+00:00,4418547.507992921,3117955.7329787575,3370495.851996569,1779645.2819124355,5,"E19,E27,E30,G11,G24",106.71198017186393,143.61047881096601,21.448084981279216,41.85708973188564,32.106474534528225,35.20877303541519,108.31741107162088,1032.7962878778426,2026-03-22 07:25:17
2026-03-22 07:25:19.431997+00:00,4415708.622807841,3117552.1148943217,3369028.851835981,1777501.9855806888,6,"E13,E19,E27,G06,G12,G25",21.220856249622884,41.89322966337204,23.78559131395717,41.42116186799633,32.10750103552185,35.22262707279015,-2833.1542438110337,1610.455379956141,2026-03-22 07:25:19
2026-03-22 07:25:21.431997+00:00,4416054.161277411,3116820.1289584846,3368518.4797515823,1777198.6161639835,5,"E07,E15,E21,G11,G24",122.69769329920886,178.21883326396346,4.824907207444769,39.42954819538031,32.10427107040547,35.214175976170075,-3222.8647533124313,478.4558257429186,2026-03-22 07:25:21
2026-03-22 07:25:23.431997+00:00,4418977.915872049,3118257.6992125697,3369872.686004096,1779707.8513947644,5,"E13,E19,G06,G12,G25",21.036291543552153,39.10074545070529,23.78499911200224,37.81942088126053,32.099194482701144,35.20875787195585,222.51795962359756,1764.1445334385896,2026-03-22 07:25:23
2026-03-22 07:25:25.431997+00:00,4421063.9931656,3119090.0534381294,3370950.2833944852,1781308.159934616,5,"E13,E27,G11,G25,G32",184.16966500710774,321.15741647034883,11.265138667715062,40.5259881872104,32.09696001532131,35.20322311184116,2645.5865866811946,1245.5669559734195,2026-03-22 07:25:25
2026-03-22 07:25:27.431997+00:00,4419052.98908308,3118453.390117504,3369948.229759943,1779847.4728194147,5,"E13,G06,G12,G25,G32",102.75976985650442,222.147615455091,11.264159514883529,35.322030002751156,32.098936989727555,35.20999314256464,410.2032379116863,1167.6460390720413,2026-03-22 07:25:27
2026-03-22 07:25:29.431997+00:00,4416757.449260313,3118064.457157829,3369318.273607304,1778302.975557099,5,"E13,E27,G12,G24,G29",34.578475777490574,45.9612689986825,33.53609375070855,48.888473438414465,32.10418777213185,35.22065194782097,-1703.2518088063225,1205.9868033354571,2026-03-22 07:25:29
2026-03-22 07:25:31.431997+00:00,4418852.432965678,3118353.697536485,3369807.618839145,1779642.5121872793,5,"E13,E30,G06,G12,G25",70.93695245134766,123.32916521281004,21.405749032172398,37.357773052080944,32.098923481814815,35.210355267750984,147.978003885597,1085.3657768600588,2026-03-22 07:25:31
2026-03-22 07:25:33.431996+00:00,4414290.704556596,3116231.3439575233,3368275.8348110914,1776238.9788376726,5,"E07,E15,E21,E29,G11",66.26037531091434,124.35429825261235,4.766134908710163,34.58874663751355,32.11095483194568,35.21985773256686,-4859.783860505559,2629.645449537254,2026-03-22 07:25:33
2026-03-22 07:25:35.431996+00:00,4415732.777310489,3117755.108290434,3368739.685455539,1777354.2038979984,6,"E19,E27,G06,G12,G24,G29",17.395422795091246,33.79643062874675,23.76483079859767,42.427060832919146,32.10463510296757,35.224237125452724,-2870.9542035143822,1074.312453400196,2026-03-22 07:25:35
2026-03-22 07:25:37.431996+00:00,4418795.766644058,3118059.0631806245,3370193.5084120394,1779686.1451057063,5,"E07,E21,E29,E34,G11",4.912200683872562,9.026310585439205,4.7468650270014905,27.649363936084956,32.10290729326824,35.208151054624004,169.91968196164817,1702.0497511586416,2026-03-22 07:25:37
2026-03-22 07:25:39.431996+00:00,4416708.353942596,3117514.1746359756,3369195.03780207,1777959.1680771615,5,"E15,E21,E29,G12,G24",44.90663165549978,81.32214383408427,26.079080477568247,45.43231005977772,32.10495980485261,35.21618760688989,-2071.539480129257,1188.6062080526306,2026-03-22 07:25:39
2026-03-22 07:25:41.431996+00:00,4418899.581368132,3118632.665342685,3370175.4605950974,1779748.4371399903,5,"E13,E19,E27,E30,G25",93.72359923775333,176.0977323614061,21.37634036563777,36.485309200467825,32.10077805071325,35.21248184772471,512.3414164101705,1324.172189001523,2026-03-22 07:25:41
2026-03-22 07:25:43.431996+00:00,4416674.807961003,3117525.3919162243,3369213.161083819,1777943.4352503696,5,"E15,E21,E29,G12,G24",43.69111093729108,79.15800043568015,26.059425618210593,45.42655166054381,32.10519867795823,35.2164897556365,-2079.643312526867,1332.4499524765806,2026-03-22 07:25:43
2026-03-22 07:25:45.431996+00:00,4418246.623790574,3118274.776345973,3369700.297322846,1779103.6905565613,5,"E15,E21,E29,E34,G12",258.08195720883884,478.74807404726744,13.405632509875687,38.07614958506358,32.10069364629195,35.213372884207146,-366.89513413701206,904.0856902161187,2026-03-22 07:25:45
2026-03-22 07:25:47.431996+00:00,4418012.800246098,3118444.593329044,3369583.4072224274,1779052.6361941383,5,"E15,E29,G12,G25,G32",178.1788256888012,379.27403914928436,11.247685590850905,37.64842225649149,32.100246851313386,35.21627140623366,-507.88540737796575,155.86416623671235,2026-03-22 07:25:47
2026-03-22 07:25:49.431996+00:00,4416618.345714448,3117522.5350493276,3369258.191291905,1777919.5296803853,5,"E15,E21,E29,G12,G24",46.045055925342524,83.48160549253225,26.029902584413808,45.41792274868809,32.10577183453133,35.216810103436515,-2096.180207441561,851.5368919633684,2026-03-22 07:25:49
2026-03-22 07:25:51.431996+00:00,4417627.472869361,3118354.248118063,3371254.0696533658,1780063.7058707257,5,"E27,E30,G11,G21,G25",65.93942066713416,132.8739264421165,3.7275800532494747,35.706571920246915,32.11476777242555,35.217843774170504,69.30246134568006,1193.0648219223865,2026-03-22 07:25:51
2026-03-22 07:25:53.431996+00:00,4418193.759000911,3115929.35308322,3368769.6542814444,1776782.864647884,5,"E15,E27,E30,G11,G25",232.6451328855783,366.10209047421813,21.326930903591357,44.56312163105262,32.10027061580888,35.1933882188002,-2043.416341627948,1758.7719901278122,2026-03-22 07:25:53
2026-03-22 07:25:55.431996+00:00,4416591.749145862,3117519.9983398784,3369328.891617376,1777919.0263150528,5,"E15,E21,E29,G12,G24",46.02387480692781,83.50197028368711,26.000389537289372,45.40923242455362,32.10642327705802,35.21695069305132,-2078.24856925942,1162.8987817203135,2026-03-22 07:25:55
2026-03-22 07:25:57.431996+00:00,4416595.75261631,3117370.282134085,3369254.2845946923,1777907.0346342,5,"E15,E21,E29,G11,G24",137.1319986980604,187.61763055622578,25.99205419650459,43.633674889144984,32.10625144073156,35.21562985783591,-2188.2631624061614,83.66178620869836,2026-03-22 07:25:57
2026-03-22 07:25:59.431996+00:00,4416500.761325957,3118075.0993258003,3369435.6307128775,1778161.7958786504,5,"E13,E27,G12,G24,G29",37.40543872057035,49.556293431669474,33.69316426004679,48.914895886628784,32.10606040305227,35.222313002469356,-1813.308283562772,366.97310308834415,2026-03-22 07:25:59
2026-03-22 07:26:01.431996+00:00,4416511.2524244245,3118093.4231497855,3369471.488773427,1778181.7516685224,5,"E13,E27,G12,G24,G29",31.946085496296764,42.313415352255106,33.703528290890034,48.91657324730586,32.10624263817157,35.222407518925166,-1778.0384017936885,20.806406338311067,2026-03-22 07:26:01
2026-03-22 07:26:03.431996+00:00,4418795.55665088,3118400.073362137,3370049.3647014927,1779656.8126245162,5,"E13,E19,G06,G12,G25",25.164050340102428,46.84231470152736,23.736343192356745,37.880411192965376,32.10086476631604,35.21110409859149,259.7269348651171,1188.067836865243,2026-03-22 07:26:03
2026-03-22 07:26:05.431997+00:00,4416394.689134975,3118086.8307465906,3369445.526129989,1778115.8980517935,5,"E13,E27,G12,G24,G29",42.981520140068845,56.902635745704174,33.72421588272553,48.92023574108427,32.106519020948475,35.223062936992015,-1875.7174451267347,1247.687917575451,2026-03-22 07:26:05
2026-03-22 07:26:07.431997+00:00,4418343.064346845,3118165.664983314,3370657.996595003,1779600.0502439793,5,"E19,E27,E30,G11,G24",107.15666768018237,143.35003171116114,21.2969586549726,41.72404441770096,32.10793355972658,35.211839212534265,155.53657501004636,1148.0924866536438,2026-03-22 07:26:07
2026-03-22 07:26:09.431997+00:00,4416480.507102129,3117579.116513396,3369426.705741087,1777914.796955396,5,"E15,E21,E29,G12,G24",45.492619170108014,82.67307292297482,25.931296019471947,45.388900250927705,32.10744298855132,35.218142488545055,-2074.363649151288,1154.2568782928593,2026-03-22 07:26:09
2026-03-22 07:26:11.431997+00:00,4418604.359759055,3118466.766290228,3370069.1124205277,1779593.3656752242,5,"E13,E30,G06,G12,G25",73.48531173077122,127.62142626196146,21.28504917795464,37.40466675511502,32.10157993408264,35.21284930832872,170.46785364486277,1194.9224427166055,2026-03-22 07:26:11
2026-03-22 07:26:13.431997+00:00,4416957.661257619,3117542.2795505715,3369471.3713481007,1778259.49277097,5,"E13,E21,E29,G11,G24",125.97271531935438,221.29751617833972,25.914704652122722,41.66815708322401,32.10601711111717,35.2149073293395,-1738.4130442161113,990.4022006359916,2026-03-22 07:26:13
2026-03-22 07:26:15.431997+00:00,4418392.92332772,3118549.0838015666,3370814.1332162693,1779920.0066227182,5,"E27,E30,G11,G24,G29",132.6253849646775,177.6002904549241,21.274468241619278,43.71476847395074,32.10787126781686,35.21485348177775,460.3026515766978,1104.1559496171117,2026-03-22 07:26:15
2026-03-22 07:26:17.431997+00:00,4416297.173893768,3118122.1771597867,3369533.2160328575,1778093.9455505887,5,"E13,E27,G12,G24,G29",36.70426056296265,48.51904509216547,33.78656653307581,48.93065047425743,32.1074732576238,35.223965040441776,-1879.3188312156126,1246.5115123278247,2026-03-22 07:26:17
2026-03-22 07:26:19.431997+00:00,4418626.267470833,3118748.7562158685,3370461.983702487,1779714.3881300667,5,"E13,E19,E27,E30,G25",99.79997172387074,187.54702054709196,21.261965744229464,36.54158694044982,32.10371596027304,35.215156199876795,532.1581789124757,1292.2739249470771,2026-03-22 07:26:19
2026-03-22 07:26:21.431997+00:00,4418863.235924582,3120254.941201082,3371037.366329657,1781163.1891323873,5,"E15,E30,G06,G12,G24",7.19463746542847,13.404487885534763,21.263980923935023,41.32663645653775,32.103020517628075,35.22674246323984,1737.76749063842,814.8331770067712,2026-03-22 07:26:21
2026-03-22 07:26:23.431997+00:00,4417593.006543806,3117850.2015837724,3371047.2896237783,1779379.5790540937,5,"E27,E30,G05,G11,G21",46.184402435481005,88.1552730537951,1.563590906026211,28.061242385684846,32.11471682549016,35.213690872527266,-310.6615039855242,1359.8119151753342,2026-03-22 07:26:23
2026-03-22 07:26:25.431997+00:00,4418478.844488938,3118201.3794148136,3370526.1269338825,1779629.3514207718,5,"E07,E21,E29,E34,G11",1.2850454520345556,2.3511023856699467,4.524544996111011,27.55477405943239,32.106295844006404,35.21131889256991,196.85984092671424,543.057382647275,2026-03-22 07:26:25
2026-03-22 07:26:27.431997+00:00,4416676.902686877,3117617.2150662937,3370041.96690166,1778354.4663552046,5,"E07,E15,E21,E29,G11",288.4080319138366,540.2958434410393,4.513548614108068,34.52599116531849,32.11126941518768,35.21727200762206,-1592.8138996362686,977.5803267377551,2026-03-22 07:26:27
2026-03-22 07:26:29.431997+00:00,4416681.228028384,3117607.875249484,3370036.9301014794,1778346.0075042958,5,"E07,E15,E21,E29,G11",286.6614655983489,536.9878801740706,4.5045133139608176,34.52385735087552,32.111239814175796,35.217164703680176,-1597.0602880613878,5.729531247130213,2026-03-22 07:26:29
2026-03-22 07:26:31.431997+00:00,4419096.369116701,3117142.284665617,3370592.901504681,1778507.4128764863,5,"E13,E27,E34,G11,G25",419.90103167989946,547.6760267466307,13.221652964260088,41.0721908525875,32.10731392815393,35.198378554991294,142.56841936707497,1260.8315975419969,2026-03-22 07:26:31
2026-03-22 07:26:33.431996+00:00,4418671.8361101225,3118322.7880253405,3370277.1839372744,1779587.141829899,5,"E13,E21,E29,G06,G12",118.98210132573593,212.75747367367148,24.167744929820888,38.32552967476366,32.10330303064353,35.211190880583814,257.41985147167,646.8183114015352,2026-03-22 07:26:33
2026-03-22 07:26:35.431996+00:00,4415925.778961918,3115785.4047245625,3369367.589596927,1776339.8903726027,5,"E13,E19,E27,G06,G25",352.9516922549843,668.6614744514227,23.71322868598965,37.165166542798374,32.11412473722004,35.20599857982713,-3365.722297774628,1923.9611313811672,2026-03-22 07:26:35
2026-03-22 07:26:37.431996+00:00,4418148.286546464,3116788.5557166897,3370257.920727587,1777790.4982251264,5,"E13,E27,E30,G11,G25",399.4675097299301,595.5422014780343,21.196827975867418,42.68324504818657,32.10944606513674,35.20110649328479,-864.4181409562007,1297.9350329071583,2026-03-22 07:26:37
2026-03-22 07:26:39.431996+00:00,4419831.357029504,3119360.680944195,3369367.8636499224,1779360.6848418105,5,"E19,E27,E30,G06,G24",202.7069774151622,314.6546445302665,21.19626604503099,35.60466973910882,32.08895057326288,35.21309117480984,1083.8052085712552,1600.059064405955,2026-03-22 07:26:39
2026-03-22 07:26:41.431996+00:00,4416910.630475348,3115200.341271633,3369142.735508923,1776502.1550482837,5,"E13,E27,E30,G12,G25",209.81936443767444,293.8693990595639,21.183318608679333,44.4818852402138,32.110164066258996,35.19491214968188,-3089.2656956911087,2544.0986849530063,2026-03-22 07:26:41
2026-03-22 07:26:43.431996+00:00,4418264.259760129,3118135.0262987055,3370781.1778178657,1779538.5896924215,5,"E19,E27,E30,G11,G24",105.92100449848762,141.12718281149864,21.186344083888855,41.62659473164326,32.10926776830726,35.21205541872346,151.50936749298126,1811.7106314527796,2026-03-22 07:26:43
2026-03-22 07:26:45.431996+00:00,4418680.911890581,3118370.3851195043,3370216.4342605774,1779594.6673416416,5,"E13,E19,G06,G12,G25",21.459950663477905,40.00750682130456,23.685680733371203,37.94398778264176,32.102671913906576,35.21154743129726,254.66408059187233,370.1108137560421,2026-03-22 07:26:45
2026-03-22 07:26:47.431996+00:00,4415713.558986003,3117760.8332033968,3369423.831902707,1777578.6823565005,6,"E13,E19,E27,E30,G12,G25",24.778156905547213,37.70106818899512,21.19074323100515,41.03095729752764,32.10992281307076,35.224404190211345,-2517.827435755171,1565.6432620845987,2026-03-22 07:26:47
2026-03-22 07:26:49.431996+00:00,4418153.193902161,3119588.6501790895,3370047.160712244,1779558.6894160267,5,"E27,E34,G11,G24,G29",197.19841508131347,347.296475738287,13.15910805773874,42.06726188797086,32.10007806154926,35.22531533944946,394.6510854670778,1555.73714244796,2026-03-22 07:26:49
2026-03-22 07:26:51.431996+00:00,4418672.7691391,3118342.5440988126,3370238.813762443,1779583.7031396339,5,"E13,E19,G06,G12,G25",20.396535469187345,38.03299196064472,23.67856716708876,37.953048621231055,32.102951682711094,35.21135618620591,247.3233895925805,681.8118658753647,2026-03-22 07:26:51
2026-03-22 07:26:53.431996+00:00,4418673.084662096,3118335.031357838,3370231.0442282786,1779573.1745943155,5,"E13,E19,G06,G12,G25",21.08096935873753,39.31196993216872,23.676165765782446,37.95602111008866,32.102911856586815,35.21128922993979,239.7432629354298,5.40616529643443,2026-03-22 07:26:53
2026-03-22 07:26:55.431996+00:00,4418672.45180786,3118329.440030538,3370228.6039787373,1779572.0387462308,5,"E13,E19,G06,G12,G25",18.90056925065035,35.24840562045574,23.673745331528696,37.95900054636573,32.10291114410183,35.21124469822307,235.2774459104985,3.0666864561317713,2026-03-22 07:26:55
2026-03-22 07:26:57.431996+00:00,4418680.14505291,3118331.263003967,3370219.631553093,1779568.7146864638,5,"E13,E19,G06,G12,G25",18.20862180391063,33.96034099161625,23.671269690698306,37.961924532967885,32.10280744439526,35.21121348295977,236.72405059169978,5.979416222694254,2026-03-22 07:26:57
2026-03-22 07:26:59.431996+00:00,4418692.540514409,3118334.549889978,3370214.1010572882,1779572.5929652136,5,"E13,E19,G06,G12,G25",21.295198035317362,39.71979360282421,23.668794708212744,37.96483873383869,32.10270758047352,35.21116621549678,243.96929944958538,6.982790797102061,2026-03-22 07:26:59
2026-03-22 07:27:01.431996+00:00,4418715.457247739,3118334.65196553,3370220.216696581,1779586.2366022265,5,"E13,E19,G06,G12,G25",19.601136338888054,36.562551982700825,23.666390830706145,37.96775832912439,32.10266428427205,35.211027112046835,263.13005911000073,11.859470159956484,2026-03-22 07:27:01
2026-03-22 07:27:03.431996+00:00,4412088.361894832,3114857.120401023,3365852.3648390304,1773329.4006773108,5,"E15,E21,E29,G11,G24",28.912146333162205,39.22580590099096,25.682501082610695,43.5274876566392,32.10485902468922,35.2214220938476,-8343.214318944141,4332.717058849116,2026-03-22 07:27:03
2026-03-22 07:27:05.431997+00:00,4418708.787473013,3118345.850715622,3370202.2861788403,1779580.7843078687,5,"E13,E19,G06,G12,G25",13.919716391013033,25.968537744134665,23.661276827281075,37.973629423892795,32.1025224863525,35.21116478828487,254.45471149403602,4327.90407656323,2026-03-22 07:27:05
2026-03-22 07:27:07.431997+00:00,4418436.552579821,3118552.188480541,3370341.327364077,1779537.7162708757,5,"E13,E27,E30,G12,G25",106.52538080285734,149.13890075683594,21.114171815352922,44.53107013062073,32.10408033803005,35.21461381559405,240.72266013734043,184.40414955669084,2026-03-22 07:27:07
2026-03-22 07:27:09.431997+00:00,4416956.198651035,3115134.4877007287,3369132.6072278377,1776469.2141527326,5,"E13,E27,E30,G12,G25",213.57001638087198,298.9503314308822,21.09623929972295,44.53688322960337,32.1100901001243,35.19406326502609,-3095.25636340864,1957.877086447967,2026-03-22 07:27:09
2026-03-22 07:27:11.431997+00:00,4414959.543576981,3116007.775209201,3368820.000348614,1775896.989989907,5,"E13,E19,E27,G11,G24",45.884883646799345,62.93547986075282,23.663132525278268,45.09718320139213,32.1131115152059,35.213831379082684,-4216.892248398624,1100.7935340174856,2026-03-22 07:27:11
2026-03-22 07:27:13.431997+00:00,4418729.795072011,3118223.328348414,3370257.147133395,1779545.8218245313,5,"E13,E21,E29,G06,G12",116.44412805600497,209.28522261232138,23.955155894849142,38.33802317835179,32.10319785937499,35.20997592543166,238.3071461590007,2301.5681029168613,2026-03-22 07:27:13
2026-03-22 07:27:15.431997+00:00,4418311.992512559,3118092.7972520934,3370727.661038997,1779514.4571816223,5,"E19,E27,E30,G11,G24",107.3499057007195,142.5435883551836,21.087096485666127,41.53891828443785,32.108788762531965,35.211398258326845,135.47233366128057,321.31786487693785,2026-03-22 07:27:15
2026-03-22 07:27:17.431997+00:00,4418641.547405924,3118503.198163729,3370104.8662447394,1779408.316615819,5,"E15,E21,E29,G06,G12",221.1155539526632,269.50042570382357,23.9346375494426,40.19584112638848,32.10160678445228,35.21293747695484,233.00113054644316,407.70966746168165,2026-03-22 07:27:17
2026-03-22 07:27:19.431997+00:00,4415459.16298783,3116980.1881290823,3369281.2708213436,1777148.1186641753,5,"E15,E21,E29,G06,G12",50.38280462390367,61.37319880351424,23.943952479625416,40.205142897106825,32.11198926087092,35.219199378711046,-3150.992648933083,1811.452426341796,2026-03-22 07:27:19
2026-03-22 07:27:21.431997+00:00,4418751.724941091,3118172.066840313,3370222.1448013894,1779533.7909397958,5,"E13,E21,E29,G06,G12",114.14334107982846,205.35619116201997,23.912208701204072,38.34048896514185,32.10298625609722,35.20939824911999,209.84677660651505,1812.924634718091,2026-03-22 07:27:21
2026-03-22 07:27:23.431997+00:00,4416299.374882455,3117506.760279159,3369500.0688871774,1777672.457443031,5,"E13,E21,E29,G11,G24",14.358812705159682,25.029156923294067,25.573194656584537,41.62746732367677,32.10891319028323,35.21862309885211,-2196.0587519062683,1320.7996873381305,2026-03-22 07:27:23
2026-03-22 07:27:25.431997+00:00,4414911.552595288,3117725.178905396,3369554.665895308,1776693.137338425,5,"E13,E21,E29,G11,G24",223.7238251947759,389.98544880375266,25.553955567198756,41.62518516165284,32.114163206948234,35.228999228142,-3020.608834605664,702.9826154220599,2026-03-22 07:27:25
2026-03-22 07:27:27.431997+00:00,4416789.984514991,3117632.0650249664,3369505.2062162897,1778070.4611180478,5,"E15,E21,E29,G12,G25",107.66775061491445,176.06456955894828,25.556031633399055,43.47985298827651,32.106684189510545,35.216709464832284,-1792.611721534282,940.6942823703786,2026-03-22 07:27:27
2026-03-22 07:27:29.431997+00:00,4417027.397706102,3117349.9815024897,3369438.4821284027,1778147.7770418269,5,"E13,E21,E29,G11,G24",134.32415225274372,233.91346573084593,25.549704616438024,41.62466240378036,32.106024264693154,35.21281613933136,-1801.5583904953673,187.34209408902896,2026-03-22 07:27:29
2026-03-22 07:27:31.431997+00:00,4417032.219073222,3117333.196822172,3369422.139528482,1778145.7353603186,5,"E13,E21,E29,G11,G24",136.23784694064605,237.17856502905488,25.540274392361532,41.62355616146955,32.105926905209095,35.212641342175125,-1815.1057026619092,11.958800592392777,2026-03-22 07:27:31
2026-03-22 07:27:33.431996+00:00,4415903.444031334,3117735.6063470645,3369255.2833318273,1777532.0367996097,5,"E13,E19,E27,G11,G24",78.21270944443044,107.51531026884913,23.62233358505549,45.08011480186524,32.107960762820504,35.22302490020312,-2488.3494667662308,604.9605307756146,2026-03-22 07:27:33
2026-03-22 07:27:35.431996+00:00,4418533.3038863875,3115444.2041885047,3369497.4831880718,1777709.7467596207,5,"E13,E29,G06,G12,G25",292.0697424356138,513.7849748060107,23.829577254298652,38.40218104949671,32.10584227718628,35.18711265306963,-1658.3928700610995,1748.2382188821957,2026-03-22 07:27:35
2026-03-22 07:27:37.431996+00:00,4415834.985364754,3117725.7043479956,3369203.476503526,1777471.6200975708,5,"E13,E19,E27,G11,G24",83.45597065841119,114.77545496448874,23.617084503594647,45.077159745137934,32.10786041939504,35.223357672416604,-2568.0940982820466,1772.8935213730529,2026-03-22 07:27:37
2026-03-22 07:27:39.431996+00:00,4416631.360209348,3117249.8861144404,3369329.652730386,1777852.0460598746,5,"E15,E21,E29,G11,G24",139.94257403589614,188.99247137084603,25.50037105204694,43.450253837161405,32.10702075709685,35.21436971837699,-2182.3711915099993,468.11759332196124,2026-03-22 07:27:39
2026-03-22 07:27:41.431996+00:00,4418888.611400703,3118249.866841948,3370023.2458001063,1779586.5074925965,5,"E13,E19,G06,G12,G25",12.171112423206315,22.734231553971767,23.617238801298924,38.026050554993944,32.10071592437771,35.209235550882774,236.88801131863147,1282.2066665153998,2026-03-22 07:27:41
2026-03-22 07:27:43.431996+00:00,4418899.267132607,3118254.9211291643,3370008.6511732517,1779589.2210913359,5,"E13,E19,G06,G12,G25",13.96516226348475,26.087107103317976,23.61465942580146,38.02890852066811,32.10054874912447,35.2092142136268,238.97614452056587,9.382078323942402,2026-03-22 07:27:43
2026-03-22 07:27:45.431996+00:00,4415734.04878272,3117729.842435429,3369113.648597314,1777390.7805548161,5,"E13,E19,E27,G11,G24",94.93316459775492,130.68123437091708,23.606443095563236,45.07116499878116,32.107557909440736,35.22401057911869,-2683.661263424903,1665.4837471446308,2026-03-22 07:27:45
2026-03-22 07:27:47.431996+00:00,4418329.324312931,3116505.9315913357,3370035.831745468,1777709.447732801,5,"E13,E27,E30,G11,G25",352.14767136759747,527.5292767770588,20.97790506224088,42.796621283886516,32.10782114711626,35.19755336388078,-995.1492781052366,1506.9700221585895,2026-03-22 07:27:47
2026-03-22 07:27:49.431996+00:00,4418776.813799992,3117856.3059913996,3370348.7196325213,1779674.6257570055,5,"E21,E29,E34,G06,G24",55.79105726354519,116.31640854105353,12.916134675313923,30.283161172314426,32.104727388993346,35.206511664980965,140.26776474062353,728.2953884315878,2026-03-22 07:27:49
2026-03-22 07:27:51.431996+00:00,4420917.710379664,3117621.0459542605,3369241.549920504,1778961.7857089834,5,"E13,E19,E27,G11,G24",221.57808117120516,305.14635782688856,23.615929196186176,45.05690966805251,32.08853722455953,35.191402894555765,919.1417640354484,1210.8478662834664,2026-03-22 07:27:51
2026-03-22 07:27:53.431996+00:00,4417201.377795126,3115084.746157979,3368975.750986188,1776534.7122291327,5,"E13,E27,E30,G12,G25",207.94420852374657,290.7904216609895,20.958522124224746,44.62191979667852,32.108067951748865,35.19213446866608,-3033.1974707320333,2253.5856767047962,2026-03-22 07:27:53
2026-03-22 07:27:55.431996+00:00,4422377.091513865,3119553.5190753248,3370468.749252279,1781292.8177178057,5,"E07,E15,E21,G11,G24",411.7019172953831,603.3411792702973,4.131410620435988,39.151977574651085,32.0868651924307,35.199218402381895,3525.120203020051,3499.535244417764,2026-03-22 07:27:55
2026-03-22 07:27:57.431996+00:00,4420936.954434305,3117628.625069378,3369258.5966386907,1778980.5196281117,5,"E13,E19,E27,G11,G24",223.54126027802423,308.0783419087529,23.608234560441346,45.05199298300609,32.08857119545078,35.19135103220375,945.2223298046738,1345.7043778469404,2026-03-22 07:27:57
2026-03-22 07:27:59.431996+00:00,4428640.022365184,3121469.7761015003,3374861.399926741,1786684.790752666,5,"E13,E19,E29,G11,G24",280.0388962404408,493.8141302317381,23.59840128273662,38.27299088412367,32.09061110138112,35.177601333028996,11130.696231248789,5135.248326125199,2026-03-22 07:27:59
2026-03-22 07:28:01.431996+00:00,4427387.898018457,3120777.0266828947,3373667.2611282007,1785470.3204860617,5,"E13,E19,E27,G11,G24",103.96505653270695,143.40094193443656,23.597382530142777,45.03220727710581,32.08830636470928,35.17924225137247,9291.107439335436,931.8911694537451,2026-03-22 07:28:01
2026-03-22 07:28:03.431996+00:00,4419632.473976951,3118373.571182038,3370374.6003849963,1780141.3137904927,5,"E13,E21,E29,G05,G12",150.75296516028342,241.71753853186965,1.983561515661052,34.01139368441047,32.10014565528274,35.20576315725357,998.8839595802128,4380.77662001855,2026-03-22 07:28:03
2026-03-22 07:28:05.431997+00:00,4417051.487264496,3117621.8420988885,3369796.4743982744,1778389.827999144,5,"E07,E15,E21,E29,G12",317.31831788125027,674.2389454245567,4.073938003830288,36.23351024911961,32.107913666139304,35.2150228213639,-1461.8263375116512,1374.8464568845034,2026-03-22 07:28:05
2026-03-22 07:28:09.431997+00:00,4414359.015076142,3116979.556179068,3370360.619288339,1777727.1528895295,5,"E07,E15,E27,G05,G12",621.7436729208049,1190.033148508519,2.007064709017235,35.374566575550475,32.12455038325399,35.22592089846653,-3338.6275500720367,706.231068102343,2026-03-22 07:28:09
