utc_time,x,y,z,satellites,rms_residual_m,pdop,initial_guess_method,lat_deg,lon_deg,velocity_mps
2026-03-22 06:44:42,4436904.365928921,3085535.1129432074,3376328.6258316487,"E07,E15,E27,E30",2.634178031930877e-09,4.488161593246302,previous_point_guess,32.16812292165174,34.81572464309961,
2026-03-22 06:44:44,4436904.823165621,3085534.9782290286,3376328.2220472735,"E07,E15,E27,E30",2.634178031930877e-09,4.487450350349095,previous_point_guess,32.168118406414514,34.81572070288341,0.3123520174396054
2026-03-22 06:44:46,4436903.911516544,3085534.504831704,3376327.368824322,"E07,E15,E27,E30",3.226196034939731e-09,4.486738053346553,motion_prediction_guess,32.16811678446702,34.815722100633835,0.667682273014155
2026-03-22 06:44:48,4436903.10521079,3085534.04724507,3376326.60071238,"E07,E15,E27,E30",1.862645149230957e-09,4.486034529265775,motion_prediction_guess,32.16811535363943,34.815722998357344,0.601978083439374
2026-03-22 06:44:52,4436902.547687013,3085533.607756857,3376325.9435018636,"E07,E15,E27,E30",1.862645149230957e-09,4.484627325852255,motion_prediction_guess,32.168113739145255,34.81572254773014,0.24185588617250062
2026-03-22 06:44:54,4436902.099487946,3085533.388056272,3376325.4057841687,"E07,E15,E27,E30",3.725290298461914e-09,4.483934537487511,previous_point_guess,32.168112003402975,34.81572334840079,0.36684161069490906
2026-03-22 06:44:56,4436901.5735153,3085533.038387632,3376324.6505269925,"E07,E15,E27,E30",0.0,4.483239320167597,motion_prediction_guess,32.16810926990998,34.81572348858798,0.49227248176552374
2026-03-22 06:44:58,4436900.756573845,3085532.6610367894,3376323.9211726193,"E07,E15,E27,E30",2.634178031930877e-09,4.482546798522974,motion_prediction_guess,32.16810795691818,34.815725149066544,0.579168542174937
2026-03-22 06:45:00,4436900.143080059,3085532.2616374805,3376323.084345035,"E07,E15,E27,E30",1.862645149230957e-09,4.481853229204656,previous_point_guess,32.16810508205954,34.815725386162605,0.5559169989302961
2026-03-22 06:45:02,4436899.908076223,3085531.8664483246,3376322.5130115566,"E07,E15,E27,E30",1.862645149230957e-09,4.481166287041316,previous_point_guess,32.168102730407874,34.81572336889813,0.3666821564197639
2026-03-22 06:45:04,4436899.853050598,3085531.6453704904,3376322.1817132165,"E07,E15,E27,E30",1.862645149230957e-09,4.4804858081903935,motion_prediction_guess,32.168101024368816,34.81572177769627,0.20103595348320055
2026-03-22 06:45:06,4436899.2160873525,3085531.424292657,3376321.648807325,"E07,E15,E27,E30",0.0,4.4798053566494485,motion_prediction_guess,32.16810007317085,34.815723708972506,0.4297052110716782
2026-03-22 06:45:10,4436898.85458021,3085531.1065400573,3376321.600998506,"E07,E15,E27,E30",3.226196034939731e-09,4.4784494293943675,motion_prediction_guess,32.16810200415805,34.81572313144611,0.1639252436532497
2026-03-22 06:45:12,4436899.209600698,3085531.1562042306,3376321.8627291415,"E07,E15,E27,E30",1.862645149230957e-09,4.477774504162401,previous_point_guess,32.16810246655139,34.8157214147805,0.2219284811719516
2026-03-22 06:45:14,4436899.573282133,3085531.5420283074,3376322.1639556764,"E07,E15,E27,E30",3.226196034939731e-09,4.4771027857798895,previous_point_guess,32.16810227483973,34.815722571643676,0.3049023735110804
2026-03-22 06:45:16,4436899.9926836975,3085531.8463990297,3376322.8669153126,"E07,E15,E27,E30",2.634178031930877e-09,4.476440494841539,previous_point_guess,32.16810515335984,34.815722682257615,0.43666104107069803
2026-03-22 06:45:18,4436900.324564123,3085532.3459726064,3376323.3954022494,"E07,E15,E27,E30",1.862645149230957e-09,4.475773845409267,previous_point_guess,32.168106509963444,34.81572502169383,0.3996926373856638
2026-03-22 06:45:20,4436900.656444549,3085532.941222684,3376323.9238891867,"E07,E15,E27,E30",2.634178031930877e-09,4.475111324340135,previous_point_guess,32.168107604306,34.8157281939025,0.4312092632594823
2026-03-22 06:45:22,4436901.077088899,3085533.586203431,3376324.638859784,"E07,E15,E27,E30",3.226196034939731e-09,4.474456049381082,previous_point_guess,32.168109635957514,34.81573126167916,0.5253867119898498
2026-03-22 06:45:26,4436901.506595215,3085534.645149793,3376325.6718117367,"E07,E15,E27,E30",0.0,4.4731402019112805,motion_prediction_guess,32.16811292522415,34.81573787898896,0.35799426834148695
2026-03-22 06:45:30,4436901.812885215,3085535.3364544213,3376326.7369446787,"E07,E15,E27,E30",1.862645149230957e-09,4.471842287122772,motion_prediction_guess,32.16811795356343,34.81574204215708,0.27002638715837013
2026-03-22 06:45:34,4436907.190797034,3085534.4960085307,3376333.215475663,"E07,E15,E27,E30",2.634178031930877e-09,4.470551660703677,previous_point_guess,32.16814851261854,34.815702174326205,3.989551178001776
2026-03-22 06:45:36,4436917.895122838,3085532.8694210057,3376344.745305879,"E07,E15,E27,E30",0.0,4.469913542217444,previous_point_guess,32.16819879005898,34.815623223220435,7.908308332287146
2026-03-22 06:45:38,4436934.103556081,3085530.403252833,3376361.4008852486,"E07,E15,E27,E30",2.634178031930877e-09,4.469276554847018,motion_prediction_guess,32.168268799926885,34.815503648477424,11.685499751477309
2026-03-22 06:45:40,4436950.440250522,3085527.649149285,3376378.044453658,"E07,E15,E27,E30",2.634178031930877e-09,4.468644597633676,motion_prediction_guess,32.16833900127561,34.81538079170955,11.741816735927419
2026-03-22 06:45:42,4436966.776944962,3085524.7563673826,3376394.688022068,"E07,E15,E27,E30",1.862645149230957e-09,4.468011486935735,previous_point_guess,32.168409582214764,34.815256728421026,11.75015044332285
2026-03-22 06:45:48,4437015.412395344,3085515.364851181,3376443.2098452146,"E07,E15,E21,E29,E34",19.98553796344803,3.3002001393827154,previous_point_guess,32.168613999033504,34.81488060193325,11.35630385025437
2026-03-22 06:45:54,4437061.813607049,3085503.4845223385,3376488.960110015,"E07,E15,E21,E29,E34",19.166040726392698,3.2960339960995375,previous_point_guess,32.16881288405166,34.81449634082893,10.989569850979535
2026-03-22 06:45:56,4437072.182959541,3085498.8405544017,3376498.26634783,"E07,E15,E21,E29,E34",21.558142460245556,3.2946489341746594,motion_prediction_guess,32.16885577611648,34.81439315730451,7.343295778617518
2026-03-22 06:46:00,4437076.218311567,3085489.756222759,3376500.296376693,"E07,E15,E21,E29,E34",24.06380872654136,3.2918818311812963,motion_prediction_guess,32.16888026560647,34.814289662614065,2.447921876559706
2026-03-22 06:46:12,4437091.949349872,3085454.656470969,3376497.958869064,"E07,E15,E21,E29,E34",22.80759391399274,3.283611003329677,motion_prediction_guess,32.1688966241441,34.81388893887212,4.407057945000726
2026-03-22 06:46:14,4437097.599113073,3085447.6770173456,3376498.9776932164,"E07,E15,E21,E29,E34",21.22907549045234,3.282234929412798,previous_point_guess,32.16890126169548,34.81379399346916,4.518589375133409
2026-03-22 06:46:20,4437114.613643322,3085425.4513699855,3376502.941102913,"E07,E15,E21,E29,E34",23.28469489318582,3.2781159070339485,previous_point_guess,32.168925367868994,34.813497557856536,4.799436243213945
2026-03-22 06:46:30,4437113.678193312,3085376.9423042294,3376469.2196962615,"E07,E15,E21,E29,E34",21.68997836796105,3.2712829470759894,motion_prediction_guess,32.168804615717555,34.81308098973952,8.960722590685295
2026-03-22 06:46:32,4437106.140821866,3085366.6351275565,3376455.584725973,"E07,E15,E21,E29,E34",20.049115260986028,3.2699222639401637,previous_point_guess,32.16875849942569,34.81303689408628,9.34026597650969
2026-03-22 06:46:44,4437102.910931456,3085312.059137725,3376400.612473834,"E07,E15,E27,E30",0.0,4.449828744645489,motion_prediction_guess,32.168501203477014,34.812581399111565,5.117091269968458
2026-03-22 06:46:52,4437150.117314086,3085289.7891464974,3376413.362585874,"E07,E15,E21,E29,E34",20.805897324604313,3.2563545405952334,motion_prediction_guess,32.16847348985308,34.812101840062994,8.248340196621117
2026-03-22 06:46:54,4437159.801427753,3085279.295626133,3376414.051828115,"E07,E15,E21,E29,E34",20.48372477862231,3.2550059475302766,previous_point_guess,32.168469339333875,34.811951889057234,7.147920711716505
2026-03-22 06:46:56,4437161.734075744,3085262.5285334396,3376408.7188688223,"E07,E15,E21,E29,E34",19.06654288435888,3.2536566189208598,previous_point_guess,32.168466969327504,34.811794245283636,8.850296329329437
2026-03-22 06:46:58,4437157.460880272,3085239.5601697355,3376397.363707997,"E07,E15,E21,E29,E34",20.18642331052424,3.252306979481686,motion_prediction_guess,32.168460089050825,34.81162018254025,12.987932939428354
2026-03-22 06:47:00,4437148.399008856,3085217.3009118084,3376382.0186562543,"E07,E15,E21,E29,E34",21.148432246561306,3.250960665337011,previous_point_guess,32.168439685172046,34.81148127380309,14.257127077418662
2026-03-22 06:47:02,4437134.548461492,3085195.7507596607,3376362.603412106,"E07,E15,E21,E29,E34",21.26726160749382,3.249614683883083,motion_prediction_guess,32.16840514462777,34.8113775191934,16.07170203494159
2026-03-22 06:47:14,4437088.716283786,3085122.477725795,3376280.5094632236,"E07,E19,E27,E30",0.0,3.379922445810004,previous_point_guess,32.168159982330295,34.81101710071933,6.0922552756561394
2026-03-22 06:47:26,4437208.863318497,3085131.744710421,3376259.4495852212,"E07,E15,E21,E29",1.862645149230957e-09,5.523402880704499,previous_point_guess,32.16750021741504,34.8103706025878,19.23979091380212
2026-03-22 06:47:32,4437316.618998944,3085167.0504678544,3376291.1308322786,"E07,E15,E21,E29,E34",20.82269007641417,3.2295826120927655,previous_point_guess,32.16722054045137,34.81002577494553,18.068330132614502
2026-03-22 06:47:34,4437344.971552659,3085173.882368052,3376301.0222705663,"E07,E15,E21,E29,E34",19.539773394563486,3.2282573634752887,motion_prediction_guess,32.16716556285482,34.809913653677974,15.397911496937907
2026-03-22 06:47:36,4437368.675562428,3085176.2158711194,3376309.5231352123,"E07,E15,E21,E29,E34",20.619669915401893,3.2269342568810786,previous_point_guess,32.16713062246529,34.809790510345955,12.64505847600425
2026-03-22 06:47:40,4437396.9865086395,3085169.6667440934,3376317.1671196087,"E07,E15,E21,E29,E34",22.857960813379126,3.2242847762281746,motion_prediction_guess,32.16709532541787,34.80956216970649,5.371521699754077
2026-03-22 06:47:42,4437401.223261979,3085163.063172228,3376317.12230037,"E07,E15,E21,E29,E34",24.309868068427882,3.222969029284585,previous_point_guess,32.167096380548905,34.80947904950042,3.92298511998648
2026-03-22 06:47:44,4437399.997609754,3085156.043156374,3376315.732198953,"E07,E15,E21,E29,E34",23.016719418248634,3.221647794337495,previous_point_guess,32.167109839348726,34.80942536196907,3.630262660013132
2026-03-22 06:47:48,4437398.129349999,3085134.0850828732,3376312.7968748105,"E07,E15,E21,E29,E34",21.514291824556025,3.219017429655756,motion_prediction_guess,32.16715497433595,34.80924553603522,6.179419072550958
2026-03-22 06:47:54,4437410.011909667,3085084.8592907283,3376324.3711233134,"E07,E15,E27,E30",0.0,4.432413812371547,previous_point_guess,32.16733139021832,34.808745140043236,9.270203565285374
2026-03-22 06:48:02,4437441.367287708,3085023.134679404,3376354.4402936785,"E07,E15,E21,E29,E34",22.187477957210735,3.2098372683799283,previous_point_guess,32.16760647523958,34.80801809971591,10.360803502829068
2026-03-22 06:48:04,4437451.988320506,3085009.057932785,3376364.9214322027,"E07,E15,E21,E29,E34",18.548091923043557,3.2085331648756594,motion_prediction_guess,32.167683190726,34.80783129203174,10.256892777989885
2026-03-22 06:48:06,4437462.609353305,3084995.070673451,3376374.6727950764,"E07,E15,E21,E29,E34",18.52218293156599,3.2072248483187087,previous_point_guess,32.16775409000251,34.80764526335081,10.044138082486766
2026-03-22 06:48:08,4437469.49616025,3084986.4077368975,3376379.475660694,"E07,E15,E21,E29,E34",20.067560492902015,3.2059214719789413,previous_point_guess,32.167787344760214,34.80752817919588,6.032041482135184
2026-03-22 06:48:10,4437470.7394900955,3084983.1967013986,3376379.0511554647,"E07,E15,E21,E29,E34",21.206414885775697,3.204618361979439,motion_prediction_guess,32.167788003045125,34.807492704070725,1.7347062264988498
2026-03-22 06:48:12,4437462.854002025,3084985.437566955,3376369.3837765637,"E07,E15,E21,E29,E34",23.051906973461694,3.2033150537650954,motion_prediction_guess,32.16773915248773,34.80755992988709,6.337598428612393
2026-03-22 06:48:14,4437449.727213262,3084992.1100974823,3376354.276726633,"E07,E15,E21,E29,E34",21.33514660159,3.202012141286819,motion_prediction_guess,32.167657295123526,34.80769745043074,10.548201321632481
2026-03-22 06:48:16,4437434.445166676,3085002.1655019047,3376337.992266101,"E07,E15,E21,E29,E34",19.6548166480027,3.200713191594367,motion_prediction_guess,32.16756567480091,34.80787746101104,12.245772339384244
2026-03-22 06:48:22,4437379.622776211,3085040.541880983,3376280.9818299026,"E07,E15,E27,E30",1.862645149230957e-09,4.426363934843786,previous_point_guess,32.167241426845266,34.808543284304875,15.324136058957164
2026-03-22 06:48:26,4437360.5623103,3085056.369509268,3376261.5974845365,"E07,E15,E27,E30",1.862645149230957e-09,4.425539437178245,motion_prediction_guess,32.167125215650955,34.80879640831985,7.864350033407263
2026-03-22 06:48:32,4437309.624486399,3085107.845373552,3376210.7294358136,"E07,E15,E27,E30",2.634178031930877e-09,4.4243230885596665,previous_point_guess,32.16679663143614,34.809552755230314,12.31801410642738
2026-03-22 06:48:34,4437303.808477322,3085121.1891145366,3376205.9147979734,"E07,E15,E27,E30",3.226196034939731e-09,4.423921245237743,motion_prediction_guess,32.16674623467113,34.80970410476009,7.665867899148872
2026-03-22 06:48:36,4437305.812612657,3085131.9343392495,3376209.2019319143,"E07,E15,E27,E30",3.226196034939731e-09,4.4235213101803135,previous_point_guess,32.16673397881103,34.80978550776817,5.707049634450751
2026-03-22 06:48:40,4437318.6143111,3085150.671422817,3376222.74390066,"E07,E15,E27,E30",1.862645149230957e-09,4.42273269335517,motion_prediction_guess,32.166735539077685,34.80987112871794,7.104670935745521
2026-03-22 06:48:48,4437356.624569286,3085183.272923701,3376259.0239188117,"E07,E15,E21,E29,E34",19.690942117268342,3.180065512837304,previous_point_guess,32.16677330627878,34.80992486933915,7.436316282634954
2026-03-22 06:48:50,4437367.248225797,3085188.7760146814,3376267.4402733054,"E07,E15,E21,E29,E34",22.697258268044383,3.178784883789267,motion_prediction_guess,32.16678059446707,34.80990847665782,7.314046605217374
2026-03-22 06:48:54,4437387.75229256,3085198.8261871664,3376282.2565247547,"E07,E15,E21,E29,E34",21.299405619114523,3.1762295170244803,previous_point_guess,32.166785328110585,34.80987186813528,6.350306623233323
2026-03-22 06:48:56,4437394.522572859,3085203.436169846,3376284.649424727,"E07,E15,E21,E29,E34",17.22624182243469,3.1749524933557893,previous_point_guess,32.16676427371325,34.80987102194605,4.266573739783742
2026-03-22 06:48:58,4437398.474695895,3085207.7688939692,3376281.808533016,"E07,E15,E21,E29,E34",16.32805131077351,3.1736742873482373,motion_prediction_guess,32.16671513631472,34.80988481755362,3.258160544339265
2026-03-22 06:49:00,4437401.667499094,3085211.8243595366,3376277.191390581,"E07,E15,E21,E29,E34",18.282059925502438,3.172403407094646,previous_point_guess,32.16665619310721,34.80990079509964,3.4626145289723
2026-03-22 06:49:02,4437405.222138329,3085213.917426395,3376271.695915917,"E07,E15,E21,E29,E34",18.597349163743242,3.1711335282462194,previous_point_guess,32.16659449712294,34.80989750154548,3.435717928960135
2026-03-22 06:49:04,4437409.476288267,3085214.6082955543,3376266.0625170693,"E07,E15,E21,E29,E34",21.982380570469157,3.1698591658467783,motion_prediction_guess,32.166532833862306,34.809877769523474,3.5464867991685245
2026-03-22 06:49:08,4437424.9717597375,3085212.3134446787,3376254.813116959,"E07,E15,E21,E29,E34",9.558637975318325,3.167320501928489,motion_prediction_guess,32.166392174985916,34.80976401825875,5.995640356422251
2026-03-22 06:49:16,4437515.1876965575,3085193.248116967,3376252.3751712516,"E07,E15,E21,E29,E34",19.271076902522285,3.1622594546366267,motion_prediction_guess,32.166070216229706,34.80905210487874,13.871612003346396
2026-03-22 06:49:38,4437639.58331624,3085158.5012446116,3376212.515056921,"E13,E19,E29,E34",2.634178031930877e-09,9.061877307528045,previous_point_guess,32.165370855649975,34.807996876143285,7.332863846069154
2026-03-22 06:49:50,4437686.327522018,3085133.978798059,3376090.1150891925,"E07,E15,E21,E29,E34",18.7101999945896,3.1409538523050085,motion_prediction_guess,32.1643194854098,34.807500561357415,14.224762139633038
2026-03-22 06:49:54,4437680.83774259,3085127.2802306847,3376032.571913049,"E07,E15,E21,E29,E34",19.694436511889275,3.138471248684466,previous_point_guess,32.16392022374257,34.80747547563548,14.599654249016545
2026-03-22 06:50:04,4437675.44107154,3085113.498943739,3375969.6980121178,"E07,E15,E21,E29,E34",21.938800187925207,3.1322858056043557,previous_point_guess,32.163499305299325,34.80738817640281,2.629189546199437
2026-03-22 06:50:06,4437676.070967857,3085111.561585094,3375966.340350722,"E07,E15,E21,E29,E34",19.968288647684286,3.131050689466862,motion_prediction_guess,32.1634765001366,34.80736750137279,1.9636711753088625
2026-03-22 06:50:08,4437677.102155143,3085110.4779343638,3375964.4895051853,"E07,E15,E21,E29,E34",17.79496152523574,3.1298187962353685,previous_point_guess,32.16346127646856,34.807351828933065,1.1898818560594433
2026-03-22 06:50:10,4437678.126032975,3085109.7849945575,3375963.42429501,"E07,E15,E21,E29,E34",18.782928748737824,3.1285871557584075,previous_point_guess,32.163451008245424,34.807339601589995,0.8159601867895211
2026-03-22 06:50:12,4437678.741310383,3085109.019768685,3375963.1160675283,"E07,E15,E21,E29,E34",20.436840587986968,3.1273547232397516,motion_prediction_guess,32.163448327086634,34.80732921761129,0.5145729068546778
2026-03-22 06:50:14,4437679.628283166,3085109.1082507265,3375963.471481679,"E07,E15,E21,E29,E34",20.915654077736107,3.12612483521401,previous_point_guess,32.16344730177095,34.80732462045159,0.4798095997940063
2026-03-22 06:50:16,4437680.630232636,3085109.7619959447,3375964.783759254,"E07,E15,E21,E29,E34",17.014470010160746,3.1248999157904307,previous_point_guess,32.16345157871376,34.80732424775301,0.8878848438497259
2026-03-22 06:50:22,4437682.675407976,3085112.1097792936,3375969.762416226,"E07,E15,E21,E29,E34",13.796288026522886,3.121219534385711,motion_prediction_guess,32.163475089656124,34.80733230759161,1.1261033337705322
2026-03-22 06:50:24,4437683.285584521,3085113.405123526,3375971.3942612787,"E07,E15,E21,E29,E34",19.69344685493034,3.1199935784479615,motion_prediction_guess,32.16348159212795,34.80733989028447,1.0854895638511397
2026-03-22 06:50:26,4437684.566739009,3085115.312651092,3375973.3617571187,"E07,E15,E21,E29,E34",18.577453945461553,3.118770700095714,motion_prediction_guess,32.16348633473601,34.807348741308594,1.5125357944638484
2026-03-22 06:50:28,4437685.694471689,3085116.9489313643,3375975.189281546,"E07,E15,E21,E29,E34",17.862513802667284,3.1175541593000795,motion_prediction_guess,32.163491356809295,34.8073561597136,1.3499110766508744
2026-03-22 06:50:32,4437687.2857871605,3085119.4802959454,3375977.650660656,"E07,E15,E21,E29,E34",19.51319973936451,3.11511163468458,motion_prediction_guess,32.16349693763696,34.80736856389904,1.016575892104485
2026-03-22 06:50:34,4437688.567085002,3085121.3013742357,3375978.906483965,"E07,E15,E21,E29,E34",14.299170982276316,3.113897498231847,previous_point_guess,32.163496483932875,34.807376661555665,1.2781962369274142
2026-03-22 06:50:36,4437689.711711541,3085122.659455535,3375980.03014552,"E07,E15,E21,E29,E34",15.50116170361627,3.112679442885747,previous_point_guess,32.1634968287115,34.807381556194976,1.0508532271207136
2026-03-22 06:50:38,4437690.734051939,3085123.307084788,3375980.029195519,"E07,E15,E21,E29,E34",17.611287380894026,3.1114628467322856,previous_point_guess,32.16349101738448,34.80738100685866,0.6051042145639086
2026-03-22 06:50:42,4437692.586085601,3085123.9509481187,3375979.3579102964,"E07,E15,E21,E29,E34",20.319494752016737,3.1090350348247813,motion_prediction_guess,32.16347682913688,34.807375404036016,0.5720322996347575
2026-03-22 06:50:44,4437693.405147482,3085123.150809552,3375978.714882789,"E07,E15,E21,E29,E34",16.25069238318837,3.107824479051292,previous_point_guess,32.163470884730046,34.80736348304944,0.6566141305371453
2026-03-22 06:50:46,4437694.082057003,3085122.321031067,3375976.003965776,"E07,E15,E21,E29,E34",14.37590831036572,3.106611249997745,previous_point_guess,32.16344979641172,34.807352164273404,1.4573786301712366
2026-03-22 06:50:48,4437691.446100634,3085119.1799206133,3375970.004259448,"E07,E15,E21,E29,E34",20.0931473310318,3.105403415389047,motion_prediction_guess,32.163422993566705,34.80734077411699,3.6335697628151697
2026-03-22 06:50:52,4437681.374176404,3085109.4994024336,3375949.0175666674,"E07,E15,E21,E29,E34",17.55239214324949,3.1029888346995413,previous_point_guess,32.163329012878705,34.80731746024109,6.9570561000507745
2026-03-22 06:50:54,4437676.199782239,3085104.474345327,3375935.7056014757,"E07,E15,E21,E29,E34",22.40419118754522,3.101784396867999,previous_point_guess,32.16326155791478,34.80730503241332,7.570237300913313
2026-03-22 06:50:56,4437671.010254963,3085099.4492882197,3375919.4882389274,"E07,E15,E21,E29,E34",17.87650208841023,3.10058017862184,motion_prediction_guess,32.16317198345122,34.807292696127845,8.876728568275311
2026-03-22 06:51:02,4437692.674090453,3085094.5912054423,3375871.765534392,"E07,E15,E21,E29",1.862645149230957e-09,5.495098668314864,motion_prediction_guess,32.162735607598144,34.80711931586884,10.37128538643433
2026-03-22 06:51:04,4437707.880712327,3085095.4672251586,3375854.059618518,"E07,E15,E21,E29",2.634178031930877e-09,5.494829161332221,previous_point_guess,32.162538109501966,34.8070349220006,11.67805866004821
2026-03-22 06:51:06,4437724.885472626,3085097.465315107,3375834.085838763,"E07,E15,E21,E29",2.634178031930877e-09,5.494564235413147,previous_point_guess,32.16231313746358,34.80694941445835,13.153954861594604
2026-03-22 06:51:12,4437786.759449736,3085108.4330168995,3375775.3965352597,"E07,E15,E21,E29,E34",19.14097625341267,3.0909776452768707,previous_point_guess,32.16159119868093,34.806670471448136,15.254262037227614
2026-03-22 06:51:20,4437889.1840000525,3085117.999823157,3375686.5579499765,"E07,E15,E21,E29,E34",21.733945496948735,3.0862070532655426,motion_prediction_guess,32.16048312814705,34.80613397113638,16.673247321518126
2026-03-22 06:51:22,4437914.767808014,3085118.337722758,3375664.4852152644,"E07,E15,E21,E29,E34",21.170897726285528,3.085016601005867,previous_point_guess,32.160212871830595,34.80598210741826,16.895643104089
2026-03-22 06:51:26,4437954.112257694,3085115.1416239147,3375614.393047129,"E07,E15,E21,E29",2.634178031930877e-09,5.491891709504441,motion_prediction_guess,32.15968416789593,34.805716221629545,15.596570918606336
2026-03-22 06:51:32,4438002.9743376095,3085115.609604575,3375527.3369696196,"E07,E15,E21,E29,E34",23.30613830103917,3.079083336203192,motion_prediction_guess,32.158825733210584,34.80542464281098,18.47988986832354
2026-03-22 06:51:34,4438017.049215656,3085117.7871612175,3375488.145250928,"E07,E15,E21,E29,E34",22.501794458370792,3.0779018901481794,motion_prediction_guess,32.158465107139634,34.805358433640386,20.849668815965014
2026-03-22 06:51:38,4438042.6514273705,3085127.5486503076,3375417.906817403,"E07,E15,E21,E29,E34",20.734060299108208,3.07553965031733,previous_point_guess,32.15780126008903,34.805288487694774,18.109018990898655
2026-03-22 06:51:44,4438069.9910525195,3085140.82353627,3375307.1546292217,"E07,E15,E27,E30",0.0,4.398128771392115,previous_point_guess,32.156811646604304,34.8052386105652,19.3115701672281
2026-03-22 06:51:46,4438075.20921797,3085143.9261957775,3375272.242747741,"E07,E15,E27,E30",2.634178031930877e-09,4.3979840376189525,previous_point_guess,32.15651605594901,34.80523404300853,17.71789501622062
2026-03-22 06:51:48,4438081.859816366,3085146.6104379985,3375239.269465999,"E07,E15,E27,E30",3.226196034939731e-09,4.397845464122279,previous_point_guess,32.156230765231335,34.805217166525736,16.872114006049674
2026-03-22 06:51:52,4438110.400644475,3085144.3578863353,3375188.328947124,"E07,E15,E27,E30",1.862645149230957e-09,4.397570835026319,motion_prediction_guess,32.155735564053614,34.805024872648325,13.07136758602606
2026-03-22 06:51:58,4438180.730931001,3085126.6165998895,3375179.012225615,"E07,E15,E27,E30",2.634178031930877e-09,4.397181154916238,motion_prediction_guess,32.1554358816855,34.804444923493044,12.18242693445227
2026-03-22 06:52:04,4438246.377213082,3085107.5417538886,3375197.396747346,"E07,E15,E21,E29,E34",19.921025702427908,3.060297858397586,motion_prediction_guess,32.15536979196768,34.8038817167599,11.231023919559387
2026-03-22 06:52:06,4438264.702988379,3085101.4515381125,3375206.720690683,"E07,E15,E21,E29,E34",24.142601588118737,3.0591330365948686,previous_point_guess,32.15538543941747,34.80371783287226,10.722181305191972
2026-03-22 06:52:08,4438281.59633073,3085095.5865213294,3375216.0446340204,"E07,E15,E21,E29,E34",20.40254541527134,3.057970049004543,previous_point_guess,32.1554061145591,34.80356457627014,10.08364216233638
2026-03-22 06:52:10,4438297.173358785,3085089.840506131,3375225.368577358,"E07,E15,E21,E29,E34",14.839824433439787,3.056808144543528,previous_point_guess,32.15543165071276,34.803420319935015,9.520982263394997
2026-03-22 06:52:12,4438307.670509734,3085085.883515239,3375234.692520695,"E07,E15,E21,E29,E34",18.355144310512774,3.055647709547883,previous_point_guess,32.1554723045738,34.80332236946986,7.293556648121036
2026-03-22 06:52:14,4438312.97166493,3085083.7155486555,3375240.0286213043,"E07,E15,E21,E29,E34",19.260597295046136,3.054486428131722,previous_point_guess,32.15549808968863,34.80327142707081,3.913958840820544
2026-03-22 06:52:16,4438313.140593685,3085083.091493375,3375241.480952792,"E07,E15,E21,E29,E34",21.12707806731846,3.053328258285721,previous_point_guess,32.15551022085578,34.803264973311585,0.794866131353851
2026-03-22 06:52:22,4438306.629933249,3085089.5488999407,3375233.9341090526,"E07,E15,E21,E29,E34",18.594959946734285,3.049860536820115,motion_prediction_guess,32.15546057498138,34.803360568254774,3.486290843865448
2026-03-22 06:52:26,4438299.166144298,3085096.0553313983,3375223.4613505946,"E07,E15,E21,E29,E34",19.07999872000902,3.0475530208681256,motion_prediction_guess,32.15539221349462,34.80346235653006,3.605387817001633
2026-03-22 06:52:28,4438295.62903899,3085099.0937920916,3375218.1639112444,"E07,E15,E21,E29,E34",19.696341088814783,3.046400242558617,motion_prediction_guess,32.15535738716249,34.80351020299224,3.5286761335036188
2026-03-22 06:52:34,4438295.209048104,3085102.2730120253,3375209.136528473,"E07,E15,E27,E30",0.0,4.395314536832877,previous_point_guess,32.155281416061385,34.80354041558605,1.6062207839855607
2026-03-22 06:52:40,4438294.683192711,3085108.029364399,3375197.7459728126,"E07,E15,E21,E29,E34",17.153501451053906,3.0395144383129113,previous_point_guess,32.155180761521336,34.803593699712835,2.7177815416251656
2026-03-22 06:52:44,4438296.853409566,3085113.7839512113,3375195.636190608,"E07,E15,E21,E29,E34",20.371677535325855,3.0372273170297057,previous_point_guess,32.15514033945791,34.80363065673471,2.0397777540401014
2026-03-22 06:52:46,4438296.935968033,3085119.5037835822,3375193.7930090427,"E07,E15,E21,E29,E34",18.2004756598026,3.0360853192619244,motion_prediction_guess,32.15511027476929,34.8036799418657,3.0050214864348708
2026-03-22 06:52:48,4438296.149015728,3085127.1186419292,3375191.158878471,"E07,E15,E21,E29,E34",17.159911281233637,3.0349451544605586,motion_prediction_guess,32.155072407295044,34.80375098163407,4.047962618550321
2026-03-22 06:53:02,4438246.403397159,3085255.0090704416,3375137.5699448544,"E07,E15,E21,E29,E34",15.767189161036447,3.026985686056315,previous_point_guess,32.15450899571717,34.80516508086543,13.720524858490135
2026-03-22 06:53:04,4438236.770537852,3085278.365095855,3375127.2474576887,"E07,E15,E21,E29,E34",16.724408520555055,3.025852937490187,motion_prediction_guess,32.15440416996931,34.80542664524186,13.645966829287271
2026-03-22 06:53:08,4438220.113351553,3085327.0809841473,3375107.485267055,"E07,E15,E21,E29,E34",19.464699880280076,3.0235894771291356,motion_prediction_guess,32.15418548819801,34.80595143008127,14.049700190154878
2026-03-22 06:53:10,4438213.089024559,3085351.924365425,3375096.8144924846,"E07,E15,E21,E29,E34",19.217543936759835,3.0224593009028515,motion_prediction_guess,32.15406364863074,34.80621015503113,13.967821886120165
2026-03-22 06:53:12,4438207.640008709,3085375.1058905167,3375085.3167180195,"E07,E15,E21,E29,E34",17.694034935891448,3.0213309134917927,motion_prediction_guess,32.153933839912135,34.80644488387005,13.221891855443628
2026-03-22 06:53:14,4438204.1800291315,3085396.3923896323,3375073.1868398204,"E07,E15,E21,E29,E34",16.806580201831594,3.020205413446958,motion_prediction_guess,32.15379655856884,34.8066510840428,12.371544450946509
2026-03-22 06:53:16,4438204.107292167,3085415.322949916,3375059.5658683567,"E07,E15,E21,E29,E34",16.05315466591556,3.0190792063992764,motion_prediction_guess,32.15364099999518,34.80681628423248,11.660856175024714
2026-03-22 06:53:18,4438207.036647716,3085431.6294286386,3375043.778925742,"E07,E15,E21,E29,E34",19.516835742574752,3.0179517014963033,motion_prediction_guess,32.153464264256286,34.806940481181634,11.442354755224827
2026-03-22 06:53:20,4438212.968095777,3085445.0129979644,3375025.826011976,"E07,E15,E21,E29,E34",17.23668293246889,3.0168284083496015,previous_point_guess,32.15326717004365,34.80702107429769,11.582412493526348
2026-03-22 06:53:22,4438222.04799085,3085455.0526357233,3375006.341638401,"E07,E15,E21,E29,E34",19.597572316719106,3.0157065932667506,previous_point_guess,32.153055138180015,34.80705351404722,11.862542249544894
2026-03-22 06:53:24,4438234.096646338,3085462.692852984,3374984.92833636,"E07,E15,E21,E29,E34",16.94585892587465,3.014585650311114,motion_prediction_guess,32.15282325494631,34.80704710830014,12.865384984108903
2026-03-22 06:53:50,4438462.307516069,3085424.6002317597,3374608.5054768207,"E07,E15,E21,E29,E34",17.57740496184906,3.000121270592197,previous_point_guess,32.14915454749187,34.80533483696836,14.236493963537225
2026-03-22 06:53:54,4438485.09921043,3085417.3507255893,3374561.8660877887,"E07,E15,E21,E29",1.862645149230957e-09,5.472591762076303,motion_prediction_guess,32.14872851774724,34.805133852383086,12.967515353614862
2026-03-22 06:53:56,4438498.23990731,3085415.383258194,3374541.689314304,"E07,E15,E21,E29",2.634178031930877e-09,5.4723376126093335,previous_point_guess,32.1485280843985,34.80503722780651,12.079435321139869
2026-03-22 06:53:58,4438509.585426391,3085413.714618635,3374524.2774253543,"E07,E15,E21,E29",1.862645149230957e-09,5.4720742146188,motion_prediction_guess,32.148355015022965,34.80495406510454,10.424478859671673
2026-03-22 06:54:00,4438520.930945474,3085412.3448069096,3374507.5680960338,"E07,E15,E21,E29",1.862645149230957e-09,5.471823193592406,motion_prediction_guess,32.148186491050474,34.8048735034076,10.121744831805104
2026-03-22 06:54:06,4438567.305514247,3085417.0185130746,3374453.1643961254,"E07,E15,E21,E29,E34",20.325874026173082,2.991310462611513,previous_point_guess,32.14757560787996,34.8046336172178,11.925596714131032
2026-03-22 06:54:10,4438609.812561516,3085427.0468966956,3374421.4082795293,"E07,E15,E21,E29,E34",17.563559191329677,2.989121002462795,motion_prediction_guess,32.14713821295519,34.80446373454479,15.008816532162664
2026-03-22 06:54:14,4438659.565316217,3085439.135744828,3374380.5223547104,"E07,E15,E21,E29",2.634178031930877e-09,5.470027586543354,motion_prediction_guess,32.14659692438541,34.804267952168594,16.16442521503978
2026-03-22 06:54:16,4438680.67349794,3085443.0746171367,3374357.717964688,"E07,E15,E21,E29",1.862645149230957e-09,5.469770351866759,previous_point_guess,32.14632886349478,34.80417453404534,15.661339781717466
2026-03-22 06:54:20,4438723.658218427,3085451.874907826,3374305.060180825,"E07,E15,E21,E29,E34",16.768209101228624,2.983661621974577,motion_prediction_guess,32.145733369189166,34.803991080445115,17.963382987317118
2026-03-22 06:54:22,4438746.859138633,3085456.3116261256,3374275.784622122,"E07,E15,E21,E29,E34",15.164731214156811,2.98257418306105,previous_point_guess,32.14540629287875,34.80388933690855,18.808412380347626
2026-03-22 06:54:24,4438768.712418311,3085461.227000058,3374249.94800286,"E07,E15,E21,E29,E34",14.563037706578056,2.981485654120031,motion_prediction_guess,32.1451094719765,34.803799912472044,17.097204658102154
2026-03-22 06:54:26,4438790.853276312,3085467.481835629,3374219.172192332,"E07,E15,E21,E29,E34",18.74196612763753,2.9803973105896864,previous_point_guess,32.14477013875053,34.80372040619143,19.212567987521776
2026-03-22 06:54:28,4438813.281712634,3085475.501824285,3374180.4386037155,"E07,E15,E21,E29,E34",16.6028430858527,2.9793120209518134,previous_point_guess,32.14436407968571,34.80365452271936,22.73568704129691
2026-03-22 06:54:30,4438834.959364629,3085485.2869660263,3374132.142785156,"E07,E15,E21,E29,E34",17.379148704195455,2.9782277201553535,previous_point_guess,32.14388313435412,34.80360854342566,26.917260657747214
2026-03-22 06:54:32,4438849.708021619,3085494.182540327,3374083.8921551662,"E07,E15,E21,E29,E34",15.082847387769853,2.9771463059649075,motion_prediction_guess,32.14343226547373,34.80359673907773,25.616290810572682
2026-03-22 06:54:34,4438864.560132261,3085504.0829324047,3374039.155835596,"E07,E15,E21,E29,E34",16.73454956242119,2.976062562851481,motion_prediction_guess,32.14300506896089,34.803593053663384,24.082884184193713
2026-03-22 06:54:44,4438902.069671765,3085539.8233064474,3373917.454256181,"E07,E15,E27,E34",1.862645149230957e-09,2.975233599854145,motion_prediction_guess,32.14183019481615,34.803677183117294,6.97345011370527
2026-03-22 06:55:00,4438945.332408974,3085676.458871296,3373795.9510929678,"E07,E15,E21,E29,E34",14.725558415091601,2.9620883965967977,previous_point_guess,32.14035789514789,34.804604546725024,11.6585872138526
2026-03-22 06:55:02,4438940.9014361035,3085701.0524343625,3373797.926857327,"E07,E15,E21,E29,E34",15.519829100395905,2.9610179275311292,motion_prediction_guess,32.14032309305892,34.80484537353324,12.533759508620891
2026-03-22 06:55:04,4438934.070526139,3085727.926205392,3373800.0981300846,"E07,E15,E21,E29,E34",15.04335266720666,2.9599509925747673,motion_prediction_guess,32.14029299314926,34.80512056067374,13.90661106883587
2026-03-22 06:55:06,4438924.945677631,3085758.056492688,3373802.126807653,"E07,E15,E21,E29,E34",17.405189236532312,2.9588839374731464,motion_prediction_guess,32.140261922675386,34.80543796291286,15.773495217634787
2026-03-22 06:55:08,4438909.920683221,3085788.9824125143,3373804.03332286,"E07,E15,E21,E29,E34",18.412154106456263,2.957818626983115,motion_prediction_guess,32.140250980615505,34.80579798064995,17.217707268520556
2026-03-22 06:55:10,4438889.815126314,3085820.703964871,3373804.477555401,"E07,E15,E21,E29,E34",15.562390093274418,2.9567560259950563,motion_prediction_guess,32.14024670568525,34.80619565652053,18.77956099733039
2026-03-22 06:55:12,4438865.247652343,3085853.2211497575,3373803.3373429137,"E07,E15,E21,E29,E34",15.39692654113373,2.9556935706513756,previous_point_guess,32.14024572793471,34.80662724873965,20.385216302486235
2026-03-22 06:55:14,4438836.218261308,3085884.2210111413,3373800.1480472605,"E07,E15,E21,E29,E34",17.064805131557762,2.9546300311961824,motion_prediction_guess,32.14025083291655,34.80707263057956,21.29476788094678
2026-03-22 06:55:16,4438802.726953211,3085915.092673573,3373794.8387322933,"E07,E15,E21,E29,E34",14.914288943488888,2.953566643478072,previous_point_guess,32.14025767492798,34.80754389143635,22.92878150252215
2026-03-22 06:55:26,4438645.443900969,3086097.3462385,3373753.00658669,"E07,E15,E21,E29",1.862645149230957e-09,5.461065839166708,motion_prediction_guess,32.14005867965125,34.81008141025796,25.408719700576786
2026-03-22 06:55:56,4438378.555244691,3086720.738133982,3373661.215430653,"E07,E15,E21,E29,E34",17.109085782353155,2.9325642195300654,previous_point_guess,32.138701637602246,34.81712060422215,8.798334825502385
2026-03-22 06:55:58,4438354.205160984,3086767.006039064,3373657.1964121875,"E07,E15,E21,E29,E34",15.779055058402234,2.9315263955196467,previous_point_guess,32.13864012194914,34.817670518989026,26.219258793134397
2026-03-22 06:56:00,4438328.991595371,3086812.782463996,3373653.737292761,"E07,E15,E21,E29,E34",16.616983812989044,2.9304881743656623,previous_point_guess,32.13858762588794,34.818221381372915,26.18764249468314
2026-03-22 06:56:04,4438276.306975694,3086903.148317024,3373645.8558250237,"E07,E15,E21,E29,E34",17.293286094192382,2.928413742551928,previous_point_guess,32.13848741332171,34.81932643625534,26.155454694395193
2026-03-22 06:56:06,4438247.646753559,3086946.9817442177,3373641.0958377626,"E07,E15,E21,E29,E34",17.49550424948752,2.9273781954319538,motion_prediction_guess,32.13844387244701,34.819881247912924,26.29370243573535
2026-03-22 06:56:08,4438218.342884847,3086990.7186681796,3373636.1214631605,"E07,E15,E21,E29,E34",16.69161789047996,2.9263463387299566,motion_prediction_guess,32.138401491186556,34.820439114722724,26.44040299341467
2026-03-22 06:56:10,4438190.670547203,3087035.9829491545,3373630.4266015086,"E07,E15,E21,E29,E34",17.441080576855462,2.9253130511530956,motion_prediction_guess,32.13834299733391,34.82100039648245,26.678853292814058
2026-03-22 06:56:12,4438163.623770914,3087081.9706162303,3373624.0112528056,"E07,E15,E21,E29,E34",17.964874439310442,2.924278819247042,previous_point_guess,32.138274554613915,34.82156418555585,26.867965729154882
2026-03-22 06:56:14,4438136.779102512,3087128.348140936,3373616.984271714,"E07,E15,E21,E29,E34",15.907446163142092,2.923251328736479,motion_prediction_guess,32.138199575339776,34.822130142527946,27.022627012893693
2026-03-22 06:56:24,4437775.598766115,3087450.025155015,3373461.9661783916,"E07,E15,E21,E29,E34",16.58566271201963,2.9181092210716715,previous_point_guess,32.13755696051248,34.82711472675038,63.67429658632076
2026-03-22 06:56:57,4437433.200301121,3087752.0862605353,3373269.516508265,"E13,E19,E27,E30",2.634178031930877e-09,3.2631040887304352,previous_point_guess,32.13660806739191,34.831815171055624,61.95225739935512
2026-03-22 06:57:01,4437351.39172267,3087828.7506350456,3373214.890603976,"E13,E19,E27,E30",1.862645149230957e-09,3.2625274982722865,motion_prediction_guess,32.13630299259073,34.832977358209575,31.178978541893485
2026-03-22 06:57:03,4437270.964274756,3087906.5062274397,3373159.570384186,"E13,E19,E27,E30",1.862645149230957e-09,3.262238407205283,previous_point_guess,32.13598417216103,34.83414068708363,62.39958582418978
2026-03-22 06:57:05,4437209.28457894,3087978.3309488576,3373111.7812512834,"E13,E19,E27,E30",2.634178031930877e-09,3.2619464924889043,motion_prediction_guess,32.13566528201269,34.83513892914928,53.025855625626086
2026-03-22 06:57:07,4437166.35263522,3088047.2303126957,3373071.684687357,"E13,E19,E27,E30",2.634178031930877e-09,3.2616569135502065,motion_prediction_guess,32.13533932571969,34.83599822258275,45.271427433871935
2026-03-22 06:57:11,4437139.813412616,3088176.2529676366,3373014.569266428,"E07,E19,E27,E30",1.862645149230957e-09,3.4830149817417224,motion_prediction_guess,32.13465410305862,34.837281284751306,33.87968729666297
2026-03-22 06:57:15,4437143.696320168,3088238.060124159,3372994.486482261,"E13,E19,E27,E30",0.0,3.260488826087251,previous_point_guess,32.134316086644006,34.83779543452128,16.27597882676137
2026-03-22 06:57:17,4437150.758605032,3088303.77620879,3372976.0587333054,"E13,E19,E27,E30",3.226196034939731e-09,3.2601962259223596,motion_prediction_guess,32.133967480791014,34.83832433053609,34.30765795829843
2026-03-22 06:57:37,4437296.32038535,3089039.107972416,3372829.0145406383,"E07,E15,E21,E29,E34",18.19866910295411,2.8813657388831975,motion_prediction_guess,32.13025662209904,34.84383897612877,36.73423826794565
2026-03-22 06:57:49,4437264.383191019,3089348.0418919194,3372713.5162853524,"E07,E15,E27,E30",1.862645149230957e-09,4.415792718077304,previous_point_guess,32.128653792610606,34.8467191665578,22.388647638978547
2026-03-22 06:57:53,4437239.1343702,3089422.5335890176,3372683.451947316,"E07,E15,E21,E29,E34",21.119204179605696,2.8734983519121466,motion_prediction_guess,32.128319455031146,34.84751988198011,20.645126805780297
2026-03-22 06:57:59,4437204.093646614,3089522.2525009303,3372649.64398638,"E07,E15,E21,E29,E34",15.920454142222358,2.870565316026296,motion_prediction_guess,32.127925932229346,34.84859927161627,18.010990566534584
2026-03-22 06:58:07,4437151.930532213,3089675.439450188,3372590.939873059,"E07,E15,E21,E29,E34",13.849446772136927,2.8666684818206,previous_point_guess,32.12726314400643,34.850247306256456,24.294216595422462
2026-03-22 06:58:11,4437117.94532144,3089764.744121167,3372551.731692517,"E07,E15,E21,E29,E34",16.430292746063476,2.864724586571346,motion_prediction_guess,32.126852744934766,34.85122971203513,26.43002557366442
2026-03-22 06:58:15,4437079.526814757,3089857.106910515,3372505.302611895,"E07,E15,E21,E29,E34",17.53362364326551,2.8627845375323364,previous_point_guess,32.12639625980531,34.85226554912303,27.95606068140454
2026-03-22 06:58:19,4437036.949399967,3089952.4027215764,3372453.557479517,"E07,E15,E21,E29,E34",16.061454224004603,2.860848665951947,motion_prediction_guess,32.12590749593245,34.853352068525524,29.517898777677022
2026-03-22 06:58:37,4436819.659604475,3090375.253319777,3372204.239260595,"E07,E15,E27,E30",2.634178031930877e-09,4.424933934193663,motion_prediction_guess,32.12369965591789,34.85834490536238,24.21934261402863
2026-03-22 06:58:39,4436805.001618471,3090417.7686000834,3372188.0052526817,"E07,E15,E27,E30",3.725290298461914e-09,4.425347421001463,previous_point_guess,32.12351683085241,34.858803358759,23.905797550707362
2026-03-22 06:58:47,4436767.345343101,3090581.2883266406,3372143.3494406943,"E07,E15,E21,E29,E34",9.568779917544962,2.847416836151767,previous_point_guess,32.12287579632444,34.86045323127446,21.132701900978997
2026-03-22 06:58:49,4436761.7021916,3090621.7296897797,3372135.610966574,"E07,E15,E21,E29,E34",14.058283898730066,2.846460847445131,previous_point_guess,32.12272806137307,34.860839040710545,20.779996349398655
2026-03-22 06:58:51,4436756.207915364,3090660.709976448,3372126.7144849976,"E07,E15,E21,E29,E34",14.83609796794188,2.84551087056797,motion_prediction_guess,32.122574900665974,34.86121124215747,20.179179892615956
2026-03-22 06:58:53,4436748.2451885445,3090701.0053025056,3372116.134522745,"E07,E15,E21,E29,E34",12.997941851885448,2.844560695077764,motion_prediction_guess,32.122414990116056,34.861609825908204,21.20762788323551
2026-03-22 06:58:55,4436739.093953028,3090744.085164891,3372104.8299393486,"E07,E15,E21,E29,E34",15.274112386793158,2.8436102441173956,previous_point_guess,32.12224658898407,34.86203981622893,22.734408175670893
2026-03-22 06:58:59,4436711.182644904,3090832.712902291,3372076.9227270265,"E07,E15,E21,E29,E34",15.27975084653623,2.8417142388847996,previous_point_guess,32.12190036122138,34.86297944704508,24.925148717425348
2026-03-22 06:59:01,4436695.01468781,3090876.6711010635,3372062.2858881014,"E07,E15,E21,E29,E34",17.27247524687141,2.8407667436097244,previous_point_guess,32.121731705627084,34.86345956649894,24.535500451391666
2026-03-22 06:59:03,4436675.713246183,3090920.729029967,3372046.081419738,"E07,E15,E21,E29,E34",15.783415466563147,2.839822295470755,previous_point_guess,32.12156313043639,34.86395953074267,25.37829556485545
2026-03-22 06:59:05,4436656.41689574,3090965.4165947777,3372031.839827341,"E07,E15,E21,E29,E34",17.06767290566649,2.8388766406882393,motion_prediction_guess,32.12140779823878,34.864464936617246,25.358174081440612
2026-03-22 06:59:07,4436635.708429995,3091009.954943203,3372018.391325148,"E07,E15,E21,E29,E34",12.87018715454809,2.8379364178242334,motion_prediction_guess,32.121264485376685,34.864977596873494,25.462557045515247
2026-03-22 06:59:09,4436614.782634447,3091054.7087386665,3372006.1257919073,"E07,E15,E21,E29,E34",13.688215436708719,2.8369927328403057,previous_point_guess,32.121130469440835,34.865493445071934,25.45208455791862
2026-03-22 06:59:11,4436593.639509099,3091099.6779811666,3371995.0432276186,"E07,E15,E21,E29,E34",15.644534461524268,2.836050363605691,previous_point_guess,32.12100575042702,34.86601248121336,25.456275020919044
2026-03-22 06:59:13,4436571.446194451,3091144.4781134813,3371984.3885727273,"E07,E15,E21,E29,E34",14.254815188005413,2.8351113229692437,motion_prediction_guess,32.120888892291255,34.866536406972855,25.55932677760563
2026-03-22 06:59:15,4436549.641304176,3091189.411011483,3371973.9977487805,"E07,E15,E21,E29,E34",16.481053136922775,2.834170411784178,previous_point_guess,32.12077215499383,34.86705913266261,25.506801960621704
2026-03-22 06:59:23,4436466.989921817,3091367.7946438547,3371929.878304209,"E07,E15,E21,E29,E34",15.732100878863939,2.8304192586117556,motion_prediction_guess,32.12027138737952,34.86911062863802,25.019645314170003
2026-03-22 06:59:27,4436430.695714623,3091457.1917951363,3371905.2222848465,"E07,E15,E21,E29,E34",16.806813645429898,2.8285519467418387,motion_prediction_guess,32.11998080766637,34.87010767166728,24.740047066481576
2026-03-22 06:59:39,4436325.556028663,3091709.8205350684,3371810.6235685046,"E07,E15,E21,E29,E34",15.553793528852264,2.822969008306664,previous_point_guess,32.11897939978321,34.87294079002226,24.05382014497122
2026-03-22 06:59:41,4436308.884846122,3091752.1454475266,3371794.2000233815,"E07,E15,E21,E29,E34",17.16582402934046,2.822042267187884,motion_prediction_guess,32.11880351874666,34.873409721716236,24.18191150594114
2026-03-22 06:59:43,4436292.216192569,3091794.9168299865,3371778.161515935,"E07,E15,E21,E29,E34",16.01829271214232,2.8211174922547366,previous_point_guess,32.1186293428032,34.87388251740464,24.312902387052006
2026-03-22 06:59:49,4436234.475238276,3091920.429701313,3371730.581302945,"E07,E15,E21,E29,E34",16.85716991316294,2.8183450334132467,motion_prediction_guess,32.11814899581271,34.875323405447055,24.52387199946228
2026-03-22 06:59:53,4436190.880569964,3092005.2991968733,3371704.5034250277,"E07,E15,E21,E29,E34",14.734400155839833,2.816500291918736,motion_prediction_guess,32.117888635446704,34.87632527511389,24.80891376017174
2026-03-22 06:59:55,4436167.430689773,3092048.2640813123,3371694.419136949,"E07,E15,E21,E29,E34",12.002317166545623,2.815582129392575,motion_prediction_guess,32.11778606455531,34.876840828861,24.987852258112365
2026-03-22 06:59:57,4436141.265478184,3092091.4979079114,3371685.793258423,"E07,E15,E21,E29,E34",12.096885770287495,2.814662200410416,previous_point_guess,32.11770457246353,34.87737517121853,25.632927262583355
2026-03-22 06:59:59,4436116.320604852,3092134.8893481377,3371679.910601065,"E07,E15,E21,E29,E34",12.487299741610247,2.813743428474241,previous_point_guess,32.11763879755795,34.87790348901029,25.19756658910491
2026-03-22 07:00:01,4436089.856846011,3092177.7605138053,3371675.942138338,"E07,E15,E21,E29,E34",12.950445735396,2.8128258843982574,motion_prediction_guess,32.11759504024402,34.87843648649499,25.268637053285815
2026-03-22 07:00:03,4436061.242436848,3092219.0932796495,3371673.7640076806,"E07,E15,E21,E29,E34",13.966105854725052,2.811909689723774,previous_point_guess,32.11757763045069,34.87896914217773,25.159124573763307
2026-03-22 07:00:05,4436030.990474499,3092259.1285786107,3371674.057162925,"E07,E15,E21,E29,E34",15.00072911720048,2.810994800730119,previous_point_guess,32.11758909040295,34.879500442140895,25.090286022558402
2026-03-22 07:00:07,4436001.099865509,3092299.7124795783,3371677.7274042233,"E07,E15,E29,E34",2.634178031930877e-09,3.0501608136996494,previous_point_guess,32.11762341526695,34.88003432151179,25.268419987737904
2026-03-22 07:00:09,4435969.940047685,3092338.8951179027,3371683.835155475,"E07,E15,E21,E29,E34",14.817942232142851,2.8091649140996293,motion_prediction_guess,32.11768518780766,34.880563711723894,25.216651335185144
2026-03-22 07:00:11,4435937.822613906,3092376.4708285327,3371690.8010926675,"E07,E15,E21,E29,E34",14.385319318679723,2.808252736626962,previous_point_guess,32.117761684466885,34.88108493756608,24.959907165633172
2026-03-22 07:00:13,4435905.44200015,3092412.9075669874,3371700.9308416503,"E07,E15,E21,E29,E34",14.930919869466937,2.807341977494997,previous_point_guess,32.11786650029762,34.88159785906064,24.893532648628167
2026-03-22 07:00:19,4435806.539391493,3092513.7035621596,3371741.5936421184,"E07,E15,E21,E29,E34",14.81057277749814,2.804613377186969,motion_prediction_guess,32.118289668582705,34.8830732947582,24.155384358646103
2026-03-22 07:00:21,4435771.3722203085,3092544.3957718057,3371758.6188978897,"E07,E15,E21,E29,E34",11.783868597727885,2.8037065267142927,motion_prediction_guess,32.11847385036635,34.883553176307196,24.842508912089215
2026-03-22 07:00:23,4435735.754578248,3092573.9988636677,3371777.633053395,"E07,E15,E21,E29,E34",13.422509093547053,2.8027993903057244,previous_point_guess,32.11867797833893,34.884026323195826,25.032466834818205
2026-03-22 07:00:25,4435700.515074843,3092603.619678496,3371798.0469729425,"E07,E15,E21,E29,E34",13.22648441332396,2.8018938895203283,motion_prediction_guess,32.11889125928121,34.884497334747756,25.179075552015544
2026-03-22 07:00:27,4435664.618133707,3092632.6821685806,3371818.753559101,"E07,E15,E21,E29,E34",13.468692429625568,2.800990314261537,previous_point_guess,32.11911089021773,34.88496747966857,25.308009716052126
2026-03-22 07:00:29,4435628.131011721,3092661.214844762,3371839.7714569885,"E07,E15,E21,E29,E34",11.376399935805923,2.800087468016482,motion_prediction_guess,32.119336670920106,34.885436598396254,25.432143600759055
2026-03-22 07:00:31,4435590.847128536,3092689.100682901,3371861.168150331,"E07,E15,E21,E29,E34",14.800040753432539,2.7991838073107953,previous_point_guess,32.119570250208824,34.88590492591692,25.61994535553604
2026-03-22 07:00:33,4435553.9340451695,3092717.166260804,3371883.565812673,"E07,E15,E21,E29,E34",16.24108340120967,2.7982823091216362,motion_prediction_guess,32.119809521305655,34.88637257103901,25.74835100017325
2026-03-22 07:00:35,4435516.7478601085,3092745.1163741737,3371904.955502887,"E07,E15,E21,E29,E34",15.685491785496852,2.7973812278818815,motion_prediction_guess,32.12004248324999,34.88684087015917,25.60048849245528
2026-03-22 07:00:37,4435479.742456818,3092773.9845058103,3371926.57723514,"E07,E15,E21,E29,E34",14.539168415667469,2.796481737623147,previous_point_guess,32.120273987166506,34.88731605529604,25.837318951995854
2026-03-22 07:00:39,4435443.34668601,3092804.2508179736,3371947.5027470444,"E07,E15,E21,E29,E34",12.355892490732321,2.7955831220740963,previous_point_guess,32.120493940131254,34.887799700626154,25.87749424270301
2026-03-22 07:00:41,4435407.440720192,3092835.7513759984,3371967.687511037,"E07,E15,E21,E29,E34",13.794612978464867,2.7946856025858584,motion_prediction_guess,32.120702922760366,34.888291107241166,25.927534758629275
2026-03-22 07:00:45,4435333.673605209,3092900.440283705,3371999.8852566243,"E07,E15,E21,E29,E34",12.880692507010599,2.7928921199173664,previous_point_guess,32.12106153346959,34.88930044644162,25.792923473753756
2026-03-22 07:00:47,4435292.060166621,3092930.918618813,3372012.6200599344,"E07,E15,E21,E29,E34",11.052063686356618,2.7919959545771365,motion_prediction_guess,32.121238864080524,34.88981756771175,26.56493175916493
2026-03-22 07:00:55,4435082.727888038,3093032.0247262325,3372033.2338945004,"E07,E15,E21,E29,E34",11.466246597013914,2.7884234438069195,previous_point_guess,32.12194227675358,34.891965144493675,31.55105397314385
2026-03-22 07:01:11,4434600.348986602,3093218.2235548077,3371980.671736091,"E07,E19,E27,E30",0.0,3.526838714362455,motion_prediction_guess,32.12292725785903,34.89650765300825,28.406327449915047
2026-03-22 07:01:31,4434535.757987688,3093866.356536095,3372013.078996489,"E07,E15,E21,E29,E34",12.148681237942125,2.772519738431434,motion_prediction_guess,32.12165067325487,34.90253211359221,31.778538073079392
2026-03-22 07:01:33,4434526.559114619,3093925.7209413964,3372012.95256937,"E07,E15,E21,E29,E34",13.610458653491376,2.7716450413010043,motion_prediction_guess,32.121523012654194,34.903103780091065,30.036525577693904
2026-03-22 07:01:35,4434514.500027981,3093982.1251452835,3372011.64169514,"E07,E15,E21,E29,E34",12.080907738348095,2.7707733193229127,motion_prediction_guess,32.12140567315273,34.9036670583639,28.846898351207805
2026-03-22 07:01:39,4434480.392186303,3094085.4622268933,3372005.409923966,"E07,E15,E21,E29,E34",15.182315464843137,2.769027855757812,motion_prediction_guess,32.12120868506467,34.90477186563461,26.77298236845225
2026-03-22 07:01:41,4434459.039355079,3094131.9100785856,3372000.715204514,"E07,E15,E21,E29,E34",12.265704799114458,2.768156919371639,motion_prediction_guess,32.12112935773943,34.90530496308448,25.66800887702714
2026-03-22 07:01:43,4434434.925453213,3094174.6915303143,3371995.3977694805,"E07,E15,E21,E29,E34",12.320003388380643,2.7672879448668573,previous_point_guess,32.1210661887481,34.90582293990239,24.698218511339924
2026-03-22 07:01:45,4434409.030710134,3094217.7254061853,3371989.7196321483,"E07,E15,E21,E29,E34",13.418260336298573,2.7664180647196277,previous_point_guess,32.12100657274346,34.90635390745347,25.27198763050983
2026-03-22 07:01:47,4434384.107596308,3094260.8968652743,3371983.3653650116,"E07,E15,E21,E29,E34",14.142995241280662,2.7655491449489435,previous_point_guess,32.120937592783434,34.9068801783493,25.126247200340373
2026-03-22 07:01:51,4434333.451860366,3094347.2605798934,3371969.9571374846,"E07,E15,E21,E29,E34",11.854781440185524,2.7638159047762425,motion_prediction_guess,32.120797408521575,34.9079378069984,25.297470109797032
2026-03-22 07:01:53,4434308.1394051965,3094390.786111984,3371962.8285800247,"E07,E15,E21,E29,E34",10.07596726041512,2.7629509019376823,motion_prediction_guess,32.120723067912074,34.9084695130754,25.426406853666137
2026-03-22 07:01:55,4434283.343832258,3094435.2058175323,3371956.595199957,"E07,E15,E21,E29,E34",12.821327175810367,2.762085716295923,previous_point_guess,32.12065107590672,34.90900585390553,25.62608878375059
2026-03-22 07:01:57,4434257.827932366,3094479.530690448,3371949.921321851,"E07,E15,E21,E29,E34",11.015607390411985,2.7612231015712947,previous_point_guess,32.120578809918484,34.909545737718624,25.789029427525886
2026-03-22 07:02:05,4434159.670669533,3094662.1192919523,3371920.1115893647,"E07,E15,E21,E29,E34",11.786849274275617,2.7577765115787973,previous_point_guess,32.120236066780365,34.91172753280127,26.353140336046128
2026-03-22 07:02:07,4434135.47407543,3094708.0127201597,3371910.7120999326,"E07,E15,E21,E29,E34",12.948601099912677,2.7569171229113345,motion_prediction_guess,32.12013348174221,34.912273040087875,26.36300590034604
2026-03-22 07:02:11,4434092.414845684,3094803.487705667,3371892.826511283,"E07,E15,E21,E29,E34",12.5139109857054,2.755198675961818,previous_point_guess,32.11990418875535,34.91336374890467,26.569658558655483
2026-03-22 07:02:13,4434069.787153111,3094850.617892671,3371881.0184044596,"E07,E15,E21,E29,E34",11.991913918965428,2.7543441834959803,motion_prediction_guess,32.11977363942878,34.91391048295749,26.798779752722982
2026-03-22 07:02:15,4434048.090514077,3094897.998570642,3371868.915014242,"E07,E15,E21,E29,E34",11.187090453419877,2.753488512505253,motion_prediction_guess,32.1196364847512,34.91445374527436,26.749602077089886
2026-03-22 07:02:17,4434027.563639632,3094945.473497678,3371855.7972389027,"E07,E15,E21,E29,E34",12.521623878679794,2.752633602914309,previous_point_guess,32.11948672307805,34.91499073035322,26.680036082196423
2026-03-22 07:02:21,4433986.642663458,3095039.3561704857,3371827.6782650123,"E07,E15,E21,E29,E34",11.238925105819177,2.7509245360314822,motion_prediction_guess,32.11917521542861,34.916054616855355,26.494546059806307
2026-03-22 07:02:23,4433964.717463893,3095084.577160196,3371811.420746116,"E07,E15,E21,E29,E34",10.372749789423446,2.750074810365644,motion_prediction_guess,32.11901315058255,34.91658049327435,26.410032217987187
2026-03-22 07:02:25,4433944.243393592,3095131.011334187,3371796.3767968807,"E07,E15,E21,E29,E34",10.94799311158903,2.749223038188256,previous_point_guess,32.11885131774551,34.91710810773273,26.465262503505524
2026-03-22 07:02:27,4433923.797943146,3095177.035361871,3371781.1176141766,"E07,E15,E21,E29,E34",13.09572062217077,2.7483724621303858,previous_point_guess,32.11868885195418,34.917631983212594,26.310977865726638
2026-03-22 07:02:29,4433903.9894443415,3095223.3845426603,3371766.0305149388,"E07,E15,E21,E29,E34",12.237986286295927,2.7475237250729654,previous_point_guess,32.118524301926485,34.918154818670466,26.307051089623517
2026-03-22 07:02:31,4433883.096102007,3095268.820196844,3371750.066550317,"E07,E15,E21,E29,E34",12.940891192322264,2.746673908686551,previous_point_guess,32.118359824563754,34.91867629501378,26.24775510148551
2026-03-22 07:02:33,4433862.350464623,3095314.418929052,3371734.2209059405,"E07,E15,E21,E29,E34",12.360452404289884,2.7458278312353306,previous_point_guess,32.11819522046287,34.91919829061989,26.27124405045002
2026-03-22 07:02:35,4433841.797474121,3095359.7453032355,3371719.6950566364,"E07,E15,E21,E29,E34",10.8994895550624,2.7449811511158577,previous_point_guess,32.11804068414845,34.91971674974615,25.92250910514252
2026-03-22 07:02:37,4433821.87175653,3095405.7407322717,3371705.3642309946,"E07,E15,E21,E29,E34",10.880686556903575,2.7441357395873966,previous_point_guess,32.117883333170596,34.920237215214556,26.067154990958088
2026-03-22 07:02:39,4433801.641279887,3095452.1013695616,3371692.0125207347,"E07,E15,E21,E29,E34",12.800639141044838,2.7432900807684204,motion_prediction_guess,32.11773365376038,34.92076270015688,26.157451337979953
2026-03-22 07:02:41,4433780.262491059,3095497.089823516,3371678.005001717,"E07,E15,E21,E29,E34",11.890076850871168,2.7424464411920484,previous_point_guess,32.11758724341891,34.92128322696764,25.8709498764441
2026-03-22 07:02:43,4433757.325462925,3095541.445618481,3371663.2260798067,"E07,E15,E21,E29,E34",13.061527374338047,2.7416019423800724,previous_point_guess,32.11744280101943,34.92180770744029,26.03824273724362
2026-03-22 07:02:45,4433734.998240571,3095586.5131781916,3371649.7626551804,"E07,E15,E21,E29,E34",11.495200874149946,2.7407616927368577,motion_prediction_guess,32.11730405290125,34.922334671362314,26.03292914282712
2026-03-22 07:02:47,4433712.521537535,3095631.848282869,3371636.8342008595,"E07,E15,E21,E29,E34",14.385215212039384,2.739918845672106,motion_prediction_guess,32.117169241688956,34.92286486486841,26.113305165120515
2026-03-22 07:02:49,4433689.857404067,3095677.7156590475,3371625.278694192,"E07,E15,E21,E29,E34",13.22028789896026,2.7390775171861304,motion_prediction_guess,32.11704419003971,34.92340081796223,26.225030398872835
2026-03-22 07:02:51,4433666.7840849105,3095724.1810019244,3371614.468110511,"E07,E15,E21,E29,E34",11.10937834990081,2.7382403980528642,previous_point_guess,32.11692479274375,34.9239444464426,26.496579331585377
2026-03-22 07:02:53,4433642.016052224,3095770.1604285254,3371604.336126274,"E07,E15,E21,E29,E34",10.87243060856253,2.7374017731565154,previous_point_guess,32.11681857111611,34.9244941320753,26.599907040762496
2026-03-22 07:02:55,4433615.5642617885,3095815.357866628,3371594.6230774596,"E07,E15,E21,E29,E34",10.571125820081177,2.7365641388233612,motion_prediction_guess,32.11672431138627,34.92504723680254,26.631038965580636
2026-03-22 07:02:57,4433590.578103362,3095861.730292973,3371586.687259987,"E07,E15,E21,E29,E34",10.94735178882832,2.7357269220909735,motion_prediction_guess,32.11663463697872,34.92560165745323,26.634973423181634
2026-03-22 07:02:59,4433563.895068344,3095907.1737529845,3371579.18526341,"E07,E15,E21,E29,E34",11.984978076885218,2.7348903178989157,motion_prediction_guess,32.11655749306568,34.92615830029861,26.614715704908956
2026-03-22 07:03:01,4433536.208477651,3095952.148335163,3371572.0520977397,"E07,E15,E21,E29,E34",11.193477106857527,2.734053684223309,previous_point_guess,32.11648839520093,34.92671695691704,26.64649319711417
2026-03-22 07:03:03,4433509.667960647,3095998.9627200966,3371566.793177651,"E07,E15,E21,E29,E34",11.223892753665227,2.733220663249175,motion_prediction_guess,32.11642405492346,34.92728464296746,27.035356110376114
2026-03-22 07:03:21,4433261.785180473,3096410.1120471153,3371541.7331349296,"E07,E15,E21,E29,E34",11.860748218798124,2.7257495820037714,previous_point_guess,32.116078359301824,34.93236005376084,26.111215653139592
2026-03-22 07:03:23,4433234.050924305,3096453.7756414185,3371539.832954863,"E07,E15,E21,E29,E34",11.365949039690921,2.724924659065027,previous_point_guess,32.11605298767919,34.93290760408373,25.881021603410456
2026-03-22 07:03:31,4433120.69747232,3096624.9676802456,3371530.0243163486,"E07,E15,E21,E29,E34",10.648833572849824,2.721631435959456,motion_prediction_guess,32.11595361640639,34.93508238785671,26.528834170313992
2026-03-22 07:03:39,4432985.050212209,3096820.5359853166,3371484.817644823,"E07,E15,E21,E29,E34",13.296895847661895,2.7183529936586224,motion_prediction_guess,32.11560454244811,34.937604174177324,32.77790944836524
2026-03-22 07:03:49,4432804.329400585,3097082.5826036003,3371406.181769065,"E07,E15,E27,E30",2.634178031930877e-09,4.526739004024468,motion_prediction_guess,32.11499469951695,34.94097688650183,32.635177012575554
2026-03-22 07:03:51,4432768.943543731,3097135.4485272723,3371389.328504242,"E07,E15,E27,E30",2.634178031930877e-09,4.527643010353164,previous_point_guess,32.11485988477785,34.941650792714405,32.90515645824621
2026-03-22 07:03:53,4432736.583593961,3097187.3438676833,3371375.3647362036,"E07,E15,E27,E30",1.862645149230957e-09,4.528552696168729,motion_prediction_guess,32.11473790948983,34.94229790570024,31.365903156715024
2026-03-22 07:03:55,4432707.278418113,3097236.517563129,3371364.2904649493,"E07,E15,E27,E30",0.0,4.529464000766155,previous_point_guess,32.11463346882108,34.94290284102572,29.152551942677306
2026-03-22 07:03:59,4432660.974318868,3097322.05952913,3371353.9655281124,"E07,E15,E27,E30",1.862645149230957e-09,4.531305298369527,motion_prediction_guess,32.11450168775354,34.9439268063137,22.94829735659809
2026-03-22 07:04:07,4432599.078862762,3097452.9499773006,3371365.9395320346,"E07,E15,E27,E30",3.226196034939731e-09,4.535005069374067,motion_prediction_guess,32.11447695808694,34.94543924611267,17.33330474491706
2026-03-22 07:04:11,4432573.937275724,3097517.107326846,3371369.8353844504,"E07,E15,E21,E29,E34",10.1249982450984,2.7053760761794434,motion_prediction_guess,32.11442933626685,34.946149037718435,17.27837932857716
2026-03-22 07:04:13,4432562.2718788115,3097548.241945829,3371371.3912344533,"E07,E15,E21,E29,E34",9.005531684512562,2.704572654455124,motion_prediction_guess,32.11440156401002,34.94649023792908,16.642315445445217
2026-03-22 07:04:15,4432550.783803273,3097577.807297154,3371371.867940239,"E07,E15,E21,E29,E34",11.079728823766079,2.7037686709349193,previous_point_guess,32.11436916107576,34.94681673205954,15.861219427910143
2026-03-22 07:04:17,4432539.156243877,3097607.681631706,3371371.492972095,"E07,E15,E21,E29,E34",11.515683357574664,2.7029658748279997,previous_point_guess,32.11432995212432,34.947146755297354,16.029789483731975
2026-03-22 07:04:19,4432526.687918064,3097639.130890271,3371370.3887727004,"E07,E15,E21,E29,E34",11.415344637837263,2.7021656874425855,motion_prediction_guess,32.11428415163752,34.94749555826452,16.92434835638308
2026-03-22 07:04:21,4432512.325691274,3097671.7046959177,3371364.2717357813,"E07,E15,E21,E29,E34",10.596454655286106,2.701365325907109,previous_point_guess,32.114204417283105,34.947865621262146,18.060623697205106
2026-03-22 07:04:23,4432496.819012529,3097706.939553495,3371355.0269282204,"E07,E15,E21,E29,E34",11.450668778626346,2.7005656270575686,previous_point_guess,32.11409798232541,34.948265739705796,19.79531978171284
2026-03-22 07:04:25,4432482.011811886,3097743.4092376144,3371345.692809044,"E07,E15,E21,E29,E34",11.956948990587808,2.6997670253121724,previous_point_guess,32.113984724653044,34.94867233557055,20.226324625683457
2026-03-22 07:04:27,4432465.825989404,3097781.4524580906,3371334.968128036,"E07,E15,E21,E29,E34",10.787467001302609,2.6989691856698754,motion_prediction_guess,32.113861940853056,34.94910096305003,21.355832086087883
2026-03-22 07:04:29,4432448.967093938,3097818.568796547,3371322.579743457,"E07,E15,E21,E29,E34",13.721118654148668,2.698172148592971,previous_point_guess,32.11373163862301,34.94952562494191,21.30326858262633
2026-03-22 07:04:31,4432432.739662355,3097855.6265558777,3371310.6297185426,"E07,E15,E21,E29,E34",10.256779063433353,2.6973774572713434,previous_point_guess,32.113602362788185,34.949945944212175,21.09152767018997
2026-03-22 07:04:33,4432416.743509423,3097892.846712716,3371298.5392178227,"E07,E15,E21,E29,E34",10.104895584487252,2.6965830471687897,motion_prediction_guess,32.1134706579531,34.950366268788024,21.138820796892823
2026-03-22 07:04:35,4432400.575638294,3097930.0717033804,3371286.4427410853,"E07,E15,E21,E29,E34",10.476615498448048,2.6957870035063083,previous_point_guess,32.113339567522054,34.95078767634364,21.174422874475322
2026-03-22 07:04:37,4432383.151392654,3097966.9597732443,3371273.6973042446,"E07,E15,E21,E29,E34",11.033875981281891,2.6949944426022028,previous_point_guess,32.11320938068767,34.95121378262631,21.370424625454756
2026-03-22 07:04:39,4432366.192508035,3098004.4085150003,3371260.955537279,"E07,E15,E21,E29,E34",9.985570443156922,2.6942022540968327,previous_point_guess,32.113075852271564,34.95164193215188,21.519553039031386
2026-03-22 07:04:41,4432348.44527276,3098041.75363092,3371247.8948134813,"E07,E15,E21,E29,E34",8.902306923812176,2.693411035261102,motion_prediction_guess,32.11294326825425,34.952073965767575,21.680662749945842
2026-03-22 07:04:43,4432332.204692665,3098080.029338051,3371235.534460416,"E07,E15,E21,E29,E34",8.469477373024393,2.692619817303081,previous_point_guess,32.112807556825224,34.952504934317766,21.68850228874092
2026-03-22 07:04:45,4432316.09595739,3098119.250767189,3371223.0129888966,"E07,E15,E21,E29,E34",10.441091560927596,2.691829479143532,motion_prediction_guess,32.11266749815278,34.95294331385338,22.105424135172868
2026-03-22 07:04:47,4432298.904017737,3098157.996250754,3371209.3426255067,"E07,E15,E21,E29,E34",8.844285369282403,2.6910411421786202,previous_point_guess,32.11252422578566,34.95338413389504,22.26911606315622
2026-03-22 07:04:49,4432282.66191833,3098197.8192088725,3371195.8246204625,"E07,E15,E21,E29,E34",10.284234409396893,2.690251953853001,previous_point_guess,32.112375424714266,34.95382854365567,22.54113044423752
2026-03-22 07:04:51,4432265.23830036,3098236.6844358565,3371181.341829144,"E07,E15,E21,E29,E34",10.202612859751673,2.6894646800871054,motion_prediction_guess,32.11222652537426,34.954271807088524,22.493552276530462
2026-03-22 07:04:53,4432248.757933476,3098276.539656982,3371166.51260311,"E07,E15,E21,E29,E34",12.034756447271217,2.68867767942963,motion_prediction_guess,32.11206855371965,34.95471794035024,22.80321845886771
2026-03-22 07:04:55,4432232.677671822,3098316.446410994,3371150.7911712285,"E07,E15,E21,E29,E34",10.638366009174842,2.6878917134365263,previous_point_guess,32.1119020524494,34.95516209082278,22.903532757358192
2026-03-22 07:04:59,4432202.969047546,3098397.349834955,3371115.9783454817,"E07,E15,E21,E29,E34",11.874099995652774,2.6863215757264736,previous_point_guess,32.111530679568084,34.95604496739948,23.35794591999708
2026-03-22 07:05:01,4432189.061815172,3098437.9869984253,3371096.759984875,"E07,E15,E21,E29,E34",9.314041668640856,2.685540195169546,motion_prediction_guess,32.11132692116815,34.956482264179556,23.527300905733863
2026-03-22 07:05:03,4432176.602006896,3098480.025955608,3371076.832267964,"E07,E15,E21,E29,E34",9.243995051990883,2.684757179211289,previous_point_guess,32.11110820697756,34.9569229448605,24.081292763203994
2026-03-22 07:05:05,4432163.47834697,3098521.5140999914,3371055.0490275244,"E07,E15,E21,E29,E34",8.9934831836126,2.6839753341447428,motion_prediction_guess,32.110879439529015,34.9573628703047,24.331069490828774
2026-03-22 07:05:07,4432151.3263819255,3098563.4630917353,3371032.2505097645,"E07,E15,E21,E29,E34",10.214403593285855,2.6831941361643867,previous_point_guess,32.11063783281393,34.95780089654994,24.633110719185765
2026-03-22 07:05:09,4432139.521583296,3098605.5656042737,3371008.3733022567,"E07,E15,E21,E29,E34",8.572509798847737,2.6824146478849795,previous_point_guess,32.11038620001078,34.95823814605053,24.91031850005149
2026-03-22 07:05:11,4432128.101611341,3098647.5497309924,3370983.92045912,"E07,E15,E21,E29,E34",8.01099885514853,2.6816350322032716,motion_prediction_guess,32.110128982298384,34.95867202909063,24.95508061122236
2026-03-22 07:05:13,4432118.477073946,3098691.5761398613,3370959.314437816,"E07,E15,E21,E29,E34",10.597405771746638,2.680855548561436,previous_point_guess,32.10985793094199,34.95911274348283,25.6730047052369
2026-03-22 07:05:15,4432108.940538018,3098735.46647588,3370933.768172038,"E07,E15,E21,E29,E34",9.167126495910573,2.680079120842379,motion_prediction_guess,32.10957972450044,34.95955173928976,25.8356285414744
2026-03-22 07:05:17,4432099.410230814,3098779.377922374,3370907.7222214793,"E07,E15,E21,E29,E34",9.20661525946082,2.6793019913951435,previous_point_guess,32.10929761750823,34.95999087776998,25.968410757626366
2026-03-22 07:05:19,4432089.012265471,3098827.783404778,3370879.3175521987,"E07,E15,E21,E29,E34",8.860423227192404,2.678525832982411,previous_point_guess,32.1089885582295,34.960474301946896,28.539593755926887
2026-03-22 07:05:21,4432079.653447721,3098876.881466747,3370851.7563104657,"E07,E15,E21,E29,E34",6.9363816155527385,2.677750523939762,motion_prediction_guess,32.108679955419525,34.960957427607575,28.538698308616777
2026-03-22 07:05:23,4432069.798847344,3098925.802344501,3370823.9164071726,"E07,E15,E21,E29,E34",7.9979248677787345,2.6769760373405758,previous_point_guess,32.10837165662928,34.96144202106242,28.571951474369676
2026-03-22 07:05:25,4432059.139952629,3098974.0149645065,3370795.519206785,"E07,E15,E21,E29,E34",8.826255512181648,2.6762026070590563,previous_point_guess,32.10806420390543,34.96192534431453,28.48012356969373
2026-03-22 07:05:27,4432048.520060352,3099021.969283898,3370767.084674694,"E07,E15,E21,E29,E34",8.222159677999695,2.6754300733895007,previous_point_guess,32.10775702049159,34.96240618470186,28.376581345799195
2026-03-22 07:05:31,4432037.963001768,3099070.072940907,3370738.868355836,"E07,E15,E21,E29,E34",9.031347149492488,2.6738865526779487,motion_prediction_guess,32.10745084512635,34.96288793689373,14.189727696265326
2026-03-22 07:05:33,4432027.653245356,3099118.2553722532,3370710.914606439,"E07,E15,E21,E29,E34",10.198876264089945,2.6731157617861916,previous_point_guess,32.107145485886356,34.96336886824577,28.325134961328732
2026-03-22 07:05:35,4432017.553130856,3099166.7884845524,3370682.720372386,"E07,E15,E21,E29,E34",8.365836543947315,2.6723465137934492,previous_point_guess,32.106836501445216,34.96385156811359,28.514865141722403
2026-03-22 07:05:37,4432007.965550009,3099215.08871311,3370655.2534825695,"E07,E15,E21,E29,E34",7.643626540570077,2.671578039674531,previous_point_guess,32.10653169757346,34.96432913081329,28.192480475229548
2026-03-22 07:05:39,4431998.743689813,3099263.620829488,3370628.243457818,"E07,E15,E21,E29,E34",8.56027235305157,2.670811742263419,motion_prediction_guess,32.10622830849167,34.96480648287527,28.151156560200533
2026-03-22 07:05:41,4431989.928022024,3099312.396125126,3370601.8117953213,"E07,E15,E21,E29,E34",8.864587073478704,2.670044302269622,motion_prediction_guess,32.10592707236399,34.96528347650025,28.086376793159637
2026-03-22 07:05:51,4431939.266167468,3099531.750054103,3370476.6785402535,"E07,E15,E21,E29,E34",4.718532672729043,2.666219998101113,motion_prediction_guess,32.10456774036916,34.96749546664705,26.09231685106566
2026-03-22 07:05:57,4431904.921614286,3099666.2101035733,3370408.6063265447,"E07,E15,E21,E29,E34",7.677580846686187,2.663938342662505,motion_prediction_guess,32.10381333332493,34.96887131769977,25.738724992805036
2026-03-22 07:05:59,4431891.41830241,3099710.974734783,3370387.2838118766,"E07,E15,E21,E29,E34",8.2822359062823,2.6631779206758615,previous_point_guess,32.103580535429,34.96934192675613,25.694655430315287
2026-03-22 07:06:01,4431876.971285933,3099755.8879613522,3370366.828720409,"E07,E15,E21,E29,E34",6.360785293521188,2.662419309644906,previous_point_guess,32.10335765962251,34.969819553342795,25.711500213406165
2026-03-22 07:06:03,4431860.26671802,3099799.6715659364,3370346.9459782173,"E07,E15,E21,E29,E34",8.353153682586367,2.6616607559637275,motion_prediction_guess,32.10315112226609,34.9703010787184,25.452750620522025
2026-03-22 07:06:07,4431823.62151211,3099885.9659010842,3370310.971528913,"E07,E15,E21,E29,E34",9.341162473640834,2.660146699035741,motion_prediction_guess,32.102783204472956,34.97127272310908,25.06536847086871
2026-03-22 07:06:09,4431805.147246272,3099930.2157995566,3370296.3402986852,"E07,E15,E21,E29,E34",9.26825957210629,2.6593909550572947,previous_point_guess,32.10262244464723,34.97176903642928,25.067034682233007
2026-03-22 07:06:11,4431784.379702542,3099974.1013003904,3370282.3098242255,"E07,E15,E21,E29,E34",8.002401309269878,2.658635745697879,motion_prediction_guess,32.10247627823672,34.97227610981163,25.268964509825597
2026-03-22 07:06:15,4431741.76087237,3100063.5621778993,3370259.142771055,"E07,E15,E21,E29,E34",7.2828834367060935,2.657130954890422,motion_prediction_guess,32.10222093611936,34.97331150235597,25.625914824406077
2026-03-22 07:06:17,4431718.525813336,3100108.422087753,3370249.6419271934,"E07,E15,E21,E29,E34",6.965840688602239,2.656379149376123,previous_point_guess,32.10211637685302,34.973842013499265,25.70284767540175
2026-03-22 07:06:19,4431693.890122328,3100153.0718914047,3370241.2395946756,"E07,E15,E21,E29,E34",10.422479904969311,2.6556262818224394,previous_point_guess,32.102026283642616,34.97437920479686,25.841446502075556
2026-03-22 07:06:21,4431667.996444949,3100197.582289036,3370233.800191994,"E07,E15,E21,E29,E34",8.17648712666617,2.6548757694000344,motion_prediction_guess,32.10194886637766,34.974922824101895,26.01443223365614
2026-03-22 07:06:23,4431640.689599262,3100241.7416425557,3370227.1913817376,"E07,E15,E21,E29,E34",8.127197986261473,2.654124854841299,motion_prediction_guess,32.10188430477971,34.975471976964215,26.169584911115518
2026-03-22 07:06:25,4431613.283432095,3100286.828169308,3370221.708237833,"E07,E15,E21,E29,E34",9.542191029100236,2.653374323065304,previous_point_guess,32.10182618251089,34.97602978069959,26.52337535282193
2026-03-22 07:06:37,4431437.125593411,3100559.3467296455,3370206.04905127,"E07,E15,E21,E29,E34",5.854467559375479,2.648896472578662,previous_point_guess,32.101649615415255,34.979465126736805,26.892836719373168
2026-03-22 07:06:39,4431405.930913477,3100603.064550601,3370204.000401402,"E07,E15,E21,E29,E34",7.83372898487233,2.648152340235554,motion_prediction_guess,32.10163634628508,34.98003405483246,26.872629623528383
2026-03-22 07:06:41,4431375.017561118,3100646.232336991,3370202.184511809,"E07,E15,E21,E29,E34",7.378803802957183,2.647410171722575,previous_point_guess,32.10162525910514,34.98059650012156,26.56308806834915
2026-03-22 07:06:43,4431344.6707989685,3100689.0886329007,3370200.7249303614,"E07,E15,E21,E29,E34",6.55927020253316,2.646667398147565,motion_prediction_guess,32.101615522313615,34.98115280063216,26.266511236122017
2026-03-22 07:06:45,4431314.785980568,3100731.7605167776,3370199.621657059,"E07,E15,E21,E29,E34",7.242979245990905,2.645926538712345,previous_point_guess,32.10160719773809,34.98170469487808,26.053834921176374
2026-03-22 07:06:47,4431285.363105919,3100774.247988622,3370198.714316091,"E07,E15,E21,E29,E34",7.215378082932825,2.645186403293149,motion_prediction_guess,32.10159906036446,34.98225218277567,25.84431312681024
2026-03-22 07:06:49,4431256.40217502,3100816.5510484357,3370198.0679984675,"E07,E15,E21,E29,E34",5.968058392723981,2.6444466158079694,motion_prediction_guess,32.10159160746643,34.98279526424262,25.63543501964097
2026-03-22 07:06:51,4431227.860240084,3100858.191379327,3370197.566122447,"E07,E15,E21,E29,E34",5.132083134236982,2.6437082586560936,motion_prediction_guess,32.1015854313531,34.983330048410615,25.2428756591368
2026-03-22 07:06:53,4431196.986385684,3100898.697568451,3370197.1161047737,"E07,E15,E21,E29,E34",6.147961039486024,2.6429702449663783,previous_point_guess,32.101591920827836,34.98386915240349,25.466393338882032
2026-03-22 07:07:01,4431073.136967078,3101076.8936323347,3370202.2639977005,"E07,E15,E21,E29,E34",10.041842262400609,2.640025602881669,previous_point_guess,32.10162788600967,34.98616808022567,26.855193591471217
2026-03-22 07:07:03,4431041.710277707,3101120.032620598,3370207.5304355025,"E07,E15,E21,E29",1.862645149230957e-09,5.401708582214413,motion_prediction_guess,32.10167296634133,34.98673339451091,26.81578117595865
2026-03-22 07:07:07,4431009.054503423,3101161.9473547293,3370214.746128876,"E07,E15,E21,E29,E34",6.838484204597167,2.6378269761581636,motion_prediction_guess,32.10174112343644,34.987295549353014,13.405477715738174
2026-03-22 07:07:09,4430975.485085856,3101202.7728780983,3370223.7211552938,"E07,E15,E21,E29,E34",4.639138989257091,2.6370943007356527,motion_prediction_guess,32.10182929704971,34.987853801195676,26.805690875895507
2026-03-22 07:07:11,4430940.8210734045,3101242.0461377893,3370235.4618880306,"E07,E15,E21,E29,E34",5.385408773898458,2.6363628679520645,previous_point_guess,32.10194715746948,34.98840523074563,26.841327701891665
2026-03-22 07:07:15,4430867.159309843,3101316.458499792,3370265.48802845,"E07,E15,E21,E29,E34",7.8631274333864765,2.6349041144576355,previous_point_guess,32.10226123858679,34.989498539293265,27.35487858606934
2026-03-22 07:07:17,4430831.83816462,3101353.313672444,3370283.953912819,"E07,E15,E21,E29,E34",7.98738671937067,2.634176199506504,motion_prediction_guess,32.1024396878589,34.990032978347955,27.142567751367583
2026-03-22 07:07:19,4430796.511118098,3101384.8584620995,3370304.958632131,"E07,E15,E21,E29,E34",5.442152436244769,2.6334488610411677,previous_point_guess,32.10265214438121,34.99052136592464,25.904981199413772
2026-03-22 07:07:21,4430759.313660271,3101414.5575048137,3370327.938960341,"E07,E15,E21,E29,E34",8.305096817244868,2.632722405809499,previous_point_guess,32.102892105406156,34.99100509911478,26.428107629962458
2026-03-22 07:07:23,4430721.001560759,3101443.2734048855,3370351.4634593558,"E07,E15,E21,E29,E34",7.187908515675585,2.6319972989215907,previous_point_guess,32.10314329915523,34.99148707367202,26.673122894782548
2026-03-22 07:07:25,4430682.218465568,3101471.945935154,3370375.3017775784,"E07,E15,E21,E29,E34",9.83271699276027,2.6312715082696414,previous_point_guess,32.10339885653798,34.99197153589705,26.90031542698469
2026-03-22 07:07:27,4430642.964374697,3101500.575095618,3370399.4539150107,"E07,E15,E21,E29,E34",8.565517528790966,2.6305477260510477,motion_prediction_guess,32.103658777547814,34.99245848592135,27.128574518038093
2026-03-22 07:07:29,4430603.631007996,3101529.472971977,3370423.6800729455,"E07,E15,E21,E29,E34",9.098949059499406,2.6298236836054385,previous_point_guess,32.103918834848436,34.992948252567054,27.244759690353934
2026-03-22 07:07:45,4430295.53817592,3101779.210015686,3370594.012948936,"E07,E15,E21,E29,E34",5.082571856692623,2.6240640450423003,previous_point_guess,32.105743093475034,34.99698756634884,26.598784658361158
2026-03-22 07:07:47,4430258.673879679,3101814.3203026247,3370609.0992551385,"E07,E15,E21,E29,E34",7.2236717478898544,2.623345940121822,previous_point_guess,32.10590654944978,34.997516269689626,26.548565032168234
2026-03-22 07:07:51,4430186.4067194825,3101887.6510415208,3370634.886139659,"E07,E15,E21,E29,E34",7.238221591626896,2.6219164295038473,motion_prediction_guess,32.10618566798693,34.998591793551945,26.545473158321567
2026-03-22 07:07:53,4430151.899633136,3101926.1150722057,3370646.058923044,"E07,E15,E21,E29,E34",5.601929312939022,2.6212012578630572,previous_point_guess,32.10630075085735,34.999135284211256,26.434124504308155
2026-03-22 07:07:55,4430118.775468493,3101965.8594032913,3370656.2420022,"E07,E15,E21,E29,E34",4.9790656397638955,2.62048753684334,previous_point_guess,32.10639932284006,34.99968148360305,26.365305032472303
2026-03-22 07:08:01,4430024.569795943,3102089.826548535,3370682.5100735174,"E07,E15,E21,E29,E34",3.195361064379817,2.6183507838614215,previous_point_guess,32.10662902424347,35.00132977305144,26.28027215708657
2026-03-22 07:08:17,4429745.18559315,3102382.6430015774,3370738.6576576964,"E15,E21,E29,E34",1.862645149230957e-09,4.0951691975688025,previous_point_guess,32.1073496884904,35.005568731192994,27.7151616931938
2026-03-22 07:08:19,4429689.986205861,3102402.6549734995,3370739.8053532313,"E15,E21,E29,E34",2.634178031930877e-09,4.09198839497346,previous_point_guess,32.107520134854106,35.00607787441942,29.363108581582967
2026-03-22 07:08:37,4429065.040703174,3102486.059589283,3370712.538679654,"E13,E19,E27,E30",2.634178031930877e-09,3.1384402994837757,previous_point_guess,32.10953601233194,35.01060026390399,31.154921453315566
2026-03-22 07:08:57,4428698.895706657,3102851.0577608915,3370732.0385462805,"E13,E19,E27,E30",2.634178031930877e-09,3.1343296153755285,previous_point_guess,32.11011856818008,35.01599362046695,26.22517815620833
2026-03-22 07:08:59,4428672.540360289,3102896.014396319,3370731.516417943,"E13,E19,E27,E30",1.862645149230957e-09,3.1339173483130582,motion_prediction_guess,32.11009439026697,35.016543976858046,26.057513164089215
2026-03-22 07:09:01,4428645.774147228,3102940.5367820426,3370729.374427941,"E13,E19,E27,E30",2.634178031930877e-09,3.1335064939977695,motion_prediction_guess,32.11006064391079,35.01709306220903,25.996447417221304
2026-03-22 07:09:03,4428618.987748607,3102985.3174422625,3370726.0277087865,"E13,E19,E27,E30",2.634178031930877e-09,3.133094013196782,motion_prediction_guess,32.11001706150165,35.01764451073684,26.143924771985656
2026-03-22 07:09:05,4428593.649491902,3103031.1447912664,3370722.1439502854,"E13,E19,E27,E30",0.0,3.1326814974693913,previous_point_guess,32.109960810200874,35.01819623620585,26.254780480858866
2026-03-22 07:09:07,4428568.886008564,3103076.458940163,3370717.0866723615,"E13,E19,E27,E30",3.226196034939731e-09,3.1322688010376885,motion_prediction_guess,32.10989474770356,35.0187400125629,25.943102441866582
2026-03-22 07:09:09,4428544.144502451,3103122.76039944,3370711.7438465045,"E13,E19,E27,E30",3.725290298461914e-09,3.131855456079154,previous_point_guess,32.10982369955546,35.0192922213546,26.3842426653445
2026-03-22 07:09:11,4428519.698322543,3103168.470357647,3370705.69412418,"E13,E19,E27,E30",3.725290298461914e-09,3.131444134439076,previous_point_guess,32.10974771706723,35.019837500562254,26.094133112652564
2026-03-22 07:09:13,4428496.594532297,3103214.5210323413,3370698.691874607,"E13,E19,E27,E30",2.634178031930877e-09,3.131031376164935,previous_point_guess,32.10965824923688,35.020377572667506,25.997505950542717
2026-03-22 07:09:15,4428473.142622087,3103261.081309217,3370691.545913351,"E13,E19,E27,E30",1.862645149230957e-09,3.1306162655506213,motion_prediction_guess,32.109567646139745,35.02092418189697,26.310246281208823
2026-03-22 07:09:17,4428449.778179813,3103308.093386012,3370684.2454630677,"E13,E19,E27,E30",2.634178031930877e-09,3.130203809992299,previous_point_guess,32.10947427444331,35.02147417804046,26.501552321035962
2026-03-22 07:09:19,4428424.747048422,3103354.3703158554,3370674.7233496327,"E13,E19,E27,E30",1.862645149230957e-09,3.1297893615922363,motion_prediction_guess,32.109372494840336,35.02202792829973,26.733791438546273
2026-03-22 07:09:21,4428400.183453153,3103400.810545257,3370663.92989466,"E13,E19,E27,E30",1.862645149230957e-09,3.1293757804882665,motion_prediction_guess,32.109258716887474,35.02258025129029,26.816803452489804
2026-03-22 07:09:23,4428377.925137839,3103448.3217303758,3370652.306878303,"E13,E19,E27,E30",1.862645149230957e-09,3.1289617246165022,previous_point_guess,32.10912660428542,35.02312784748779,26.86931252022994
2026-03-22 07:09:27,4428335.566956766,3103542.9691483174,3370623.5741480263,"E13,E19,E27,E30",2.634178031930877e-09,3.1281317592750977,previous_point_guess,32.10881301958468,35.02420665562065,26.938278206875363
2026-03-22 07:09:29,4428315.651250926,3103590.488518025,3370607.083419366,"E13,E19,E27,E30",0.0,3.12772051061377,motion_prediction_guess,32.108634498903776,35.024740071757726,27.04935289547587
2026-03-22 07:09:33,4428279.895984211,3103685.9859123975,3370569.26809328,"E13,E19,E27,E30",0.0,3.126890777690276,previous_point_guess,32.10822326444741,35.02578608939725,27.43330203254033
2026-03-22 07:09:35,4428262.899874974,3103734.2040840555,3370548.2171738986,"E13,E19,E27,E30",0.0,3.126476357456777,previous_point_guess,32.107996520433126,35.0263078071215,27.645076478634994
2026-03-22 07:09:37,4428247.878691046,3103782.147382932,3370526.2719119024,"E13,E19,E27,E30",2.634178031930877e-09,3.1260623308284017,motion_prediction_guess,32.10775594696847,35.026815127252796,27.412544563746284
2026-03-22 07:09:39,4428231.473724961,3103829.389049573,3370502.143500605,"E13,E19,E27,E30",0.0,3.1256471893636726,motion_prediction_guess,32.107506056580064,35.02732477224235,27.762736766131198
2026-03-22 07:09:43,4428204.721128896,3103926.018926319,3370453.981434216,"E13,E19,E27,E30",1.862645149230957e-09,3.1248157460118207,motion_prediction_guess,32.10697731278392,35.028325840670576,27.86924674829272
2026-03-22 07:09:45,4428190.2838559635,3103974.328742668,3370429.382666129,"E13,E19,E27,E30",2.634178031930877e-09,3.1244006777106796,previous_point_guess,32.10671316147651,35.0288327781095,28.050724575143086
2026-03-22 07:09:47,4428176.049840327,3104022.5768592046,3370404.947998524,"E13,E19,E27,E30",3.725290298461914e-09,3.123983637016831,previous_point_guess,32.10644963370637,35.02933794114179,27.96221080055375
2026-03-22 07:09:49,4428162.319403534,3104070.9955922584,3370380.910016945,"E13,E19,E27,E30",2.634178031930877e-09,3.1235698415532744,previous_point_guess,32.106186688369455,35.02984151884254,27.886928674005887
2026-03-22 07:09:51,4428148.0131051885,3104119.740963218,3370356.7851877506,"E13,E19,E27,E30",0.0,3.1231531394946597,previous_point_guess,32.105924439150215,35.0303514294959,28.11933830115402
2026-03-22 07:09:53,4428133.602177751,3104168.140571222,3370332.63297426,"E13,E19,E27,E30",1.862645149230957e-09,3.1227374445549145,previous_point_guess,32.10566334067692,35.03085897368217,27.988954522599045
2026-03-22 07:09:55,4428119.086621221,3104216.1944162725,3370308.4533764753,"E13,E19,E27,E30",0.0,3.1223207594626476,motion_prediction_guess,32.105403392946386,35.03136415150228,27.859138332545598
2026-03-22 07:10:13,4427993.180088707,3104641.8621011754,3370113.8165940777,"E13,E19,E27,E30",0.0,3.1185627112131233,previous_point_guess,32.10323950035421,35.03582269334142,25.54196163456389
2026-03-22 07:10:15,4427976.91396109,3104687.108910076,3370098.6575713796,"E13,E19,E27,E30",1.862645149230957e-09,3.118143519178725,motion_prediction_guess,32.10306303625156,35.03631413918351,25.20742248077838
2026-03-22 07:10:17,4427959.081449996,3104731.515558817,3370085.563220008,"E13,E19,E27,E30",1.862645149230957e-09,3.117725917013278,motion_prediction_guess,32.10291080110112,35.03680782197011,24.806304350882666
2026-03-22 07:10:19,4427939.682555425,3104775.0820474,3370074.9863604666,"E13,E19,E27,E30",1.862645149230957e-09,3.117302866102495,previous_point_guess,32.1027862540106,35.03730374217096,24.42450611468318
2026-03-22 07:10:21,4427918.717277379,3104817.808375825,3370067.113316351,"E13,E19,E27,E30",3.226196034939731e-09,3.1168863359382435,previous_point_guess,32.10269081828288,35.037801900260185,24.119840629083214
2026-03-22 07:10:23,4427896.185615854,3104859.694544092,3370061.9440876613,"E13,E19,E27,E30",2.634178031930877e-09,3.116467121661751,previous_point_guess,32.10262449386203,35.03830229671628,23.92095205233544
2026-03-22 07:10:25,4427872.087570854,3104900.7405522,3370059.478674397,"E13,E19,E27,E30",1.862645149230957e-09,3.116046209644197,motion_prediction_guess,32.10258728069318,35.03880493202211,23.830488963708287
2026-03-22 07:10:41,4427636.018177985,3105199.742192903,3370106.91377484,"E13,E19,E27,E30",0.0,3.112676389115804,motion_prediction_guess,32.103053192079166,35.042834578970684,24.388134333900155
2026-03-22 07:10:43,4427603.861630106,3105234.812687087,3370118.8845426813,"E13,E19,E27,E30",3.226196034939731e-09,3.112255110452516,previous_point_guess,32.10317430500847,35.04333440404301,24.53203220531471
2026-03-22 07:10:45,4427571.52312601,3105269.8773130258,3370131.583361961,"E13,E19,E27,E30",0.0,3.1118326719385525,previous_point_guess,32.10330170771378,35.04383528629051,24.680796434327345
2026-03-22 07:10:49,4427506.300249163,3105339.9889601725,3370159.1651548324,"E13,E19,E27,E30",2.634178031930877e-09,3.110987592121316,motion_prediction_guess,32.10357538232066,35.04484022249513,24.992573532450866
2026-03-22 07:11:03,4427282.918488211,3105609.856258439,3370242.4101382806,"E13,E19,E27,E30",0.0,3.108020944719177,previous_point_guess,32.104345058618755,35.04854003496695,26.09604094557821
2026-03-22 07:11:05,4427254.419205205,3105653.2696395637,3370246.7457689936,"E13,E19,E27,E30",2.634178031930877e-09,3.107597789779836,previous_point_guess,32.10437051078402,35.04908998175306,26.056312913208945
2026-03-22 07:11:09,4427200.431237889,3105742.6981552388,3370248.654835464,"E13,E19,E27,E30",1.862645149230957e-09,3.1067480134117154,previous_point_guess,32.104350777899654,35.050194122378024,26.173453654844202
2026-03-22 07:11:23,4427029.46551672,3106070.3622082095,3370194.5523366765,"E13,E19,E27,E30",1.862645149230957e-09,3.103775565842717,previous_point_guess,32.10370635030888,35.05407629019446,27.1209872039165
2026-03-22 07:11:25,4427005.932504835,3106117.873310374,3370183.4269767585,"E13,E19,E27,E30",1.862645149230957e-09,3.1033531485166916,previous_point_guess,32.10358290761021,35.054631548069985,27.087271506185438
2026-03-22 07:11:27,4426984.318820134,3106166.3338107946,3370172.6324156676,"E13,E19,E27,E30",0.0,3.1029287164711503,previous_point_guess,32.10345184611266,35.05518335873156,27.074406810211258
2026-03-22 07:11:29,4426964.624462617,3106218.331256059,3370162.2827745033,"E13,E19,E27,E30",1.862645149230957e-09,3.102501191140716,previous_point_guess,32.10330691493567,35.05575416251289,28.278601027388028
2026-03-22 07:11:31,4426947.964379207,3106273.865646168,3370152.3780532633,"E13,E19,E27,E30",1.862645149230957e-09,3.102074606036276,previous_point_guess,32.10314374000021,35.05633717331027,29.409736342084525
2026-03-22 07:11:33,4426934.836399117,3106332.9369811206,3370142.9182519508,"E13,E19,E27,E30",1.862645149230957e-09,3.101652374749399,motion_prediction_guess,32.102960368514985,35.05692936005409,30.623757388913404
2026-03-22 07:11:35,4426925.240522342,3106395.545260917,3370133.9033705634,"E13,E19,E27,E30",0.0,3.101225003895019,previous_point_guess,32.10275680087043,35.057530721009044,31.98884819963898
2026-03-22 07:11:37,4426921.227220576,3106462.712267153,3370126.241670987,"E13,E19,E27,E30",1.862645149230957e-09,3.1007969023756194,motion_prediction_guess,32.10252911913896,35.0581376373894,33.86079945220756
2026-03-22 07:11:57,4426988.325344271,3107234.28486432,3370066.4629551843,"E07,E15,E21,E29",1.862645149230957e-09,5.399091817181032,motion_prediction_guess,32.09968526858101,35.06442000789359,35.36099726505488
2026-03-22 07:11:59,4426987.330548945,3107301.2460112525,3370059.8992968467,"E07,E15,E21,E29",2.634178031930877e-09,5.3991324248025245,motion_prediction_guess,32.09945469691042,35.065006664059226,33.64471142333274
2026-03-22 07:12:01,4426982.52258247,3107364.078941651,3370052.515593493,"E07,E15,E21,E29",2.634178031930877e-09,5.399172319391067,previous_point_guess,32.09924417997797,35.065580725062375,31.723858369202034
2026-03-22 07:12:03,4426974.403270822,3107422.943012534,3370044.319083921,"E07,E15,E21,E29",1.862645149230957e-09,5.399216522682708,previous_point_guess,32.099051365722495,35.06614052043886,29.992019070601103
2026-03-22 07:12:05,4426962.923762822,3107478.2530156146,3370035.7095122132,"E07,E15,E21,E29,E34",3.6746368424197127,2.5371136584411476,motion_prediction_guess,32.09887835701706,35.06668994565885,28.570513666111907
2026-03-22 07:12:07,4426949.620408174,3107529.3489730507,3370026.247511714,"E07,E15,E21,E29,E34",5.154688398716865,2.5364913786797896,previous_point_guess,32.0987175889106,35.0672139296509,26.82026083321799
2026-03-22 07:12:09,4426934.77977545,3107576.4594608773,3370016.6049365164,"E07,E15,E21,E29,E34",4.7503540390001815,2.535870170164205,motion_prediction_guess,32.098572440418785,35.067712711492774,25.1625798525698
2026-03-22 07:12:11,4426918.464988163,3107622.967326476,3370006.9573256453,"E07,E15,E21,E29,E34",3.928244501979508,2.535250242859661,motion_prediction_guess,32.09843469204061,35.068215237891884,25.110905212031245
2026-03-22 07:12:13,4426900.777178914,3107668.5429618834,3369996.9037740338,"E07,E15,E21,E29,E34",5.258297143833605,2.534630742067845,motion_prediction_guess,32.09830179199039,35.068718036008654,24.955315259578494
2026-03-22 07:12:15,4426883.728897513,3107713.8232605513,3369987.384448318,"E07,E15,E21,E29,E34",4.044322595442416,2.534011463337367,previous_point_guess,32.098171276062075,35.06921437896048,24.65546039058729
2026-03-22 07:12:17,4426865.705414353,3107757.5313785565,3369977.1223652614,"E07,E15,E21,E29,E34",4.497643335474049,2.5333935766671454,motion_prediction_guess,32.09804323722342,35.069703024572654,24.189645891521366
2026-03-22 07:12:19,4426846.952047277,3107800.788232695,3369966.5282198456,"E07,E15,E21,E29,E34",2.088082205828336,2.5327758458015075,previous_point_guess,32.09791676469643,35.07019219838714,24.16133338473197
2026-03-22 07:12:21,4426828.886523034,3107843.464289835,3369956.1692379834,"E07,E15,E21,E29,E34",0.5355914349880202,2.5321588145467495,previous_point_guess,32.09779098835124,35.07067214848472,23.74298593498208
2026-03-22 07:12:33,4426722.329063618,3108101.770784966,3369891.5735052335,"E07,E15,E21,E29,E34",7.161181981745029,2.528471654000347,motion_prediction_guess,32.09700424800965,35.073560146443135,24.303902383078373
2026-03-22 07:12:43,4426627.901040671,3108321.548497009,3369827.365763667,"E07,E15,E21,E29,E34",1.4567518948567102,2.525418490059067,previous_point_guess,32.096278932382354,35.07604023761555,25.036926661829384
2026-03-22 07:12:45,4426607.751315507,3108365.563733175,3369813.577612765,"E07,E15,E21,E29,E34",2.479236230365781,2.5248100290561526,previous_point_guess,32.09613142487926,35.076544463076985,25.16677146668159
2026-03-22 07:12:47,4426587.628178325,3108409.338376406,3369799.871616466,"E07,E15,E21,E29,E34",2.0686138577856763,2.5242012913628264,previous_point_guess,32.09598510113775,35.07704643937088,25.04503131680019
2026-03-22 07:12:49,4426567.949118083,3108453.5329102185,3369786.6154809315,"E07,E15,E21,E29,E34",3.5645061839082444,2.523594716724019,previous_point_guess,32.095839314550076,35.07754935070106,25.080606851593174
2026-03-22 07:12:51,4426547.879525896,3108497.846929948,3369773.391140494,"E07,E15,E21,E29,E34",2.65067816006092,2.522987630695781,motion_prediction_guess,32.09569497112824,35.07805567347778,25.206170153066672
2026-03-22 07:12:55,4426508.725011218,3108587.443729666,3369748.117896913,"E07,E15,E21,E29,E34",2.2527664829622274,2.5217771072073574,motion_prediction_guess,32.09540872928564,35.07907071741375,25.2944212900146
2026-03-22 07:12:57,4426488.872769042,3108632.187132311,3369735.3106934386,"E07,E15,E21,E29,E34",1.8684833005883361,2.5211727217638153,motion_prediction_guess,32.09526553192871,35.079579433935294,25.29875520909683
2026-03-22 07:12:59,4426468.505212438,3108676.8953837906,3369722.2145499215,"E07,E15,E21,E29,E34",2.7824640279267863,2.5205682492446875,previous_point_guess,32.095122242568216,35.08009098110467,25.42230362979944
2026-03-22 07:13:01,4426448.869741098,3108722.748512906,3369709.446639453,"E07,E15,E21,E29,E34",1.9807344862589507,2.519965077524644,previous_point_guess,32.09497543580017,35.08060799398844,25.744323268241555
2026-03-22 07:13:03,4426428.606191268,3108768.8576879394,3369696.643084113,"E07,E15,E21,E29,E34",2.196972063448641,2.519362443447946,previous_point_guess,32.094830112161496,35.08113104810454,25.98364150437967
2026-03-22 07:13:05,4426408.812642987,3108815.807892989,3369683.974973315,"E07,E15,E21,E29,E34",3.4143408885192916,2.51875940336307,previous_point_guess,32.094681662556795,35.08165852919668,26.25159320098646
2026-03-22 07:13:07,4426389.489096255,3108863.5991280545,3369671.4423070583,"E07,E15,E21,E29,E34",2.9757237828245104,2.518159174303209,motion_prediction_guess,32.094530086990716,35.082190436984334,26.525786184811565
2026-03-22 07:13:19,4426271.437190236,3109154.495536668,3369597.1307300744,"E07,E15,E21,E29,E34",3.129328204597206,2.5145631465597176,motion_prediction_guess,32.09362419503546,35.08543064849394,27.095009306777783
2026-03-22 07:13:21,4426251.720185343,3109203.3369385256,3369585.413405113,"E07,E15,E21,E29,E34",2.4360075641718972,2.5139664135487707,motion_prediction_guess,32.09347748373026,35.08597403813914,26.979337100678634
2026-03-22 07:13:23,4426230.610350624,3109251.285517,3369572.729840723,"E07,E15,E21,E29,E34",3.8412222981096997,2.513370143800943,motion_prediction_guess,32.093331307901074,35.0865181671936,26.951642367636325
2026-03-22 07:13:25,4426209.837345852,3109299.92547275,3369560.714969568,"E07,E15,E21,E29,E34",1.7330225188194794,2.5127751812545163,previous_point_guess,32.09318701369698,35.08706623583647,27.118813356546184
2026-03-22 07:13:27,4426187.706878196,3109347.5135734053,3369548.5571021168,"E07,E15,E21,E29,E34",1.0945198173492112,2.512180499190552,previous_point_guess,32.09304984297042,35.0876134506613,26.93602914124097
2026-03-22 07:13:31,4426139.373554238,3109439.534209432,3369524.1974925324,"E07,E15,E21,E29,E34",0.5167806155630997,2.5109925059687535,previous_point_guess,32.09279981354509,35.08870532095486,26.606092823842552
2026-03-22 07:13:33,4426114.437260491,3109486.118198609,3369513.091096303,"E07,E15,E21,E29,E34",3.8045258422006603,2.5104009595607137,motion_prediction_guess,32.09268443233118,35.08926091250365,26.996489336258836
2026-03-22 07:13:35,4426089.147496671,3109533.757514024,3369502.6926465468,"E07,E15,E21,E29,E34",0.8862638391823306,2.50980775036398,previous_point_guess,32.09257293606022,35.08982780172309,27.464542070645823
2026-03-22 07:13:41,4426007.305969004,3109675.191395728,3369476.968768446,"E07,E15,E21,E29,E34",1.0143766228214095,2.5080383690026973,previous_point_guess,32.0923077273621,35.091551965504884,27.857183039818434
2026-03-22 07:13:45,4425947.223512621,3109769.1562994868,3369465.2820386756,"E07,E15,E21,E29,E34",1.3111666645438849,2.5068574868371813,motion_prediction_guess,32.092195174133906,35.09273221460474,28.159750811902924
2026-03-22 07:13:47,4425915.810079644,3109816.009602575,3369461.111067847,"E07,E15,E21,E29,E34",0.6665454136287726,2.506270344268112,previous_point_guess,32.09215740359709,35.09332957521496,28.28176435131954
2026-03-22 07:13:51,4425852.192129885,3109911.0410705777,3369456.565546429,"E07,E15,E21,E29,E34",1.1516399076010824,2.505095622139507,motion_prediction_guess,32.09211030759678,35.094540595198744,28.792127138598904
2026-03-22 07:13:53,4425817.538962453,3109958.0150445374,3369455.8048312184,"E07,E15,E21,E29,E34",4.379597621517726,2.5045100177348503,motion_prediction_guess,32.09211094660879,35.09515873029379,29.18893167914272
2026-03-22 07:13:57,4425749.022581533,3110051.389727257,3369455.456393324,"E07,E15,E21,E29,E34",5.020254943618759,2.503338470229348,previous_point_guess,32.092119659032114,35.09638522238946,28.971332635794496
2026-03-22 07:13:59,4425714.253627613,3110098.748486589,3369456.363867566,"E07,E15,E21,E29,E34",0.8078234849034127,2.502754608928168,previous_point_guess,32.09213242671815,35.0970073982133,29.37922629858945
2026-03-22 07:14:01,4425678.418758357,3110145.5857252274,3369457.5567225176,"E07,E15,E21,E29,E34",0.553228061237587,2.502171235174117,previous_point_guess,32.09215298588065,35.09763154634429,29.49274351768131
2026-03-22 07:14:03,4425641.517973766,3110191.901443173,3369458.784217223,"E07,E15,E21,E29",2.634178031930877e-09,5.40341835610804,previous_point_guess,32.092179421033386,35.098257667190595,29.615538048187496
2026-03-22 07:14:05,4425606.5918169385,3110240.3116236436,3369460.024186119,"E07,E15,E21,E29,E34",2.6266443964697483,2.5010055611552633,previous_point_guess,32.09219243949468,35.09888991348996,29.853458601342005
2026-03-22 07:14:07,4425571.054896181,3110287.816210879,3369461.4700907525,"E07,E15,E21,E29,E34",5.135121465634762,2.5004246995549475,motion_prediction_guess,32.092211916425555,35.09951803187338,29.67174238861801
2026-03-22 07:14:09,4425534.907211493,3110334.415204878,3369462.846669076,"E07,E15,E21,E29,E34",2.271522073866645,2.4998428291005674,previous_point_guess,32.092235749104326,35.10014202269216,29.495831561203076
2026-03-22 07:14:13,4425462.764900598,3110427.580121772,3369465.5912669795,"E07,E15,E21,E29",3.226196034939731e-09,5.403931909570858,previous_point_guess,32.09228283109978,35.101388787409306,29.4160325803569
2026-03-22 07:14:15,4425429.804382362,3110475.9716071812,3369466.9697702,"E07,E15,E21,E29",1.862645149230957e-09,5.404032599262991,previous_point_guess,32.09228923967025,35.10200890083507,29.283237071720688
2026-03-22 07:14:21,4425321.132154516,3110611.0901075513,3369472.0011241403,"E07,E15,E21,E29,E34",2.1959591814512067,2.4963712495610806,motion_prediction_guess,32.09238136654325,35.10384173535915,28.59505461644321
2026-03-22 07:14:25,4425251.397940238,3110699.121968033,3369478.569713901,"E07,E15,E21,E29,E34",4.140339563887582,2.495218824258459,motion_prediction_guess,32.09246232832631,35.105029357975674,27.978661998216847
2026-03-22 07:14:27,4425214.96774483,3110740.8740863455,3369483.476503339,"E07,E15,E21,E29,E34",3.230440634073305,2.4946447573303154,previous_point_guess,32.092527562698294,35.10561307480212,27.814003234230594
2026-03-22 07:14:29,4425178.535232317,3110782.3008445804,3369489.312150568,"E07,E15,E21,E29,E34",1.5647673223017808,2.4940703496734073,previous_point_guess,32.09260079566254,35.10619398760029,27.737875930136155
2026-03-22 07:14:31,4425142.086404509,3110823.3325016107,3369496.5188534227,"E07,E15,E21,E29,E34",2.026783973204695,2.493497357193763,motion_prediction_guess,32.09268565230836,35.10677157735908,27.676933054698523
2026-03-22 07:14:35,4425071.129518793,3110904.9359522685,3369516.301877521,"E07,E15,E21,E29,E34",0.052962429581133244,2.492350815310288,previous_point_guess,32.09289003826797,35.10791095309902,27.414043058170463
2026-03-22 07:14:39,4424998.754783183,3110981.507110707,3369542.8021102394,"E07,E15,E21,E29,E34",0.3894338531717538,2.4912081868048546,motion_prediction_guess,32.09316515026314,35.109015365299,27.08475747656416
2026-03-22 07:14:41,4424963.059605642,3111019.034438166,3369558.8431844623,"E07,E15,E21,E29,E34",0.5415821006079603,2.4906376992946004,previous_point_guess,32.093324183503576,35.109558004856396,27.109786370049015
2026-03-22 07:14:45,4424890.592574481,3111090.8440254335,3369595.4222195055,"E07,E15,E21,E29,E34",1.6226111686361742,2.4894973262545967,motion_prediction_guess,32.09368975631627,35.11062172925675,27.10007980146565
2026-03-22 07:14:47,4424853.643776423,3111124.7938619945,3369615.420956004,"E07,E15,E21,E29,E34",3.118815182494228,2.488929608922624,motion_prediction_guess,32.093893786310026,35.111141012125515,27.008121657910166
2026-03-22 07:14:49,4424817.774108549,3111158.5578629416,3369636.9499859093,"E07,E15,E21,E29,E34",0.8754007803609054,2.488361817142318,motion_prediction_guess,32.09410578696759,35.111652112182995,26.880010984277295
2026-03-22 07:14:51,4424780.316551361,3111190.9841825785,3369658.9986500605,"E07,E15,E21,E29,E34",3.6269306718786996,2.4877942514220734,motion_prediction_guess,32.09433166413919,35.11216129750876,27.114011075892627
2026-03-22 07:14:53,4424742.5265037045,3111222.439532962,3369681.6710703042,"E07,E15,E21,E29,E34",1.1801461020496153,2.4872281869312003,motion_prediction_guess,32.094566282797594,35.11266409746658,27.071966170587224
2026-03-22 07:14:55,4424704.990209057,3111253.286231558,3369705.038915966,"E07,E15,E21,E29,E34",3.0029227510892342,2.486662697845483,previous_point_guess,32.0948068945328,35.11316007984182,26.956207267510994
2026-03-22 07:14:57,4424667.707667419,3111283.5242783655,3369729.102187048,"E07,E15,E21,E29,E34",1.7997395430178902,2.4860971880112595,previous_point_guess,32.09505349939189,35.11364924462462,26.848502755824466
2026-03-22 07:14:59,4424630.237726348,3111313.786447713,3369753.359890667,"E07,E15,E21,E29,E34",2.4076664846920957,2.4855318198818774,previous_point_guess,32.09530225544803,35.114139762610236,26.96401102527162
2026-03-22 07:15:01,4424592.662618334,3111343.511172725,3369778.5980253774,"E07,E15,E21,E29,E34",0.9978204305109714,2.484969035606175,previous_point_guess,32.09556039222895,35.114626266931175,27.07587239111706
2026-03-22 07:15:03,4424553.357809802,3111372.4416214437,3369802.489419186,"E07,E15,E21,E29",1.862645149230957e-09,5.40689287491083,motion_prediction_guess,32.09581720721519,35.115116430757794,27.169088754477023
2026-03-22 07:15:07,4424479.693937427,3111432.430706936,3369852.0698804706,"E07,E15,E21,E29,E34",2.819006497296354,2.4832799917537582,motion_prediction_guess,32.09631931538539,35.11608507106946,26.734546501198576
2026-03-22 07:15:09,4424442.297401926,3111461.988760503,3369876.922519252,"E07,E15,E21,E29,E34",2.268165377984074,2.4827192390622335,previous_point_guess,32.09657425888264,35.116569052964145,26.87858372672421
2026-03-22 07:15:11,4424404.120777941,3111491.2011160045,3369901.0765460194,"E07,E15,E21,E29,E34",2.1229283725960433,2.4821584656583684,previous_point_guess,32.09682787387217,35.11705479538702,26.899039675477425
2026-03-22 07:15:13,4424367.634506632,3111520.737911166,3369925.7587138903,"E07,E15,E21,E29",1.862645149230957e-09,5.407562748242878,motion_prediction_guess,32.09707800236435,35.11753305127052,26.51829403125875
2026-03-22 07:15:15,4424331.597187342,3111550.30217506,3369950.4102289896,"E07,E15,E21,E29,E34",1.2293746956042104,2.4810387921364963,previous_point_guess,32.097326059499935,35.118008811674464,26.364897486248704
2026-03-22 07:15:17,4424294.564185559,3111579.0826529623,3369974.6862114426,"E07,E15,E21,E29,E34",2.2733457593393,2.480480032460209,motion_prediction_guess,32.097577308612024,35.11848385053236,26.405882173444702
2026-03-22 07:15:19,4424256.535501281,3111607.0793448747,3369998.5866612475,"E07,E15,E21,E29,E34",2.128377308541387,2.4799220822722514,motion_prediction_guess,32.09783174985722,35.11895816817203,26.4633099159727
2026-03-22 07:15:21,4424219.450542233,3111635.521224487,3370022.385489248,"E07,E15,E21,E29,E34",0.5423217804112864,2.4793644502427483,previous_point_guess,32.09808048733468,35.11943059479648,26.223171612486862
2026-03-22 07:15:29,4424073.251189342,3111749.2586486237,3370117.8092007493,"E07,E15,E21,E29,E34",1.6072977499603858,2.4771414635973583,motion_prediction_guess,32.09906885760382,35.121307020282174,26.009468807207035
2026-03-22 07:15:31,4424037.673041427,3111777.83859147,3370141.9131157906,"E07,E15,E21,E29,E34",0.035755881912262096,2.476587149407828,previous_point_guess,32.09931363029452,35.12177147212547,25.80511801216205
2026-03-22 07:15:33,4424001.941741362,3111806.227612244,3370166.2040933697,"E07,E15,E21,E29,E34",2.49351484137622,2.47603376962036,previous_point_guess,32.09956095655104,35.1222352053025,25.84916134646298
2026-03-22 07:15:37,4423926.502612426,3111861.9400539193,3370213.6880991925,"E07,E15,E21,E29,E34",1.2349369480077472,2.4749273680310764,previous_point_guess,32.100065739134784,35.123177680984114,26.39569804660848
2026-03-22 07:15:39,4423889.462486938,3111889.9793006186,3370238.59027408,"E07,E15,E21,E29,E34",2.711546947749108,2.4743758732298655,previous_point_guess,32.1003238223438,35.12364636751244,26.35473660365499
2026-03-22 07:15:41,4423852.650293336,3111918.3445151015,3370263.4589534807,"E07,E15,E21,E29,E34",3.6417044186306207,2.473824080575967,motion_prediction_guess,32.100579855878564,35.124116491564,26.354194189600765
2026-03-22 07:15:43,4423814.89044915,3111945.905027327,3370288.282529296,"E07,E15,E21,E29,E34",4.451237942888871,2.4732734657690876,previous_point_guess,32.10084147557634,35.12458542170496,26.46505990605803
2026-03-22 07:15:45,4423777.935370586,3111972.880060838,3370314.392371672,"E07,E15,E21,E29,E34",1.20822282024932,2.4727248637859827,motion_prediction_guess,32.10111137870613,35.125044376743396,26.339391287324776
2026-03-22 07:15:47,4423740.7643319145,3111999.501221073,3370340.153594025,"E07,E15,E21,E29,E34",4.71511317363557,2.472175571412396,previous_point_guess,32.1013804391807,35.125501584546654,26.239344814915484
2026-03-22 07:15:49,4423703.3227353515,3112025.4835887435,3370365.3985151737,"E07,E15,E21,E29,E34",2.992268986730243,2.471626309704006,motion_prediction_guess,32.10164837580617,35.125954909395915,26.04929282515705
2026-03-22 07:15:51,4423665.951032359,3112051.1748945867,3370390.7711845147,"E07,E15,E21,E29,E34",3.2725361608104873,2.4710781258288788,motion_prediction_guess,32.10191781515456,35.12640528906213,25.982973896220802
2026-03-22 07:15:53,4423627.715777757,3112075.7465777616,3370416.0547909383,"E07,E15,E21,E29,E34",1.9662240963743627,2.470531535333918,motion_prediction_guess,32.10219304409593,35.12685123444144,26.004629695246965
2026-03-22 07:15:55,4423589.784919659,3112099.8484661696,3370441.8988214,"E07,E15,E21,E29,E34",0.5966788917040994,2.4699847115999893,previous_point_guess,32.10247265460456,35.1272912568931,25.920864816712463
2026-03-22 07:15:57,4423554.416227446,3112124.5513274,3370468.911215994,"E07,E15,E21,E29,E34",0.029925688247084994,2.4694385352528054,motion_prediction_guess,32.10274948911971,35.12772087139908,25.450172904663486
2026-03-22 07:15:59,4423519.108744933,3112149.16925581,3370495.4311732454,"E07,E15,E21,E29,E34",0.8195816735020933,2.468893273257981,motion_prediction_guess,32.10302255492214,35.12814937927482,25.278295300488494
2026-03-22 07:16:03,4423446.260707211,3112197.7755817776,3370546.8056896436,"E07,E15,E21,E29,E34",0.3426680466066796,2.4678049087513556,motion_prediction_guess,32.10356644896385,35.129014559937076,25.39575480794888
2026-03-22 07:16:05,4423410.394761971,3112222.988182175,3370572.304384031,"E07,E15,E21,E29,E34",1.4729137783335196,2.467261170889318,motion_prediction_guess,32.10383225838144,35.129451631497744,25.358539439202954
2026-03-22 07:16:07,4423374.460172483,3112248.9742155815,3370597.2318538325,"E07,E15,E21,E29,E34",1.2586756243827804,2.466717850481942,motion_prediction_guess,32.104091839312744,35.12989582488487,25.435936215424395
2026-03-22 07:16:11,4423301.469463109,3112302.7131742183,3370646.000276689,"E07,E15,E21,E29,E34",0.18826363241198732,2.4656340841887228,motion_prediction_guess,32.10460222034812,35.13080636384645,25.91861171054131
2026-03-22 07:16:13,4423265.114610234,3112330.533683678,3370670.5179810305,"E07,E15,E21,E29,E34",0.9053767697144852,2.4650927424185847,motion_prediction_guess,32.10485525458577,35.13126902004352,25.96523589499038
2026-03-22 07:16:15,4423228.463660927,3112359.368601226,3370694.393511877,"E07,E15,E21,E29,E34",0.098050002228214,2.464552256478185,previous_point_guess,32.10510174500917,35.13174227232835,26.195350390549617
2026-03-22 07:16:17,4423190.679706799,3112388.449141489,3370717.130334251,"E07,E15,E21,E29,E34",1.1031238779133274,2.464011955510341,previous_point_guess,32.10534329921959,35.132224562132585,26.41149419850794
2026-03-22 07:16:19,4423152.856791956,3112418.3464836064,3370739.3858542633,"E07,E15,E21,E29,E34",0.1838124390785183,2.4634723971378234,previous_point_guess,32.105579075421204,35.13271416857676,26.550574965007925
2026-03-22 07:16:21,4423115.016000765,3112448.658608143,3370761.5080361636,"E07,E15,E21,E29,E34",0.2552645498914422,2.4629337953846293,motion_prediction_guess,32.10581275738653,35.1332074800609,26.646488060934903
2026-03-22 07:16:23,4423077.580789769,3112479.3757683504,3370783.7899226504,"E07,E15,E21,E29,E34",2.084682042073164,2.462395397056525,motion_prediction_guess,32.10604495054696,35.13370183047144,26.65249246761352
2026-03-22 07:16:25,4423039.756288021,3112510.1927305837,3370805.476593911,"E07,E15,E21,E29,E34",0.149651948422473,2.461857936575437,previous_point_guess,32.106273845949744,35.13419942127769,26.695925738576072
2026-03-22 07:16:27,4423002.969302069,3112541.194039364,3370827.4193456117,"E07,E15,E21,E29,E34",0.4940409368923111,2.461321575545373,motion_prediction_guess,32.10650012050763,35.13469228614327,26.43788869060832
2026-03-22 07:16:29,4422965.721260256,3112572.1161073204,3370848.804761064,"E07,E15,E21,E29,E34",0.7896353358167273,2.460784671050269,motion_prediction_guess,32.10672416171869,35.13518727771486,26.461891937692496
2026-03-22 07:16:31,4422928.833055,3112602.5939958226,3370869.9041755213,"E07,E15,E21,E29,E34",1.179831011234875,2.4602490192718354,previous_point_guess,32.10694583130381,35.13567622951578,26.14778511191447
2026-03-22 07:16:33,4422893.369269578,3112632.891944595,3370891.5721780914,"E07,E15,E21,E29,E34",1.0206400060392238,2.4597137600724532,motion_prediction_guess,32.107166755353816,35.13615493996174,25.71551456227388
2026-03-22 07:16:35,4422856.528447161,3112662.359095623,3370911.2992775035,"E07,E15,E21,E29,E34",0.4270444931111544,2.4591794650922627,previous_point_guess,32.107380541670366,35.13663485075941,25.567154892630107
2026-03-22 07:16:37,4422821.344873082,3112691.6747397673,3370931.109833309,"E07,E15,E21,E29,E34",1.831279945675897,2.4586452520803403,previous_point_guess,32.10758888626782,35.13710334674949,24.948692340184852
2026-03-22 07:16:39,4422788.464936853,3112721.212463789,3370950.754379375,"E07,E15,E21,E29,E34",1.8921959401908295,2.4581121183943666,previous_point_guess,32.10778631988267,35.137559722869135,24.184062608032868
2026-03-22 07:16:41,4422756.395264902,3112750.1867381544,3370969.688501062,"E07,E15,E21,E29,E34",0.4750738166543373,2.457579671700564,motion_prediction_guess,32.10797670416817,35.13800627878343,23.59276053214364
2026-03-22 07:16:43,4422726.602074006,3112779.657840453,3370987.9204777027,"E07,E15,E21,E29,E34",1.946218265176697,2.4570473601416594,motion_prediction_guess,32.10815143119069,35.13844325981471,22.85052005278016
2026-03-22 07:16:45,4422697.935240457,3112807.838046326,3371003.9695884194,"E07,E15,E21,E29,E34",0.23642873879794174,2.456517469701816,previous_point_guess,32.10830863062497,35.13886219057498,21.64188822365971
2026-03-22 07:16:47,4422670.633521688,3112834.977953164,3371018.0998971774,"E07,E15,E21,E29,E34",4.649306460008376,2.4559864269057954,previous_point_guess,32.108448692567634,35.13926378611991,20.503804625598253
2026-03-22 07:16:51,4422621.294492517,3112884.4150852035,3371041.7584838974,"E07,E15,E21,E29,E34",1.4608145637962393,2.4549265127501747,motion_prediction_guess,32.10868638952323,35.1399929259752,17.62415426265324
2026-03-22 07:16:53,4422600.527820698,3112906.578423376,3371051.6605647476,"E07,E15,E21,E29,E34",0.7983028845842802,2.4543969967865435,motion_prediction_guess,32.10878226939998,35.140311561993904,15.97278484287439
2026-03-22 07:16:59,4422553.619779282,3112959.608004259,3371071.3827275117,"E07,E15,E21,E29,E34",2.4752077675917117,2.452818032914292,previous_point_guess,32.108970456488066,35.14105700453642,10.485872873520407
2026-03-22 07:17:03,4422531.898152528,3112983.3063316834,3371077.7047408773,"E07,E15,E21,E29",1.862645149230957e-09,5.4165547746888825,motion_prediction_guess,32.109038498034764,35.141394763178006,7.389524463391237
2026-03-22 07:17:05,4422522.253059204,3112991.5408174084,3371078.956531517,"E07,E15,E21,E29,E34",0.12258152900293344,2.4512429835114165,previous_point_guess,32.109063143648676,35.14152491484173,6.371840350306984
2026-03-22 07:17:07,4422513.73444063,3113000.0031440184,3371080.209556249,"E07,E15,E21,E29,E34",5.431402210997177,2.4507220964780787,previous_point_guess,32.10908275508243,35.14165017126932,6.036304851320631
2026-03-22 07:17:11,4422498.497803333,3113016.8849138487,3371082.6564523247,"E07,E15,E21,E29,E34",2.735640456130153,2.4496788332073334,motion_prediction_guess,32.10911458712666,35.141889332845714,5.702111785635763
2026-03-22 07:17:13,4422490.485683556,3113025.705809604,3371083.3855391876,"E07,E15,E21,E29,E34",0.7427946522071419,2.4491573074634805,motion_prediction_guess,32.1091272222196,35.14201460720506,5.969376703364936
2026-03-22 07:17:15,4422480.607156582,3113036.280130836,3371083.810345766,"E07,E15,E21,E29,E34",0.22768586798654258,2.4486365825636836,motion_prediction_guess,32.10914001072596,35.142166453149066,7.238474033236308
2026-03-22 07:17:19,4422454.636569091,3113060.5187805016,3371084.210978443,"E07,E15,E21,E29,E34",1.7459944713672755,2.4475956443794713,previous_point_guess,32.1091779854446,35.14253480507586,10.019809979505009
2026-03-22 07:17:21,4422432.050856772,3113072.287330546,3371083.9754431415,"E07,E15,E21,E29,E34",5.863275401529618,2.447076983678913,motion_prediction_guess,32.109232237358995,35.14277448745778,12.734487111707272
2026-03-22 07:17:23,4422402.897294401,3113083.595397574,3371082.9021369074,"E07,E15,E21,E29,E34",3.6343280917218346,2.4465575897704874,motion_prediction_guess,32.10930710158018,35.14305023386789,15.644124816382421
2026-03-22 07:17:25,4422367.234641205,3113094.2903276444,3371080.9910597396,"E07,E15,E21,E29,E34",4.019411972894519,2.446039508212882,previous_point_guess,32.10940276907299,35.143360364734356,18.640403550999615
2026-03-22 07:17:27,4422325.68141796,3113103.360120927,3371078.1901810262,"E07,E15,E21,E29,E34",3.7923893988747053,2.4455199131849072,previous_point_guess,32.10951921055563,35.143692342477955,21.311830246315523
2026-03-22 07:17:45,4421800.233841814,3113157.89382052,3371022.040012278,"E13,E19,E27,E30",0.0,3.020487737995852,previous_point_guess,32.11099928043682,35.14736942064899,27.792100630434618
2026-03-22 07:17:47,4421750.993533861,3113175.849733633,3371016.2332819398,"E13,E19,E27,E30",2.634178031930877e-09,3.020046759464667,previous_point_guess,32.11109837373317,35.1478253163912,26.366365222901553
2026-03-22 07:17:49,4421707.4773001,3113199.033477549,3371011.2643225347,"E13,E19,E27,E30",2.634178031930877e-09,3.019603067589686,motion_prediction_guess,32.11116700337522,35.148291592984414,24.778211902100363
2026-03-22 07:17:51,4421670.809283541,3113226.2872028737,3371007.1331340643,"E13,E19,E27,E30",1.862645149230957e-09,3.0191609303994658,previous_point_guess,32.11120395791922,35.148751360904384,22.936737456856267
2026-03-22 07:17:53,4421640.989484183,3113261.0941942604,3371004.5438160035,"E13,E19,E27,E30",2.634178031930877e-09,3.0187182751926773,previous_point_guess,32.11120500246675,35.14923479456914,22.95349456600285
2026-03-22 07:17:55,4421618.017902028,3113303.4544517095,3371003.6771073057,"E13,E19,E27,E30",2.634178031930877e-09,3.0182760855649655,previous_point_guess,32.11117151717136,35.149741891367675,24.097905416303423
2026-03-22 07:17:57,4421603.709558886,3113353.3679752196,3371004.533007969,"E13,E19,E27,E30",2.634178031930877e-09,3.01783444243716,previous_point_guess,32.111096388248136,35.15026157701753,25.96546301635965
2026-03-22 07:17:59,4421593.891099448,3113409.9186139824,3371007.060435429,"E13,E19,E27,E30",2.634178031930877e-09,3.0173902684212175,previous_point_guess,32.110998111007184,35.15081136867156,28.726141316593175
2026-03-22 07:18:01,4421587.346510499,3113469.6771747773,3371010.5422189315,"E13,E19,E27,E30",4.16500117164066e-09,3.0169481323531997,motion_prediction_guess,32.11088543736415,35.15136897462638,30.108304706298778
2026-03-22 07:18:21,4421641.100014672,3114185.379698686,3371083.724992575,"E07,E15,E21,E29,E34",7.363598922847105,2.4317393087541848,previous_point_guess,32.10925855667856,35.15724062719759,32.3550157685205
2026-03-22 07:18:23,4421633.952870671,3114246.045263276,3371089.7831457076,"E07,E15,E21,E29,E34",4.416381491762485,2.4312370593008223,previous_point_guess,32.10916540543836,35.157809680363926,30.692399766825478
2026-03-22 07:18:25,4421622.773217778,3114303.070824264,3371094.9564604117,"E07,E15,E21,E29,E34",7.113691902481097,2.430735422956442,motion_prediction_guess,32.10909134138013,35.15837180038025,29.17045778627857
2026-03-22 07:18:27,4421607.561055992,3114352.7042017933,3371099.0389613193,"E07,E15,E21,E29,E34",4.738381607511477,2.4302344697067317,previous_point_guess,32.10904514671486,35.15889449051978,26.03626722870993
2026-03-22 07:18:29,4421582.718642633,3114394.78431326,3371102.2366237994,"E07,E15,E21,E29,E34",2.8541964274115514,2.429733445927981,previous_point_guess,32.10905077326867,35.15941050773147,24.485231915716714
2026-03-22 07:18:31,4421550.060999515,3114429.311158666,3371104.549447851,"E07,E15,E21,E29,E34",10.52509067449012,2.4292344423620102,motion_prediction_guess,32.10910110915238,35.15990878264949,23.79061717804374
2026-03-22 07:18:37,4421406.582815543,3114495.8506488358,3371103.33572636,"E07,E15,E21,E29,E34",2.189323102406529,2.4277368818675575,motion_prediction_guess,32.10947038349006,35.16136042631488,28.664616025636782
2026-03-22 07:18:53,4420983.83422126,3114568.8949782373,3371076.528530669,"E13,E19,E27,E30",1.862645149230957e-09,3.005427100900309,motion_prediction_guess,32.1107205158779,35.164572437437435,16.99122695035098
2026-03-22 07:18:55,4420969.312731951,3114594.4158635633,3371074.213959561,"E13,E19,E27,E30",1.862645149230957e-09,3.004983216924712,motion_prediction_guess,32.11068928717652,35.16488208752139,14.727070983308826
2026-03-22 07:19:11,4421161.1530447295,3114932.072840125,3371060.335791436,"E07,E15,E21,E29,E34",2.2690700862661206,2.419373716716334,motion_prediction_guess,32.108899500433864,35.16663590802808,24.491054173963246
2026-03-22 07:19:13,4421189.348647651,3114963.36109657,3371052.648892945,"E07,E15,E21,E29,E34",3.6709955945121644,2.418887775906239,previous_point_guess,32.10864395034496,35.16673483594261,21.40698147741326
2026-03-22 07:19:15,4421214.959631247,3114988.9532176955,3371043.5451856945,"E07,E15,E21,E29,E34",4.196210441922704,2.4184038192314947,motion_prediction_guess,32.10840343137686,35.166800202529146,18.666525052755677
2026-03-22 07:19:17,4421237.149142175,3115009.076396075,3371030.673322597,"E07,E15,E21,E29,E34",3.3681463784630914,2.417919000212727,previous_point_guess,32.10816263542406,35.166839082376804,16.301852370969275
2026-03-22 07:19:19,4421255.662404888,3115023.6604530914,3371015.821775673,"E07,E15,E21,E29,E34",1.7698800335558633,2.4174348971536146,motion_prediction_guess,32.107936413472004,35.16685242283113,13.928424725951158
2026-03-22 07:19:21,4421269.99826499,3115032.7124123406,3370998.0794460755,"E07,E15,E21,E29,E34",2.65611538347368,2.4169522578586613,motion_prediction_guess,32.10771975008811,35.166843342940155,12.270341383233196
2026-03-22 07:19:23,4421281.743266023,3115036.068236271,3370978.1292215125,"E07,E15,E21,E29,E34",2.8904301246082786,2.416470103610326,previous_point_guess,32.10751209726779,35.16680074186049,11.696346263151671
2026-03-22 07:19:25,4421294.75596012,3115038.703049535,3370955.98298969,"E07,E15,E21,E29",2.634178031930877e-09,5.432658719901293,previous_point_guess,32.10728469539588,35.16674416197937,12.91053864624712
2026-03-22 07:19:27,4421308.3896451155,3115041.464138147,3370932.0665004184,"E07,E15,E21,E29,E34",6.46938276641102,2.415508533554924,previous_point_guess,32.10704099105338,35.16668488692009,13.833830235635277
2026-03-22 07:19:29,4421323.854940331,3115043.745681863,3370906.403780148,"E07,E15,E21,E29,E34",3.489658839493672,2.4150271253684856,previous_point_guess,32.10677809699526,35.166610283624,15.024613218801434
2026-03-22 07:19:31,4421340.789220638,3115045.194421072,3370879.989068109,"E07,E15,E21,E29,E34",4.048761065424207,2.414548234428641,previous_point_guess,32.106506002781074,35.16651950553368,15.705140137128351
2026-03-22 07:19:33,4421358.978769287,3115046.8660656516,3370853.3286371366,"E07,E15,E21,E29,E34",3.4284831429796543,2.4140687920073542,motion_prediction_guess,32.10622649856064,35.16642299937183,16.158849740328225
2026-03-22 07:19:35,4421377.189872223,3115048.5581807788,3370826.698467842,"E07,E15,E21,E29,E34",3.3110215174710276,2.4135897495279464,motion_prediction_guess,32.10594708437869,35.16632653954047,16.152967532565913
2026-03-22 07:19:37,4421394.90520336,3115050.3482083995,3370798.9368418995,"E07,E15,E21,E29,E34",4.498820141178935,2.4131126448810667,previous_point_guess,32.10566070006798,35.16623395309789,16.490489919523345
2026-03-22 07:19:39,4421412.055796758,3115052.013295487,3370772.187763771,"E07,E15,E21,E29,E34",1.5516338318179386,2.412634791860328,motion_prediction_guess,32.1053846066029,35.166143730854444,15.909341199758167
2026-03-22 07:19:41,4421430.225393411,3115053.7759750336,3370745.398610325,"E07,E15,E21,E29,E34",3.9995212246073244,2.4121576861865055,previous_point_guess,32.105103945429704,35.16604813700387,16.208794094955934
2026-03-22 07:19:43,4421448.184715893,3115055.5381231788,3370718.7496682773,"E07,E15,E21,E29,E34",3.552911201286392,2.4116808609773974,previous_point_guess,32.10482518026706,35.16595382205501,16.091989795963553
2026-03-22 07:19:45,4421465.903442299,3115057.348115535,3370692.579522149,"E07,E15,E21,E29,E34",5.4678500733453,2.411205294469024,previous_point_guess,32.1045508824971,35.16586138992357,15.828028036881285
2026-03-22 07:19:47,4421482.679494268,3115059.1951856078,3370666.7535950462,"E07,E15,E21,E29,E34",2.9275641396136827,2.410729736870982,motion_prediction_guess,32.10428280435641,35.16577503088384,15.42583950920982
2026-03-22 07:19:49,4421498.658065833,3115060.4578960687,3370642.981715639,"E07,E15,E21,E29,E34",5.165515995143572,2.4102556959393895,previous_point_guess,32.10403515196226,35.165688477344894,14.335370918716363
2026-03-22 07:19:51,4421512.465698629,3115061.4552293895,3370620.6844016756,"E07,E15,E21,E29,E34",4.922536872087834,2.4097807853126456,motion_prediction_guess,32.10380799932957,35.165612871348365,13.122648428930642
2026-03-22 07:19:53,4421524.443780429,3115062.3481950504,3370599.6520056752,"E07,E15,E21,E29,E34",5.308008079028284,2.409308240588762,motion_prediction_guess,32.10359796334545,35.165547524222575,12.110259212702408
2026-03-22 07:19:55,4421529.911447876,3115059.3743815604,3370578.4372710655,"E07,E15,E21,E29,E34",3.579256575715356,2.4088347773896355,motion_prediction_guess,32.103422710628266,35.16548841202756,11.054455194049071
2026-03-22 07:19:57,4421527.895844829,3115052.040606341,3370557.1774680982,"E07,E15,E21,E29,E34",3.9881499593927416,2.4083625462300158,previous_point_guess,32.103288461548004,35.16543719907371,11.289664928836817
2026-03-22 07:19:59,4421517.971984507,3115040.30074009,3370535.998501624,"E07,E15,E21,E29,E34",4.64992613003097,2.4078898660951613,previous_point_guess,32.10319796983388,35.165396078567305,13.08487757112286
2026-03-22 07:20:01,4421501.045686192,3115024.1504432634,3370515.1077142702,"E07,E15,E21,E29,E34",3.450583043852244,2.4074188048978313,previous_point_guess,32.103149282858965,35.165359486249656,15.68244766046431
2026-03-22 07:20:03,4421475.787984437,3115003.437361486,3370493.9403077723,"E07,E15,E21,E29,E34",3.622982340535823,2.4069474505197603,motion_prediction_guess,32.10314371368198,35.16533421088666,19.461772481571778
2026-03-22 07:20:17,4421208.369153752,3114844.2718310026,3370340.041749541,"E13,E19,E27,E30",1.862645149230957e-09,2.9869388553057,motion_prediction_guess,32.10345510613282,35.16558740837207,22.657468548810584
2026-03-22 07:20:19,4421177.537837943,3114837.929885536,3370318.331014319,"E13,E19,E27,E30",2.634178031930877e-09,2.9864987562961,previous_point_guess,32.10342755771896,35.16572060408847,19.119011027672048
2026-03-22 07:20:23,4421130.618191867,3114846.9183154404,3370278.117755933,"E13,E19,E27,E30",0.0,2.985617816056995,motion_prediction_guess,32.10327938731154,35.166084738585184,14.988946773408333
2026-03-22 07:20:25,4421114.224890954,3114862.561164655,3370259.609738395,"E13,E19,E27,E30",1.862645149230957e-09,2.9851773837315574,motion_prediction_guess,32.103159055163374,35.166320243392526,14.628617155835505
2026-03-22 07:20:29,4421094.699413413,3114912.6028983654,3370226.212541573,"E13,E19,E27,E30",0.0,2.9842930678795496,previous_point_guess,32.102842308228446,35.1668727745847,16.0822054357924
2026-03-22 07:20:31,4421086.256818079,3114942.6501210015,3370211.229152024,"E13,E19,E27,E30",2.634178031930877e-09,2.9838517045090245,motion_prediction_guess,32.102677990153936,35.16718451457454,17.310509571556246
2026-03-22 07:20:33,4421075.586826567,3114976.359959473,3370198.226952399,"E13,E19,E27,E30",0.0,2.9834111965712617,previous_point_guess,32.10252742180004,35.16754156461107,18.836537254687425
2026-03-22 07:20:39,4421030.50282542,3115084.232155301,3370170.571672079,"E13,E19,E27,E30",2.634178031930877e-09,2.9820865676916664,previous_point_guess,32.10219502876206,35.168750878174066,20.39139354284837
2026-03-22 07:20:41,4421011.695600811,3115120.324619526,3370164.0336636677,"E13,E19,E27,E30",1.862645149230957e-09,2.981644902761255,motion_prediction_guess,32.10211913631909,35.169178211196794,20.61021121498565
2026-03-22 07:20:45,4420965.672589753,3115190.695617419,3370159.0961075667,"E13,E19,E27,E30",1.862645149230957e-09,2.980760913058511,previous_point_guess,32.10206746318461,35.1700684770498,21.317355038640233
2026-03-22 07:20:47,4420940.833063159,3115225.160085732,3370161.2427390683,"E13,E19,E27,E30",2.634178031930877e-09,2.980320553871491,previous_point_guess,32.10208603242688,35.170518520636115,21.26857825698552
2026-03-22 07:20:51,4420886.954107136,3115290.3560767476,3370173.490381085,"E13,E19,E27,E30",3.226196034939731e-09,2.9794366962018026,previous_point_guess,32.102210686106645,35.171411910608896,21.45862220120838
2026-03-22 07:20:55,4420829.167836513,3115350.3790504965,3370194.376185069,"E13,E19,E27,E30",1.862645149230957e-09,2.9785543612228773,motion_prediction_guess,32.10243090606199,35.17228434975764,21.351568435096883
2026-03-22 07:20:57,4420800.581620886,3115377.3032039525,3370206.2767255874,"E13,E19,E27,E30",0.0,2.978111512466141,previous_point_guess,32.10255946903936,35.172691961906835,20.516485005060254
2026-03-22 07:21:05,4420704.859077405,3115467.822541194,3370259.0026209396,"E13,E19,E27,E30",0.0,2.976346005239722,previous_point_guess,32.1030873193232,35.174060020085825,16.058676999105046
2026-03-22 07:21:07,4420685.95112653,3115486.3775026607,3370271.479552353,"E13,E19,E27,E30",0.0,2.9759058875772566,motion_prediction_guess,32.103205471742584,35.17433609596194,14.641303039894952
2026-03-22 07:21:09,4420667.742019741,3115503.2017537425,3370283.070156108,"E13,E19,E27,E30",0.0,2.9754645463319136,previous_point_guess,32.10331889347959,35.17459291977752,13.683649823130756
2026-03-22 07:21:11,4420651.071514715,3115518.9694102854,3370294.167015305,"E13,E19,E27,E30",1.862645149230957e-09,2.975023175864955,previous_point_guess,32.103425432854614,35.17483120409601,12.744263559400668
2026-03-22 07:21:13,4420634.9635518575,3115533.2727365564,3370304.524107991,"E13,E19,E27,E30",0.0,2.974585161556582,motion_prediction_guess,32.10352815988848,35.175053374905644,11.9511608092455
2026-03-22 07:21:21,4420584.550077733,3115579.6938858335,3370331.3759255614,"E13,E19,E27,E30",1.862645149230957e-09,2.9728237019716572,previous_point_guess,32.10380259863598,35.17576304846883,7.850531487899113
2026-03-22 07:21:23,4420573.141078337,3115588.876153127,3370334.930433911,"E13,E19,E27,E30",2.634178031930877e-09,2.972384524335677,previous_point_guess,32.103849092099445,35.17591219544667,7.53514813158884
2026-03-22 07:21:25,4420560.999864944,3115598.5740390345,3370338.2676053536,"E13,E19,E27,E30",1.862645149230957e-09,2.971943681699225,previous_point_guess,32.10389536996535,35.17607027661847,7.94661511223966
2026-03-22 07:21:27,4420549.2721982,3115610.430428693,3370340.754497459,"E13,E19,E27,E30",1.862645149230957e-09,2.9715024445843152,previous_point_guess,32.10392757312059,35.176244525852105,8.430551217721023
2026-03-22 07:21:29,4420534.618542072,3115625.826545271,3370346.2265651817,"E13,E19,E27,E30",2.634178031930877e-09,2.971063957310027,previous_point_guess,32.10398426804123,35.17646728618563,10.973987068952997
2026-03-22 07:21:33,4420500.207119311,3115664.707125226,3370362.5299952547,"E13,E21,E29,E34",0.0,4.649554481556535,previous_point_guess,32.104136257335014,35.177014001642966,13.625936909235568
2026-03-22 07:21:41,4420434.110421393,3115754.163940717,3370391.2333403286,"E13,E19,E27,E30",2.634178031930877e-09,2.9684230196115107,previous_point_guess,32.10436743873316,35.17819207444688,14.982397191615679
2026-03-22 07:21:43,4420416.612960109,3115777.4123309315,3370399.625713155,"E13,E19,E27,E30",1.862645149230957e-09,2.9679818960234963,motion_prediction_guess,32.1044358962178,35.17850018994846,15.141670322571374
2026-03-22 07:21:47,4420384.591434225,3115825.5258231987,3370416.019856656,"E13,E19,E27,E30",2.634178031930877e-09,2.9671039184828945,motion_prediction_guess,32.104553713543126,35.17911227200707,14.725107152907665
2026-03-22 07:21:49,4420369.734322902,3115847.1114484533,3370424.058083884,"E13,E19,E27,E30",0.0,2.9666635953117826,motion_prediction_guess,32.10461371171577,35.17938987308975,13.70479908171844
2026-03-22 07:21:51,4420358.078010025,3115864.144090624,3370427.9260959597,"E13,E19,E27,E30",3.226196034939731e-09,2.9662271808868748,motion_prediction_guess,32.10464188795053,35.179608511502636,10.499310056005074
2026-03-22 07:21:53,4420347.522705705,3115877.533595946,3370426.8524757135,"E13,E19,E27,E30",0.0,2.9657879474642304,motion_prediction_guess,32.10463806305926,35.17978888265831,8.541749857354542
2026-03-22 07:21:57,4420328.062772662,3115900.407551515,3370423.4010837283,"E13,E19,E27,E30",0.0,2.9649097392876946,motion_prediction_guess,32.10462476732603,35.18010573484226,7.373498944314138
2026-03-22 07:21:59,4420320.164262435,3115911.7526210872,3370421.5745585174,"E13,E19,E27,E30",3.226196034939731e-09,2.9644721311195186,previous_point_guess,32.10461042859679,35.180252186116554,6.971966396803719
2026-03-22 07:22:01,4420312.483811039,3115922.8355792915,3370419.8427201984,"E13,E19,E27,E30",3.226196034939731e-09,2.964033907431678,previous_point_guess,32.10459668255651,35.180395036693085,6.797436284708753
2026-03-22 07:22:03,4420306.893601659,3115935.9973402815,3370418.5743373497,"E13,E19,E27,E30",1.862645149230957e-09,2.963602456879008,previous_point_guess,32.10457254859633,35.18054312920049,7.177938219290521
2026-03-22 07:22:09,4420284.1718409555,3115978.5970481406,3370416.613799678,"E13,E19,E27,E30",0.0,2.9622822289027284,previous_point_guess,32.10452894762219,35.181050699795044,8.638741887666924
2026-03-22 07:22:11,4420274.891783946,3115995.0661355034,3370416.7425367953,"E13,E19,E27,E30",0.0,2.9618433245318565,motion_prediction_guess,32.10452080608979,35.18124995318099,9.452074770962062
2026-03-22 07:22:13,4420264.57793067,3116013.5280975285,3370418.035870883,"E13,E19,E27,E30",0.0,2.9614039396922176,motion_prediction_guess,32.104520106725175,35.18147277323828,10.59353959117026
2026-03-22 07:22:19,4420230.2524792105,3116074.0161700253,3370430.9975396027,"E13,E19,E27,E30",1.862645149230957e-09,2.960088669638441,previous_point_guess,32.10458654372494,35.18220606794994,12.515179708399915
2026-03-22 07:22:21,4420215.264186983,3116094.8819909613,3370437.534408461,"E13,E19,E27,E30",2.634178031930877e-09,2.9596500209346934,previous_point_guess,32.10463756808418,35.18247823601018,13.254829701808339
2026-03-22 07:22:23,4420198.455929951,3116116.609715723,3370444.849732082,"E13,E19,E27,E30",1.862645149230957e-09,2.9592111522800244,motion_prediction_guess,32.10469928693776,35.18276897683039,14.213774019070144
2026-03-22 07:22:29,4420138.319264781,3116183.6500399117,3370470.10112807,"E13,E19,E27,E30",1.862645149230957e-09,2.9578963750388967,previous_point_guess,32.10494260114814,35.18371656644229,16.168956874522838
2026-03-22 07:22:31,4420116.62591879,3116207.5220740032,3370479.8648661976,"E13,E19,E27,E30",3.226196034939731e-09,2.9574575516229133,previous_point_guess,32.10503623277398,35.18405569631435,16.85085943038541
2026-03-22 07:22:35,4420072.039242294,3116256.9517632755,3370498.186395456,"E13,E19,E27,E30",3.226196034939731e-09,2.9565800186540243,previous_point_guess,32.105214326812636,35.18475587834302,17.380492015002314
2026-03-22 07:22:39,4420026.387568168,3116309.3480169224,3370513.198374507,"E13,E19,E27,E30",2.634178031930877e-09,2.955705037326947,previous_point_guess,32.10536311568067,35.18548825045962,17.87400988596731
2026-03-22 07:22:41,4420003.943245226,3116337.2961083595,3370519.559357613,"E13,E19,E27,E30",1.862645149230957e-09,2.955265470325187,motion_prediction_guess,32.10542243511632,35.18586726047633,18.202373151656154
2026-03-22 07:22:43,4419982.3582416875,3116364.96636879,3370524.773218946,"E13,E19,E27,E30",3.226196034939731e-09,2.9548279751889024,previous_point_guess,32.105470392440445,35.18623861916234,17.739363291992944
2026-03-22 07:22:47,4419939.101500098,3116417.0440971684,3370532.5205609514,"E13,E19,E27,E30",2.634178031930877e-09,2.9539515810972476,previous_point_guess,32.10555518039992,35.18695361578014,16.588081946583817
2026-03-22 07:22:49,4419920.320674502,3116441.958504419,3370535.5242464063,"E13,E19,E27,E30",1.862645149230957e-09,2.953516043930261,previous_point_guess,32.10558287937389,35.187283994195745,15.672182561769326
2026-03-22 07:22:51,4419903.721283534,3116466.3131903727,3370537.880018587,"E13,E19,E27,E30",3.226196034939731e-09,2.95307711345047,previous_point_guess,32.1055986297556,35.18759620860618,14.783776335976802
2026-03-22 07:22:53,4419887.903750639,3116489.9370454475,3370539.2952687773,"E13,E19,E27,E30",2.634178031930877e-09,2.9526394211671994,motion_prediction_guess,32.105606151147505,35.18789732178893,14.232742256483679
2026-03-22 07:22:55,4419873.302992199,3116513.4552571448,3370540.4641273525,"E13,E19,E27,E30",0.0,2.952203677307301,motion_prediction_guess,32.105607315573955,35.18819009160025,13.853290753921657
2026-03-22 07:23:01,4419835.612605553,3116585.1529089627,3370542.4999764813,"E13,E19,E27,E30",3.226196034939731e-09,2.950894029573494,motion_prediction_guess,32.105572474548765,35.18904098179981,13.851440872814718
2026-03-22 07:23:07,4419795.245486665,3116659.438820837,3370537.0125574158,"E13,E19,E27,E30",0.0,2.94958101902255,motion_prediction_guess,32.10548349698814,35.18993062078789,14.575767485526246
2026-03-22 07:23:09,4419781.513170167,3116687.3290235894,3370533.9096858455,"E13,E19,E27,E30",1.862645149230957e-09,2.949144483863519,previous_point_guess,32.10543655039888,35.190255939877446,15.621041402065472
2026-03-22 07:23:11,4419766.801682373,3116716.9684718926,3370529.634331505,"E13,E19,E27,E30",2.634178031930877e-09,2.9487073332409666,motion_prediction_guess,32.105379650757804,35.190602381815225,16.68235162965517
2026-03-22 07:23:13,4419751.111023284,3116748.3571657464,3370524.329493432,"E13,E19,E27,E30",2.634178031930877e-09,2.948273675513345,previous_point_guess,32.10531389018784,35.190969946501966,17.74533876453471
2026-03-22 07:23:15,4419734.675613277,3116780.4385406417,3370517.922101717,"E13,E19,E27,E30",1.862645149230957e-09,2.9478366588942726,previous_point_guess,32.105240710460436,35.19134805483623,18.30568208135841
2026-03-22 07:23:17,4419717.495452354,3116813.212596579,3370510.4852262693,"E13,E19,E27,E30",1.862645149230957e-09,2.9473998678777593,previous_point_guess,32.10516066960347,35.19173670683237,18.87196192995668
2026-03-22 07:23:33,4419593.505595497,3117082.132288866,3370423.079132324,"E13,E19,E27,E30",0.0,2.943913468379381,previous_point_guess,32.1042358354834,35.19482200395621,18.157483035166706
2026-03-22 07:23:39,4419564.564080637,3117172.3136177016,3370389.440094267,"E13,E19,E27,E30",0.0,2.94260889973777,previous_point_guess,32.10384312632975,35.1957794642567,16.322431765615704
2026-03-22 07:23:49,4419524.0026066685,3117275.970208289,3370358.476923183,"E13,E19,E27,E30",1.862645149230957e-09,2.94043609223175,previous_point_guess,32.10347913471867,35.19692452761818,13.74367380725123
2026-03-22 07:23:51,4419513.26531291,3117300.2356658075,3370354.5808650437,"E13,E19,E27,E30",3.226196034939731e-09,2.9400010030096095,motion_prediction_guess,32.10342439569167,35.197200163724105,13.40970893473776
2026-03-22 07:23:53,4419498.461246557,3117324.8825736064,3370354.529280013,"E13,E19,E27,E30",3.226196034939731e-09,2.939566941317195,previous_point_guess,32.103413895151505,35.19750393479519,14.375613949178856
2026-03-22 07:23:55,4419481.953030215,3117349.6591386017,3370356.2869115933,"E13,E19,E27,E30",2.634178031930877e-09,2.939134692740946,motion_prediction_guess,32.10342352940354,35.19781923434341,14.912148139445366
2026-03-22 07:23:57,4419462.872609696,3117374.625068931,3370359.3434737623,"E13,E19,E27,E30",1.862645149230957e-09,2.9387013969236495,motion_prediction_guess,32.10345263493866,35.198151880242015,15.785299305436094
2026-03-22 07:23:59,4419440.899674154,3117402.475125696,3370366.018557909,"E13,E19,E27,E30",1.862645149230957e-09,2.9382673123781933,motion_prediction_guess,32.10351274059543,35.19852715750778,18.048492364597177
2026-03-22 07:24:01,4419416.477986575,3117429.920526463,3370374.381127718,"E13,E19,E27,E30",1.862645149230957e-09,2.9378309267588265,motion_prediction_guess,32.10359644258415,35.19891388546636,18.83879920050761
2026-03-22 07:24:05,4419391.666987046,3117456.1707206513,3370383.9152566125,"E13,E19,E27,E30",1.862645149230957e-09,2.936963487255645,motion_prediction_guess,32.1036939187248,35.199292644547505,9.339289683133348
2026-03-22 07:24:07,4419365.214074873,3117481.3223653166,3370394.663047035,"E13,E19,E27,E30",3.226196034939731e-09,2.936529131727922,previous_point_guess,32.10381012899403,35.199671920980784,19.02548810632506
2026-03-22 07:24:09,4419338.035142969,3117507.600002931,3370406.160604596,"E13,E19,E27,E30",1.862645149230957e-09,2.936095697882447,previous_point_guess,32.10393179790549,35.20006537968296,19.75729237461478
2026-03-22 07:24:13,4419311.348151349,3117533.6293711197,3370418.25914208,"E13,E19,E27,E30",1.862645149230957e-09,2.935226237103741,motion_prediction_guess,32.10405681559818,35.200453685964284,9.79827197541467
2026-03-22 07:24:15,4419284.243847237,3117560.4425480957,3370430.6828936716,"E13,E19,E27,E30",1.862645149230957e-09,2.934793137625796,previous_point_guess,32.10418378514036,35.200851327032034,20.04955962473981
2026-03-22 07:24:17,4419254.543631908,3117586.9153612955,3370443.1744068232,"E13,E19,E27,E30",3.226196034939731e-09,2.934359793537043,motion_prediction_guess,32.10432237707667,35.2012618758373,20.85036288737253
2026-03-22 07:24:19,4419228.962535125,3117613.3011304173,3370454.3917321246,"E13,E19,E27,E30",2.634178031930877e-09,2.9339281282146623,previous_point_guess,32.1044353444801,35.20164651675541,19.212168745709597
2026-03-22 07:24:23,4419178.630572456,3117664.129328889,3370474.2282526796,"E13,E19,E27,E30",2.634178031930877e-09,2.9330621108503974,motion_prediction_guess,32.1046435474272,35.20239390768734,18.151279269761897
2026-03-22 07:24:27,4419136.169900324,3117705.951080212,3370487.637545626,"E13,E19,E27,E30",0.0,2.9321967055239178,motion_prediction_guess,32.104796709933034,35.20301526367148,14.809845397087523
2026-03-22 07:24:29,4419116.552863064,3117726.3644164097,3370492.139494114,"E13,E19,E27,E30",2.634178031930877e-09,2.9317621418699336,motion_prediction_guess,32.10485152158753,35.2033117825754,14.333527006406836
2026-03-22 07:24:31,4419099.340135137,3117747.812396893,3370496.536207466,"E13,E19,E27,E30",3.226196034939731e-09,2.9313295448625385,previous_point_guess,32.10489325484672,35.20360257441252,13.925022062906029
2026-03-22 07:24:33,4419082.009220853,3117768.122479644,3370500.1831536787,"E13,E19,E27,E30",1.862645149230957e-09,2.9308995192823595,previous_point_guess,32.10493286697509,35.20388423792779,13.473687265331277
2026-03-22 07:24:35,4419065.212243459,3117788.769352014,3370503.1126370747,"E13,E19,E27,E30",1.862645149230957e-09,2.9304662806122397,previous_point_guess,32.1049639767264,35.20416555613202,13.388555385247784
2026-03-22 07:24:37,4419051.11845552,3117810.583141479,3370505.6957657337,"E13,E19,E27,E30",2.634178031930877e-09,2.93003672206504,previous_point_guess,32.10497863048279,35.20444046619891,13.049413999967031
2026-03-22 07:24:39,4419038.500295953,3117832.6502488498,3370507.9325396554,"E13,E19,E27,E30",1.862645149230957e-09,2.929603789994684,motion_prediction_guess,32.10498415957607,35.2047085565174,12.759098088619579
2026-03-22 07:24:41,4419025.787534281,3117854.2999137584,3370509.144045217,"E13,E19,E27,E30",1.862645149230957e-09,2.929172472257283,previous_point_guess,32.104983380404384,35.204973610808494,12.567717033306215
2026-03-22 07:24:43,4419013.805687486,3117877.1817379775,3370510.3555507776,"E13,E19,E27,E30",1.862645149230957e-09,2.9287433578737265,motion_prediction_guess,32.10497633407536,35.20524486684887,12.928749726147187
2026-03-22 07:24:45,4419002.916919236,3117902.298418917,3370511.091160357,"E13,E19,E27,E30",3.226196034939731e-09,2.928312687906566,motion_prediction_guess,32.10495519682435,35.205528792205655,13.692644529855349
2026-03-22 07:24:47,4418989.8428723905,3117927.987414973,3370510.1775729354,"E13,E19,E27,E30",2.634178031930877e-09,2.9278771095757303,previous_point_guess,32.10492843766851,35.205831018188604,14.419516819598138
2026-03-22 07:24:49,4418976.011077203,3117955.1980600324,3370508.77285403,"E13,E19,E27,E30",1.862645149230957e-09,2.9274443758650572,motion_prediction_guess,32.10489668927979,35.20615104373408,15.278342497430856
2026-03-22 07:24:51,4418962.792744862,3117982.926346598,3370507.15710572,"E13,E19,E27,E30",2.634178031930877e-09,2.9270126552769726,previous_point_guess,32.10485949568057,35.206471802703,15.380123766967946
2026-03-22 07:24:53,4418947.939656967,3118010.884472728,3370503.9151847144,"E13,E19,E27,E30",3.226196034939731e-09,2.9265807997665787,previous_point_guess,32.10481564621086,35.20680453542991,15.91211086319603
2026-03-22 07:24:55,4418935.434772371,3118038.5836584195,3370500.435487317,"E13,E19,E27,E30",1.862645149230957e-09,2.926149323518451,motion_prediction_guess,32.104761499947706,35.20712068366899,15.294813832832348
2026-03-22 07:25:01,4418901.595765262,3118113.35380034,3370488.5457397606,"E13,E19,E27,E30",2.634178031930877e-09,2.9248611743585378,previous_point_guess,32.10459659231575,35.207974590794066,13.31419986281008
2026-03-22 07:25:03,4418889.802735116,3118135.8014292256,3370483.674279338,"E13,E19,E27,E30",1.862645149230957e-09,2.924427585875322,previous_point_guess,32.10454353546055,35.208240930833384,12.910293657030753
2026-03-22 07:25:05,4418877.623063407,3118156.4914655653,3370477.415458697,"E13,E19,E27,E30",0.0,2.9240002982897604,motion_prediction_guess,32.10448625109175,35.20849441843753,12.405585706776606
2026-03-22 07:25:09,4418856.767944277,3118196.538137576,3370462.7095047487,"E13,E19,E27,E30",0.0,2.9231401966428034,previous_point_guess,32.104344928181284,35.20896844695406,11.695800300476286
2026-03-22 07:25:11,4418849.261452567,3118216.579327282,3370454.9181231856,"E13,E19,E27,E30",0.0,2.922711947062996,motion_prediction_guess,32.104259429981674,35.209187772996955,11.387518707887708
2026-03-22 07:25:13,4418842.232976653,3118236.3291219696,3370446.410974667,"E13,E19,E27,E30",2.634178031930877e-09,2.9222822585383286,motion_prediction_guess,32.10416739742784,35.20940165650726,11.311779698589008
2026-03-22 07:25:15,4418837.583890584,3118255.2102886094,3370437.3316411125,"E13,E19,E27,E30",2.634178031930877e-09,2.9218542812903334,previous_point_guess,32.10406407720917,35.209593487038376,10.730176521642576
2026-03-22 07:25:17,4418833.225058989,3118274.4000988845,3370427.798217852,"E13,E19,E27,E30",1.862645149230957e-09,2.921426946099061,motion_prediction_guess,32.10395529879653,35.20978621569182,10.933142164238602
2026-03-22 07:25:19,4418828.905299811,3118293.0181844425,3370417.9557185275,"E13,E19,E27,E30",2.634178031930877e-09,2.9209955169826833,previous_point_guess,32.10384558601313,35.2099737564154,10.74904905279353
2026-03-22 07:25:23,4418822.9733314235,3118331.317198061,3370398.6505663153,"E13,E19,E27,E30",2.634178031930877e-09,2.920138486503815,previous_point_guess,32.10361552285437,35.21034149755046,10.342914014117952
2026-03-22 07:25:29,4418817.862246286,3118377.3467459707,3370377.385658783,"E13,E19,E27,E30",1.862645149230957e-09,2.9188554710517507,previous_point_guess,32.10334591421593,35.21077113494536,7.588843781413782
2026-03-22 07:25:31,4418816.818924531,3118389.26222187,3370372.8351808577,"E13,E19,E27,E30",3.725290298461914e-09,2.9184233133072803,motion_prediction_guess,32.1032823155705,35.21088064390761,6.398709548417114
2026-03-22 07:25:35,4418824.565249512,3118423.2225793246,3370374.836649084,"E13,E19,E27,E30",1.862645149230957e-09,2.9175720281784203,previous_point_guess,32.10317343526586,35.211127273687985,9.955817951975424
2026-03-22 07:25:41,4418871.827306526,3118504.668363163,3370402.8397654216,"E13,E19,E27,E30",1.862645149230957e-09,2.916290401208096,previous_point_guess,32.10297724104033,35.21154353291698,19.72701891010962
2026-03-22 07:25:55,4419050.157815118,3118769.386811012,3370527.574145924,"E15,E21,E29,E34",0.0,3.019041155895315,motion_prediction_guess,32.1025003607414,35.21274540653218,22.72538398258506
2026-03-22 07:25:57,4419065.399951233,3118800.197325712,3370545.538373542,"E15,E21,E29,E34",2.634178031930877e-09,3.0177914303511257,motion_prediction_guess,32.10249276940445,35.21291896218524,19.392807966687045
2026-03-22 07:26:09,4419071.573640198,3118995.9747643126,3370605.063096902,"E15,E21,E29,E34",1.862645149230957e-09,3.010324559134781,motion_prediction_guess,32.10238230364898,35.21457561183873,18.787661171036515
2026-03-22 07:26:21,4419046.716371343,3119135.0528555005,3370634.087207495,"E07,E15,E27,E30",1.862645149230957e-09,6.39162972695482,previous_point_guess,32.102317007281485,35.21593106027072,8.757713947459234
2026-03-22 07:26:23,4419038.711131887,3119141.769241996,3370643.940161116,"E07,E15,E27,E30",2.634178031930877e-09,6.397594878176676,previous_point_guess,32.102405042616226,35.2160380837772,7.181128068888538
2026-03-22 07:26:49,4418786.862790622,3118590.9180290583,3370791.4333463516,"E13,E19,E27,E34",0.0,2.6635206761593273,previous_point_guess,32.10603975205369,35.21280905014198,31.13639528660097
2026-03-22 07:26:59,4418629.377417698,3118442.826253714,3370753.098968329,"E13,E19,E27,E30",1.862645149230957e-09,2.8997617687961723,previous_point_guess,32.10677284410742,35.21248926561305,16.403227110394166
2026-03-22 07:27:01,4418605.059919701,3118433.6173629756,3370740.063431828,"E13,E19,E27,E30",3.226196034939731e-09,2.8993421292483847,motion_prediction_guess,32.10679394555067,35.212558105662914,14.543637692466575
2026-03-22 07:27:05,4418579.966585376,3118416.850577158,3370705.749226464,"E13,E19,E27,E30",1.862645149230957e-09,2.8984976727271694,previous_point_guess,32.106676439772436,35.21256626673907,11.157163553626571
2026-03-22 07:27:09,4418601.775512879,3118393.540824779,3370664.480916712,"E13,E19,E27,E30",0.0,2.8976588785254425,motion_prediction_guess,32.10634023914327,35.212231277985886,14.426975088358065
2026-03-22 07:27:15,4418641.6909543425,3118369.940074438,3370630.1884374972,"E13,E19,E27,E30",1.862645149230957e-09,2.896404665918983,previous_point_guess,32.10598722375523,35.211783164410846,7.1710061884589145
2026-03-22 07:27:23,4418696.9566827,3118342.0956613678,3370581.3740391564,"E13,E21,E29,E34",2.634178031930877e-09,3.8426144228343824,previous_point_guess,32.10547490221314,35.21120455389816,6.134941114314453
2026-03-22 07:27:29,4418729.680687024,3118329.0668665543,3370552.5323498575,"E13,E21,E29,E34",1.862645149230957e-09,3.831500172642042,previous_point_guess,32.105162463835775,35.21089188514452,10.954582251507551
2026-03-22 07:27:37,4418759.78875441,3118320.5506156865,3370533.539326392,"E13,E19,E27,E30",1.862645149230957e-09,2.8918139438379575,motion_prediction_guess,32.104923026932894,35.21063425741701,3.6855559411104037
2026-03-22 07:27:41,4418767.62365279,3118320.279449618,3370517.7548140674,"E13,E19,E27,E30",1.862645149230957e-09,2.8909750167105557,motion_prediction_guess,32.10477252844251,35.21058405167666,4.60386309918577
2026-03-22 07:27:43,4418768.857448797,3118317.839125369,3370504.2049990376,"E13,E19,E27,E30",2.634178031930877e-09,2.8905594062267173,previous_point_guess,32.10467094086049,35.21055539226165,6.911492645744272
2026-03-22 07:27:45,4418770.328259554,3118313.0110379863,3370486.258832049,"E13,E19,E27,E30",0.0,2.8901429875249396,motion_prediction_guess,32.104541441457435,35.21050461708405,9.321193883271235
2026-03-22 07:27:47,4418772.036085061,3118305.7951874714,3370463.9163131015,"E13,E19,E27,E30",1.862645149230957e-09,2.8897260616809737,previous_point_guess,32.10438402985753,35.21043172609116,11.770443062354893
2026-03-22 07:27:59,4418788.593744755,3118241.2224592296,3370328.788016325,"E13,E19,E29,E34",0.0,8.382580386581813,motion_prediction_guess,32.10346543016489,35.20977165390813,12.308660990273138
