<?xml version="1.0" encoding="UTF-8"?>
<kml xmlns="http://www.opengis.net/kml/2.2">
  <Document>
    <name>GNSS Track</name>
    <Style id="trackLineStyle">
      <LineStyle>
        <color>ff00ffff</color>
        <width>3</width>
      </LineStyle>
    </Style>
    <Placemark>
"
            f"      <name>Point 1</name>
"
            f"      <description>2026-03-22 06:44:38</description>
"
            f"      <Point>
"
            f"        <coordinates>34.81069570,32.17315379,-991.274</coordinates>
"
            f"      </Point>
"
            f"    </Placemark>
    <Placemark>
"
            f"      <name>Point 2</name>
"
            f"      <description>2026-03-22 06:44:40</description>
"
            f"      <Point>
"
            f"        <coordinates>34.81069943,32.17314835,-990.893</coordinates>
"
            f"      </Point>
"
            f"    </Placemark>
    <Placemark>
"
            f"      <name>Point 3</name>
"
            f"      <description>2026-03-22 06:44:42</description>
"
            f"      <Point>
"
            f"        <coordinates>34.81070717,32.17314006,-989.818</coordinates>
"
            f"      </Point>
"
            f"    </Placemark>
    <Placemark>
"
            f"      <name>Point 4</name>
"
            f"      <description>2026-03-22 06:44:44</description>
"
            f"      <Point>
"
            f"        <coordinates>34.81072465,32.17312075,-987.342</coordinates>
"
            f"      </Point>
"
            f"    </Placemark>
    <Placemark>
"
            f"      <name>Point 5</name>
"
            f"      <description>2026-03-22 06:44:46</description>
"
            f"      <Point>
"
            f"        <coordinates>34.81075483,32.17309091,-982.665</coordinates>
"
            f"      </Point>
"
            f"    </Placemark>
    <Placemark>
"
            f"      <name>Point 6</name>
"
            f"      <description>2026-03-22 06:44:48</description>
"
            f"      <Point>
"
            f"        <coordinates>34.81080215,32.17304673,-974.903</coordinates>
"
            f"      </Point>
"
            f"    </Placemark>
    <Placemark>
"
            f"      <name>Point 7</name>
"
            f"      <description>2026-03-22 06:44:50</description>
"
            f"      <Point>
"
            f"        <coordinates>34.81086864,32.17298593,-963.507</coordinates>
"
            f"      </Point>
"
            f"    </Placemark>
    <Placemark>
"
            f"      <name>Point 8</name>
"
            f"      <description>2026-03-22 06:44:52</description>
"
            f"      <Point>
"
            f"        <coordinates>34.81095774,32.17290544,-947.678</coordinates>
"
            f"      </Point>
"
            f"    </Placemark>
    <Placemark>
"
            f"      <name>Point 9</name>
"
            f"      <description>2026-03-22 06:44:54</description>
"
            f"      <Point>
"
            f"        <coordinates>34.81107221,32.17280357,-926.671</coordinates>
"
            f"      </Point>
"
            f"    </Placemark>
    <Placemark>
"
            f"      <name>Point 10</name>
"
            f"      <description>2026-03-22 06:44:56</description>
"
            f"      <Point>
"
            f"        <coordinates>34.81121532,32.17267744,-899.714</coordinates>
"
            f"      </Point>
"
            f"    </Placemark>
    <Placemark>
"
            f"      <name>Point 11</name>
"
            f"      <description>2026-03-22 06:44:58</description>
"
            f"      <Point>
"
            f"        <coordinates>34.81140049,32.17251370,-863.690</coordinates>
"
            f"      </Point>
"
            f"    </Placemark>
    <Placemark>
"
            f"      <name>Point 12</name>
"
            f"      <description>2026-03-22 06:45:00</description>
"
            f"      <Point>
"
            f"        <coordinates>34.81159849,32.17233701,-824.855</coordinates>
"
            f"      </Point>
"
            f"    </Placemark>
    <Placemark>
"
            f"      <name>Point 13</name>
"
            f"      <description>2026-03-22 06:45:02</description>
"
            f"      <Point>
"
            f"        <coordinates>34.81182043,32.17213548,-780.522</coordinates>
"
            f"      </Point>
"
            f"    </Placemark>
    <Placemark>
"
            f"      <name>Point 14</name>
"
            f"      <description>2026-03-22 06:45:04</description>
"
            f"      <Point>
"
            f"        <coordinates>34.81206175,32.17191084,-731.465</coordinates>
"
            f"      </Point>
"
            f"    </Placemark>
    <Placemark>
"
            f"      <name>Point 15</name>
"
            f"      <description>2026-03-22 06:45:06</description>
"
            f"      <Point>
"
            f"        <coordinates>34.81231816,32.17166648,-678.439</coordinates>
"
            f"      </Point>
"
            f"    </Placemark>
    <Placemark>
"
            f"      <name>Point 16</name>
"
            f"      <description>2026-03-22 06:45:08</description>
"
            f"      <Point>
"
            f"        <coordinates>34.81258331,32.17140785,-622.658</coordinates>
"
            f"      </Point>
"
            f"    </Placemark>
    <Placemark>
"
            f"      <name>Point 17</name>
"
            f"      <description>2026-03-22 06:45:10</description>
"
            f"      <Point>
"
            f"        <coordinates>34.81285209,32.17114157,-565.320</coordinates>
"
            f"      </Point>
"
            f"    </Placemark>
    <Placemark>
"
            f"      <name>Point 18</name>
"
            f"      <description>2026-03-22 06:45:12</description>
"
            f"      <Point>
"
            f"        <coordinates>34.81311798,32.17087466,-507.959</coordinates>
"
            f"      </Point>
"
            f"    </Placemark>
    <Placemark>
"
            f"      <name>Point 19</name>
"
            f"      <description>2026-03-22 06:45:14</description>
"
            f"      <Point>
"
            f"        <coordinates>34.81337444,32.17061429,-452.028</coordinates>
"
            f"      </Point>
"
            f"    </Placemark>
    <Placemark>
"
            f"      <name>Point 20</name>
"
            f"      <description>2026-03-22 06:45:16</description>
"
            f"      <Point>
"
            f"        <coordinates>34.81361355,32.17036585,-399.176</coordinates>
"
            f"      </Point>
"
            f"    </Placemark>
    <Placemark>
"
            f"      <name>Point 21</name>
"
            f"      <description>2026-03-22 06:45:18</description>
"
            f"      <Point>
"
            f"        <coordinates>34.81382896,32.17013323,-350.746</coordinates>
"
            f"      </Point>
"
            f"    </Placemark>
    <Placemark>
"
            f"      <name>Point 22</name>
"
            f"      <description>2026-03-22 06:45:20</description>
"
            f"      <Point>
"
            f"        <coordinates>34.81401558,32.16991838,-307.899</coordinates>
"
            f"      </Point>
"
            f"    </Placemark>
    <Placemark>
"
            f"      <name>Point 23</name>
"
            f"      <description>2026-03-22 06:45:22</description>
"
            f"      <Point>
"
            f"        <coordinates>34.81418673,32.16971283,-267.935</coordinates>
"
            f"      </Point>
"
            f"    </Placemark>
    <Placemark>
"
            f"      <name>Point 24</name>
"
            f"      <description>2026-03-22 06:45:24</description>
"
            f"      <Point>
"
            f"        <coordinates>34.81431115,32.16953510,-237.950</coordinates>
"
            f"      </Point>
"
            f"    </Placemark>
    <Placemark>
"
            f"      <name>Point 25</name>
"
            f"      <description>2026-03-22 06:45:26</description>
"
            f"      <Point>
"
            f"        <coordinates>34.81440642,32.16937365,-214.561</coordinates>
"
            f"      </Point>
"
            f"    </Placemark>
    <Placemark>
"
            f"      <name>Point 26</name>
"
            f"      <description>2026-03-22 06:45:28</description>
"
            f"      <Point>
"
            f"        <coordinates>34.81447516,32.16922532,-197.373</coordinates>
"
            f"      </Point>
"
            f"    </Placemark>
    <Placemark>
"
            f"      <name>Point 27</name>
"
            f"      <description>2026-03-22 06:45:30</description>
"
            f"      <Point>
"
            f"        <coordinates>34.81451994,32.16908663,-186.417</coordinates>
"
            f"      </Point>
"
            f"    </Placemark>
    <Placemark>
"
            f"      <name>Point 28</name>
"
            f"      <description>2026-03-22 06:45:32</description>
"
            f"      <Point>
"
            f"        <coordinates>34.81454441,32.16895546,-181.197</coordinates>
"
            f"      </Point>
"
            f"    </Placemark>
    <Placemark>
"
            f"      <name>Point 29</name>
"
            f"      <description>2026-03-22 06:45:34</description>
"
            f"      <Point>
"
            f"        <coordinates>34.81455149,32.16882954,-181.359</coordinates>
"
            f"      </Point>
"
            f"    </Placemark>
    <Placemark>
"
            f"      <name>Point 30</name>
"
            f"      <description>2026-03-22 06:45:36</description>
"
            f"      <Point>
"
            f"        <coordinates>34.81454646,32.16870898,-186.252</coordinates>
"
            f"      </Point>
"
            f"    </Placemark>
    <Placemark>
"
            f"      <name>Point 31</name>
"
            f"      <description>2026-03-22 06:45:38</description>
"
            f"      <Point>
"
            f"        <coordinates>34.81453356,32.16859565,-195.236</coordinates>
"
            f"      </Point>
"
            f"    </Placemark>
    <Placemark>
"
            f"      <name>Point 32</name>
"
            f"      <description>2026-03-22 06:45:40</description>
"
            f"      <Point>
"
            f"        <coordinates>34.81451847,32.16849298,-206.183</coordinates>
"
            f"      </Point>
"
            f"    </Placemark>
    <Placemark>
"
            f"      <name>Point 33</name>
"
            f"      <description>2026-03-22 06:45:42</description>
"
            f"      <Point>
"
            f"        <coordinates>34.81449952,32.16840401,-217.878</coordinates>
"
            f"      </Point>
"
            f"    </Placemark>
    <Placemark>
"
            f"      <name>Point 34</name>
"
            f"      <description>2026-03-22 06:45:44</description>
"
            f"      <Point>
"
            f"        <coordinates>34.81447086,32.16832996,-228.835</coordinates>
"
            f"      </Point>
"
            f"    </Placemark>
    <Placemark>
"
            f"      <name>Point 35</name>
"
            f"      <description>2026-03-22 06:45:46</description>
"
            f"      <Point>
"
            f"        <coordinates>34.81442775,32.16827062,-237.939</coordinates>
"
            f"      </Point>
"
            f"    </Placemark>
    <Placemark>
"
            f"      <name>Point 36</name>
"
            f"      <description>2026-03-22 06:45:48</description>
"
            f"      <Point>
"
            f"        <coordinates>34.81437771,32.16822839,-242.165</coordinates>
"
            f"      </Point>
"
            f"    </Placemark>
    <Placemark>
"
            f"      <name>Point 37</name>
"
            f"      <description>2026-03-22 06:45:50</description>
"
            f"      <Point>
"
            f"        <coordinates>34.81432612,32.16820397,-239.877</coordinates>
"
            f"      </Point>
"
            f"    </Placemark>
    <Placemark>
"
            f"      <name>Point 38</name>
"
            f"      <description>2026-03-22 06:45:52</description>
"
            f"      <Point>
"
            f"        <coordinates>34.81428131,32.16819602,-229.737</coordinates>
"
            f"      </Point>
"
            f"    </Placemark>
    <Placemark>
"
            f"      <name>Point 39</name>
"
            f"      <description>2026-03-22 06:45:54</description>
"
            f"      <Point>
"
            f"        <coordinates>34.81424252,32.16820234,-212.417</coordinates>
"
            f"      </Point>
"
            f"    </Placemark>
    <Placemark>
"
            f"      <name>Point 40</name>
"
            f"      <description>2026-03-22 06:45:56</description>
"
            f"      <Point>
"
            f"        <coordinates>34.81420916,32.16822116,-188.452</coordinates>
"
            f"      </Point>
"
            f"    </Placemark>
    <Placemark>
"
            f"      <name>Point 41</name>
"
            f"      <description>2026-03-22 06:45:58</description>
"
            f"      <Point>
"
            f"        <coordinates>34.81416794,32.16824560,-161.281</coordinates>
"
            f"      </Point>
"
            f"    </Placemark>
    <Placemark>
"
            f"      <name>Point 42</name>
"
            f"      <description>2026-03-22 06:46:00</description>
"
            f"      <Point>
"
            f"        <coordinates>34.81409827,32.16827328,-134.204</coordinates>
"
            f"      </Point>
"
            f"    </Placemark>
    <Placemark>
"
            f"      <name>Point 43</name>
"
            f"      <description>2026-03-22 06:46:02</description>
"
            f"      <Point>
"
            f"        <coordinates>34.81398825,32.16830435,-110.377</coordinates>
"
            f"      </Point>
"
            f"    </Placemark>
    <Placemark>
"
            f"      <name>Point 44</name>
"
            f"      <description>2026-03-22 06:46:04</description>
"
            f"      <Point>
"
            f"        <coordinates>34.81384001,32.16834116,-91.093</coordinates>
"
            f"      </Point>
"
            f"    </Placemark>
    <Placemark>
"
            f"      <name>Point 45</name>
"
            f"      <description>2026-03-22 06:46:06</description>
"
            f"      <Point>
"
            f"        <coordinates>34.81364462,32.16838191,-78.806</coordinates>
"
            f"      </Point>
"
            f"    </Placemark>
    <Placemark>
"
            f"      <name>Point 46</name>
"
            f"      <description>2026-03-22 06:46:08</description>
"
            f"      <Point>
"
            f"        <coordinates>34.81339525,32.16842651,-74.690</coordinates>
"
            f"      </Point>
"
            f"    </Placemark>
    <Placemark>
"
            f"      <name>Point 47</name>
"
            f"      <description>2026-03-22 06:46:10</description>
"
            f"      <Point>
"
            f"        <coordinates>34.81309455,32.16847284,-78.948</coordinates>
"
            f"      </Point>
"
            f"    </Placemark>
    <Placemark>
"
            f"      <name>Point 48</name>
"
            f"      <description>2026-03-22 06:46:12</description>
"
            f"      <Point>
"
            f"        <coordinates>34.81275103,32.16852025,-89.851</coordinates>
"
            f"      </Point>
"
            f"    </Placemark>
    <Placemark>
"
            f"      <name>Point 49</name>
"
            f"      <description>2026-03-22 06:46:14</description>
"
            f"      <Point>
"
            f"        <coordinates>34.81237153,32.16856830,-106.034</coordinates>
"
            f"      </Point>
"
            f"    </Placemark>
    <Placemark>
"
            f"      <name>Point 50</name>
"
            f"      <description>2026-03-22 06:46:16</description>
"
            f"      <Point>
"
            f"        <coordinates>34.81197550,32.16862167,-125.012</coordinates>
"
            f"      </Point>
"
            f"    </Placemark>
    <Placemark>
"
            f"      <name>Point 51</name>
"
            f"      <description>2026-03-22 06:46:18</description>
"
            f"      <Point>
"
            f"        <coordinates>34.81157947,32.16867504,-143.990</coordinates>
"
            f"      </Point>
"
            f"    </Placemark>
    <Placemark>
"
            f"      <name>Point 52</name>
"
            f"      <description>2026-03-22 06:46:20</description>
"
            f"      <Point>
"
            f"        <coordinates>34.81121663,32.16873003,-160.813</coordinates>
"
            f"      </Point>
"
            f"    </Placemark>
    <Placemark>
"
            f"      <name>Point 53</name>
"
            f"      <description>2026-03-22 06:46:22</description>
"
            f"      <Point>
"
            f"        <coordinates>34.81089102,32.16878258,-174.751</coordinates>
"
            f"      </Point>
"
            f"    </Placemark>
    <Placemark>
"
            f"      <name>Point 54</name>
"
            f"      <description>2026-03-22 06:46:24</description>
"
            f"      <Point>
"
            f"        <coordinates>34.81061652,32.16883158,-184.395</coordinates>
"
            f"      </Point>
"
            f"    </Placemark>
    <Placemark>
"
            f"      <name>Point 55</name>
"
            f"      <description>2026-03-22 06:46:26</description>
"
            f"      <Point>
"
            f"        <coordinates>34.81040382,32.16887539,-188.555</coordinates>
"
            f"      </Point>
"
            f"    </Placemark>
    <Placemark>
"
            f"      <name>Point 56</name>
"
            f"      <description>2026-03-22 06:46:28</description>
"
            f"      <Point>
"
            f"        <coordinates>34.81024941,32.16891636,-187.068</coordinates>
"
            f"      </Point>
"
            f"    </Placemark>
    <Placemark>
"
            f"      <name>Point 57</name>
"
            f"      <description>2026-03-22 06:46:30</description>
"
            f"      <Point>
"
            f"        <coordinates>34.81015054,32.16895682,-180.083</coordinates>
"
            f"      </Point>
"
            f"    </Placemark>
    <Placemark>
"
            f"      <name>Point 58</name>
"
            f"      <description>2026-03-22 06:46:32</description>
"
            f"      <Point>
"
            f"        <coordinates>34.81010452,32.16899710,-167.840</coordinates>
"
            f"      </Point>
"
            f"    </Placemark>
    <Placemark>
"
            f"      <name>Point 59</name>
"
            f"      <description>2026-03-22 06:46:34</description>
"
            f"      <Point>
"
            f"        <coordinates>34.81010189,32.16903656,-151.411</coordinates>
"
            f"      </Point>
"
            f"    </Placemark>
    <Placemark>
"
            f"      <name>Point 60</name>
"
            f"      <description>2026-03-22 06:46:36</description>
"
            f"      <Point>
"
            f"        <coordinates>34.81013554,32.16907518,-131.745</coordinates>
"
            f"      </Point>
"
            f"    </Placemark>
    <Placemark>
"
            f"      <name>Point 61</name>
"
            f"      <description>2026-03-22 06:46:38</description>
"
            f"      <Point>
"
            f"        <coordinates>34.81019035,32.16911204,-110.476</coordinates>
"
            f"      </Point>
"
            f"    </Placemark>
    <Placemark>
"
            f"      <name>Point 62</name>
"
            f"      <description>2026-03-22 06:46:40</description>
"
            f"      <Point>
"
            f"        <coordinates>34.81025294,32.16914482,-88.978</coordinates>
"
            f"      </Point>
"
            f"    </Placemark>
    <Placemark>
"
            f"      <name>Point 63</name>
"
            f"      <description>2026-03-22 06:46:42</description>
"
            f"      <Point>
"
            f"        <coordinates>34.81030577,32.16917103,-69.318</coordinates>
"
            f"      </Point>
"
            f"    </Placemark>
    <Placemark>
"
            f"      <name>Point 64</name>
"
            f"      <description>2026-03-22 06:46:44</description>
"
            f"      <Point>
"
            f"        <coordinates>34.81033552,32.16918913,-53.231</coordinates>
"
            f"      </Point>
"
            f"    </Placemark>
    <Placemark>
"
            f"      <name>Point 65</name>
"
            f"      <description>2026-03-22 06:46:46</description>
"
            f"      <Point>
"
            f"        <coordinates>34.81032476,32.16919583,-42.883</coordinates>
"
            f"      </Point>
"
            f"    </Placemark>
    <Placemark>
"
            f"      <name>Point 66</name>
"
            f"      <description>2026-03-22 06:46:48</description>
"
            f"      <Point>
"
            f"        <coordinates>34.81026830,32.16918911,-39.113</coordinates>
"
            f"      </Point>
"
            f"    </Placemark>
    <Placemark>
"
            f"      <name>Point 67</name>
"
            f"      <description>2026-03-22 06:46:50</description>
"
            f"      <Point>
"
            f"        <coordinates>34.81016307,32.16916904,-42.543</coordinates>
"
            f"      </Point>
"
            f"    </Placemark>
    <Placemark>
"
            f"      <name>Point 68</name>
"
            f"      <description>2026-03-22 06:46:52</description>
"
            f"      <Point>
"
            f"        <coordinates>34.81001311,32.16913631,-52.699</coordinates>
"
            f"      </Point>
"
            f"    </Placemark>
    <Placemark>
"
            f"      <name>Point 69</name>
"
            f"      <description>2026-03-22 06:46:54</description>
"
            f"      <Point>
"
            f"        <coordinates>34.80982020,32.16909074,-68.978</coordinates>
"
            f"      </Point>
"
            f"    </Placemark>
    <Placemark>
"
            f"      <name>Point 70</name>
"
            f"      <description>2026-03-22 06:46:56</description>
"
            f"      <Point>
"
            f"        <coordinates>34.80960026,32.16903542,-89.307</coordinates>
"
            f"      </Point>
"
            f"    </Placemark>
    <Placemark>
"
            f"      <name>Point 71</name>
"
            f"      <description>2026-03-22 06:46:58</description>
"
            f"      <Point>
"
            f"        <coordinates>34.80936660,32.16897418,-112.008</coordinates>
"
            f"      </Point>
"
            f"    </Placemark>
    <Placemark>
"
            f"      <name>Point 72</name>
"
            f"      <description>2026-03-22 06:47:00</description>
"
            f"      <Point>
"
            f"        <coordinates>34.80912924,32.16890937,-135.679</coordinates>
"
            f"      </Point>
"
            f"    </Placemark>
    <Placemark>
"
            f"      <name>Point 73</name>
"
            f"      <description>2026-03-22 06:47:02</description>
"
            f"      <Point>
"
            f"        <coordinates>34.80889633,32.16884259,-159.243</coordinates>
"
            f"      </Point>
"
            f"    </Placemark>
    <Placemark>
"
            f"      <name>Point 74</name>
"
            f"      <description>2026-03-22 06:47:04</description>
"
            f"      <Point>
"
            f"        <coordinates>34.80868146,32.16877745,-181.133</coordinates>
"
            f"      </Point>
"
            f"    </Placemark>
    <Placemark>
"
            f"      <name>Point 75</name>
"
            f"      <description>2026-03-22 06:47:06</description>
"
            f"      <Point>
"
            f"        <coordinates>34.80848783,32.16871632,-200.841</coordinates>
"
            f"      </Point>
"
            f"    </Placemark>
    <Placemark>
"
            f"      <name>Point 76</name>
"
            f"      <description>2026-03-22 06:47:08</description>
"
            f"      <Point>
"
            f"        <coordinates>34.80831730,32.16866000,-217.931</coordinates>
"
            f"      </Point>
"
            f"    </Placemark>
    <Placemark>
"
            f"      <name>Point 77</name>
"
            f"      <description>2026-03-22 06:47:10</description>
"
            f"      <Point>
"
            f"        <coordinates>34.80817058,32.16860743,-232.399</coordinates>
"
            f"      </Point>
"
            f"    </Placemark>
    <Placemark>
"
            f"      <name>Point 78</name>
"
            f"      <description>2026-03-22 06:47:12</description>
"
            f"      <Point>
"
            f"        <coordinates>34.80804640,32.16855457,-245.289</coordinates>
"
            f"      </Point>
"
            f"    </Placemark>
    <Placemark>
"
            f"      <name>Point 79</name>
"
            f"      <description>2026-03-22 06:47:14</description>
"
            f"      <Point>
"
            f"        <coordinates>34.80793782,32.16849511,-259.494</coordinates>
"
            f"      </Point>
"
            f"    </Placemark>
    <Placemark>
"
            f"      <name>Point 80</name>
"
            f"      <description>2026-03-22 06:47:16</description>
"
            f"      <Point>
"
            f"        <coordinates>34.80783891,32.16842294,-277.456</coordinates>
"
            f"      </Point>
"
            f"    </Placemark>
    <Placemark>
"
            f"      <name>Point 81</name>
"
            f"      <description>2026-03-22 06:47:18</description>
"
            f"      <Point>
"
            f"        <coordinates>34.80774475,32.16833388,-301.135</coordinates>
"
            f"      </Point>
"
            f"    </Placemark>
    <Placemark>
"
            f"      <name>Point 82</name>
"
            f"      <description>2026-03-22 06:47:20</description>
"
            f"      <Point>
"
            f"        <coordinates>34.80765244,32.16822743,-331.799</coordinates>
"
            f"      </Point>
"
            f"    </Placemark>
    <Placemark>
"
            f"      <name>Point 83</name>
"
            f"      <description>2026-03-22 06:47:22</description>
"
            f"      <Point>
"
            f"        <coordinates>34.80756083,32.16810210,-372.240</coordinates>
"
            f"      </Point>
"
            f"    </Placemark>
    <Placemark>
"
            f"      <name>Point 84</name>
"
            f"      <description>2026-03-22 06:47:24</description>
"
            f"      <Point>
"
            f"        <coordinates>34.80746818,32.16797384,-414.969</coordinates>
"
            f"      </Point>
"
            f"    </Placemark>
    <Placemark>
"
            f"      <name>Point 85</name>
"
            f"      <description>2026-03-22 06:47:26</description>
"
            f"      <Point>
"
            f"        <coordinates>34.80737431,32.16784034,-462.252</coordinates>
"
            f"      </Point>
"
            f"    </Placemark>
    <Placemark>
"
            f"      <name>Point 86</name>
"
            f"      <description>2026-03-22 06:47:28</description>
"
            f"      <Point>
"
            f"        <coordinates>34.80727977,32.16770750,-512.608</coordinates>
"
            f"      </Point>
"
            f"    </Placemark>
    <Placemark>
"
            f"      <name>Point 87</name>
"
            f"      <description>2026-03-22 06:47:30</description>
"
            f"      <Point>
"
            f"        <coordinates>34.80718549,32.16758160,-564.066</coordinates>
"
            f"      </Point>
"
            f"    </Placemark>
    <Placemark>
"
            f"      <name>Point 88</name>
"
            f"      <description>2026-03-22 06:47:32</description>
"
            f"      <Point>
"
            f"        <coordinates>34.80709360,32.16746908,-614.545</coordinates>
"
            f"      </Point>
"
            f"    </Placemark>
    <Placemark>
"
            f"      <name>Point 89</name>
"
            f"      <description>2026-03-22 06:47:34</description>
"
            f"      <Point>
"
            f"        <coordinates>34.80700650,32.16737505,-661.651</coordinates>
"
            f"      </Point>
"
            f"    </Placemark>
    <Placemark>
"
            f"      <name>Point 90</name>
"
            f"      <description>2026-03-22 06:47:36</description>
"
            f"      <Point>
"
            f"        <coordinates>34.80692141,32.16729080,-706.993</coordinates>
"
            f"      </Point>
"
            f"    </Placemark>
    <Placemark>
"
            f"      <name>Point 91</name>
"
            f"      <description>2026-03-22 06:47:38</description>
"
            f"      <Point>
"
            f"        <coordinates>34.80685258,32.16724050,-741.395</coordinates>
"
            f"      </Point>
"
            f"    </Placemark>
    <Placemark>
"
            f"      <name>Point 92</name>
"
            f"      <description>2026-03-22 06:47:40</description>
"
            f"      <Point>
"
            f"        <coordinates>34.80679404,32.16721100,-765.448</coordinates>
"
            f"      </Point>
"
            f"    </Placemark>
    <Placemark>
"
            f"      <name>Point 93</name>
"
            f"      <description>2026-03-22 06:47:42</description>
"
            f"      <Point>
"
            f"        <coordinates>34.80674009,32.16719881,-777.940</coordinates>
"
            f"      </Point>
"
            f"    </Placemark>
    <Placemark>
"
            f"      <name>Point 94</name>
"
            f"      <description>2026-03-22 06:47:44</description>
"
            f"      <Point>
"
            f"        <coordinates>34.80668611,32.16720092,-777.901</coordinates>
"
            f"      </Point>
"
            f"    </Placemark>
    <Placemark>
"
            f"      <name>Point 95</name>
"
            f"      <description>2026-03-22 06:47:46</description>
"
            f"      <Point>
"
            f"        <coordinates>34.80662717,32.16721539,-764.677</coordinates>
"
            f"      </Point>
"
            f"    </Placemark>
    <Placemark>
"
            f"      <name>Point 96</name>
"
            f"      <description>2026-03-22 06:47:48</description>
"
            f"      <Point>
"
            f"        <coordinates>34.80655580,32.16724010,-739.087</coordinates>
"
            f"      </Point>
"
            f"    </Placemark>
    <Placemark>
"
            f"      <name>Point 97</name>
"
            f"      <description>2026-03-22 06:47:50</description>
"
            f"      <Point>
"
            f"        <coordinates>34.80647615,32.16727005,-702.378</coordinates>
"
            f"      </Point>
"
            f"    </Placemark>
    <Placemark>
"
            f"      <name>Point 98</name>
"
            f"      <description>2026-03-22 06:47:52</description>
"
            f"      <Point>
"
            f"        <coordinates>34.80639574,32.16730265,-652.643</coordinates>
"
            f"      </Point>
"
            f"    </Placemark>
    <Placemark>
"
            f"      <name>Point 99</name>
"
            f"      <description>2026-03-22 06:47:54</description>
"
            f"      <Point>
"
            f"        <coordinates>34.80631276,32.16733568,-600.672</coordinates>
"
            f"      </Point>
"
            f"    </Placemark>
    <Placemark>
"
            f"      <name>Point 100</name>
"
            f"      <description>2026-03-22 06:47:56</description>
"
            f"      <Point>
"
            f"        <coordinates>34.80622721,32.16736868,-544.380</coordinates>
"
            f"      </Point>
"
            f"    </Placemark>
    <Placemark>
"
            f"      <name>Point 101</name>
"
            f"      <description>2026-03-22 06:47:58</description>
"
            f"      <Point>
"
            f"        <coordinates>34.80613569,32.16740158,-487.167</coordinates>
"
            f"      </Point>
"
            f"    </Placemark>
    <Placemark>
"
            f"      <name>Point 102</name>
"
            f"      <description>2026-03-22 06:48:00</description>
"
            f"      <Point>
"
            f"        <coordinates>34.80603624,32.16743368,-432.284</coordinates>
"
            f"      </Point>
"
            f"    </Placemark>
    <Placemark>
"
            f"      <name>Point 103</name>
"
            f"      <description>2026-03-22 06:48:02</description>
"
            f"      <Point>
"
            f"        <coordinates>34.80592766,32.16746502,-382.830</coordinates>
"
            f"      </Point>
"
            f"    </Placemark>
    <Placemark>
"
            f"      <name>Point 104</name>
"
            f"      <description>2026-03-22 06:48:04</description>
"
            f"      <Point>
"
            f"        <coordinates>34.80581330,32.16749628,-336.337</coordinates>
"
            f"      </Point>
"
            f"    </Placemark>
    <Placemark>
"
            f"      <name>Point 105</name>
"
            f"      <description>2026-03-22 06:48:06</description>
"
            f"      <Point>
"
            f"        <coordinates>34.80568635,32.16752623,-303.399</coordinates>
"
            f"      </Point>
"
            f"    </Placemark>
    <Placemark>
"
            f"      <name>Point 106</name>
"
            f"      <description>2026-03-22 06:48:08</description>
"
            f"      <Point>
"
            f"        <coordinates>34.80554613,32.16755790,-280.408</coordinates>
"
            f"      </Point>
"
            f"    </Placemark>
    <Placemark>
"
            f"      <name>Point 107</name>
"
            f"      <description>2026-03-22 06:48:10</description>
"
            f"      <Point>
"
            f"        <coordinates>34.80538532,32.16759253,-266.831</coordinates>
"
            f"      </Point>
"
            f"    </Placemark>
    <Placemark>
"
            f"      <name>Point 108</name>
"
            f"      <description>2026-03-22 06:48:12</description>
"
            f"      <Point>
"
            f"        <coordinates>34.80520623,32.16762943,-261.661</coordinates>
"
            f"      </Point>
"
            f"    </Placemark>
    <Placemark>
"
            f"      <name>Point 109</name>
"
            f"      <description>2026-03-22 06:48:14</description>
"
            f"      <Point>
"
            f"        <coordinates>34.80501847,32.16766530,-266.009</coordinates>
"
            f"      </Point>
"
            f"    </Placemark>
    <Placemark>
"
            f"      <name>Point 110</name>
"
            f"      <description>2026-03-22 06:48:16</description>
"
            f"      <Point>
"
            f"        <coordinates>34.80482415,32.16770012,-278.075</coordinates>
"
            f"      </Point>
"
            f"    </Placemark>
    <Placemark>
"
            f"      <name>Point 111</name>
"
            f"      <description>2026-03-22 06:48:18</description>
"
            f"      <Point>
"
            f"        <coordinates>34.80463315,32.16773224,-295.848</coordinates>
"
            f"      </Point>
"
            f"    </Placemark>
    <Placemark>
"
            f"      <name>Point 112</name>
"
            f"      <description>2026-03-22 06:48:20</description>
"
            f"      <Point>
"
            f"        <coordinates>34.80446586,32.16775776,-320.814</coordinates>
"
            f"      </Point>
"
            f"    </Placemark>
    <Placemark>
"
            f"      <name>Point 113</name>
"
            f"      <description>2026-03-22 06:48:22</description>
"
            f"      <Point>
"
            f"        <coordinates>34.80433650,32.16777382,-354.353</coordinates>
"
            f"      </Point>
"
            f"    </Placemark>
    <Placemark>
"
            f"      <name>Point 114</name>
"
            f"      <description>2026-03-22 06:48:24</description>
"
            f"      <Point>
"
            f"        <coordinates>34.80424018,32.16778318,-391.539</coordinates>
"
            f"      </Point>
"
            f"    </Placemark>
    <Placemark>
"
            f"      <name>Point 115</name>
"
            f"      <description>2026-03-22 06:48:26</description>
"
            f"      <Point>
"
            f"        <coordinates>34.80417766,32.16778614,-430.421</coordinates>
"
            f"      </Point>
"
            f"    </Placemark>
    <Placemark>
"
            f"      <name>Point 116</name>
"
            f"      <description>2026-03-22 06:48:28</description>
"
            f"      <Point>
"
            f"        <coordinates>34.80415862,32.16777986,-468.990</coordinates>
"
            f"      </Point>
"
            f"    </Placemark>
    <Placemark>
"
            f"      <name>Point 117</name>
"
            f"      <description>2026-03-22 06:48:30</description>
"
            f"      <Point>
"
            f"        <coordinates>34.80417769,32.16776412,-502.446</coordinates>
"
            f"      </Point>
"
            f"    </Placemark>
    <Placemark>
"
            f"      <name>Point 118</name>
"
            f"      <description>2026-03-22 06:48:32</description>
"
            f"      <Point>
"
            f"        <coordinates>34.80421966,32.16774431,-524.223</coordinates>
"
            f"      </Point>
"
            f"    </Placemark>
    <Placemark>
"
            f"      <name>Point 119</name>
"
            f"      <description>2026-03-22 06:48:34</description>
"
            f"      <Point>
"
            f"        <coordinates>34.80429114,32.16771706,-535.937</coordinates>
"
            f"      </Point>
"
            f"    </Placemark>
    <Placemark>
"
            f"      <name>Point 120</name>
"
            f"      <description>2026-03-22 06:48:36</description>
"
            f"      <Point>
"
            f"        <coordinates>34.80439739,32.16768011,-538.853</coordinates>
"
            f"      </Point>
"
            f"    </Placemark>
    <Placemark>
"
            f"      <name>Point 121</name>
"
            f"      <description>2026-03-22 06:48:38</description>
"
            f"      <Point>
"
            f"        <coordinates>34.80452167,32.16763730,-531.273</coordinates>
"
            f"      </Point>
"
            f"    </Placemark>
    <Placemark>
"
            f"      <name>Point 122</name>
"
            f"      <description>2026-03-22 06:48:40</description>
"
            f"      <Point>
"
            f"        <coordinates>34.80465063,32.16759245,-511.974</coordinates>
"
            f"      </Point>
"
            f"    </Placemark>
    <Placemark>
"
            f"      <name>Point 123</name>
"
            f"      <description>2026-03-22 06:48:42</description>
"
            f"      <Point>
"
            f"        <coordinates>34.80479082,32.16754163,-486.201</coordinates>
"
            f"      </Point>
"
            f"    </Placemark>
    <Placemark>
"
            f"      <name>Point 124</name>
"
            f"      <description>2026-03-22 06:48:44</description>
"
            f"      <Point>
"
            f"        <coordinates>34.80493999,32.16748647,-455.219</coordinates>
"
            f"      </Point>
"
            f"    </Placemark>
    <Placemark>
"
            f"      <name>Point 125</name>
"
            f"      <description>2026-03-22 06:48:46</description>
"
            f"      <Point>
"
            f"        <coordinates>34.80508449,32.16743123,-420.703</coordinates>
"
            f"      </Point>
"
            f"    </Placemark>
    <Placemark>
"
            f"      <name>Point 126</name>
"
            f"      <description>2026-03-22 06:48:48</description>
"
            f"      <Point>
"
            f"        <coordinates>34.80522386,32.16737824,-387.537</coordinates>
"
            f"      </Point>
"
            f"    </Placemark>
    <Placemark>
"
            f"      <name>Point 127</name>
"
            f"      <description>2026-03-22 06:48:50</description>
"
            f"      <Point>
"
            f"        <coordinates>34.80536073,32.16732548,-360.307</coordinates>
"
            f"      </Point>
"
            f"    </Placemark>
    <Placemark>
"
            f"      <name>Point 128</name>
"
            f"      <description>2026-03-22 06:48:52</description>
"
            f"      <Point>
"
            f"        <coordinates>34.80548502,32.16727620,-338.551</coordinates>
"
            f"      </Point>
"
            f"    </Placemark>
    <Placemark>
"
            f"      <name>Point 129</name>
"
            f"      <description>2026-03-22 06:48:54</description>
"
            f"      <Point>
"
            f"        <coordinates>34.80558862,32.16723256,-321.933</coordinates>
"
            f"      </Point>
"
            f"    </Placemark>
    <Placemark>
"
            f"      <name>Point 130</name>
"
            f"      <description>2026-03-22 06:48:56</description>
"
            f"      <Point>
"
            f"        <coordinates>34.80567625,32.16719243,-309.523</coordinates>
"
            f"      </Point>
"
            f"    </Placemark>
    <Placemark>
"
            f"      <name>Point 131</name>
"
            f"      <description>2026-03-22 06:48:58</description>
"
            f"      <Point>
"
            f"        <coordinates>34.80575035,32.16715318,-300.366</coordinates>
"
            f"      </Point>
"
            f"    </Placemark>
    <Placemark>
"
            f"      <name>Point 132</name>
"
            f"      <description>2026-03-22 06:49:00</description>
"
            f"      <Point>
"
            f"        <coordinates>34.80581106,32.16711578,-292.962</coordinates>
"
            f"      </Point>
"
            f"    </Placemark>
    <Placemark>
"
            f"      <name>Point 133</name>
"
            f"      <description>2026-03-22 06:49:02</description>
"
            f"      <Point>
"
            f"        <coordinates>34.80586095,32.16707784,-286.993</coordinates>
"
            f"      </Point>
"
            f"    </Placemark>
    <Placemark>
"
            f"      <name>Point 134</name>
"
            f"      <description>2026-03-22 06:49:04</description>
"
            f"      <Point>
"
            f"        <coordinates>34.80590211,32.16703749,-282.198</coordinates>
"
            f"      </Point>
"
            f"    </Placemark>
    <Placemark>
"
            f"      <name>Point 135</name>
"
            f"      <description>2026-03-22 06:49:06</description>
"
            f"      <Point>
"
            f"        <coordinates>34.80593618,32.16699334,-278.279</coordinates>
"
            f"      </Point>
"
            f"    </Placemark>
    <Placemark>
"
            f"      <name>Point 136</name>
"
            f"      <description>2026-03-22 06:49:08</description>
"
            f"      <Point>
"
            f"        <coordinates>34.80596458,32.16694534,-275.117</coordinates>
"
            f"      </Point>
"
            f"    </Placemark>
    <Placemark>
"
            f"      <name>Point 137</name>
"
            f"      <description>2026-03-22 06:49:10</description>
"
            f"      <Point>
"
            f"        <coordinates>34.80598726,32.16689468,-272.761</coordinates>
"
            f"      </Point>
"
            f"    </Placemark>
    <Placemark>
"
            f"      <name>Point 138</name>
"
            f"      <description>2026-03-22 06:49:12</description>
"
            f"      <Point>
"
            f"        <coordinates>34.80600124,32.16683570,-273.702</coordinates>
"
            f"      </Point>
"
            f"    </Placemark>
    <Placemark>
"
            f"      <name>Point 139</name>
"
            f"      <description>2026-03-22 06:49:14</description>
"
            f"      <Point>
"
            f"        <coordinates>34.80600499,32.16676501,-280.164</coordinates>
"
            f"      </Point>
"
            f"    </Placemark>
    <Placemark>
"
            f"      <name>Point 140</name>
"
            f"      <description>2026-03-22 06:49:16</description>
"
            f"      <Point>
"
            f"        <coordinates>34.80599802,32.16667977,-294.070</coordinates>
"
            f"      </Point>
"
            f"    </Placemark>
    <Placemark>
"
            f"      <name>Point 141</name>
"
            f"      <description>2026-03-22 06:49:18</description>
"
            f"      <Point>
"
            f"        <coordinates>34.80597975,32.16657599,-316.890</coordinates>
"
            f"      </Point>
"
            f"    </Placemark>
    <Placemark>
"
            f"      <name>Point 142</name>
"
            f"      <description>2026-03-22 06:49:20</description>
"
            f"      <Point>
"
            f"        <coordinates>34.80595057,32.16645020,-349.605</coordinates>
"
            f"      </Point>
"
            f"    </Placemark>
    <Placemark>
"
            f"      <name>Point 143</name>
"
            f"      <description>2026-03-22 06:49:22</description>
"
            f"      <Point>
"
            f"        <coordinates>34.80591075,32.16629743,-393.925</coordinates>
"
            f"      </Point>
"
            f"    </Placemark>
    <Placemark>
"
            f"      <name>Point 144</name>
"
            f"      <description>2026-03-22 06:49:24</description>
"
            f"      <Point>
"
            f"        <coordinates>34.80586816,32.16613624,-440.946</coordinates>
"
            f"      </Point>
"
            f"    </Placemark>
    <Placemark>
"
            f"      <name>Point 145</name>
"
            f"      <description>2026-03-22 06:49:26</description>
"
            f"      <Point>
"
            f"        <coordinates>34.80581934,32.16595838,-493.458</coordinates>
"
            f"      </Point>
"
            f"    </Placemark>
    <Placemark>
"
            f"      <name>Point 146</name>
"
            f"      <description>2026-03-22 06:49:28</description>
"
            f"      <Point>
"
            f"        <coordinates>34.80576539,32.16576780,-549.096</coordinates>
"
            f"      </Point>
"
            f"    </Placemark>
    <Placemark>
"
            f"      <name>Point 147</name>
"
            f"      <description>2026-03-22 06:49:30</description>
"
            f"      <Point>
"
            f"        <coordinates>34.80570617,32.16556873,-605.771</coordinates>
"
            f"      </Point>
"
            f"    </Placemark>
    <Placemark>
"
            f"      <name>Point 148</name>
"
            f"      <description>2026-03-22 06:49:32</description>
"
            f"      <Point>
"
            f"        <coordinates>34.80564283,32.16536875,-660.519</coordinates>
"
            f"      </Point>
"
            f"    </Placemark>
    <Placemark>
"
            f"      <name>Point 149</name>
"
            f"      <description>2026-03-22 06:49:34</description>
"
            f"      <Point>
"
            f"        <coordinates>34.80557623,32.16517558,-710.809</coordinates>
"
            f"      </Point>
"
            f"    </Placemark>
    <Placemark>
"
            f"      <name>Point 150</name>
"
            f"      <description>2026-03-22 06:49:36</description>
"
            f"      <Point>
"
            f"        <coordinates>34.80550742,32.16499641,-754.567</coordinates>
"
            f"      </Point>
"
            f"    </Placemark>
    <Placemark>
"
            f"      <name>Point 151</name>
"
            f"      <description>2026-03-22 06:49:38</description>
"
            f"      <Point>
"
            f"        <coordinates>34.80543739,32.16482457,-794.950</coordinates>
"
            f"      </Point>
"
            f"    </Placemark>
    <Placemark>
"
            f"      <name>Point 152</name>
"
            f"      <description>2026-03-22 06:49:40</description>
"
            f"      <Point>
"
            f"        <coordinates>34.80536439,32.16468359,-823.949</coordinates>
"
            f"      </Point>
"
            f"    </Placemark>
    <Placemark>
"
            f"      <name>Point 153</name>
"
            f"      <description>2026-03-22 06:49:42</description>
"
            f"      <Point>
"
            f"        <coordinates>34.80528828,32.16456206,-846.849</coordinates>
"
            f"      </Point>
"
            f"    </Placemark>
    <Placemark>
"
            f"      <name>Point 154</name>
"
            f"      <description>2026-03-22 06:49:44</description>
"
            f"      <Point>
"
            f"        <coordinates>34.80520958,32.16445921,-864.705</coordinates>
"
            f"      </Point>
"
            f"    </Placemark>
    <Placemark>
"
            f"      <name>Point 155</name>
"
            f"      <description>2026-03-22 06:49:46</description>
"
            f"      <Point>
"
            f"        <coordinates>34.80513079,32.16437282,-878.401</coordinates>
"
            f"      </Point>
"
            f"    </Placemark>
    <Placemark>
"
            f"      <name>Point 156</name>
"
            f"      <description>2026-03-22 06:49:48</description>
"
            f"      <Point>
"
            f"        <coordinates>34.80505448,32.16430099,-888.714</coordinates>
"
            f"      </Point>
"
            f"    </Placemark>
    <Placemark>
"
            f"      <name>Point 157</name>
"
            f"      <description>2026-03-22 06:49:50</description>
"
            f"      <Point>
"
            f"        <coordinates>34.80498292,32.16424008,-896.438</coordinates>
"
            f"      </Point>
"
            f"    </Placemark>
    <Placemark>
"
            f"      <name>Point 158</name>
"
            f"      <description>2026-03-22 06:49:52</description>
"
            f"      <Point>
"
            f"        <coordinates>34.80491797,32.16418626,-902.284</coordinates>
"
            f"      </Point>
"
            f"    </Placemark>
    <Placemark>
"
            f"      <name>Point 159</name>
"
            f"      <description>2026-03-22 06:49:54</description>
"
            f"      <Point>
"
            f"        <coordinates>34.80486047,32.16413636,-906.723</coordinates>
"
            f"      </Point>
"
            f"    </Placemark>
    <Placemark>
"
            f"      <name>Point 160</name>
"
            f"      <description>2026-03-22 06:49:56</description>
"
            f"      <Point>
"
            f"        <coordinates>34.80480743,32.16408694,-909.963</coordinates>
"
            f"      </Point>
"
            f"    </Placemark>
    <Placemark>
"
            f"      <name>Point 161</name>
"
            f"      <description>2026-03-22 06:49:58</description>
"
            f"      <Point>
"
            f"        <coordinates>34.80475655,32.16403583,-912.109</coordinates>
"
            f"      </Point>
"
            f"    </Placemark>
    <Placemark>
"
            f"      <name>Point 162</name>
"
            f"      <description>2026-03-22 06:50:00</description>
"
            f"      <Point>
"
            f"        <coordinates>34.80471269,32.16397819,-912.307</coordinates>
"
            f"      </Point>
"
            f"    </Placemark>
    <Placemark>
"
            f"      <name>Point 163</name>
"
            f"      <description>2026-03-22 06:50:02</description>
"
            f"      <Point>
"
            f"        <coordinates>34.80467977,32.16391047,-909.851</coordinates>
"
            f"      </Point>
"
            f"    </Placemark>
    <Placemark>
"
            f"      <name>Point 164</name>
"
            f"      <description>2026-03-22 06:50:04</description>
"
            f"      <Point>
"
            f"        <coordinates>34.80466069,32.16382970,-904.144</coordinates>
"
            f"      </Point>
"
            f"    </Placemark>
    <Placemark>
"
            f"      <name>Point 165</name>
"
            f"      <description>2026-03-22 06:50:06</description>
"
            f"      <Point>
"
            f"        <coordinates>34.80465984,32.16373524,-894.930</coordinates>
"
            f"      </Point>
"
            f"    </Placemark>
    <Placemark>
"
            f"      <name>Point 166</name>
"
            f"      <description>2026-03-22 06:50:08</description>
"
            f"      <Point>
"
            f"        <coordinates>34.80468056,32.16362619,-882.012</coordinates>
"
            f"      </Point>
"
            f"    </Placemark>
    <Placemark>
"
            f"      <name>Point 167</name>
"
            f"      <description>2026-03-22 06:50:10</description>
"
            f"      <Point>
"
            f"        <coordinates>34.80471879,32.16350619,-866.080</coordinates>
"
            f"      </Point>
"
            f"    </Placemark>
    <Placemark>
"
            f"      <name>Point 168</name>
"
            f"      <description>2026-03-22 06:50:12</description>
"
            f"      <Point>
"
            f"        <coordinates>34.80476475,32.16338252,-848.540</coordinates>
"
            f"      </Point>
"
            f"    </Placemark>
    <Placemark>
"
            f"      <name>Point 169</name>
"
            f"      <description>2026-03-22 06:50:14</description>
"
            f"      <Point>
"
            f"        <coordinates>34.80481270,32.16326229,-830.782</coordinates>
"
            f"      </Point>
"
            f"    </Placemark>
    <Placemark>
"
            f"      <name>Point 170</name>
"
            f"      <description>2026-03-22 06:50:16</description>
"
            f"      <Point>
"
            f"        <coordinates>34.80485769,32.16315100,-813.974</coordinates>
"
            f"      </Point>
"
            f"    </Placemark>
    <Placemark>
"
            f"      <name>Point 171</name>
"
            f"      <description>2026-03-22 06:50:18</description>
"
            f"      <Point>
"
            f"        <coordinates>34.80489746,32.16305432,-799.234</coordinates>
"
            f"      </Point>
"
            f"    </Placemark>
    <Placemark>
"
            f"      <name>Point 172</name>
"
            f"      <description>2026-03-22 06:50:20</description>
"
            f"      <Point>
"
            f"        <coordinates>34.80493023,32.16297675,-787.460</coordinates>
"
            f"      </Point>
"
            f"    </Placemark>
    <Placemark>
"
            f"      <name>Point 173</name>
"
            f"      <description>2026-03-22 06:50:22</description>
"
            f"      <Point>
"
            f"        <coordinates>34.80495528,32.16292267,-779.471</coordinates>
"
            f"      </Point>
"
            f"    </Placemark>
    <Placemark>
"
            f"      <name>Point 174</name>
"
            f"      <description>2026-03-22 06:50:24</description>
"
            f"      <Point>
"
            f"        <coordinates>34.80496990,32.16289428,-775.647</coordinates>
"
            f"      </Point>
"
            f"    </Placemark>
    <Placemark>
"
            f"      <name>Point 175</name>
"
            f"      <description>2026-03-22 06:50:26</description>
"
            f"      <Point>
"
            f"        <coordinates>34.80497206,32.16289313,-776.258</coordinates>
"
            f"      </Point>
"
            f"    </Placemark>
    <Placemark>
"
            f"      <name>Point 176</name>
"
            f"      <description>2026-03-22 06:50:28</description>
"
            f"      <Point>
"
            f"        <coordinates>34.80496425,32.16291376,-780.418</coordinates>
"
            f"      </Point>
"
            f"    </Placemark>
    <Placemark>
"
            f"      <name>Point 177</name>
"
            f"      <description>2026-03-22 06:50:30</description>
"
            f"      <Point>
"
            f"        <coordinates>34.80495498,32.16294712,-786.590</coordinates>
"
            f"      </Point>
"
            f"    </Placemark>
    <Placemark>
"
            f"      <name>Point 178</name>
"
            f"      <description>2026-03-22 06:50:32</description>
"
            f"      <Point>
"
            f"        <coordinates>34.80495691,32.16298082,-792.633</coordinates>
"
            f"      </Point>
"
            f"    </Placemark>
    <Placemark>
"
            f"      <name>Point 179</name>
"
            f"      <description>2026-03-22 06:50:34</description>
"
            f"      <Point>
"
            f"        <coordinates>34.80498746,32.16300252,-796.421</coordinates>
"
            f"      </Point>
"
            f"    </Placemark>
    <Placemark>
"
            f"      <name>Point 180</name>
"
            f"      <description>2026-03-22 06:50:36</description>
"
            f"      <Point>
"
            f"        <coordinates>34.80505252,32.16300412,-796.600</coordinates>
"
            f"      </Point>
"
            f"    </Placemark>
    <Placemark>
"
            f"      <name>Point 181</name>
"
            f"      <description>2026-03-22 06:50:38</description>
"
            f"      <Point>
"
            f"        <coordinates>34.80515099,32.16298462,-793.005</coordinates>
"
            f"      </Point>
"
            f"    </Placemark>
    <Placemark>
"
            f"      <name>Point 182</name>
"
            f"      <description>2026-03-22 06:50:40</description>
"
            f"      <Point>
"
            f"        <coordinates>34.80528124,32.16294243,-785.400</coordinates>
"
            f"      </Point>
"
            f"    </Placemark>
    <Placemark>
"
            f"      <name>Point 183</name>
"
            f"      <description>2026-03-22 06:50:42</description>
"
            f"      <Point>
"
            f"        <coordinates>34.80544135,32.16287559,-773.520</coordinates>
"
            f"      </Point>
"
            f"    </Placemark>
    <Placemark>
"
            f"      <name>Point 184</name>
"
            f"      <description>2026-03-22 06:50:44</description>
"
            f"      <Point>
"
            f"        <coordinates>34.80562306,32.16278541,-757.629</coordinates>
"
            f"      </Point>
"
            f"    </Placemark>
    <Placemark>
"
            f"      <name>Point 185</name>
"
            f"      <description>2026-03-22 06:50:46</description>
"
            f"      <Point>
"
            f"        <coordinates>34.80582205,32.16267656,-738.528</coordinates>
"
            f"      </Point>
"
            f"    </Placemark>
    <Placemark>
"
            f"      <name>Point 186</name>
"
            f"      <description>2026-03-22 06:50:48</description>
"
            f"      <Point>
"
            f"        <coordinates>34.80603430,32.16255499,-716.616</coordinates>
"
            f"      </Point>
"
            f"    </Placemark>
    <Placemark>
"
            f"      <name>Point 187</name>
"
            f"      <description>2026-03-22 06:50:50</description>
"
            f"      <Point>
"
            f"        <coordinates>34.80625084,32.16243094,-693.141</coordinates>
"
            f"      </Point>
"
            f"    </Placemark>
    <Placemark>
"
            f"      <name>Point 188</name>
"
            f"      <description>2026-03-22 06:50:52</description>
"
            f"      <Point>
"
            f"        <coordinates>34.80645787,32.16231519,-669.554</coordinates>
"
            f"      </Point>
"
            f"    </Placemark>
    <Placemark>
"
            f"      <name>Point 189</name>
"
            f"      <description>2026-03-22 06:50:54</description>
"
            f"      <Point>
"
            f"        <coordinates>34.80664358,32.16221764,-647.268</coordinates>
"
            f"      </Point>
"
            f"    </Placemark>
    <Placemark>
"
            f"      <name>Point 190</name>
"
            f"      <description>2026-03-22 06:50:56</description>
"
            f"      <Point>
"
            f"        <coordinates>34.80680430,32.16214090,-626.486</coordinates>
"
            f"      </Point>
"
            f"    </Placemark>
    <Placemark>
"
            f"      <name>Point 191</name>
"
            f"      <description>2026-03-22 06:50:58</description>
"
            f"      <Point>
"
            f"        <coordinates>34.80693771,32.16208225,-607.800</coordinates>
"
            f"      </Point>
"
            f"    </Placemark>
    <Placemark>
"
            f"      <name>Point 192</name>
"
            f"      <description>2026-03-22 06:51:00</description>
"
            f"      <Point>
"
            f"        <coordinates>34.80704244,32.16203985,-591.738</coordinates>
"
            f"      </Point>
"
            f"    </Placemark>
    <Placemark>
"
            f"      <name>Point 193</name>
"
            f"      <description>2026-03-22 06:51:02</description>
"
            f"      <Point>
"
            f"        <coordinates>34.80712397,32.16200951,-578.279</coordinates>
"
            f"      </Point>
"
            f"    </Placemark>
    <Placemark>
"
            f"      <name>Point 194</name>
"
            f"      <description>2026-03-22 06:51:04</description>
"
            f"      <Point>
"
            f"        <coordinates>34.80716971,32.16199201,-568.297</coordinates>
"
            f"      </Point>
"
            f"    </Placemark>
    <Placemark>
"
            f"      <name>Point 195</name>
"
            f"      <description>2026-03-22 06:51:06</description>
"
            f"      <Point>
"
            f"        <coordinates>34.80717013,32.16198574,-562.735</coordinates>
"
            f"      </Point>
"
            f"    </Placemark>
    <Placemark>
"
            f"      <name>Point 196</name>
"
            f"      <description>2026-03-22 06:51:08</description>
"
            f"      <Point>
"
            f"        <coordinates>34.80711758,32.16199199,-562.164</coordinates>
"
            f"      </Point>
"
            f"    </Placemark>
    <Placemark>
"
            f"      <name>Point 197</name>
"
            f"      <description>2026-03-22 06:51:10</description>
"
            f"      <Point>
"
            f"        <coordinates>34.80700545,32.16201146,-566.987</coordinates>
"
            f"      </Point>
"
            f"    </Placemark>
    <Placemark>
"
            f"      <name>Point 198</name>
"
            f"      <description>2026-03-22 06:51:12</description>
"
            f"      <Point>
"
            f"        <coordinates>34.80682899,32.16204519,-577.574</coordinates>
"
            f"      </Point>
"
            f"    </Placemark>
    <Placemark>
"
            f"      <name>Point 199</name>
"
            f"      <description>2026-03-22 06:51:14</description>
"
            f"      <Point>
"
            f"        <coordinates>34.80661886,32.16208492,-591.622</coordinates>
"
            f"      </Point>
"
            f"    </Placemark>
    <Placemark>
"
            f"      <name>Point 200</name>
"
            f"      <description>2026-03-22 06:51:16</description>
"
            f"      <Point>
"
            f"        <coordinates>34.80639875,32.16212867,-606.833</coordinates>
"
            f"      </Point>
"
            f"    </Placemark>
    <Placemark>
"
            f"      <name>Point 201</name>
"
            f"      <description>2026-03-22 06:51:18</description>
"
            f"      <Point>
"
            f"        <coordinates>34.80618059,32.16216556,-619.729</coordinates>
"
            f"      </Point>
"
            f"    </Placemark>
    <Placemark>
"
            f"      <name>Point 202</name>
"
            f"      <description>2026-03-22 06:51:20</description>
"
            f"      <Point>
"
            f"        <coordinates>34.80597803,32.16217878,-626.163</coordinates>
"
            f"      </Point>
"
            f"    </Placemark>
    <Placemark>
"
            f"      <name>Point 203</name>
"
            f"      <description>2026-03-22 06:51:22</description>
"
            f"      <Point>
"
            f"        <coordinates>34.80581807,32.16215388,-620.794</coordinates>
"
            f"      </Point>
"
            f"    </Placemark>
    <Placemark>
"
            f"      <name>Point 204</name>
"
            f"      <description>2026-03-22 06:51:24</description>
"
            f"      <Point>
"
            f"        <coordinates>34.80570228,32.16208064,-600.421</coordinates>
"
            f"      </Point>
"
            f"    </Placemark>
    <Placemark>
"
            f"      <name>Point 205</name>
"
            f"      <description>2026-03-22 06:51:26</description>
"
            f"      <Point>
"
            f"        <coordinates>34.80565971,32.16191972,-553.850</coordinates>
"
            f"      </Point>
"
            f"    </Placemark>
    <Placemark>
"
            f"      <name>Point 206</name>
"
            f"      <description>2026-03-22 06:51:28</description>
"
            f"      <Point>
"
            f"        <coordinates>34.80564628,32.16173460,-498.975</coordinates>
"
            f"      </Point>
"
            f"    </Placemark>
    <Placemark>
"
            f"      <name>Point 207</name>
"
            f"      <description>2026-03-22 06:51:30</description>
"
            f"      <Point>
"
            f"        <coordinates>34.80567503,32.16150295,-429.306</coordinates>
"
            f"      </Point>
"
            f"    </Placemark>
    <Placemark>
"
            f"      <name>Point 208</name>
"
            f"      <description>2026-03-22 06:51:32</description>
"
            f"      <Point>
"
            f"        <coordinates>34.80573756,32.16123549,-347.449</coordinates>
"
            f"      </Point>
"
            f"    </Placemark>
    <Placemark>
"
            f"      <name>Point 209</name>
"
            f"      <description>2026-03-22 06:51:34</description>
"
            f"      <Point>
"
            f"        <coordinates>34.80581492,32.16094821,-258.229</coordinates>
"
            f"      </Point>
"
            f"    </Placemark>
    <Placemark>
"
            f"      <name>Point 210</name>
"
            f"      <description>2026-03-22 06:51:36</description>
"
            f"      <Point>
"
            f"        <coordinates>34.80589092,32.16065869,-166.420</coordinates>
"
            f"      </Point>
"
            f"    </Placemark>
    <Placemark>
"
            f"      <name>Point 211</name>
"
            f"      <description>2026-03-22 06:51:38</description>
"
            f"      <Point>
"
            f"        <coordinates>34.80595673,32.16038327,-77.064</coordinates>
"
            f"      </Point>
"
            f"    </Placemark>
    <Placemark>
"
            f"      <name>Point 212</name>
"
            f"      <description>2026-03-22 06:51:40</description>
"
            f"      <Point>
"
            f"        <coordinates>34.80601183,32.16013749,5.820</coordinates>
"
            f"      </Point>
"
            f"    </Placemark>
    <Placemark>
"
            f"      <name>Point 213</name>
"
            f"      <description>2026-03-22 06:51:42</description>
"
            f"      <Point>
"
            f"        <coordinates>34.80605806,32.15992829,78.221</coordinates>
"
            f"      </Point>
"
            f"    </Placemark>
    <Placemark>
"
            f"      <name>Point 214</name>
"
            f"      <description>2026-03-22 06:51:44</description>
"
            f"      <Point>
"
            f"        <coordinates>34.80609693,32.15975371,137.644</coordinates>
"
            f"      </Point>
"
            f"    </Placemark>
    <Placemark>
"
            f"      <name>Point 215</name>
"
            f"      <description>2026-03-22 06:51:46</description>
"
            f"      <Point>
"
            f"        <coordinates>34.80613728,32.15959955,190.454</coordinates>
"
            f"      </Point>
"
            f"    </Placemark>
    <Placemark>
"
            f"      <name>Point 216</name>
"
            f"      <description>2026-03-22 06:51:48</description>
"
            f"      <Point>
"
            f"        <coordinates>34.80615715,32.15946808,217.718</coordinates>
"
            f"      </Point>
"
            f"    </Placemark>
    <Placemark>
"
            f"      <name>Point 217</name>
"
            f"      <description>2026-03-22 06:51:50</description>
"
            f"      <Point>
"
            f"        <coordinates>34.80614625,32.15932368,226.167</coordinates>
"
            f"      </Point>
"
            f"    </Placemark>
    <Placemark>
"
            f"      <name>Point 218</name>
"
            f"      <description>2026-03-22 06:51:52</description>
"
            f"      <Point>
"
            f"        <coordinates>34.80608155,32.15915317,214.195</coordinates>
"
            f"      </Point>
"
            f"    </Placemark>
    <Placemark>
"
            f"      <name>Point 219</name>
"
            f"      <description>2026-03-22 06:51:54</description>
"
            f"      <Point>
"
            f"        <coordinates>34.80589995,32.15893587,171.472</coordinates>
"
            f"      </Point>
"
            f"    </Placemark>
    <Placemark>
"
            f"      <name>Point 220</name>
"
            f"      <description>2026-03-22 06:51:56</description>
"
            f"      <Point>
"
            f"        <coordinates>34.80567962,32.15870356,120.244</coordinates>
"
            f"      </Point>
"
            f"    </Placemark>
    <Placemark>
"
            f"      <name>Point 221</name>
"
            f"      <description>2026-03-22 06:51:58</description>
"
            f"      <Point>
"
            f"        <coordinates>34.80538227,32.15844587,51.825</coordinates>
"
            f"      </Point>
"
            f"    </Placemark>
    <Placemark>
"
            f"      <name>Point 222</name>
"
            f"      <description>2026-03-22 06:52:00</description>
"
            f"      <Point>
"
            f"        <coordinates>34.80501571,32.15816805,-30.643</coordinates>
"
            f"      </Point>
"
            f"    </Placemark>
    <Placemark>
"
            f"      <name>Point 223</name>
"
            f"      <description>2026-03-22 06:52:02</description>
"
            f"      <Point>
"
            f"        <coordinates>34.80459708,32.15787743,-123.216</coordinates>
"
            f"      </Point>
"
            f"    </Placemark>
    <Placemark>
"
            f"      <name>Point 224</name>
"
            f"      <description>2026-03-22 06:52:04</description>
"
            f"      <Point>
"
            f"        <coordinates>34.80414819,32.15758092,-221.022</coordinates>
"
            f"      </Point>
"
            f"    </Placemark>
    <Placemark>
"
            f"      <name>Point 225</name>
"
            f"      <description>2026-03-22 06:52:06</description>
"
            f"      <Point>
"
            f"        <coordinates>34.80369645,32.15728599,-318.558</coordinates>
"
            f"      </Point>
"
            f"    </Placemark>
    <Placemark>
"
            f"      <name>Point 226</name>
"
            f"      <description>2026-03-22 06:52:08</description>
"
            f"      <Point>
"
            f"        <coordinates>34.80327449,32.15699595,-410.076</coordinates>
"
            f"      </Point>
"
            f"    </Placemark>
    <Placemark>
"
            f"      <name>Point 227</name>
"
            f"      <description>2026-03-22 06:52:10</description>
"
            f"      <Point>
"
            f"        <coordinates>34.80291212,32.15671335,-490.893</coordinates>
"
            f"      </Point>
"
            f"    </Placemark>
    <Placemark>
"
            f"      <name>Point 228</name>
"
            f"      <description>2026-03-22 06:52:12</description>
"
            f"      <Point>
"
            f"        <coordinates>34.80262836,32.15643798,-557.975</coordinates>
"
            f"      </Point>
"
            f"    </Placemark>
    <Placemark>
"
            f"      <name>Point 229</name>
"
            f"      <description>2026-03-22 06:52:14</description>
"
            f"      <Point>
"
            f"        <coordinates>34.80243711,32.15616497,-609.846</coordinates>
"
            f"      </Point>
"
            f"    </Placemark>
    <Placemark>
"
            f"      <name>Point 230</name>
"
            f"      <description>2026-03-22 06:52:16</description>
"
            f"      <Point>
"
            f"        <coordinates>34.80229491,32.15589353,-653.689</coordinates>
"
            f"      </Point>
"
            f"    </Placemark>
    <Placemark>
"
            f"      <name>Point 231</name>
"
            f"      <description>2026-03-22 06:52:18</description>
"
            f"      <Point>
"
            f"        <coordinates>34.80229118,32.15560906,-676.170</coordinates>
"
            f"      </Point>
"
            f"    </Placemark>
    <Placemark>
"
            f"      <name>Point 232</name>
"
            f"      <description>2026-03-22 06:52:20</description>
"
            f"      <Point>
"
            f"        <coordinates>34.80236870,32.15530854,-686.843</coordinates>
"
            f"      </Point>
"
            f"    </Placemark>
    <Placemark>
"
            f"      <name>Point 233</name>
"
            f"      <description>2026-03-22 06:52:22</description>
"
            f"      <Point>
"
            f"        <coordinates>34.80250535,32.15499743,-688.816</coordinates>
"
            f"      </Point>
"
            f"    </Placemark>
    <Placemark>
"
            f"      <name>Point 234</name>
"
            f"      <description>2026-03-22 06:52:24</description>
"
            f"      <Point>
"
            f"        <coordinates>34.80268464,32.15468104,-684.687</coordinates>
"
            f"      </Point>
"
            f"    </Placemark>
    <Placemark>
"
            f"      <name>Point 235</name>
"
            f"      <description>2026-03-22 06:52:26</description>
"
            f"      <Point>
"
            f"        <coordinates>34.80289994,32.15436908,-675.311</coordinates>
"
            f"      </Point>
"
            f"    </Placemark>
    <Placemark>
"
            f"      <name>Point 236</name>
"
            f"      <description>2026-03-22 06:52:28</description>
"
            f"      <Point>
"
            f"        <coordinates>34.80311525,32.15405712,-665.935</coordinates>
"
            f"      </Point>
"
            f"    </Placemark>
    <Placemark>
"
            f"      <name>Point 237</name>
"
            f"      <description>2026-03-22 06:52:30</description>
"
            f"      <Point>
"
            f"        <coordinates>34.80333250,32.15376795,-654.871</coordinates>
"
            f"      </Point>
"
            f"    </Placemark>
    <Placemark>
"
            f"      <name>Point 238</name>
"
            f"      <description>2026-03-22 06:52:32</description>
"
            f"      <Point>
"
            f"        <coordinates>34.80354147,32.15349976,-643.775</coordinates>
"
            f"      </Point>
"
            f"    </Placemark>
    <Placemark>
"
            f"      <name>Point 239</name>
"
            f"      <description>2026-03-22 06:52:34</description>
"
            f"      <Point>
"
            f"        <coordinates>34.80373915,32.15325417,-633.073</coordinates>
"
            f"      </Point>
"
            f"    </Placemark>
    <Placemark>
"
            f"      <name>Point 240</name>
"
            f"      <description>2026-03-22 06:52:36</description>
"
            f"      <Point>
"
            f"        <coordinates>34.80391946,32.15303487,-623.321</coordinates>
"
            f"      </Point>
"
            f"    </Placemark>
    <Placemark>
"
            f"      <name>Point 241</name>
"
            f"      <description>2026-03-22 06:52:38</description>
"
            f"      <Point>
"
            f"        <coordinates>34.80407843,32.15284446,-614.913</coordinates>
"
            f"      </Point>
"
            f"    </Placemark>
    <Placemark>
"
            f"      <name>Point 242</name>
"
            f"      <description>2026-03-22 06:52:40</description>
"
            f"      <Point>
"
            f"        <coordinates>34.80421649,32.15268284,-607.781</coordinates>
"
            f"      </Point>
"
            f"    </Placemark>
    <Placemark>
"
            f"      <name>Point 243</name>
"
            f"      <description>2026-03-22 06:52:42</description>
"
            f"      <Point>
"
            f"        <coordinates>34.80433280,32.15254935,-601.742</coordinates>
"
            f"      </Point>
"
            f"    </Placemark>
    <Placemark>
"
            f"      <name>Point 244</name>
"
            f"      <description>2026-03-22 06:52:44</description>
"
            f"      <Point>
"
            f"        <coordinates>34.80442672,32.15244464,-596.566</coordinates>
"
            f"      </Point>
"
            f"    </Placemark>
    <Placemark>
"
            f"      <name>Point 245</name>
"
            f"      <description>2026-03-22 06:52:46</description>
"
            f"      <Point>
"
            f"        <coordinates>34.80450133,32.15236569,-591.920</coordinates>
"
            f"      </Point>
"
            f"    </Placemark>
    <Placemark>
"
            f"      <name>Point 246</name>
"
            f"      <description>2026-03-22 06:52:48</description>
"
            f"      <Point>
"
            f"        <coordinates>34.80456034,32.15230870,-587.579</coordinates>
"
            f"      </Point>
"
            f"    </Placemark>
    <Placemark>
"
            f"      <name>Point 247</name>
"
            f"      <description>2026-03-22 06:52:50</description>
"
            f"      <Point>
"
            f"        <coordinates>34.80460704,32.15226972,-583.495</coordinates>
"
            f"      </Point>
"
            f"    </Placemark>
    <Placemark>
"
            f"      <name>Point 248</name>
"
            f"      <description>2026-03-22 06:52:52</description>
"
            f"      <Point>
"
            f"        <coordinates>34.80464429,32.15224549,-579.658</coordinates>
"
            f"      </Point>
"
            f"    </Placemark>
    <Placemark>
"
            f"      <name>Point 249</name>
"
            f"      <description>2026-03-22 06:52:54</description>
"
            f"      <Point>
"
            f"        <coordinates>34.80467414,32.15223128,-576.166</coordinates>
"
            f"      </Point>
"
            f"    </Placemark>
    <Placemark>
"
            f"      <name>Point 250</name>
"
            f"      <description>2026-03-22 06:52:56</description>
"
            f"      <Point>
"
            f"        <coordinates>34.80470495,32.15223715,-567.508</coordinates>
"
            f"      </Point>
"
            f"    </Placemark>
    <Placemark>
"
            f"      <name>Point 251</name>
"
            f"      <description>2026-03-22 06:52:58</description>
"
            f"      <Point>
"
            f"        <coordinates>34.80474303,32.15227119,-549.280</coordinates>
"
            f"      </Point>
"
            f"    </Placemark>
    <Placemark>
"
            f"      <name>Point 252</name>
"
            f"      <description>2026-03-22 06:53:00</description>
"
            f"      <Point>
"
            f"        <coordinates>34.80478860,32.15232808,-523.640</coordinates>
"
            f"      </Point>
"
            f"    </Placemark>
    <Placemark>
"
            f"      <name>Point 253</name>
"
            f"      <description>2026-03-22 06:53:02</description>
"
            f"      <Point>
"
            f"        <coordinates>34.80484323,32.15240312,-492.507</coordinates>
"
            f"      </Point>
"
            f"    </Placemark>
    <Placemark>
"
            f"      <name>Point 254</name>
"
            f"      <description>2026-03-22 06:53:04</description>
"
            f"      <Point>
"
            f"        <coordinates>34.80491238,32.15249628,-457.893</coordinates>
"
            f"      </Point>
"
            f"    </Placemark>
    <Placemark>
"
            f"      <name>Point 255</name>
"
            f"      <description>2026-03-22 06:53:06</description>
"
            f"      <Point>
"
            f"        <coordinates>34.80499375,32.15259306,-427.055</coordinates>
"
            f"      </Point>
"
            f"    </Placemark>
    <Placemark>
"
            f"      <name>Point 256</name>
"
            f"      <description>2026-03-22 06:53:08</description>
"
            f"      <Point>
"
            f"        <coordinates>34.80507647,32.15268607,-406.427</coordinates>
"
            f"      </Point>
"
            f"    </Placemark>
    <Placemark>
"
            f"      <name>Point 257</name>
"
            f"      <description>2026-03-22 06:53:10</description>
"
            f"      <Point>
"
            f"        <coordinates>34.80515668,32.15278141,-395.386</coordinates>
"
            f"      </Point>
"
            f"    </Placemark>
    <Placemark>
"
            f"      <name>Point 258</name>
"
            f"      <description>2026-03-22 06:53:12</description>
"
            f"      <Point>
"
            f"        <coordinates>34.80523005,32.15288355,-393.250</coordinates>
"
            f"      </Point>
"
            f"    </Placemark>
    <Placemark>
"
            f"      <name>Point 259</name>
"
            f"      <description>2026-03-22 06:53:14</description>
"
            f"      <Point>
"
            f"        <coordinates>34.80528308,32.15297741,-404.395</coordinates>
"
            f"      </Point>
"
            f"    </Placemark>
    <Placemark>
"
            f"      <name>Point 260</name>
"
            f"      <description>2026-03-22 06:53:16</description>
"
            f"      <Point>
"
            f"        <coordinates>34.80530499,32.15305086,-432.327</coordinates>
"
            f"      </Point>
"
            f"    </Placemark>
    <Placemark>
"
            f"      <name>Point 261</name>
"
            f"      <description>2026-03-22 06:53:18</description>
"
            f"      <Point>
"
            f"        <coordinates>34.80529086,32.15308991,-478.778</coordinates>
"
            f"      </Point>
"
            f"    </Placemark>
    <Placemark>
"
            f"      <name>Point 262</name>
"
            f"      <description>2026-03-22 06:53:20</description>
"
            f"      <Point>
"
            f"        <coordinates>34.80526478,32.15311403,-529.036</coordinates>
"
            f"      </Point>
"
            f"    </Placemark>
    <Placemark>
"
            f"      <name>Point 263</name>
"
            f"      <description>2026-03-22 06:53:22</description>
"
            f"      <Point>
"
            f"        <coordinates>34.80521789,32.15310295,-585.444</coordinates>
"
            f"      </Point>
"
            f"    </Placemark>
    <Placemark>
"
            f"      <name>Point 264</name>
"
            f"      <description>2026-03-22 06:53:24</description>
"
            f"      <Point>
"
            f"        <coordinates>34.80515587,32.15304634,-643.985</coordinates>
"
            f"      </Point>
"
            f"    </Placemark>
    <Placemark>
"
            f"      <name>Point 265</name>
"
            f"      <description>2026-03-22 06:53:26</description>
"
            f"      <Point>
"
            f"        <coordinates>34.80508330,32.15292412,-702.513</coordinates>
"
            f"      </Point>
"
            f"    </Placemark>
    <Placemark>
"
            f"      <name>Point 266</name>
"
            f"      <description>2026-03-22 06:53:28</description>
"
            f"      <Point>
"
            f"        <coordinates>34.80500949,32.15272017,-759.010</coordinates>
"
            f"      </Point>
"
            f"    </Placemark>
    <Placemark>
"
            f"      <name>Point 267</name>
"
            f"      <description>2026-03-22 06:53:30</description>
"
            f"      <Point>
"
            f"        <coordinates>34.80494044,32.15241834,-814.943</coordinates>
"
            f"      </Point>
"
            f"    </Placemark>
    <Placemark>
"
            f"      <name>Point 268</name>
"
            f"      <description>2026-03-22 06:53:32</description>
"
            f"      <Point>
"
            f"        <coordinates>34.80488183,32.15202119,-870.525</coordinates>
"
            f"      </Point>
"
            f"    </Placemark>
    <Placemark>
"
            f"      <name>Point 269</name>
"
            f"      <description>2026-03-22 06:53:34</description>
"
            f"      <Point>
"
            f"        <coordinates>34.80483429,32.15153526,-926.439</coordinates>
"
            f"      </Point>
"
            f"    </Placemark>
    <Placemark>
"
            f"      <name>Point 270</name>
"
            f"      <description>2026-03-22 06:53:36</description>
"
            f"      <Point>
"
            f"        <coordinates>34.80480465,32.15098564,-983.166</coordinates>
"
            f"      </Point>
"
            f"    </Placemark>
    <Placemark>
"
            f"      <name>Point 271</name>
"
            f"      <description>2026-03-22 06:53:38</description>
"
            f"      <Point>
"
            f"        <coordinates>34.80479342,32.15039443,-1041.329</coordinates>
"
            f"      </Point>
"
            f"    </Placemark>
    <Placemark>
"
            f"      <name>Point 272</name>
"
            f"      <description>2026-03-22 06:53:40</description>
"
            f"      <Point>
"
            f"        <coordinates>34.80480694,32.14979951,-1101.471</coordinates>
"
            f"      </Point>
"
            f"    </Placemark>
    <Placemark>
"
            f"      <name>Point 273</name>
"
            f"      <description>2026-03-22 06:53:42</description>
"
            f"      <Point>
"
            f"        <coordinates>34.80485012,32.14923116,-1163.987</coordinates>
"
            f"      </Point>
"
            f"    </Placemark>
    <Placemark>
"
            f"      <name>Point 274</name>
"
            f"      <description>2026-03-22 06:53:44</description>
"
            f"      <Point>
"
            f"        <coordinates>34.80492703,32.14872800,-1228.381</coordinates>
"
            f"      </Point>
"
            f"    </Placemark>
    <Placemark>
"
            f"      <name>Point 275</name>
"
            f"      <description>2026-03-22 06:53:46</description>
"
            f"      <Point>
"
            f"        <coordinates>34.80503406,32.14831432,-1293.316</coordinates>
"
            f"      </Point>
"
            f"    </Placemark>
    <Placemark>
"
            f"      <name>Point 276</name>
"
            f"      <description>2026-03-22 06:53:48</description>
"
            f"      <Point>
"
            f"        <coordinates>34.80516877,32.14800873,-1357.857</coordinates>
"
            f"      </Point>
"
            f"    </Placemark>
    <Placemark>
"
            f"      <name>Point 277</name>
"
            f"      <description>2026-03-22 06:53:50</description>
"
            f"      <Point>
"
            f"        <coordinates>34.80532378,32.14780427,-1421.208</coordinates>
"
            f"      </Point>
"
            f"    </Placemark>
    <Placemark>
"
            f"      <name>Point 278</name>
"
            f"      <description>2026-03-22 06:53:52</description>
"
            f"      <Point>
"
            f"        <coordinates>34.80549366,32.14769465,-1482.837</coordinates>
"
            f"      </Point>
"
            f"    </Placemark>
    <Placemark>
"
            f"      <name>Point 279</name>
"
            f"      <description>2026-03-22 06:53:54</description>
"
            f"      <Point>
"
            f"        <coordinates>34.80567046,32.14765451,-1542.044</coordinates>
"
            f"      </Point>
"
            f"    </Placemark>
    <Placemark>
"
            f"      <name>Point 280</name>
"
            f"      <description>2026-03-22 06:53:56</description>
"
            f"      <Point>
"
            f"        <coordinates>34.80584839,32.14766400,-1598.290</coordinates>
"
            f"      </Point>
"
            f"    </Placemark>
    <Placemark>
"
            f"      <name>Point 281</name>
"
            f"      <description>2026-03-22 06:53:58</description>
"
            f"      <Point>
"
            f"        <coordinates>34.80601301,32.14770084,-1648.769</coordinates>
"
            f"      </Point>
"
            f"    </Placemark>
    <Placemark>
"
            f"      <name>Point 282</name>
"
            f"      <description>2026-03-22 06:54:00</description>
"
            f"      <Point>
"
            f"        <coordinates>34.80617320,32.14775115,-1696.911</coordinates>
"
            f"      </Point>
"
            f"    </Placemark>
    <Placemark>
"
            f"      <name>Point 283</name>
"
            f"      <description>2026-03-22 06:54:02</description>
"
            f"      <Point>
"
            f"        <coordinates>34.80626685,32.14779048,-1727.930</coordinates>
"
            f"      </Point>
"
            f"    </Placemark>
    <Placemark>
"
            f"      <name>Point 284</name>
"
            f"      <description>2026-03-22 06:54:04</description>
"
            f"      <Point>
"
            f"        <coordinates>34.80628514,32.14779585,-1742.321</coordinates>
"
            f"      </Point>
"
            f"    </Placemark>
    <Placemark>
"
            f"      <name>Point 285</name>
"
            f"      <description>2026-03-22 06:54:06</description>
"
            f"      <Point>
"
            f"        <coordinates>34.80621906,32.14776227,-1739.286</coordinates>
"
            f"      </Point>
"
            f"    </Placemark>
    <Placemark>
"
            f"      <name>Point 286</name>
"
            f"      <description>2026-03-22 06:54:08</description>
"
            f"      <Point>
"
            f"        <coordinates>34.80606165,32.14768673,-1718.151</coordinates>
"
            f"      </Point>
"
            f"    </Placemark>
    <Placemark>
"
            f"      <name>Point 287</name>
"
            f"      <description>2026-03-22 06:54:10</description>
"
            f"      <Point>
"
            f"        <coordinates>34.80578034,32.14755775,-1673.595</coordinates>
"
            f"      </Point>
"
            f"    </Placemark>
    <Placemark>
"
            f"      <name>Point 288</name>
"
            f"      <description>2026-03-22 06:54:12</description>
"
            f"      <Point>
"
            f"        <coordinates>34.80546863,32.14741881,-1623.590</coordinates>
"
            f"      </Point>
"
            f"    </Placemark>
    <Placemark>
"
            f"      <name>Point 289</name>
"
            f"      <description>2026-03-22 06:54:14</description>
"
            f"      <Point>
"
            f"        <coordinates>34.80509736,32.14725843,-1562.388</coordinates>
"
            f"      </Point>
"
            f"    </Placemark>
    <Placemark>
"
            f"      <name>Point 290</name>
"
            f"      <description>2026-03-22 06:54:16</description>
"
            f"      <Point>
"
            f"        <coordinates>34.80468408,32.14708318,-1493.273</coordinates>
"
            f"      </Point>
"
            f"    </Placemark>
    <Placemark>
"
            f"      <name>Point 291</name>
"
            f"      <description>2026-03-22 06:54:18</description>
"
            f"      <Point>
"
            f"        <coordinates>34.80425285,32.14690056,-1419.682</coordinates>
"
            f"      </Point>
"
            f"    </Placemark>
    <Placemark>
"
            f"      <name>Point 292</name>
"
            f"      <description>2026-03-22 06:54:20</description>
"
            f"      <Point>
"
            f"        <coordinates>34.80383137,32.14671642,-1345.252</coordinates>
"
            f"      </Point>
"
            f"    </Placemark>
    <Placemark>
"
            f"      <name>Point 293</name>
"
            f"      <description>2026-03-22 06:54:22</description>
"
            f"      <Point>
"
            f"        <coordinates>34.80345266,32.14653819,-1273.422</coordinates>
"
            f"      </Point>
"
            f"    </Placemark>
    <Placemark>
"
            f"      <name>Point 294</name>
"
            f"      <description>2026-03-22 06:54:24</description>
"
            f"      <Point>
"
            f"        <coordinates>34.80314169,32.14636459,-1205.574</coordinates>
"
            f"      </Point>
"
            f"    </Placemark>
    <Placemark>
"
            f"      <name>Point 295</name>
"
            f"      <description>2026-03-22 06:54:26</description>
"
            f"      <Point>
"
            f"        <coordinates>34.80292062,32.14619489,-1139.065</coordinates>
"
            f"      </Point>
"
            f"    </Placemark>
    <Placemark>
"
            f"      <name>Point 296</name>
"
            f"      <description>2026-03-22 06:54:28</description>
"
            f"      <Point>
"
            f"        <coordinates>34.80279661,32.14601781,-1069.799</coordinates>
"
            f"      </Point>
"
            f"    </Placemark>
    <Placemark>
"
            f"      <name>Point 297</name>
"
            f"      <description>2026-03-22 06:54:30</description>
"
            f"      <Point>
"
            f"        <coordinates>34.80277217,32.14582446,-991.131</coordinates>
"
            f"      </Point>
"
            f"    </Placemark>
    <Placemark>
"
            f"      <name>Point 298</name>
"
            f"      <description>2026-03-22 06:54:32</description>
"
            f"      <Point>
"
            f"        <coordinates>34.80283802,32.14560469,-897.202</coordinates>
"
            f"      </Point>
"
            f"    </Placemark>
    <Placemark>
"
            f"      <name>Point 299</name>
"
            f"      <description>2026-03-22 06:54:34</description>
"
            f"      <Point>
"
            f"        <coordinates>34.80298474,32.14535797,-784.766</coordinates>
"
            f"      </Point>
"
            f"    </Placemark>
    <Placemark>
"
            f"      <name>Point 300</name>
"
            f"      <description>2026-03-22 06:54:36</description>
"
            f"      <Point>
"
            f"        <coordinates>34.80319453,32.14508398,-653.955</coordinates>
"
            f"      </Point>
"
            f"    </Placemark>
    <Placemark>
"
            f"      <name>Point 301</name>
"
            f"      <description>2026-03-22 06:54:38</description>
"
            f"      <Point>
"
            f"        <coordinates>34.80344674,32.14478866,-509.033</coordinates>
"
            f"      </Point>
"
            f"    </Placemark>
    <Placemark>
"
            f"      <name>Point 302</name>
"
            f"      <description>2026-03-22 06:54:40</description>
"
            f"      <Point>
"
            f"        <coordinates>34.80371708,32.14447720,-356.076</coordinates>
"
            f"      </Point>
"
            f"    </Placemark>
    <Placemark>
"
            f"      <name>Point 303</name>
"
            f"      <description>2026-03-22 06:54:42</description>
"
            f"      <Point>
"
            f"        <coordinates>34.80398396,32.14415876,-203.928</coordinates>
"
            f"      </Point>
"
            f"    </Placemark>
    <Placemark>
"
            f"      <name>Point 304</name>
"
            f"      <description>2026-03-22 06:54:44</description>
"
            f"      <Point>
"
            f"        <coordinates>34.80422783,32.14383851,-62.161</coordinates>
"
            f"      </Point>
"
            f"    </Placemark>
    <Placemark>
"
            f"      <name>Point 305</name>
"
            f"      <description>2026-03-22 06:54:46</description>
"
            f"      <Point>
"
            f"        <coordinates>34.80444099,32.14352465,59.845</coordinates>
"
            f"      </Point>
"
            f"    </Placemark>
    <Placemark>
"
            f"      <name>Point 306</name>
"
            f"      <description>2026-03-22 06:54:48</description>
"
            f"      <Point>
"
            f"        <coordinates>34.80462622,32.14322030,154.343</coordinates>
"
            f"      </Point>
"
            f"    </Placemark>
    <Placemark>
"
            f"      <name>Point 307</name>
"
            f"      <description>2026-03-22 06:54:50</description>
"
            f"      <Point>
"
            f"        <coordinates>34.80479102,32.14292522,214.718</coordinates>
"
            f"      </Point>
"
            f"    </Placemark>
    <Placemark>
"
            f"      <name>Point 308</name>
"
            f"      <description>2026-03-22 06:54:52</description>
"
            f"      <Point>
"
            f"        <coordinates>34.80494559,32.14263479,257.773</coordinates>
"
            f"      </Point>
"
            f"    </Placemark>
    <Placemark>
"
            f"      <name>Point 309</name>
"
            f"      <description>2026-03-22 06:54:54</description>
"
            f"      <Point>
"
            f"        <coordinates>34.80508157,32.14235040,243.163</coordinates>
"
            f"      </Point>
"
            f"    </Placemark>
    <Placemark>
"
            f"      <name>Point 310</name>
"
            f"      <description>2026-03-22 06:54:58</description>
"
            f"      <Point>
"
            f"        <coordinates>34.80519286,32.14206986,181.185</coordinates>
"
            f"      </Point>
"
            f"    </Placemark>
    <Placemark>
"
            f"      <name>Point 311</name>
"
            f"      <description>2026-03-22 06:55:00</description>
"
            f"      <Point>
"
            f"        <coordinates>34.80531062,32.14179349,111.894</coordinates>
"
            f"      </Point>
"
            f"    </Placemark>
    <Placemark>
"
            f"      <name>Point 312</name>
"
            f"      <description>2026-03-22 06:55:02</description>
"
            f"      <Point>
"
            f"        <coordinates>34.80543993,32.14152623,26.799</coordinates>
"
            f"      </Point>
"
            f"    </Placemark>
    <Placemark>
"
            f"      <name>Point 313</name>
"
            f"      <description>2026-03-22 06:55:04</description>
"
            f"      <Point>
"
            f"        <coordinates>34.80560024,32.14127024,-65.691</coordinates>
"
            f"      </Point>
"
            f"    </Placemark>
    <Placemark>
"
            f"      <name>Point 314</name>
"
            f"      <description>2026-03-22 06:55:06</description>
"
            f"      <Point>
"
            f"        <coordinates>34.80580407,32.14103038,-158.372</coordinates>
"
            f"      </Point>
"
            f"    </Placemark>
    <Placemark>
"
            f"      <name>Point 315</name>
"
            f"      <description>2026-03-22 06:55:08</description>
"
            f"      <Point>
"
            f"        <coordinates>34.80605280,32.14081008,-247.401</coordinates>
"
            f"      </Point>
"
            f"    </Placemark>
    <Placemark>
"
            f"      <name>Point 316</name>
"
            f"      <description>2026-03-22 06:55:10</description>
"
            f"      <Point>
"
            f"        <coordinates>34.80634573,32.14061330,-328.889</coordinates>
"
            f"      </Point>
"
            f"    </Placemark>
    <Placemark>
"
            f"      <name>Point 317</name>
"
            f"      <description>2026-03-22 06:55:12</description>
"
            f"      <Point>
"
            f"        <coordinates>34.80668139,32.14044310,-401.743</coordinates>
"
            f"      </Point>
"
            f"    </Placemark>
    <Placemark>
"
            f"      <name>Point 318</name>
"
            f"      <description>2026-03-22 06:55:14</description>
"
            f"      <Point>
"
            f"        <coordinates>34.80706799,32.14030322,-465.319</coordinates>
"
            f"      </Point>
"
            f"    </Placemark>
    <Placemark>
"
            f"      <name>Point 319</name>
"
            f"      <description>2026-03-22 06:55:16</description>
"
            f"      <Point>
"
            f"        <coordinates>34.80751932,32.14019824,-519.910</coordinates>
"
            f"      </Point>
"
            f"    </Placemark>
    <Placemark>
"
            f"      <name>Point 320</name>
"
            f"      <description>2026-03-22 06:55:18</description>
"
            f"      <Point>
"
            f"        <coordinates>34.80806444,32.14013407,-566.028</coordinates>
"
            f"      </Point>
"
            f"    </Placemark>
    <Placemark>
"
            f"      <name>Point 321</name>
"
            f"      <description>2026-03-22 06:55:20</description>
"
            f"      <Point>
"
            f"        <coordinates>34.80871485,32.14011911,-605.289</coordinates>
"
            f"      </Point>
"
            f"    </Placemark>
    <Placemark>
"
            f"      <name>Point 322</name>
"
            f"      <description>2026-03-22 06:55:22</description>
"
            f"      <Point>
"
            f"        <coordinates>34.80947310,32.14016151,-639.084</coordinates>
"
            f"      </Point>
"
            f"    </Placemark>
    <Placemark>
"
            f"      <name>Point 323</name>
"
            f"      <description>2026-03-22 06:55:24</description>
"
            f"      <Point>
"
            f"        <coordinates>34.81033339,32.14026434,-667.952</coordinates>
"
            f"      </Point>
"
            f"    </Placemark>
    <Placemark>
"
            f"      <name>Point 324</name>
"
            f"      <description>2026-03-22 06:55:26</description>
"
            f"      <Point>
"
            f"        <coordinates>34.81127261,32.14042489,-692.961</coordinates>
"
            f"      </Point>
"
            f"    </Placemark>
    <Placemark>
"
            f"      <name>Point 325</name>
"
            f"      <description>2026-03-22 06:55:28</description>
"
            f"      <Point>
"
            f"        <coordinates>34.81225605,32.14063705,-715.371</coordinates>
"
            f"      </Point>
"
            f"    </Placemark>
    <Placemark>
"
            f"      <name>Point 326</name>
"
            f"      <description>2026-03-22 06:55:30</description>
"
            f"      <Point>
"
            f"        <coordinates>34.81325141,32.14088755,-736.260</coordinates>
"
            f"      </Point>
"
            f"    </Placemark>
    <Placemark>
"
            f"      <name>Point 327</name>
"
            f"      <description>2026-03-22 06:55:32</description>
"
            f"      <Point>
"
            f"        <coordinates>34.81421685,32.14116141,-756.822</coordinates>
"
            f"      </Point>
"
            f"    </Placemark>
    <Placemark>
"
            f"      <name>Point 328</name>
"
            f"      <description>2026-03-22 06:55:34</description>
"
            f"      <Point>
"
            f"        <coordinates>34.81511561,32.14144183,-777.642</coordinates>
"
            f"      </Point>
"
            f"    </Placemark>
    <Placemark>
"
            f"      <name>Point 329</name>
"
            f"      <description>2026-03-22 06:55:36</description>
"
            f"      <Point>
"
            f"        <coordinates>34.81591652,32.14171100,-798.415</coordinates>
"
            f"      </Point>
"
            f"    </Placemark>
    <Placemark>
"
            f"      <name>Point 330</name>
"
            f"      <description>2026-03-22 06:55:38</description>
"
            f"      <Point>
"
            f"        <coordinates>34.81659449,32.14195032,-818.966</coordinates>
"
            f"      </Point>
"
            f"    </Placemark>
    <Placemark>
"
            f"      <name>Point 331</name>
"
            f"      <description>2026-03-22 06:55:40</description>
"
            f"      <Point>
"
            f"        <coordinates>34.81713655,32.14214564,-839.648</coordinates>
"
            f"      </Point>
"
            f"    </Placemark>
    <Placemark>
"
            f"      <name>Point 332</name>
"
            f"      <description>2026-03-22 06:55:42</description>
"
            f"      <Point>
"
            f"        <coordinates>34.81760783,32.14231725,-860.055</coordinates>
"
            f"      </Point>
"
            f"    </Placemark>
    <Placemark>
"
            f"      <name>Point 333</name>
"
            f"      <description>2026-03-22 06:55:44</description>
"
            f"      <Point>
"
            f"        <coordinates>34.81786590,32.14239736,-883.673</coordinates>
"
            f"      </Point>
"
            f"    </Placemark>
    <Placemark>
"
            f"      <name>Point 334</name>
"
            f"      <description>2026-03-22 06:55:46</description>
"
            f"      <Point>
"
            f"        <coordinates>34.81801159,32.14241981,-910.432</coordinates>
"
            f"      </Point>
"
            f"    </Placemark>
    <Placemark>
"
            f"      <name>Point 335</name>
"
            f"      <description>2026-03-22 06:55:48</description>
"
            f"      <Point>
"
            f"        <coordinates>34.81808646,32.14239125,-938.822</coordinates>
"
            f"      </Point>
"
            f"    </Placemark>
    <Placemark>
"
            f"      <name>Point 336</name>
"
            f"      <description>2026-03-22 06:55:50</description>
"
            f"      <Point>
"
            f"        <coordinates>34.81812274,32.14232026,-967.488</coordinates>
"
            f"      </Point>
"
            f"    </Placemark>
    <Placemark>
"
            f"      <name>Point 337</name>
"
            f"      <description>2026-03-22 06:55:52</description>
"
            f"      <Point>
"
            f"        <coordinates>34.81814721,32.14221633,-995.083</coordinates>
"
            f"      </Point>
"
            f"    </Placemark>
    <Placemark>
"
            f"      <name>Point 338</name>
"
            f"      <description>2026-03-22 06:55:54</description>
"
            f"      <Point>
"
            f"        <coordinates>34.81818312,32.14208935,-1020.228</coordinates>
"
            f"      </Point>
"
            f"    </Placemark>
    <Placemark>
"
            f"      <name>Point 339</name>
"
            f"      <description>2026-03-22 06:55:56</description>
"
            f"      <Point>
"
            f"        <coordinates>34.81822982,32.14194326,-1043.334</coordinates>
"
            f"      </Point>
"
            f"    </Placemark>
    <Placemark>
"
            f"      <name>Point 340</name>
"
            f"      <description>2026-03-22 06:55:58</description>
"
            f"      <Point>
"
            f"        <coordinates>34.81829038,32.14178273,-1064.344</coordinates>
"
            f"      </Point>
"
            f"    </Placemark>
    <Placemark>
"
            f"      <name>Point 341</name>
"
            f"      <description>2026-03-22 06:56:00</description>
"
            f"      <Point>
"
            f"        <coordinates>34.81836880,32.14161193,-1083.064</coordinates>
"
            f"      </Point>
"
            f"    </Placemark>
    <Placemark>
"
            f"      <name>Point 342</name>
"
            f"      <description>2026-03-22 06:56:02</description>
"
            f"      <Point>
"
            f"        <coordinates>34.81846793,32.14142875,-1099.744</coordinates>
"
            f"      </Point>
"
            f"    </Placemark>
    <Placemark>
"
            f"      <name>Point 343</name>
"
            f"      <description>2026-03-22 06:56:04</description>
"
            f"      <Point>
"
            f"        <coordinates>34.81858462,32.14122910,-1114.165</coordinates>
"
            f"      </Point>
"
            f"    </Placemark>
    <Placemark>
"
            f"      <name>Point 344</name>
"
            f"      <description>2026-03-22 06:56:06</description>
"
            f"      <Point>
"
            f"        <coordinates>34.81871526,32.14101022,-1126.202</coordinates>
"
            f"      </Point>
"
            f"    </Placemark>
    <Placemark>
"
            f"      <name>Point 345</name>
"
            f"      <description>2026-03-22 06:56:08</description>
"
            f"      <Point>
"
            f"        <coordinates>34.81885591,32.14076757,-1135.997</coordinates>
"
            f"      </Point>
"
            f"    </Placemark>
    <Placemark>
"
            f"      <name>Point 346</name>
"
            f"      <description>2026-03-22 06:56:10</description>
"
            f"      <Point>
"
            f"        <coordinates>34.81900185,32.14049713,-1143.815</coordinates>
"
            f"      </Point>
"
            f"    </Placemark>
    <Placemark>
"
            f"      <name>Point 347</name>
"
            f"      <description>2026-03-22 06:56:12</description>
"
            f"      <Point>
"
            f"        <coordinates>34.81917374,32.14019351,-1148.121</coordinates>
"
            f"      </Point>
"
            f"    </Placemark>
    <Placemark>
"
            f"      <name>Point 348</name>
"
            f"      <description>2026-03-22 06:56:14</description>
"
            f"      <Point>
"
            f"        <coordinates>34.81945783,32.13982705,-1143.844</coordinates>
"
            f"      </Point>
"
            f"    </Placemark>
    <Placemark>
"
            f"      <name>Point 349</name>
"
            f"      <description>2026-03-22 06:56:16</description>
"
            f"      <Point>
"
            f"        <coordinates>34.81980307,32.13943640,-1135.537</coordinates>
"
            f"      </Point>
"
            f"    </Placemark>
    <Placemark>
"
            f"      <name>Point 350</name>
"
            f"      <description>2026-03-22 06:56:18</description>
"
            f"      <Point>
"
            f"        <coordinates>34.82027578,32.13899945,-1118.578</coordinates>
"
            f"      </Point>
"
            f"    </Placemark>
    <Placemark>
"
            f"      <name>Point 351</name>
"
            f"      <description>2026-03-22 06:56:20</description>
"
            f"      <Point>
"
            f"        <coordinates>34.82089983,32.13851814,-1091.756</coordinates>
"
            f"      </Point>
"
            f"    </Placemark>
    <Placemark>
"
            f"      <name>Point 352</name>
"
            f"      <description>2026-03-22 06:56:22</description>
"
            f"      <Point>
"
            f"        <coordinates>34.82169244,32.13799875,-1053.918</coordinates>
"
            f"      </Point>
"
            f"    </Placemark>
    <Placemark>
"
            f"      <name>Point 353</name>
"
            f"      <description>2026-03-22 06:56:24</description>
"
            f"      <Point>
"
            f"        <coordinates>34.82266232,32.13744930,-1004.700</coordinates>
"
            f"      </Point>
"
            f"    </Placemark>
    <Placemark>
"
            f"      <name>Point 354</name>
"
            f"      <description>2026-03-22 06:56:27</description>
"
            f"      <Point>
"
            f"        <coordinates>34.82380599,32.13688276,-943.336</coordinates>
"
            f"      </Point>
"
            f"    </Placemark>
    <Placemark>
"
            f"      <name>Point 355</name>
"
            f"      <description>2026-03-22 06:56:51</description>
"
            f"      <Point>
"
            f"        <coordinates>34.82510027,32.13631155,-870.649</coordinates>
"
            f"      </Point>
"
            f"    </Placemark>
    <Placemark>
"
            f"      <name>Point 356</name>
"
            f"      <description>2026-03-22 06:56:53</description>
"
            f"      <Point>
"
            f"        <coordinates>34.82650876,32.13575308,-786.958</coordinates>
"
            f"      </Point>
"
            f"    </Placemark>
    <Placemark>
"
            f"      <name>Point 357</name>
"
            f"      <description>2026-03-22 06:56:55</description>
"
            f"      <Point>
"
            f"        <coordinates>34.82798171,32.13522352,-693.960</coordinates>
"
            f"      </Point>
"
            f"    </Placemark>
    <Placemark>
"
            f"      <name>Point 358</name>
"
            f"      <description>2026-03-22 06:56:57</description>
"
            f"      <Point>
"
            f"        <coordinates>34.82945928,32.13474061,-593.855</coordinates>
"
            f"      </Point>
"
            f"    </Placemark>
    <Placemark>
"
            f"      <name>Point 359</name>
"
            f"      <description>2026-03-22 06:56:59</description>
"
            f"      <Point>
"
            f"        <coordinates>34.83088395,32.13431723,-490.078</coordinates>
"
            f"      </Point>
"
            f"    </Placemark>
    <Placemark>
"
            f"      <name>Point 360</name>
"
            f"      <description>2026-03-22 06:57:01</description>
"
            f"      <Point>
"
            f"        <coordinates>34.83221470,32.13396207,-385.097</coordinates>
"
            f"      </Point>
"
            f"    </Placemark>
    <Placemark>
"
            f"      <name>Point 361</name>
"
            f"      <description>2026-03-22 06:57:03</description>
"
            f"      <Point>
"
            f"        <coordinates>34.83341913,32.13367763,-281.998</coordinates>
"
            f"      </Point>
"
            f"    </Placemark>
    <Placemark>
"
            f"      <name>Point 362</name>
"
            f"      <description>2026-03-22 06:57:05</description>
"
            f"      <Point>
"
            f"        <coordinates>34.83447991,32.13346316,-182.774</coordinates>
"
            f"      </Point>
"
            f"    </Placemark>
    <Placemark>
"
            f"      <name>Point 363</name>
"
            f"      <description>2026-03-22 06:57:07</description>
"
            f"      <Point>
"
            f"        <coordinates>34.83539043,32.13330881,-92.539</coordinates>
"
            f"      </Point>
"
            f"    </Placemark>
    <Placemark>
"
            f"      <name>Point 364</name>
"
            f"      <description>2026-03-22 06:57:09</description>
"
            f"      <Point>
"
            f"        <coordinates>34.83616597,32.13320397,-10.763</coordinates>
"
            f"      </Point>
"
            f"    </Placemark>
    <Placemark>
"
            f"      <name>Point 365</name>
"
            f"      <description>2026-03-22 06:57:11</description>
"
            f"      <Point>
"
            f"        <coordinates>34.83682572,32.13313097,59.439</coordinates>
"
            f"      </Point>
"
            f"    </Placemark>
    <Placemark>
"
            f"      <name>Point 366</name>
"
            f"      <description>2026-03-22 06:57:13</description>
"
            f"      <Point>
"
            f"        <coordinates>34.83740477,32.13307322,120.155</coordinates>
"
            f"      </Point>
"
            f"    </Placemark>
    <Placemark>
"
            f"      <name>Point 367</name>
"
            f"      <description>2026-03-22 06:57:15</description>
"
            f"      <Point>
"
            f"        <coordinates>34.83794048,32.13301450,173.568</coordinates>
"
            f"      </Point>
"
            f"    </Placemark>
    <Placemark>
"
            f"      <name>Point 368</name>
"
            f"      <description>2026-03-22 06:57:17</description>
"
            f"      <Point>
"
            f"        <coordinates>34.83847134,32.13294615,225.830</coordinates>
"
            f"      </Point>
"
            f"    </Placemark>
    <Placemark>
"
            f"      <name>Point 369</name>
"
            f"      <description>2026-03-22 06:57:19</description>
"
            f"      <Point>
"
            f"        <coordinates>34.83901540,32.13286147,277.675</coordinates>
"
            f"      </Point>
"
            f"    </Placemark>
    <Placemark>
"
            f"      <name>Point 370</name>
"
            f"      <description>2026-03-22 06:57:21</description>
"
            f"      <Point>
"
            f"        <coordinates>34.83959126,32.13276080,333.846</coordinates>
"
            f"      </Point>
"
            f"    </Placemark>
    <Placemark>
"
            f"      <name>Point 371</name>
"
            f"      <description>2026-03-22 06:57:23</description>
"
            f"      <Point>
"
            f"        <coordinates>34.84020106,32.13264467,393.951</coordinates>
"
            f"      </Point>
"
            f"    </Placemark>
    <Placemark>
"
            f"      <name>Point 372</name>
"
            f"      <description>2026-03-22 06:57:25</description>
"
            f"      <Point>
"
            f"        <coordinates>34.84084573,32.13251634,460.424</coordinates>
"
            f"      </Point>
"
            f"    </Placemark>
    <Placemark>
"
            f"      <name>Point 373</name>
"
            f"      <description>2026-03-22 06:57:27</description>
"
            f"      <Point>
"
            f"        <coordinates>34.84151082,32.13237949,530.889</coordinates>
"
            f"      </Point>
"
            f"    </Placemark>
    <Placemark>
"
            f"      <name>Point 374</name>
"
            f"      <description>2026-03-22 06:57:29</description>
"
            f"      <Point>
"
            f"        <coordinates>34.84218475,32.13223853,605.398</coordinates>
"
            f"      </Point>
"
            f"    </Placemark>
    <Placemark>
"
            f"      <name>Point 375</name>
"
            f"      <description>2026-03-22 06:57:31</description>
"
            f"      <Point>
"
            f"        <coordinates>34.84284389,32.13209779,679.715</coordinates>
"
            f"      </Point>
"
            f"    </Placemark>
    <Placemark>
"
            f"      <name>Point 376</name>
"
            f"      <description>2026-03-22 06:57:33</description>
"
            f"      <Point>
"
            f"        <coordinates>34.84346679,32.13195926,748.637</coordinates>
"
            f"      </Point>
"
            f"    </Placemark>
    <Placemark>
"
            f"      <name>Point 377</name>
"
            f"      <description>2026-03-22 06:57:35</description>
"
            f"      <Point>
"
            f"        <coordinates>34.84402813,32.13182339,803.921</coordinates>
"
            f"      </Point>
"
            f"    </Placemark>
    <Placemark>
"
            f"      <name>Point 378</name>
"
            f"      <description>2026-03-22 06:57:37</description>
"
            f"      <Point>
"
            f"        <coordinates>34.84452334,32.13168710,841.648</coordinates>
"
            f"      </Point>
"
            f"    </Placemark>
    <Placemark>
"
            f"      <name>Point 379</name>
"
            f"      <description>2026-03-22 06:57:39</description>
"
            f"      <Point>
"
            f"        <coordinates>34.84497679,32.13155145,868.264</coordinates>
"
            f"      </Point>
"
            f"    </Placemark>
    <Placemark>
"
            f"      <name>Point 380</name>
"
            f"      <description>2026-03-22 06:57:41</description>
"
            f"      <Point>
"
            f"        <coordinates>34.84533280,32.13139982,855.790</coordinates>
"
            f"      </Point>
"
            f"    </Placemark>
    <Placemark>
"
            f"      <name>Point 381</name>
"
            f"      <description>2026-03-22 06:57:43</description>
"
            f"      <Point>
"
            f"        <coordinates>34.84562891,32.13121503,801.950</coordinates>
"
            f"      </Point>
"
            f"    </Placemark>
    <Placemark>
"
            f"      <name>Point 382</name>
"
            f"      <description>2026-03-22 06:57:45</description>
"
            f"      <Point>
"
            f"        <coordinates>34.84591843,32.13101637,735.795</coordinates>
"
            f"      </Point>
"
            f"    </Placemark>
    <Placemark>
"
            f"      <name>Point 383</name>
"
            f"      <description>2026-03-22 06:57:47</description>
"
            f"      <Point>
"
            f"        <coordinates>34.84618958,32.13079356,646.240</coordinates>
"
            f"      </Point>
"
            f"    </Placemark>
    <Placemark>
"
            f"      <name>Point 384</name>
"
            f"      <description>2026-03-22 06:57:49</description>
"
            f"      <Point>
"
            f"        <coordinates>34.84645122,32.13054900,537.194</coordinates>
"
            f"      </Point>
"
            f"    </Placemark>
    <Placemark>
"
            f"      <name>Point 385</name>
"
            f"      <description>2026-03-22 06:57:51</description>
"
            f"      <Point>
"
            f"        <coordinates>34.84670787,32.13028902,414.107</coordinates>
"
            f"      </Point>
"
            f"    </Placemark>
    <Placemark>
"
            f"      <name>Point 386</name>
"
            f"      <description>2026-03-22 06:57:53</description>
"
            f"      <Point>
"
            f"        <coordinates>34.84696251,32.13002274,282.775</coordinates>
"
            f"      </Point>
"
            f"    </Placemark>
    <Placemark>
"
            f"      <name>Point 387</name>
"
            f"      <description>2026-03-22 06:57:55</description>
"
            f"      <Point>
"
            f"        <coordinates>34.84721553,32.12976040,149.387</coordinates>
"
            f"      </Point>
"
            f"    </Placemark>
    <Placemark>
"
            f"      <name>Point 388</name>
"
            f"      <description>2026-03-22 06:57:57</description>
"
            f"      <Point>
"
            f"        <coordinates>34.84746822,32.12951260,19.579</coordinates>
"
            f"      </Point>
"
            f"    </Placemark>
    <Placemark>
"
            f"      <name>Point 389</name>
"
            f"      <description>2026-03-22 06:57:59</description>
"
            f"      <Point>
"
            f"        <coordinates>34.84771970,32.12928631,-101.586</coordinates>
"
            f"      </Point>
"
            f"    </Placemark>
    <Placemark>
"
            f"      <name>Point 390</name>
"
            f"      <description>2026-03-22 06:58:01</description>
"
            f"      <Point>
"
            f"        <coordinates>34.84796583,32.12908689,-210.979</coordinates>
"
            f"      </Point>
"
            f"    </Placemark>
    <Placemark>
"
            f"      <name>Point 391</name>
"
            f"      <description>2026-03-22 06:58:03</description>
"
            f"      <Point>
"
            f"        <coordinates>34.84820030,32.12891679,-306.796</coordinates>
"
            f"      </Point>
"
            f"    </Placemark>
    <Placemark>
"
            f"      <name>Point 392</name>
"
            f"      <description>2026-03-22 06:58:05</description>
"
            f"      <Point>
"
            f"        <coordinates>34.84841984,32.12877519,-389.099</coordinates>
"
            f"      </Point>
"
            f"    </Placemark>
    <Placemark>
"
            f"      <name>Point 393</name>
"
            f"      <description>2026-03-22 06:58:07</description>
"
            f"      <Point>
"
            f"        <coordinates>34.84862315,32.12866024,-459.085</coordinates>
"
            f"      </Point>
"
            f"    </Placemark>
    <Placemark>
"
            f"      <name>Point 394</name>
"
            f"      <description>2026-03-22 06:58:09</description>
"
            f"      <Point>
"
            f"        <coordinates>34.84881733,32.12857477,-518.748</coordinates>
"
            f"      </Point>
"
            f"    </Placemark>
    <Placemark>
"
            f"      <name>Point 395</name>
"
            f"      <description>2026-03-22 06:58:11</description>
"
            f"      <Point>
"
            f"        <coordinates>34.84902313,32.12852442,-571.454</coordinates>
"
            f"      </Point>
"
            f"    </Placemark>
    <Placemark>
"
            f"      <name>Point 396</name>
"
            f"      <description>2026-03-22 06:58:13</description>
"
            f"      <Point>
"
            f"        <coordinates>34.84927337,32.12852382,-621.674</coordinates>
"
            f"      </Point>
"
            f"    </Placemark>
    <Placemark>
"
            f"      <name>Point 397</name>
"
            f"      <description>2026-03-22 06:58:15</description>
"
            f"      <Point>
"
            f"        <coordinates>34.84960476,32.12859027,-674.062</coordinates>
"
            f"      </Point>
"
            f"    </Placemark>
    <Placemark>
"
            f"      <name>Point 398</name>
"
            f"      <description>2026-03-22 06:58:17</description>
"
            f"      <Point>
"
            f"        <coordinates>34.85006362,32.12874327,-733.150</coordinates>
"
            f"      </Point>
"
            f"    </Placemark>
    <Placemark>
"
            f"      <name>Point 399</name>
"
            f"      <description>2026-03-22 06:58:19</description>
"
            f"      <Point>
"
            f"        <coordinates>34.85067802,32.12899285,-802.423</coordinates>
"
            f"      </Point>
"
            f"    </Placemark>
    <Placemark>
"
            f"      <name>Point 400</name>
"
            f"      <description>2026-03-22 06:58:21</description>
"
            f"      <Point>
"
            f"        <coordinates>34.85146679,32.12933930,-883.117</coordinates>
"
            f"      </Point>
"
            f"    </Placemark>
    <Placemark>
"
            f"      <name>Point 401</name>
"
            f"      <description>2026-03-22 06:58:23</description>
"
            f"      <Point>
"
            f"        <coordinates>34.85242445,32.12977058,-974.899</coordinates>
"
            f"      </Point>
"
            f"    </Placemark>
    <Placemark>
"
            f"      <name>Point 402</name>
"
            f"      <description>2026-03-22 06:58:25</description>
"
            f"      <Point>
"
            f"        <coordinates>34.85353493,32.13026726,-1076.719</coordinates>
"
            f"      </Point>
"
            f"    </Placemark>
    <Placemark>
"
            f"      <name>Point 403</name>
"
            f"      <description>2026-03-22 06:58:27</description>
"
            f"      <Point>
"
            f"        <coordinates>34.85476118,32.13080054,-1187.017</coordinates>
"
            f"      </Point>
"
            f"    </Placemark>
    <Placemark>
"
            f"      <name>Point 404</name>
"
            f"      <description>2026-03-22 06:58:29</description>
"
            f"      <Point>
"
            f"        <coordinates>34.85606456,32.13134179,-1302.906</coordinates>
"
            f"      </Point>
"
            f"    </Placemark>
    <Placemark>
"
            f"      <name>Point 405</name>
"
            f"      <description>2026-03-22 06:58:31</description>
"
            f"      <Point>
"
            f"        <coordinates>34.85739025,32.13185811,-1421.174</coordinates>
"
            f"      </Point>
"
            f"    </Placemark>
    <Placemark>
"
            f"      <name>Point 406</name>
"
            f"      <description>2026-03-22 06:58:33</description>
"
            f"      <Point>
"
            f"        <coordinates>34.85868683,32.13231848,-1537.580</coordinates>
"
            f"      </Point>
"
            f"    </Placemark>
    <Placemark>
"
            f"      <name>Point 407</name>
"
            f"      <description>2026-03-22 06:58:35</description>
"
            f"      <Point>
"
            f"        <coordinates>34.85989552,32.13269687,-1647.707</coordinates>
"
            f"      </Point>
"
            f"    </Placemark>
    <Placemark>
"
            f"      <name>Point 408</name>
"
            f"      <description>2026-03-22 06:58:37</description>
"
            f"      <Point>
"
            f"        <coordinates>34.86098096,32.13298080,-1747.202</coordinates>
"
            f"      </Point>
"
            f"    </Placemark>
    <Placemark>
"
            f"      <name>Point 409</name>
"
            f"      <description>2026-03-22 06:58:39</description>
"
            f"      <Point>
"
            f"        <coordinates>34.86191626,32.13316834,-1833.950</coordinates>
"
            f"      </Point>
"
            f"    </Placemark>
    <Placemark>
"
            f"      <name>Point 410</name>
"
            f"      <description>2026-03-22 06:58:41</description>
"
            f"      <Point>
"
            f"        <coordinates>34.86270219,32.13326902,-1905.919</coordinates>
"
            f"      </Point>
"
            f"    </Placemark>
    <Placemark>
"
            f"      <name>Point 411</name>
"
            f"      <description>2026-03-22 06:58:43</description>
"
            f"      <Point>
"
            f"        <coordinates>34.86334820,32.13329261,-1961.620</coordinates>
"
            f"      </Point>
"
            f"    </Placemark>
    <Placemark>
"
            f"      <name>Point 412</name>
"
            f"      <description>2026-03-22 06:58:45</description>
"
            f"      <Point>
"
            f"        <coordinates>34.86387829,32.13324626,-1998.881</coordinates>
"
            f"      </Point>
"
            f"    </Placemark>
    <Placemark>
"
            f"      <name>Point 413</name>
"
            f"      <description>2026-03-22 06:58:47</description>
"
            f"      <Point>
"
            f"        <coordinates>34.86434813,32.13316719,-2027.613</coordinates>
"
            f"      </Point>
"
            f"    </Placemark>
    <Placemark>
"
            f"      <name>Point 414</name>
"
            f"      <description>2026-03-22 06:58:49</description>
"
            f"      <Point>
"
            f"        <coordinates>34.86468448,32.13297117,-2021.443</coordinates>
"
            f"      </Point>
"
            f"    </Placemark>
    <Placemark>
"
            f"      <name>Point 415</name>
"
            f"      <description>2026-03-22 06:58:51</description>
"
            f"      <Point>
"
            f"        <coordinates>34.86491494,32.13262600,-1974.145</coordinates>
"
            f"      </Point>
"
            f"    </Placemark>
    <Placemark>
"
            f"      <name>Point 416</name>
"
            f"      <description>2026-03-22 06:58:53</description>
"
            f"      <Point>
"
            f"        <coordinates>34.86511922,32.13222997,-1912.996</coordinates>
"
            f"      </Point>
"
            f"    </Placemark>
    <Placemark>
"
            f"      <name>Point 417</name>
"
            f"      <description>2026-03-22 06:58:55</description>
"
            f"      <Point>
"
            f"        <coordinates>34.86526890,32.13173320,-1825.726</coordinates>
"
            f"      </Point>
"
            f"    </Placemark>
    <Placemark>
"
            f"      <name>Point 418</name>
"
            f"      <description>2026-03-22 06:58:57</description>
"
            f"      <Point>
"
            f"        <coordinates>34.86537246,32.13114221,-1714.856</coordinates>
"
            f"      </Point>
"
            f"    </Placemark>
    <Placemark>
"
            f"      <name>Point 419</name>
"
            f"      <description>2026-03-22 06:58:59</description>
"
            f"      <Point>
"
            f"        <coordinates>34.86543567,32.13046976,-1585.379</coordinates>
"
            f"      </Point>
"
            f"    </Placemark>
    <Placemark>
"
            f"      <name>Point 420</name>
"
            f"      <description>2026-03-22 06:59:01</description>
"
            f"      <Point>
"
            f"        <coordinates>34.86546409,32.12973585,-1442.879</coordinates>
"
            f"      </Point>
"
            f"    </Placemark>
    <Placemark>
"
            f"      <name>Point 421</name>
"
            f"      <description>2026-03-22 06:59:03</description>
"
            f"      <Point>
"
            f"        <coordinates>34.86546273,32.12896675,-1293.871</coordinates>
"
            f"      </Point>
"
            f"    </Placemark>
    <Placemark>
"
            f"      <name>Point 422</name>
"
            f"      <description>2026-03-22 06:59:05</description>
"
            f"      <Point>
"
            f"        <coordinates>34.86544789,32.12819074,-1143.985</coordinates>
"
            f"      </Point>
"
            f"    </Placemark>
    <Placemark>
"
            f"      <name>Point 423</name>
"
            f"      <description>2026-03-22 06:59:07</description>
"
            f"      <Point>
"
            f"        <coordinates>34.86543187,32.12743641,-999.021</coordinates>
"
            f"      </Point>
"
            f"    </Placemark>
    <Placemark>
"
            f"      <name>Point 424</name>
"
            f"      <description>2026-03-22 06:59:09</description>
"
            f"      <Point>
"
            f"        <coordinates>34.86543572,32.12672602,-862.673</coordinates>
"
            f"      </Point>
"
            f"    </Placemark>
    <Placemark>
"
            f"      <name>Point 425</name>
"
            f"      <description>2026-03-22 06:59:11</description>
"
            f"      <Point>
"
            f"        <coordinates>34.86547482,32.12607543,-737.796</coordinates>
"
            f"      </Point>
"
            f"    </Placemark>
    <Placemark>
"
            f"      <name>Point 426</name>
"
            f"      <description>2026-03-22 06:59:13</description>
"
            f"      <Point>
"
            f"        <coordinates>34.86557947,32.12548785,-616.669</coordinates>
"
            f"      </Point>
"
            f"    </Placemark>
    <Placemark>
"
            f"      <name>Point 427</name>
"
            f"      <description>2026-03-22 06:59:15</description>
"
            f"      <Point>
"
            f"        <coordinates>34.86574684,32.12496449,-501.314</coordinates>
"
            f"      </Point>
"
            f"    </Placemark>
    <Placemark>
"
            f"      <name>Point 428</name>
"
            f"      <description>2026-03-22 06:59:17</description>
"
            f"      <Point>
"
            f"        <coordinates>34.86599424,32.12449718,-383.196</coordinates>
"
            f"      </Point>
"
            f"    </Placemark>
    <Placemark>
"
            f"      <name>Point 429</name>
"
            f"      <description>2026-03-22 06:59:19</description>
"
            f"      <Point>
"
            f"        <coordinates>34.86633907,32.12407570,-259.768</coordinates>
"
            f"      </Point>
"
            f"    </Placemark>
    <Placemark>
"
            f"      <name>Point 430</name>
"
            f"      <description>2026-03-22 06:59:21</description>
"
            f"      <Point>
"
            f"        <coordinates>34.86676662,32.12369407,-132.765</coordinates>
"
            f"      </Point>
"
            f"    </Placemark>
    <Placemark>
"
            f"      <name>Point 431</name>
"
            f"      <description>2026-03-22 06:59:23</description>
"
            f"      <Point>
"
            f"        <coordinates>34.86726716,32.12334664,-8.244</coordinates>
"
            f"      </Point>
"
            f"    </Placemark>
    <Placemark>
"
            f"      <name>Point 432</name>
"
            f"      <description>2026-03-22 06:59:25</description>
"
            f"      <Point>
"
            f"        <coordinates>34.86783076,32.12302359,111.738</coordinates>
"
            f"      </Point>
"
            f"    </Placemark>
    <Placemark>
"
            f"      <name>Point 433</name>
"
            f"      <description>2026-03-22 06:59:27</description>
"
            f"      <Point>
"
            f"        <coordinates>34.86842259,32.12272165,216.204</coordinates>
"
            f"      </Point>
"
            f"    </Placemark>
    <Placemark>
"
            f"      <name>Point 434</name>
"
            f"      <description>2026-03-22 06:59:29</description>
"
            f"      <Point>
"
            f"        <coordinates>34.86900620,32.12243581,298.798</coordinates>
"
            f"      </Point>
"
            f"    </Placemark>
    <Placemark>
"
            f"      <name>Point 435</name>
"
            f"      <description>2026-03-22 06:59:31</description>
"
            f"      <Point>
"
            f"        <coordinates>34.86956360,32.12215898,349.975</coordinates>
"
            f"      </Point>
"
            f"    </Placemark>
    <Placemark>
"
            f"      <name>Point 436</name>
"
            f"      <description>2026-03-22 06:59:33</description>
"
            f"      <Point>
"
            f"        <coordinates>34.87007409,32.12188727,366.573</coordinates>
"
            f"      </Point>
"
            f"    </Placemark>
    <Placemark>
"
            f"      <name>Point 437</name>
"
            f"      <description>2026-03-22 06:59:35</description>
"
            f"      <Point>
"
            f"        <coordinates>34.87052673,32.12161948,343.722</coordinates>
"
            f"      </Point>
"
            f"    </Placemark>
    <Placemark>
"
            f"      <name>Point 438</name>
"
            f"      <description>2026-03-22 06:59:37</description>
"
            f"      <Point>
"
            f"        <coordinates>34.87091116,32.12135447,282.324</coordinates>
"
            f"      </Point>
"
            f"    </Placemark>
    <Placemark>
"
            f"      <name>Point 439</name>
"
            f"      <description>2026-03-22 06:59:39</description>
"
            f"      <Point>
"
            f"        <coordinates>34.87124970,32.12108899,189.979</coordinates>
"
            f"      </Point>
"
            f"    </Placemark>
    <Placemark>
"
            f"      <name>Point 440</name>
"
            f"      <description>2026-03-22 06:59:41</description>
"
            f"      <Point>
"
            f"        <coordinates>34.87154834,32.12082334,77.065</coordinates>
"
            f"      </Point>
"
            f"    </Placemark>
    <Placemark>
"
            f"      <name>Point 441</name>
"
            f"      <description>2026-03-22 06:59:43</description>
"
            f"      <Point>
"
            f"        <coordinates>34.87181717,32.12056117,-50.297</coordinates>
"
            f"      </Point>
"
            f"    </Placemark>
    <Placemark>
"
            f"      <name>Point 442</name>
"
            f"      <description>2026-03-22 06:59:45</description>
"
            f"      <Point>
"
            f"        <coordinates>34.87207682,32.12030507,-178.697</coordinates>
"
            f"      </Point>
"
            f"    </Placemark>
    <Placemark>
"
            f"      <name>Point 443</name>
"
            f"      <description>2026-03-22 06:59:47</description>
"
            f"      <Point>
"
            f"        <coordinates>34.87235075,32.12005998,-299.532</coordinates>
"
            f"      </Point>
"
            f"    </Placemark>
    <Placemark>
"
            f"      <name>Point 444</name>
"
            f"      <description>2026-03-22 06:59:49</description>
"
            f"      <Point>
"
            f"        <coordinates>34.87262314,32.11983715,-410.564</coordinates>
"
            f"      </Point>
"
            f"    </Placemark>
    <Placemark>
"
            f"      <name>Point 445</name>
"
            f"      <description>2026-03-22 06:59:51</description>
"
            f"      <Point>
"
            f"        <coordinates>34.87291817,32.11963859,-505.056</coordinates>
"
            f"      </Point>
"
            f"    </Placemark>
    <Placemark>
"
            f"      <name>Point 446</name>
"
            f"      <description>2026-03-22 06:59:53</description>
"
            f"      <Point>
"
            f"        <coordinates>34.87323187,32.11946629,-584.013</coordinates>
"
            f"      </Point>
"
            f"    </Placemark>
    <Placemark>
"
            f"      <name>Point 447</name>
"
            f"      <description>2026-03-22 06:59:55</description>
"
            f"      <Point>
"
            f"        <coordinates>34.87356320,32.11932087,-648.135</coordinates>
"
            f"      </Point>
"
            f"    </Placemark>
    <Placemark>
"
            f"      <name>Point 448</name>
"
            f"      <description>2026-03-22 06:59:57</description>
"
            f"      <Point>
"
            f"        <coordinates>34.87391030,32.11920034,-700.353</coordinates>
"
            f"      </Point>
"
            f"    </Placemark>
    <Placemark>
"
            f"      <name>Point 449</name>
"
            f"      <description>2026-03-22 06:59:59</description>
"
            f"      <Point>
"
            f"        <coordinates>34.87427355,32.11910204,-743.011</coordinates>
"
            f"      </Point>
"
            f"    </Placemark>
    <Placemark>
"
            f"      <name>Point 450</name>
"
            f"      <description>2026-03-22 07:00:01</description>
"
            f"      <Point>
"
            f"        <coordinates>34.87464777,32.11902569,-778.321</coordinates>
"
            f"      </Point>
"
            f"    </Placemark>
    <Placemark>
"
            f"      <name>Point 451</name>
"
            f"      <description>2026-03-22 07:00:03</description>
"
            f"      <Point>
"
            f"        <coordinates>34.87503380,32.11896935,-807.786</coordinates>
"
            f"      </Point>
"
            f"    </Placemark>
    <Placemark>
"
            f"      <name>Point 452</name>
"
            f"      <description>2026-03-22 07:00:05</description>
"
            f"      <Point>
"
            f"        <coordinates>34.87543156,32.11893207,-832.582</coordinates>
"
            f"      </Point>
"
            f"    </Placemark>
    <Placemark>
"
            f"      <name>Point 453</name>
"
            f"      <description>2026-03-22 07:00:07</description>
"
            f"      <Point>
"
            f"        <coordinates>34.87584465,32.11891172,-853.366</coordinates>
"
            f"      </Point>
"
            f"    </Placemark>
    <Placemark>
"
            f"      <name>Point 454</name>
"
            f"      <description>2026-03-22 07:00:09</description>
"
            f"      <Point>
"
            f"        <coordinates>34.87627378,32.11890786,-870.718</coordinates>
"
            f"      </Point>
"
            f"    </Placemark>
    <Placemark>
"
            f"      <name>Point 455</name>
"
            f"      <description>2026-03-22 07:00:11</description>
"
            f"      <Point>
"
            f"        <coordinates>34.87671760,32.11892071,-885.169</coordinates>
"
            f"      </Point>
"
            f"    </Placemark>
    <Placemark>
"
            f"      <name>Point 456</name>
"
            f"      <description>2026-03-22 07:00:13</description>
"
            f"      <Point>
"
            f"        <coordinates>34.87717319,32.11895156,-897.199</coordinates>
"
            f"      </Point>
"
            f"    </Placemark>
    <Placemark>
"
            f"      <name>Point 457</name>
"
            f"      <description>2026-03-22 07:00:15</description>
"
            f"      <Point>
"
            f"        <coordinates>34.87763718,32.11900132,-907.206</coordinates>
"
            f"      </Point>
"
            f"    </Placemark>
    <Placemark>
"
            f"      <name>Point 458</name>
"
            f"      <description>2026-03-22 07:00:17</description>
"
            f"      <Point>
"
            f"        <coordinates>34.87810564,32.11907078,-915.461</coordinates>
"
            f"      </Point>
"
            f"    </Placemark>
    <Placemark>
"
            f"      <name>Point 459</name>
"
            f"      <description>2026-03-22 07:00:19</description>
"
            f"      <Point>
"
            f"        <coordinates>34.87857452,32.11915909,-922.038</coordinates>
"
            f"      </Point>
"
            f"    </Placemark>
    <Placemark>
"
            f"      <name>Point 460</name>
"
            f"      <description>2026-03-22 07:00:21</description>
"
            f"      <Point>
"
            f"        <coordinates>34.87903976,32.11926436,-926.899</coordinates>
"
            f"      </Point>
"
            f"    </Placemark>
    <Placemark>
"
            f"      <name>Point 461</name>
"
            f"      <description>2026-03-22 07:00:23</description>
"
            f"      <Point>
"
            f"        <coordinates>34.87949724,32.11938291,-929.905</coordinates>
"
            f"      </Point>
"
            f"    </Placemark>
    <Placemark>
"
            f"      <name>Point 462</name>
"
            f"      <description>2026-03-22 07:00:25</description>
"
            f"      <Point>
"
            f"        <coordinates>34.87994339,32.11951069,-930.895</coordinates>
"
            f"      </Point>
"
            f"    </Placemark>
    <Placemark>
"
            f"      <name>Point 463</name>
"
            f"      <description>2026-03-22 07:00:27</description>
"
            f"      <Point>
"
            f"        <coordinates>34.88037500,32.11964300,-929.732</coordinates>
"
            f"      </Point>
"
            f"    </Placemark>
    <Placemark>
"
            f"      <name>Point 464</name>
"
            f"      <description>2026-03-22 07:00:29</description>
"
            f"      <Point>
"
            f"        <coordinates>34.88079347,32.11977810,-926.739</coordinates>
"
            f"      </Point>
"
            f"    </Placemark>
    <Placemark>
"
            f"      <name>Point 465</name>
"
            f"      <description>2026-03-22 07:00:31</description>
"
            f"      <Point>
"
            f"        <coordinates>34.88119633,32.11991176,-921.742</coordinates>
"
            f"      </Point>
"
            f"    </Placemark>
    <Placemark>
"
            f"      <name>Point 466</name>
"
            f"      <description>2026-03-22 07:00:33</description>
"
            f"      <Point>
"
            f"        <coordinates>34.88159352,32.12004601,-915.999</coordinates>
"
            f"      </Point>
"
            f"    </Placemark>
    <Placemark>
"
            f"      <name>Point 467</name>
"
            f"      <description>2026-03-22 07:00:35</description>
"
            f"      <Point>
"
            f"        <coordinates>34.88196891,32.12017333,-907.553</coordinates>
"
            f"      </Point>
"
            f"    </Placemark>
    <Placemark>
"
            f"      <name>Point 468</name>
"
            f"      <description>2026-03-22 07:00:37</description>
"
            f"      <Point>
"
            f"        <coordinates>34.88233647,32.12028256,-880.041</coordinates>
"
            f"      </Point>
"
            f"    </Placemark>
    <Placemark>
"
            f"      <name>Point 469</name>
"
            f"      <description>2026-03-22 07:00:39</description>
"
            f"      <Point>
"
            f"        <coordinates>34.88271286,32.12036073,-837.398</coordinates>
"
            f"      </Point>
"
            f"    </Placemark>
    <Placemark>
"
            f"      <name>Point 470</name>
"
            f"      <description>2026-03-22 07:00:41</description>
"
            f"      <Point>
"
            f"        <coordinates>34.88310895,32.12038265,-766.062</coordinates>
"
            f"      </Point>
"
            f"    </Placemark>
    <Placemark>
"
            f"      <name>Point 471</name>
"
            f"      <description>2026-03-22 07:00:43</description>
"
            f"      <Point>
"
            f"        <coordinates>34.88354049,32.12032450,-658.088</coordinates>
"
            f"      </Point>
"
            f"    </Placemark>
    <Placemark>
"
            f"      <name>Point 472</name>
"
            f"      <description>2026-03-22 07:00:45</description>
"
            f"      <Point>
"
            f"        <coordinates>34.88402030,32.12016782,-511.333</coordinates>
"
            f"      </Point>
"
            f"    </Placemark>
    <Placemark>
"
            f"      <name>Point 473</name>
"
            f"      <description>2026-03-22 07:00:47</description>
"
            f"      <Point>
"
            f"        <coordinates>34.88454780,32.11991740,-325.251</coordinates>
"
            f"      </Point>
"
            f"    </Placemark>
    <Placemark>
"
            f"      <name>Point 474</name>
"
            f"      <description>2026-03-22 07:00:49</description>
"
            f"      <Point>
"
            f"        <coordinates>34.88511545,32.11958262,-102.691</coordinates>
"
            f"      </Point>
"
            f"    </Placemark>
    <Placemark>
"
            f"      <name>Point 475</name>
"
            f"      <description>2026-03-22 07:00:51</description>
"
            f"      <Point>
"
            f"        <coordinates>34.88570228,32.11918702,154.317</coordinates>
"
            f"      </Point>
"
            f"    </Placemark>
    <Placemark>
"
            f"      <name>Point 476</name>
"
            f"      <description>2026-03-22 07:00:53</description>
"
            f"      <Point>
"
            f"        <coordinates>34.88628490,32.11875502,440.903</coordinates>
"
            f"      </Point>
"
            f"    </Placemark>
    <Placemark>
"
            f"      <name>Point 477</name>
"
            f"      <description>2026-03-22 07:00:55</description>
"
            f"      <Point>
"
            f"        <coordinates>34.88683802,32.11831775,751.918</coordinates>
"
            f"      </Point>
"
            f"    </Placemark>
    <Placemark>
"
            f"      <name>Point 478</name>
"
            f"      <description>2026-03-22 07:00:57</description>
"
            f"      <Point>
"
            f"        <coordinates>34.88733866,32.11789627,1077.655</coordinates>
"
            f"      </Point>
"
            f"    </Placemark>
    <Placemark>
"
            f"      <name>Point 479</name>
"
            f"      <description>2026-03-22 07:00:59</description>
"
            f"      <Point>
"
            f"        <coordinates>34.88776258,32.11751770,1406.939</coordinates>
"
            f"      </Point>
"
            f"    </Placemark>
    <Placemark>
"
            f"      <name>Point 480</name>
"
            f"      <description>2026-03-22 07:01:01</description>
"
            f"      <Point>
"
            f"        <coordinates>34.88811917,32.11721589,1730.861</coordinates>
"
            f"      </Point>
"
            f"    </Placemark>
    <Placemark>
"
            f"      <name>Point 481</name>
"
            f"      <description>2026-03-22 07:01:03</description>
"
            f"      <Point>
"
            f"        <coordinates>34.88841639,32.11701489,2045.240</coordinates>
"
            f"      </Point>
"
            f"    </Placemark>
    <Placemark>
"
            f"      <name>Point 482</name>
"
            f"      <description>2026-03-22 07:01:05</description>
"
            f"      <Point>
"
            f"        <coordinates>34.88869646,32.11692559,2350.311</coordinates>
"
            f"      </Point>
"
            f"    </Placemark>
    <Placemark>
"
            f"      <name>Point 483</name>
"
            f"      <description>2026-03-22 07:01:07</description>
"
            f"      <Point>
"
            f"        <coordinates>34.88900587,32.11695314,2649.230</coordinates>
"
            f"      </Point>
"
            f"    </Placemark>
    <Placemark>
"
            f"      <name>Point 484</name>
"
            f"      <description>2026-03-22 07:01:09</description>
"
            f"      <Point>
"
            f"        <coordinates>34.88938705,32.11708225,2945.905</coordinates>
"
            f"      </Point>
"
            f"    </Placemark>
    <Placemark>
"
            f"      <name>Point 485</name>
"
            f"      <description>2026-03-22 07:01:11</description>
"
            f"      <Point>
"
            f"        <coordinates>34.88985946,32.11728480,3239.429</coordinates>
"
            f"      </Point>
"
            f"    </Placemark>
    <Placemark>
"
            f"      <name>Point 486</name>
"
            f"      <description>2026-03-22 07:01:13</description>
"
            f"      <Point>
"
            f"        <coordinates>34.89043630,32.11754124,3528.846</coordinates>
"
            f"      </Point>
"
            f"    </Placemark>
    <Placemark>
"
            f"      <name>Point 487</name>
"
            f"      <description>2026-03-22 07:01:15</description>
"
            f"      <Point>
"
            f"        <coordinates>34.89110840,32.11783305,3810.101</coordinates>
"
            f"      </Point>
"
            f"    </Placemark>
    <Placemark>
"
            f"      <name>Point 488</name>
"
            f"      <description>2026-03-22 07:01:17</description>
"
            f"      <Point>
"
            f"        <coordinates>34.89186865,32.11814815,4081.194</coordinates>
"
            f"      </Point>
"
            f"    </Placemark>
    <Placemark>
"
            f"      <name>Point 489</name>
"
            f"      <description>2026-03-22 07:01:19</description>
"
            f"      <Point>
"
            f"        <coordinates>34.89269374,32.11847109,4337.450</coordinates>
"
            f"      </Point>
"
            f"    </Placemark>
    <Placemark>
"
            f"      <name>Point 490</name>
"
            f"      <description>2026-03-22 07:01:21</description>
"
            f"      <Point>
"
            f"        <coordinates>34.89356463,32.11879247,4576.339</coordinates>
"
            f"      </Point>
"
            f"    </Placemark>
    <Placemark>
"
            f"      <name>Point 491</name>
"
            f"      <description>2026-03-22 07:01:23</description>
"
            f"      <Point>
"
            f"        <coordinates>34.89444692,32.11909194,4792.355</coordinates>
"
            f"      </Point>
"
            f"    </Placemark>
    <Placemark>
"
            f"      <name>Point 492</name>
"
            f"      <description>2026-03-22 07:01:25</description>
"
            f"      <Point>
"
            f"        <coordinates>34.89530572,32.11935367,4981.701</coordinates>
"
            f"      </Point>
"
            f"    </Placemark>
    <Placemark>
"
            f"      <name>Point 493</name>
"
            f"      <description>2026-03-22 07:01:27</description>
"
            f"      <Point>
"
            f"        <coordinates>34.89612299,32.11956660,5139.339</coordinates>
"
            f"      </Point>
"
            f"    </Placemark>
    <Placemark>
"
            f"      <name>Point 494</name>
"
            f"      <description>2026-03-22 07:01:29</description>
"
            f"      <Point>
"
            f"        <coordinates>34.89690237,32.11973285,5264.755</coordinates>
"
            f"      </Point>
"
            f"    </Placemark>
    <Placemark>
"
            f"      <name>Point 495</name>
"
            f"      <description>2026-03-22 07:01:31</description>
"
            f"      <Point>
"
            f"        <coordinates>34.89765728,32.11985553,5355.570</coordinates>
"
            f"      </Point>
"
            f"    </Placemark>
    <Placemark>
"
            f"      <name>Point 496</name>
"
            f"      <description>2026-03-22 07:01:33</description>
"
            f"      <Point>
"
            f"        <coordinates>34.89841535,32.11994752,5413.847</coordinates>
"
            f"      </Point>
"
            f"    </Placemark>
    <Placemark>
"
            f"      <name>Point 497</name>
"
            f"      <description>2026-03-22 07:01:35</description>
"
            f"      <Point>
"
            f"        <coordinates>34.89920110,32.12001928,5440.857</coordinates>
"
            f"      </Point>
"
            f"    </Placemark>
    <Placemark>
"
            f"      <name>Point 498</name>
"
            f"      <description>2026-03-22 07:01:37</description>
"
            f"      <Point>
"
            f"        <coordinates>34.90001929,32.12007825,5439.854</coordinates>
"
            f"      </Point>
"
            f"    </Placemark>
    <Placemark>
"
            f"      <name>Point 499</name>
"
            f"      <description>2026-03-22 07:01:39</description>
"
            f"      <Point>
"
            f"        <coordinates>34.90087402,32.12013023,5413.457</coordinates>
"
            f"      </Point>
"
            f"    </Placemark>
    <Placemark>
"
            f"      <name>Point 500</name>
"
            f"      <description>2026-03-22 07:01:41</description>
"
            f"      <Point>
"
            f"        <coordinates>34.90175889,32.12017919,5365.263</coordinates>
"
            f"      </Point>
"
            f"    </Placemark>
    <Placemark>
"
            f"      <name>Point 501</name>
"
            f"      <description>2026-03-22 07:01:43</description>
"
            f"      <Point>
"
            f"        <coordinates>34.90267427,32.12022843,5297.435</coordinates>
"
            f"      </Point>
"
            f"    </Placemark>
    <Placemark>
"
            f"      <name>Point 502</name>
"
            f"      <description>2026-03-22 07:01:45</description>
"
            f"      <Point>
"
            f"        <coordinates>34.90360879,32.12028709,5203.172</coordinates>
"
            f"      </Point>
"
            f"    </Placemark>
    <Placemark>
"
            f"      <name>Point 503</name>
"
            f"      <description>2026-03-22 07:01:47</description>
"
            f"      <Point>
"
            f"        <coordinates>34.90455464,32.12036208,5077.105</coordinates>
"
            f"      </Point>
"
            f"    </Placemark>
    <Placemark>
"
            f"      <name>Point 504</name>
"
            f"      <description>2026-03-22 07:01:49</description>
"
            f"      <Point>
"
            f"        <coordinates>34.90549214,32.12046473,4906.799</coordinates>
"
            f"      </Point>
"
            f"    </Placemark>
    <Placemark>
"
            f"      <name>Point 505</name>
"
            f"      <description>2026-03-22 07:01:51</description>
"
            f"      <Point>
"
            f"        <coordinates>34.90639953,32.12059512,4682.940</coordinates>
"
            f"      </Point>
"
            f"    </Placemark>
    <Placemark>
"
            f"      <name>Point 506</name>
"
            f"      <description>2026-03-22 07:01:53</description>
"
            f"      <Point>
"
            f"        <coordinates>34.90725280,32.12075223,4399.217</coordinates>
"
            f"      </Point>
"
            f"    </Placemark>
    <Placemark>
"
            f"      <name>Point 507</name>
"
            f"      <description>2026-03-22 07:01:55</description>
"
            f"      <Point>
"
            f"        <coordinates>34.90803191,32.12092110,4059.838</coordinates>
"
            f"      </Point>
"
            f"    </Placemark>
    <Placemark>
"
            f"      <name>Point 508</name>
"
            f"      <description>2026-03-22 07:01:57</description>
"
            f"      <Point>
"
            f"        <coordinates>34.90871909,32.12108911,3668.609</coordinates>
"
            f"      </Point>
"
            f"    </Placemark>
    <Placemark>
"
            f"      <name>Point 509</name>
"
            f"      <description>2026-03-22 07:01:59</description>
"
            f"      <Point>
"
            f"        <coordinates>34.90930181,32.12124034,3238.061</coordinates>
"
            f"      </Point>
"
            f"    </Placemark>
    <Placemark>
"
            f"      <name>Point 510</name>
"
            f"      <description>2026-03-22 07:02:01</description>
"
            f"      <Point>
"
            f"        <coordinates>34.90977157,32.12136933,2778.892</coordinates>
"
            f"      </Point>
"
            f"    </Placemark>
    <Placemark>
"
            f"      <name>Point 511</name>
"
            f"      <description>2026-03-22 07:02:03</description>
"
            f"      <Point>
"
            f"        <coordinates>34.91013184,32.12146420,2309.114</coordinates>
"
            f"      </Point>
"
            f"    </Placemark>
    <Placemark>
"
            f"      <name>Point 512</name>
"
            f"      <description>2026-03-22 07:02:05</description>
"
            f"      <Point>
"
            f"        <coordinates>34.91039282,32.12152160,1843.613</coordinates>
"
            f"      </Point>
"
            f"    </Placemark>
    <Placemark>
"
            f"      <name>Point 513</name>
"
            f"      <description>2026-03-22 07:02:07</description>
"
            f"      <Point>
"
            f"        <coordinates>34.91057472,32.12153160,1403.298</coordinates>
"
            f"      </Point>
"
            f"    </Placemark>
    <Placemark>
"
            f"      <name>Point 514</name>
"
            f"      <description>2026-03-22 07:02:09</description>
"
            f"      <Point>
"
            f"        <coordinates>34.91070323,32.12149301,1004.889</coordinates>
"
            f"      </Point>
"
            f"    </Placemark>
    <Placemark>
"
            f"      <name>Point 515</name>
"
            f"      <description>2026-03-22 07:02:11</description>
"
            f"      <Point>
"
            f"        <coordinates>34.91080486,32.12140553,660.877</coordinates>
"
            f"      </Point>
"
            f"    </Placemark>
    <Placemark>
"
            f"      <name>Point 516</name>
"
            f"      <description>2026-03-22 07:02:13</description>
"
            f"      <Point>
"
            f"        <coordinates>34.91090254,32.12128326,371.823</coordinates>
"
            f"      </Point>
"
            f"    </Placemark>
    <Placemark>
"
            f"      <name>Point 517</name>
"
            f"      <description>2026-03-22 07:02:15</description>
"
            f"      <Point>
"
            f"        <coordinates>34.91101909,32.12113850,137.551</coordinates>
"
            f"      </Point>
"
            f"    </Placemark>
    <Placemark>
"
            f"      <name>Point 518</name>
"
            f"      <description>2026-03-22 07:02:17</description>
"
            f"      <Point>
"
            f"        <coordinates>34.91117101,32.12098785,-51.695</coordinates>
"
            f"      </Point>
"
            f"    </Placemark>
    <Placemark>
"
            f"      <name>Point 519</name>
"
            f"      <description>2026-03-22 07:02:19</description>
"
            f"      <Point>
"
            f"        <coordinates>34.91137140,32.12083745,-204.390</coordinates>
"
            f"      </Point>
"
            f"    </Placemark>
    <Placemark>
"
            f"      <name>Point 520</name>
"
            f"      <description>2026-03-22 07:02:21</description>
"
            f"      <Point>
"
            f"        <coordinates>34.91162703,32.12069311,-327.293</coordinates>
"
            f"      </Point>
"
            f"    </Placemark>
    <Placemark>
"
            f"      <name>Point 521</name>
"
            f"      <description>2026-03-22 07:02:23</description>
"
            f"      <Point>
"
            f"        <coordinates>34.91193704,32.12055336,-426.468</coordinates>
"
            f"      </Point>
"
            f"    </Placemark>
    <Placemark>
"
            f"      <name>Point 522</name>
"
            f"      <description>2026-03-22 07:02:25</description>
"
            f"      <Point>
"
            f"        <coordinates>34.91229659,32.12041729,-506.528</coordinates>
"
            f"      </Point>
"
            f"    </Placemark>
    <Placemark>
"
            f"      <name>Point 523</name>
"
            f"      <description>2026-03-22 07:02:27</description>
"
            f"      <Point>
"
            f"        <coordinates>34.91269596,32.12028558,-571.222</coordinates>
"
            f"      </Point>
"
            f"    </Placemark>
    <Placemark>
"
            f"      <name>Point 524</name>
"
            f"      <description>2026-03-22 07:02:29</description>
"
            f"      <Point>
"
            f"        <coordinates>34.91312534,32.12015864,-623.254</coordinates>
"
            f"      </Point>
"
            f"    </Placemark>
    <Placemark>
"
            f"      <name>Point 525</name>
"
            f"      <description>2026-03-22 07:02:31</description>
"
            f"      <Point>
"
            f"        <coordinates>34.91357647,32.12003628,-664.595</coordinates>
"
            f"      </Point>
"
            f"    </Placemark>
    <Placemark>
"
            f"      <name>Point 526</name>
"
            f"      <description>2026-03-22 07:02:33</description>
"
            f"      <Point>
"
            f"        <coordinates>34.91404028,32.11991789,-696.621</coordinates>
"
            f"      </Point>
"
            f"    </Placemark>
    <Placemark>
"
            f"      <name>Point 527</name>
"
            f"      <description>2026-03-22 07:02:35</description>
"
            f"      <Point>
"
            f"        <coordinates>34.91451306,32.11980099,-720.110</coordinates>
"
            f"      </Point>
"
            f"    </Placemark>
    <Placemark>
"
            f"      <name>Point 528</name>
"
            f"      <description>2026-03-22 07:02:37</description>
"
            f"      <Point>
"
            f"        <coordinates>34.91499338,32.11968374,-735.208</coordinates>
"
            f"      </Point>
"
            f"    </Placemark>
    <Placemark>
"
            f"      <name>Point 529</name>
"
            f"      <description>2026-03-22 07:02:39</description>
"
            f"      <Point>
"
            f"        <coordinates>34.91548589,32.11956307,-741.434</coordinates>
"
            f"      </Point>
"
            f"    </Placemark>
    <Placemark>
"
            f"      <name>Point 530</name>
"
            f"      <description>2026-03-22 07:02:41</description>
"
            f"      <Point>
"
            f"        <coordinates>34.91599977,32.11943697,-737.572</coordinates>
"
            f"      </Point>
"
            f"    </Placemark>
    <Placemark>
"
            f"      <name>Point 531</name>
"
            f"      <description>2026-03-22 07:02:43</description>
"
            f"      <Point>
"
            f"        <coordinates>34.91654710,32.11930407,-721.818</coordinates>
"
            f"      </Point>
"
            f"    </Placemark>
    <Placemark>
"
            f"      <name>Point 532</name>
"
            f"      <description>2026-03-22 07:02:45</description>
"
            f"      <Point>
"
            f"        <coordinates>34.91713832,32.11916436,-691.915</coordinates>
"
            f"      </Point>
"
            f"    </Placemark>
    <Placemark>
"
            f"      <name>Point 533</name>
"
            f"      <description>2026-03-22 07:02:47</description>
"
            f"      <Point>
"
            f"        <coordinates>34.91778304,32.11901743,-645.543</coordinates>
"
            f"      </Point>
"
            f"    </Placemark>
    <Placemark>
"
            f"      <name>Point 534</name>
"
            f"      <description>2026-03-22 07:02:49</description>
"
            f"      <Point>
"
            f"        <coordinates>34.91848719,32.11886397,-580.454</coordinates>
"
            f"      </Point>
"
            f"    </Placemark>
    <Placemark>
"
            f"      <name>Point 535</name>
"
            f"      <description>2026-03-22 07:02:51</description>
"
            f"      <Point>
"
            f"        <coordinates>34.91925616,32.11870528,-494.977</coordinates>
"
            f"      </Point>
"
            f"    </Placemark>
    <Placemark>
"
            f"      <name>Point 536</name>
"
            f"      <description>2026-03-22 07:02:53</description>
"
            f"      <Point>
"
            f"        <coordinates>34.92008835,32.11854481,-388.518</coordinates>
"
            f"      </Point>
"
            f"    </Placemark>
    <Placemark>
"
            f"      <name>Point 537</name>
"
            f"      <description>2026-03-22 07:02:55</description>
"
            f"      <Point>
"
            f"        <coordinates>34.92097902,32.11838662,-261.912</coordinates>
"
            f"      </Point>
"
            f"    </Placemark>
    <Placemark>
"
            f"      <name>Point 538</name>
"
            f"      <description>2026-03-22 07:02:57</description>
"
            f"      <Point>
"
            f"        <coordinates>34.92191452,32.11823687,-117.748</coordinates>
"
            f"      </Point>
"
            f"    </Placemark>
    <Placemark>
"
            f"      <name>Point 539</name>
"
            f"      <description>2026-03-22 07:02:59</description>
"
            f"      <Point>
"
            f"        <coordinates>34.92288221,32.11809889,41.431</coordinates>
"
            f"      </Point>
"
            f"    </Placemark>
    <Placemark>
"
            f"      <name>Point 540</name>
"
            f"      <description>2026-03-22 07:03:01</description>
"
            f"      <Point>
"
            f"        <coordinates>34.92386242,32.11797503,211.468</coordinates>
"
            f"      </Point>
"
            f"    </Placemark>
    <Placemark>
"
            f"      <name>Point 541</name>
"
            f"      <description>2026-03-22 07:03:03</description>
"
            f"      <Point>
"
            f"        <coordinates>34.92484469,32.11786372,389.208</coordinates>
"
            f"      </Point>
"
            f"    </Placemark>
    <Placemark>
"
            f"      <name>Point 542</name>
"
            f"      <description>2026-03-22 07:03:05</description>
"
            f"      <Point>
"
            f"        <coordinates>34.92581600,32.11776353,571.073</coordinates>
"
            f"      </Point>
"
            f"    </Placemark>
    <Placemark>
"
            f"      <name>Point 543</name>
"
            f"      <description>2026-03-22 07:03:07</description>
"
            f"      <Point>
"
            f"        <coordinates>34.92676784,32.11767141,753.766</coordinates>
"
            f"      </Point>
"
            f"    </Placemark>
    <Placemark>
"
            f"      <name>Point 544</name>
"
            f"      <description>2026-03-22 07:03:09</description>
"
            f"      <Point>
"
            f"        <coordinates>34.92767785,32.11758860,931.206</coordinates>
"
            f"      </Point>
"
            f"    </Placemark>
    <Placemark>
"
            f"      <name>Point 545</name>
"
            f"      <description>2026-03-22 07:03:11</description>
"
            f"      <Point>
"
            f"        <coordinates>34.92853759,32.11751932,1098.278</coordinates>
"
            f"      </Point>
"
            f"    </Placemark>
    <Placemark>
"
            f"      <name>Point 546</name>
"
            f"      <description>2026-03-22 07:03:13</description>
"
            f"      <Point>
"
            f"        <coordinates>34.92935028,32.11748705,1245.069</coordinates>
"
            f"      </Point>
"
            f"    </Placemark>
    <Placemark>
"
            f"      <name>Point 547</name>
"
            f"      <description>2026-03-22 07:03:15</description>
"
            f"      <Point>
"
            f"        <coordinates>34.93013041,32.11750400,1363.357</coordinates>
"
            f"      </Point>
"
            f"    </Placemark>
    <Placemark>
"
            f"      <name>Point 548</name>
"
            f"      <description>2026-03-22 07:03:17</description>
"
            f"      <Point>
"
            f"        <coordinates>34.93091116,32.11758930,1442.260</coordinates>
"
            f"      </Point>
"
            f"    </Placemark>
    <Placemark>
"
            f"      <name>Point 549</name>
"
            f"      <description>2026-03-22 07:03:19</description>
"
            f"      <Point>
"
            f"        <coordinates>34.93173318,32.11773770,1474.548</coordinates>
"
            f"      </Point>
"
            f"    </Placemark>
    <Placemark>
"
            f"      <name>Point 550</name>
"
            f"      <description>2026-03-22 07:03:21</description>
"
            f"      <Point>
"
            f"        <coordinates>34.93261711,32.11792422,1452.822</coordinates>
"
            f"      </Point>
"
            f"    </Placemark>
    <Placemark>
"
            f"      <name>Point 551</name>
"
            f"      <description>2026-03-22 07:03:23</description>
"
            f"      <Point>
"
            f"        <coordinates>34.93356706,32.11809838,1375.618</coordinates>
"
            f"      </Point>
"
            f"    </Placemark>
    <Placemark>
"
            f"      <name>Point 552</name>
"
            f"      <description>2026-03-22 07:03:25</description>
"
            f"      <Point>
"
            f"        <coordinates>34.93457931,32.11821618,1242.632</coordinates>
"
            f"      </Point>
"
            f"    </Placemark>
    <Placemark>
"
            f"      <name>Point 553</name>
"
            f"      <description>2026-03-22 07:03:27</description>
"
            f"      <Point>
"
            f"        <coordinates>34.93567223,32.11833716,1039.648</coordinates>
"
            f"      </Point>
"
            f"    </Placemark>
    <Placemark>
"
            f"      <name>Point 554</name>
"
            f"      <description>2026-03-22 07:03:29</description>
"
            f"      <Point>
"
            f"        <coordinates>34.93685353,32.11852330,757.412</coordinates>
"
            f"      </Point>
"
            f"    </Placemark>
    <Placemark>
"
            f"      <name>Point 555</name>
"
            f"      <description>2026-03-22 07:03:31</description>
"
            f"      <Point>
"
            f"        <coordinates>34.93812156,32.11882233,396.295</coordinates>
"
            f"      </Point>
"
            f"    </Placemark>
    <Placemark>
"
            f"      <name>Point 556</name>
"
            f"      <description>2026-03-22 07:03:33</description>
"
            f"      <Point>
"
            f"        <coordinates>34.93946801,32.11928902,-41.135</coordinates>
"
            f"      </Point>
"
            f"    </Placemark>
    <Placemark>
"
            f"      <name>Point 557</name>
"
            f"      <description>2026-03-22 07:03:35</description>
"
            f"      <Point>
"
            f"        <coordinates>34.94083747,32.11985880,-527.232</coordinates>
"
            f"      </Point>
"
            f"    </Placemark>
    <Placemark>
"
            f"      <name>Point 558</name>
"
            f"      <description>2026-03-22 07:03:37</description>
"
            f"      <Point>
"
            f"        <coordinates>34.94216004,32.12038756,-1017.955</coordinates>
"
            f"      </Point>
"
            f"    </Placemark>
    <Placemark>
"
            f"      <name>Point 559</name>
"
            f"      <description>2026-03-22 07:03:39</description>
"
            f"      <Point>
"
            f"        <coordinates>34.94339123,32.12078192,-1477.310</coordinates>
"
            f"      </Point>
"
            f"    </Placemark>
    <Placemark>
"
            f"      <name>Point 560</name>
"
            f"      <description>2026-03-22 07:03:41</description>
"
            f"      <Point>
"
            f"        <coordinates>34.94451055,32.12099749,-1880.375</coordinates>
"
            f"      </Point>
"
            f"    </Placemark>
    <Placemark>
"
            f"      <name>Point 561</name>
"
            f"      <description>2026-03-22 07:03:43</description>
"
            f"      <Point>
"
            f"        <coordinates>34.94550862,32.12100324,-2208.014</coordinates>
"
            f"      </Point>
"
            f"    </Placemark>
    <Placemark>
"
            f"      <name>Point 562</name>
"
            f"      <description>2026-03-22 07:03:45</description>
"
            f"      <Point>
"
            f"        <coordinates>34.94638329,32.12079137,-2449.691</coordinates>
"
            f"      </Point>
"
            f"    </Placemark>
    <Placemark>
"
            f"      <name>Point 563</name>
"
            f"      <description>2026-03-22 07:03:47</description>
"
            f"      <Point>
"
            f"        <coordinates>34.94712028,32.12034309,-2599.403</coordinates>
"
            f"      </Point>
"
            f"    </Placemark>
    <Placemark>
"
            f"      <name>Point 564</name>
"
            f"      <description>2026-03-22 07:03:49</description>
"
            f"      <Point>
"
            f"        <coordinates>34.94770204,32.11962982,-2653.381</coordinates>
"
            f"      </Point>
"
            f"    </Placemark>
    <Placemark>
"
            f"      <name>Point 565</name>
"
            f"      <description>2026-03-22 07:03:51</description>
"
            f"      <Point>
"
            f"        <coordinates>34.94811286,32.11861524,-2609.105</coordinates>
"
            f"      </Point>
"
            f"    </Placemark>
    <Placemark>
"
            f"      <name>Point 566</name>
"
            f"      <description>2026-03-22 07:03:53</description>
"
            f"      <Point>
"
            f"        <coordinates>34.94836554,32.11737742,-2485.879</coordinates>
"
            f"      </Point>
"
            f"    </Placemark>
    <Placemark>
"
            f"      <name>Point 567</name>
"
            f"      <description>2026-03-22 07:03:55</description>
"
            f"      <Point>
"
            f"        <coordinates>34.94850000,32.11608427,-2320.062</coordinates>
"
            f"      </Point>
"
            f"    </Placemark>
    <Placemark>
"
            f"      <name>Point 568</name>
"
            f"      <description>2026-03-22 07:03:57</description>
"
            f"      <Point>
"
            f"        <coordinates>34.94854430,32.11487505,-2140.698</coordinates>
"
            f"      </Point>
"
            f"    </Placemark>
    <Placemark>
"
            f"      <name>Point 569</name>
"
            f"      <description>2026-03-22 07:03:59</description>
"
            f"      <Point>
"
            f"        <coordinates>34.94852358,32.11385943,-1971.894</coordinates>
"
            f"      </Point>
"
            f"    </Placemark>
    <Placemark>
"
            f"      <name>Point 570</name>
"
            f"      <description>2026-03-22 07:04:01</description>
"
            f"      <Point>
"
            f"        <coordinates>34.94845903,32.11312654,-1832.753</coordinates>
"
            f"      </Point>
"
            f"    </Placemark>
    <Placemark>
"
            f"      <name>Point 571</name>
"
            f"      <description>2026-03-22 07:04:03</description>
"
            f"      <Point>
"
            f"        <coordinates>34.94835540,32.11262898,-1717.017</coordinates>
"
            f"      </Point>
"
            f"    </Placemark>
    <Placemark>
"
            f"      <name>Point 572</name>
"
            f"      <description>2026-03-22 07:04:05</description>
"
            f"      <Point>
"
            f"        <coordinates>34.94822967,32.11232410,-1618.412</coordinates>
"
            f"      </Point>
"
            f"    </Placemark>
    <Placemark>
"
            f"      <name>Point 573</name>
"
            f"      <description>2026-03-22 07:04:07</description>
"
            f"      <Point>
"
            f"        <coordinates>34.94809908,32.11217153,-1532.014</coordinates>
"
            f"      </Point>
"
            f"    </Placemark>
    <Placemark>
"
            f"      <name>Point 574</name>
"
            f"      <description>2026-03-22 07:04:09</description>
"
            f"      <Point>
"
            f"        <coordinates>34.94797748,32.11214020,-1453.667</coordinates>
"
            f"      </Point>
"
            f"    </Placemark>
    <Placemark>
"
            f"      <name>Point 575</name>
"
            f"      <description>2026-03-22 07:04:11</description>
"
            f"      <Point>
"
            f"        <coordinates>34.94787573,32.11220060,-1380.910</coordinates>
"
            f"      </Point>
"
            f"    </Placemark>
    <Placemark>
"
            f"      <name>Point 576</name>
"
            f"      <description>2026-03-22 07:04:13</description>
"
            f"      <Point>
"
            f"        <coordinates>34.94778806,32.11233339,-1312.701</coordinates>
"
            f"      </Point>
"
            f"    </Placemark>
    <Placemark>
"
            f"      <name>Point 577</name>
"
            f"      <description>2026-03-22 07:04:15</description>
"
            f"      <Point>
"
            f"        <coordinates>34.94771046,32.11251953,-1248.985</coordinates>
"
            f"      </Point>
"
            f"    </Placemark>
    <Placemark>
"
            f"      <name>Point 578</name>
"
            f"      <description>2026-03-22 07:04:17</description>
"
            f"      <Point>
"
            f"        <coordinates>34.94763788,32.11274321,-1189.079</coordinates>
"
            f"      </Point>
"
            f"    </Placemark>
    <Placemark>
"
            f"      <name>Point 579</name>
"
            f"      <description>2026-03-22 07:04:19</description>
"
            f"      <Point>
"
            f"        <coordinates>34.94756734,32.11298819,-1132.783</coordinates>
"
            f"      </Point>
"
            f"    </Placemark>
    <Placemark>
"
            f"      <name>Point 580</name>
"
            f"      <description>2026-03-22 07:04:21</description>
"
            f"      <Point>
"
            f"        <coordinates>34.94749860,32.11324170,-1079.332</coordinates>
"
            f"      </Point>
"
            f"    </Placemark>
    <Placemark>
"
            f"      <name>Point 581</name>
"
            f"      <description>2026-03-22 07:04:23</description>
"
            f"      <Point>
"
            f"        <coordinates>34.94743532,32.11349093,-1028.567</coordinates>
"
            f"      </Point>
"
            f"    </Placemark>
    <Placemark>
"
            f"      <name>Point 582</name>
"
            f"      <description>2026-03-22 07:04:25</description>
"
            f"      <Point>
"
            f"        <coordinates>34.94738260,32.11372496,-980.391</coordinates>
"
            f"      </Point>
"
            f"    </Placemark>
    <Placemark>
"
            f"      <name>Point 583</name>
"
            f"      <description>2026-03-22 07:04:27</description>
"
            f"      <Point>
"
            f"        <coordinates>34.94734901,32.11393459,-935.503</coordinates>
"
            f"      </Point>
"
            f"    </Placemark>
    <Placemark>
"
            f"      <name>Point 584</name>
"
            f"      <description>2026-03-22 07:04:29</description>
"
            f"      <Point>
"
            f"        <coordinates>34.94734146,32.11411025,-894.147</coordinates>
"
            f"      </Point>
"
            f"    </Placemark>
    <Placemark>
"
            f"      <name>Point 585</name>
"
            f"      <description>2026-03-22 07:04:31</description>
"
            f"      <Point>
"
            f"        <coordinates>34.94734765,32.11426977,-854.804</coordinates>
"
            f"      </Point>
"
            f"    </Placemark>
    <Placemark>
"
            f"      <name>Point 586</name>
"
            f"      <description>2026-03-22 07:04:33</description>
"
            f"      <Point>
"
            f"        <coordinates>34.94741217,32.11436583,-822.071</coordinates>
"
            f"      </Point>
"
            f"    </Placemark>
    <Placemark>
"
            f"      <name>Point 587</name>
"
            f"      <description>2026-03-22 07:04:35</description>
"
            f"      <Point>
"
            f"        <coordinates>34.94752399,32.11441985,-793.920</coordinates>
"
            f"      </Point>
"
            f"    </Placemark>
    <Placemark>
"
            f"      <name>Point 588</name>
"
            f"      <description>2026-03-22 07:04:37</description>
"
            f"      <Point>
"
            f"        <coordinates>34.94768521,32.11443714,-770.096</coordinates>
"
            f"      </Point>
"
            f"    </Placemark>
    <Placemark>
"
            f"      <name>Point 589</name>
"
            f"      <description>2026-03-22 07:04:39</description>
"
            f"      <Point>
"
            f"        <coordinates>34.94789447,32.11442191,-750.278</coordinates>
"
            f"      </Point>
"
            f"    </Placemark>
    <Placemark>
"
            f"      <name>Point 590</name>
"
            f"      <description>2026-03-22 07:04:41</description>
"
            f"      <Point>
"
            f"        <coordinates>34.94814875,32.11437828,-734.211</coordinates>
"
            f"      </Point>
"
            f"    </Placemark>
    <Placemark>
"
            f"      <name>Point 591</name>
"
            f"      <description>2026-03-22 07:04:43</description>
"
            f"      <Point>
"
            f"        <coordinates>34.94843979,32.11431159,-721.210</coordinates>
"
            f"      </Point>
"
            f"    </Placemark>
    <Placemark>
"
            f"      <name>Point 592</name>
"
            f"      <description>2026-03-22 07:04:45</description>
"
            f"      <Point>
"
            f"        <coordinates>34.94876024,32.11422646,-710.660</coordinates>
"
            f"      </Point>
"
            f"    </Placemark>
    <Placemark>
"
            f"      <name>Point 593</name>
"
            f"      <description>2026-03-22 07:04:47</description>
"
            f"      <Point>
"
            f"        <coordinates>34.94910420,32.11412657,-702.072</coordinates>
"
            f"      </Point>
"
            f"    </Placemark>
    <Placemark>
"
            f"      <name>Point 594</name>
"
            f"      <description>2026-03-22 07:04:49</description>
"
            f"      <Point>
"
            f"        <coordinates>34.94946699,32.11401488,-695.053</coordinates>
"
            f"      </Point>
"
            f"    </Placemark>
    <Placemark>
"
            f"      <name>Point 595</name>
"
            f"      <description>2026-03-22 07:04:51</description>
"
            f"      <Point>
"
            f"        <coordinates>34.94984484,32.11389375,-689.289</coordinates>
"
            f"      </Point>
"
            f"    </Placemark>
    <Placemark>
"
            f"      <name>Point 596</name>
"
            f"      <description>2026-03-22 07:04:53</description>
"
            f"      <Point>
"
            f"        <coordinates>34.95023473,32.11376506,-684.529</coordinates>
"
            f"      </Point>
"
            f"    </Placemark>
    <Placemark>
"
            f"      <name>Point 597</name>
"
            f"      <description>2026-03-22 07:04:55</description>
"
            f"      <Point>
"
            f"        <coordinates>34.95063810,32.11362765,-680.891</coordinates>
"
            f"      </Point>
"
            f"    </Placemark>
    <Placemark>
"
            f"      <name>Point 598</name>
"
            f"      <description>2026-03-22 07:04:57</description>
"
            f"      <Point>
"
            f"        <coordinates>34.95104452,32.11348756,-677.499</coordinates>
"
            f"      </Point>
"
            f"    </Placemark>
    <Placemark>
"
            f"      <name>Point 599</name>
"
            f"      <description>2026-03-22 07:04:59</description>
"
            f"      <Point>
"
            f"        <coordinates>34.95145721,32.11334187,-674.612</coordinates>
"
            f"      </Point>
"
            f"    </Placemark>
    <Placemark>
"
            f"      <name>Point 600</name>
"
            f"      <description>2026-03-22 07:05:01</description>
"
            f"      <Point>
"
            f"        <coordinates>34.95187489,32.11319009,-672.107</coordinates>
"
            f"      </Point>
"
            f"    </Placemark>
    <Placemark>
"
            f"      <name>Point 601</name>
"
            f"      <description>2026-03-22 07:05:03</description>
"
            f"      <Point>
"
            f"        <coordinates>34.95229658,32.11303128,-669.875</coordinates>
"
            f"      </Point>
"
            f"    </Placemark>
    <Placemark>
"
            f"      <name>Point 602</name>
"
            f"      <description>2026-03-22 07:05:05</description>
"
            f"      <Point>
"
            f"        <coordinates>34.95272153,32.11286439,-667.828</coordinates>
"
            f"      </Point>
"
            f"    </Placemark>
    <Placemark>
"
            f"      <name>Point 603</name>
"
            f"      <description>2026-03-22 07:05:07</description>
"
            f"      <Point>
"
            f"        <coordinates>34.95314921,32.11268830,-665.890</coordinates>
"
            f"      </Point>
"
            f"    </Placemark>
    <Placemark>
"
            f"      <name>Point 604</name>
"
            f"      <description>2026-03-22 07:05:09</description>
"
            f"      <Point>
"
            f"        <coordinates>34.95357918,32.11250209,-664.004</coordinates>
"
            f"      </Point>
"
            f"    </Placemark>
    <Placemark>
"
            f"      <name>Point 605</name>
"
            f"      <description>2026-03-22 07:05:11</description>
"
            f"      <Point>
"
            f"        <coordinates>34.95401112,32.11230505,-662.131</coordinates>
"
            f"      </Point>
"
            f"    </Placemark>
    <Placemark>
"
            f"      <name>Point 606</name>
"
            f"      <description>2026-03-22 07:05:13</description>
"
            f"      <Point>
"
            f"        <coordinates>34.95444472,32.11209690,-660.247</coordinates>
"
            f"      </Point>
"
            f"    </Placemark>
    <Placemark>
"
            f"      <name>Point 607</name>
"
            f"      <description>2026-03-22 07:05:15</description>
"
            f"      <Point>
"
            f"        <coordinates>34.95487974,32.11187770,-658.338</coordinates>
"
            f"      </Point>
"
            f"    </Placemark>
    <Placemark>
"
            f"      <name>Point 608</name>
"
            f"      <description>2026-03-22 07:05:17</description>
"
            f"      <Point>
"
            f"        <coordinates>34.95531597,32.11164804,-656.405</coordinates>
"
            f"      </Point>
"
            f"    </Placemark>
    <Placemark>
"
            f"      <name>Point 609</name>
"
            f"      <description>2026-03-22 07:05:19</description>
"
            f"      <Point>
"
            f"        <coordinates>34.95575320,32.11140895,-654.457</coordinates>
"
            f"      </Point>
"
            f"    </Placemark>
    <Placemark>
"
            f"      <name>Point 610</name>
"
            f"      <description>2026-03-22 07:05:21</description>
"
            f"      <Point>
"
            f"        <coordinates>34.95619127,32.11116181,-652.511</coordinates>
"
            f"      </Point>
"
            f"    </Placemark>
    <Placemark>
"
            f"      <name>Point 611</name>
"
            f"      <description>2026-03-22 07:05:23</description>
"
            f"      <Point>
"
            f"        <coordinates>34.95663001,32.11090799,-650.584</coordinates>
"
            f"      </Point>
"
            f"    </Placemark>
    <Placemark>
"
            f"      <name>Point 612</name>
"
            f"      <description>2026-03-22 07:05:25</description>
"
            f"      <Point>
"
            f"        <coordinates>34.95706929,32.11064888,-648.695</coordinates>
"
            f"      </Point>
"
            f"    </Placemark>
    <Placemark>
"
            f"      <name>Point 613</name>
"
            f"      <description>2026-03-22 07:05:27</description>
"
            f"      <Point>
"
            f"        <coordinates>34.95750898,32.11038558,-646.858</coordinates>
"
            f"      </Point>
"
            f"    </Placemark>
    <Placemark>
"
            f"      <name>Point 614</name>
"
            f"      <description>2026-03-22 07:05:29</description>
"
            f"      <Point>
"
            f"        <coordinates>34.95794902,32.11011896,-645.083</coordinates>
"
            f"      </Point>
"
            f"    </Placemark>
    <Placemark>
"
            f"      <name>Point 615</name>
"
            f"      <description>2026-03-22 07:05:31</description>
"
            f"      <Point>
"
            f"        <coordinates>34.95838941,32.10984970,-643.372</coordinates>
"
            f"      </Point>
"
            f"    </Placemark>
    <Placemark>
"
            f"      <name>Point 616</name>
"
            f"      <description>2026-03-22 07:05:33</description>
"
            f"      <Point>
"
            f"        <coordinates>34.95883012,32.10957833,-641.727</coordinates>
"
            f"      </Point>
"
            f"    </Placemark>
    <Placemark>
"
            f"      <name>Point 617</name>
"
            f"      <description>2026-03-22 07:05:35</description>
"
            f"      <Point>
"
            f"        <coordinates>34.95927116,32.10930530,-640.146</coordinates>
"
            f"      </Point>
"
            f"    </Placemark>
    <Placemark>
"
            f"      <name>Point 618</name>
"
            f"      <description>2026-03-22 07:05:37</description>
"
            f"      <Point>
"
            f"        <coordinates>34.95971249,32.10903100,-638.628</coordinates>
"
            f"      </Point>
"
            f"    </Placemark>
    <Placemark>
"
            f"      <name>Point 619</name>
"
            f"      <description>2026-03-22 07:05:39</description>
"
            f"      <Point>
"
            f"        <coordinates>34.96015406,32.10875576,-637.171</coordinates>
"
            f"      </Point>
"
            f"    </Placemark>
    <Placemark>
"
            f"      <name>Point 620</name>
"
            f"      <description>2026-03-22 07:05:41</description>
"
            f"      <Point>
"
            f"        <coordinates>34.96059578,32.10847997,-635.769</coordinates>
"
            f"      </Point>
"
            f"    </Placemark>
    <Placemark>
"
            f"      <name>Point 621</name>
"
            f"      <description>2026-03-22 07:05:43</description>
"
            f"      <Point>
"
            f"        <coordinates>34.96103832,32.10820403,-634.317</coordinates>
"
            f"      </Point>
"
            f"    </Placemark>
    <Placemark>
"
            f"      <name>Point 622</name>
"
            f"      <description>2026-03-22 07:05:45</description>
"
            f"      <Point>
"
            f"        <coordinates>34.96148289,32.10792843,-632.634</coordinates>
"
            f"      </Point>
"
            f"    </Placemark>
    <Placemark>
"
            f"      <name>Point 623</name>
"
            f"      <description>2026-03-22 07:05:47</description>
"
            f"      <Point>
"
            f"        <coordinates>34.96193195,32.10765372,-630.383</coordinates>
"
            f"      </Point>
"
            f"    </Placemark>
    <Placemark>
"
            f"      <name>Point 624</name>
"
            f"      <description>2026-03-22 07:05:49</description>
"
            f"      <Point>
"
            f"        <coordinates>34.96238893,32.10738051,-627.106</coordinates>
"
            f"      </Point>
"
            f"    </Placemark>
    <Placemark>
"
            f"      <name>Point 625</name>
"
            f"      <description>2026-03-22 07:05:51</description>
"
            f"      <Point>
"
            f"        <coordinates>34.96285808,32.10710933,-622.253</coordinates>
"
            f"      </Point>
"
            f"    </Placemark>
    <Placemark>
"
            f"      <name>Point 626</name>
"
            f"      <description>2026-03-22 07:05:53</description>
"
            f"      <Point>
"
            f"        <coordinates>34.96334358,32.10684071,-615.285</coordinates>
"
            f"      </Point>
"
            f"    </Placemark>
    <Placemark>
"
            f"      <name>Point 627</name>
"
            f"      <description>2026-03-22 07:05:55</description>
"
            f"      <Point>
"
            f"        <coordinates>34.96384951,32.10657510,-605.681</coordinates>
"
            f"      </Point>
"
            f"    </Placemark>
    <Placemark>
"
            f"      <name>Point 628</name>
"
            f"      <description>2026-03-22 07:05:57</description>
"
            f"      <Point>
"
            f"        <coordinates>34.96437919,32.10631287,-593.018</coordinates>
"
            f"      </Point>
"
            f"    </Placemark>
    <Placemark>
"
            f"      <name>Point 629</name>
"
            f"      <description>2026-03-22 07:05:59</description>
"
            f"      <Point>
"
            f"        <coordinates>34.96493526,32.10605428,-576.962</coordinates>
"
            f"      </Point>
"
            f"    </Placemark>
    <Placemark>
"
            f"      <name>Point 630</name>
"
            f"      <description>2026-03-22 07:06:01</description>
"
            f"      <Point>
"
            f"        <coordinates>34.96551911,32.10579948,-557.336</coordinates>
"
            f"      </Point>
"
            f"    </Placemark>
    <Placemark>
"
            f"      <name>Point 631</name>
"
            f"      <description>2026-03-22 07:06:03</description>
"
            f"      <Point>
"
            f"        <coordinates>34.96613111,32.10554841,-534.099</coordinates>
"
            f"      </Point>
"
            f"    </Placemark>
    <Placemark>
"
            f"      <name>Point 632</name>
"
            f"      <description>2026-03-22 07:06:05</description>
"
            f"      <Point>
"
            f"        <coordinates>34.96677006,32.10530088,-507.406</coordinates>
"
            f"      </Point>
"
            f"    </Placemark>
    <Placemark>
"
            f"      <name>Point 633</name>
"
            f"      <description>2026-03-22 07:06:07</description>
"
            f"      <Point>
"
            f"        <coordinates>34.96743353,32.10505658,-477.568</coordinates>
"
            f"      </Point>
"
            f"    </Placemark>
    <Placemark>
"
            f"      <name>Point 634</name>
"
            f"      <description>2026-03-22 07:06:09</description>
"
            f"      <Point>
"
            f"        <coordinates>34.96811810,32.10481517,-445.015</coordinates>
"
            f"      </Point>
"
            f"    </Placemark>
    <Placemark>
"
            f"      <name>Point 635</name>
"
            f"      <description>2026-03-22 07:06:11</description>
"
            f"      <Point>
"
            f"        <coordinates>34.96882028,32.10457625,-410.190</coordinates>
"
            f"      </Point>
"
            f"    </Placemark>
    <Placemark>
"
            f"      <name>Point 636</name>
"
            f"      <description>2026-03-22 07:06:13</description>
"
            f"      <Point>
"
            f"        <coordinates>34.96953655,32.10433941,-373.540</coordinates>
"
            f"      </Point>
"
            f"    </Placemark>
    <Placemark>
"
            f"      <name>Point 637</name>
"
            f"      <description>2026-03-22 07:06:15</description>
"
            f"      <Point>
"
            f"        <coordinates>34.97026409,32.10410425,-335.430</coordinates>
"
            f"      </Point>
"
            f"    </Placemark>
    <Placemark>
"
            f"      <name>Point 638</name>
"
            f"      <description>2026-03-22 07:06:17</description>
"
            f"      <Point>
"
            f"        <coordinates>34.97100064,32.10387032,-296.159</coordinates>
"
            f"      </Point>
"
            f"    </Placemark>
    <Placemark>
"
            f"      <name>Point 639</name>
"
            f"      <description>2026-03-22 07:06:19</description>
"
            f"      <Point>
"
            f"        <coordinates>34.97174331,32.10363805,-256.142</coordinates>
"
            f"      </Point>
"
            f"    </Placemark>
    <Placemark>
"
            f"      <name>Point 640</name>
"
            f"      <description>2026-03-22 07:06:21</description>
"
            f"      <Point>
"
            f"        <coordinates>34.97248875,32.10340849,-215.891</coordinates>
"
            f"      </Point>
"
            f"    </Placemark>
    <Placemark>
"
            f"      <name>Point 641</name>
"
            f"      <description>2026-03-22 07:06:23</description>
"
            f"      <Point>
"
            f"        <coordinates>34.97323209,32.10318409,-176.166</coordinates>
"
            f"      </Point>
"
            f"    </Placemark>
    <Placemark>
"
            f"      <name>Point 642</name>
"
            f"      <description>2026-03-22 07:06:25</description>
"
            f"      <Point>
"
            f"        <coordinates>34.97396732,32.10296833,-137.926</coordinates>
"
            f"      </Point>
"
            f"    </Placemark>
    <Placemark>
"
            f"      <name>Point 643</name>
"
            f"      <description>2026-03-22 07:06:27</description>
"
            f"      <Point>
"
            f"        <coordinates>34.97468748,32.10276554,-102.292</coordinates>
"
            f"      </Point>
"
            f"    </Placemark>
    <Placemark>
"
            f"      <name>Point 644</name>
"
            f"      <description>2026-03-22 07:06:29</description>
"
            f"      <Point>
"
            f"        <coordinates>34.97538590,32.10257986,-70.344</coordinates>
"
            f"      </Point>
"
            f"    </Placemark>
    <Placemark>
"
            f"      <name>Point 645</name>
"
            f"      <description>2026-03-22 07:06:31</description>
"
            f"      <Point>
"
            f"        <coordinates>34.97605622,32.10241540,-43.119</coordinates>
"
            f"      </Point>
"
            f"    </Placemark>
    <Placemark>
"
            f"      <name>Point 646</name>
"
            f"      <description>2026-03-22 07:06:33</description>
"
            f"      <Point>
"
            f"        <coordinates>34.97669332,32.10227539,-21.453</coordinates>
"
            f"      </Point>
"
            f"    </Placemark>
    <Placemark>
"
            f"      <name>Point 647</name>
"
            f"      <description>2026-03-22 07:06:35</description>
"
            f"      <Point>
"
            f"        <coordinates>34.97729312,32.10216248,-6.009</coordinates>
"
            f"      </Point>
"
            f"    </Placemark>
    <Placemark>
"
            f"      <name>Point 648</name>
"
            f"      <description>2026-03-22 07:06:37</description>
"
            f"      <Point>
"
            f"        <coordinates>34.97785342,32.10207798,2.857</coordinates>
"
            f"      </Point>
"
            f"    </Placemark>
    <Placemark>
"
            f"      <name>Point 649</name>
"
            f"      <description>2026-03-22 07:06:39</description>
"
            f"      <Point>
"
            f"        <coordinates>34.97837353,32.10202224,5.040</coordinates>
"
            f"      </Point>
"
            f"    </Placemark>
    <Placemark>
"
            f"      <name>Point 650</name>
"
            f"      <description>2026-03-22 07:06:41</description>
"
            f"      <Point>
"
            f"        <coordinates>34.97885506,32.10199391,0.803</coordinates>
"
            f"      </Point>
"
            f"    </Placemark>
    <Placemark>
"
            f"      <name>Point 651</name>
"
            f"      <description>2026-03-22 07:06:43</description>
"
            f"      <Point>
"
            f"        <coordinates>34.97930144,32.10199040,-9.288</coordinates>
"
            f"      </Point>
"
            f"    </Placemark>
    <Placemark>
"
            f"      <name>Point 652</name>
"
            f"      <description>2026-03-22 07:06:45</description>
"
            f"      <Point>
"
            f"        <coordinates>34.97971754,32.10200809,-24.428</coordinates>
"
            f"      </Point>
"
            f"    </Placemark>
    <Placemark>
"
            f"      <name>Point 653</name>
"
            f"      <description>2026-03-22 07:06:47</description>
"
            f"      <Point>
"
            f"        <coordinates>34.98010836,32.10204342,-43.791</coordinates>
"
            f"      </Point>
"
            f"    </Placemark>
    <Placemark>
"
            f"      <name>Point 654</name>
"
            f"      <description>2026-03-22 07:06:49</description>
"
            f"      <Point>
"
            f"        <coordinates>34.98047895,32.10209277,-66.539</coordinates>
"
            f"      </Point>
"
            f"    </Placemark>
    <Placemark>
"
            f"      <name>Point 655</name>
"
            f"      <description>2026-03-22 07:06:51</description>
"
            f"      <Point>
"
            f"        <coordinates>34.98083335,32.10215332,-91.996</coordinates>
"
            f"      </Point>
"
            f"    </Placemark>
    <Placemark>
"
            f"      <name>Point 656</name>
"
            f"      <description>2026-03-22 07:06:53</description>
"
            f"      <Point>
"
            f"        <coordinates>34.98117481,32.10222283,-119.618</coordinates>
"
            f"      </Point>
"
            f"    </Placemark>
    <Placemark>
"
            f"      <name>Point 657</name>
"
            f"      <description>2026-03-22 07:06:55</description>
"
            f"      <Point>
"
            f"        <coordinates>34.98150592,32.10229952,-148.974</coordinates>
"
            f"      </Point>
"
            f"    </Placemark>
    <Placemark>
"
            f"      <name>Point 658</name>
"
            f"      <description>2026-03-22 07:06:57</description>
"
            f"      <Point>
"
            f"        <coordinates>34.98182874,32.10238211,-179.705</coordinates>
"
            f"      </Point>
"
            f"    </Placemark>
    <Placemark>
"
            f"      <name>Point 659</name>
"
            f"      <description>2026-03-22 07:06:59</description>
"
            f"      <Point>
"
            f"        <coordinates>34.98214494,32.10246973,-211.515</coordinates>
"
            f"      </Point>
"
            f"    </Placemark>
    <Placemark>
"
            f"      <name>Point 660</name>
"
            f"      <description>2026-03-22 07:07:01</description>
"
            f"      <Point>
"
            f"        <coordinates>34.98245584,32.10256298,-244.076</coordinates>
"
            f"      </Point>
"
            f"    </Placemark>
    <Placemark>
"
            f"      <name>Point 661</name>
"
            f"      <description>2026-03-22 07:07:03</description>
"
            f"      <Point>
"
            f"        <coordinates>34.98276584,32.10266173,-277.053</coordinates>
"
            f"      </Point>
"
            f"    </Placemark>
    <Placemark>
"
            f"      <name>Point 662</name>
"
            f"      <description>2026-03-22 07:07:07</description>
"
            f"      <Point>
"
            f"        <coordinates>34.98307881,32.10276747,-309.991</coordinates>
"
            f"      </Point>
"
            f"    </Placemark>
    <Placemark>
"
            f"      <name>Point 663</name>
"
            f"      <description>2026-03-22 07:07:09</description>
"
            f"      <Point>
"
            f"        <coordinates>34.98340163,32.10288091,-342.428</coordinates>
"
            f"      </Point>
"
            f"    </Placemark>
    <Placemark>
"
            f"      <name>Point 664</name>
"
            f"      <description>2026-03-22 07:07:11</description>
"
            f"      <Point>
"
            f"        <coordinates>34.98374049,32.10300338,-373.771</coordinates>
"
            f"      </Point>
"
            f"    </Placemark>
    <Placemark>
"
            f"      <name>Point 665</name>
"
            f"      <description>2026-03-22 07:07:13</description>
"
            f"      <Point>
"
            f"        <coordinates>34.98410129,32.10313546,-403.534</coordinates>
"
            f"      </Point>
"
            f"    </Placemark>
    <Placemark>
"
            f"      <name>Point 666</name>
"
            f"      <description>2026-03-22 07:07:15</description>
"
            f"      <Point>
"
            f"        <coordinates>34.98448619,32.10327905,-431.163</coordinates>
"
            f"      </Point>
"
            f"    </Placemark>
    <Placemark>
"
            f"      <name>Point 667</name>
"
            f"      <description>2026-03-22 07:07:17</description>
"
            f"      <Point>
"
            f"        <coordinates>34.98489758,32.10343456,-456.285</coordinates>
"
            f"      </Point>
"
            f"    </Placemark>
    <Placemark>
"
            f"      <name>Point 668</name>
"
            f"      <description>2026-03-22 07:07:19</description>
"
            f"      <Point>
"
            f"        <coordinates>34.98533443,32.10360321,-478.531</coordinates>
"
            f"      </Point>
"
            f"    </Placemark>
    <Placemark>
"
            f"      <name>Point 669</name>
"
            f"      <description>2026-03-22 07:07:21</description>
"
            f"      <Point>
"
            f"        <coordinates>34.98579621,32.10378434,-497.783</coordinates>
"
            f"      </Point>
"
            f"    </Placemark>
    <Placemark>
"
            f"      <name>Point 670</name>
"
            f"      <description>2026-03-22 07:07:23</description>
"
            f"      <Point>
"
            f"        <coordinates>34.98627911,32.10397787,-513.973</coordinates>
"
            f"      </Point>
"
            f"    </Placemark>
    <Placemark>
"
            f"      <name>Point 671</name>
"
            f"      <description>2026-03-22 07:07:25</description>
"
            f"      <Point>
"
            f"        <coordinates>34.98677989,32.10418191,-527.329</coordinates>
"
            f"      </Point>
"
            f"    </Placemark>
    <Placemark>
"
            f"      <name>Point 672</name>
"
            f"      <description>2026-03-22 07:07:27</description>
"
            f"      <Point>
"
            f"        <coordinates>34.98729212,32.10439539,-538.112</coordinates>
"
            f"      </Point>
"
            f"    </Placemark>
    <Placemark>
"
            f"      <name>Point 673</name>
"
            f"      <description>2026-03-22 07:07:29</description>
"
            f"      <Point>
"
            f"        <coordinates>34.98781000,32.10461660,-546.797</coordinates>
"
            f"      </Point>
"
            f"    </Placemark>
    <Placemark>
"
            f"      <name>Point 674</name>
"
            f"      <description>2026-03-22 07:07:31</description>
"
            f"      <Point>
"
            f"        <coordinates>34.98832794,32.10484396,-553.823</coordinates>
"
            f"      </Point>
"
            f"    </Placemark>
    <Placemark>
"
            f"      <name>Point 675</name>
"
            f"      <description>2026-03-22 07:07:33</description>
"
            f"      <Point>
"
            f"        <coordinates>34.98884415,32.10507425,-559.706</coordinates>
"
            f"      </Point>
"
            f"    </Placemark>
    <Placemark>
"
            f"      <name>Point 676</name>
"
            f"      <description>2026-03-22 07:07:35</description>
"
            f"      <Point>
"
            f"        <coordinates>34.98935669,32.10530456,-564.839</coordinates>
"
            f"      </Point>
"
            f"    </Placemark>
    <Placemark>
"
            f"      <name>Point 677</name>
"
            f"      <description>2026-03-22 07:07:37</description>
"
            f"      <Point>
"
            f"        <coordinates>34.98986715,32.10553047,-569.609</coordinates>
"
            f"      </Point>
"
            f"    </Placemark>
    <Placemark>
"
            f"      <name>Point 678</name>
"
            f"      <description>2026-03-22 07:07:39</description>
"
            f"      <Point>
"
            f"        <coordinates>34.99037682,32.10574776,-574.225</coordinates>
"
            f"      </Point>
"
            f"    </Placemark>
    <Placemark>
"
            f"      <name>Point 679</name>
"
            f"      <description>2026-03-22 07:07:41</description>
"
            f"      <Point>
"
            f"        <coordinates>34.99088697,32.10595292,-578.860</coordinates>
"
            f"      </Point>
"
            f"    </Placemark>
    <Placemark>
"
            f"      <name>Point 680</name>
"
            f"      <description>2026-03-22 07:07:43</description>
"
            f"      <Point>
"
            f"        <coordinates>34.99139866,32.10614294,-583.562</coordinates>
"
            f"      </Point>
"
            f"    </Placemark>
    <Placemark>
"
            f"      <name>Point 681</name>
"
            f"      <description>2026-03-22 07:07:45</description>
"
            f"      <Point>
"
            f"        <coordinates>34.99191211,32.10631604,-588.405</coordinates>
"
            f"      </Point>
"
            f"    </Placemark>
    <Placemark>
"
            f"      <name>Point 682</name>
"
            f"      <description>2026-03-22 07:07:47</description>
"
            f"      <Point>
"
            f"        <coordinates>34.99242678,32.10647124,-593.470</coordinates>
"
            f"      </Point>
"
            f"    </Placemark>
    <Placemark>
"
            f"      <name>Point 683</name>
"
            f"      <description>2026-03-22 07:07:49</description>
"
            f"      <Point>
"
            f"        <coordinates>34.99295180,32.10661453,-600.262</coordinates>
"
            f"      </Point>
"
            f"    </Placemark>
    <Placemark>
"
            f"      <name>Point 684</name>
"
            f"      <description>2026-03-22 07:07:51</description>
"
            f"      <Point>
"
            f"        <coordinates>34.99350443,32.10675517,-611.573</coordinates>
"
            f"      </Point>
"
            f"    </Placemark>
    <Placemark>
"
            f"      <name>Point 685</name>
"
            f"      <description>2026-03-22 07:07:53</description>
"
            f"      <Point>
"
            f"        <coordinates>34.99411901,32.10691140,-632.595</coordinates>
"
            f"      </Point>
"
            f"    </Placemark>
    <Placemark>
"
            f"      <name>Point 686</name>
"
            f"      <description>2026-03-22 07:07:55</description>
"
            f"      <Point>
"
            f"        <coordinates>34.99484379,32.10710767,-670.283</coordinates>
"
            f"      </Point>
"
            f"    </Placemark>
    <Placemark>
"
            f"      <name>Point 687</name>
"
            f"      <description>2026-03-22 07:07:57</description>
"
            f"      <Point>
"
            f"        <coordinates>34.99572778,32.10736826,-731.753</coordinates>
"
            f"      </Point>
"
            f"    </Placemark>
    <Placemark>
"
            f"      <name>Point 688</name>
"
            f"      <description>2026-03-22 07:07:59</description>
"
            f"      <Point>
"
            f"        <coordinates>34.99681237,32.10771112,-822.364</coordinates>
"
            f"      </Point>
"
            f"    </Placemark>
    <Placemark>
"
            f"      <name>Point 689</name>
"
            f"      <description>2026-03-22 07:08:01</description>
"
            f"      <Point>
"
            f"        <coordinates>34.99811971,32.10814729,-944.839</coordinates>
"
            f"      </Point>
"
            f"    </Placemark>
    <Placemark>
"
            f"      <name>Point 690</name>
"
            f"      <description>2026-03-22 07:08:03</description>
"
            f"      <Point>
"
            f"        <coordinates>34.99964967,32.10867406,-1098.078</coordinates>
"
            f"      </Point>
"
            f"    </Placemark>
    <Placemark>
"
            f"      <name>Point 691</name>
"
            f"      <description>2026-03-22 07:08:05</description>
"
            f"      <Point>
"
            f"        <coordinates>35.00138222,32.10927971,-1278.278</coordinates>
"
            f"      </Point>
"
            f"    </Placemark>
    <Placemark>
"
            f"      <name>Point 692</name>
"
            f"      <description>2026-03-22 07:08:07</description>
"
            f"      <Point>
"
            f"        <coordinates>35.00328141,32.10994456,-1479.250</coordinates>
"
            f"      </Point>
"
            f"    </Placemark>
    <Placemark>
"
            f"      <name>Point 693</name>
"
            f"      <description>2026-03-22 07:08:09</description>
"
            f"      <Point>
"
            f"        <coordinates>35.00529548,32.11064478,-1693.377</coordinates>
"
            f"      </Point>
"
            f"    </Placemark>
    <Placemark>
"
            f"      <name>Point 694</name>
"
            f"      <description>2026-03-22 07:08:11</description>
"
            f"      <Point>
"
            f"        <coordinates>35.00736257,32.11135191,-1911.603</coordinates>
"
            f"      </Point>
"
            f"    </Placemark>
    <Placemark>
"
            f"      <name>Point 695</name>
"
            f"      <description>2026-03-22 07:08:13</description>
"
            f"      <Point>
"
            f"        <coordinates>35.00940852,32.11203612,-2124.271</coordinates>
"
            f"      </Point>
"
            f"    </Placemark>
    <Placemark>
"
            f"      <name>Point 696</name>
"
            f"      <description>2026-03-22 07:08:15</description>
"
            f"      <Point>
"
            f"        <coordinates>35.01136253,32.11267050,-2322.292</coordinates>
"
            f"      </Point>
"
            f"    </Placemark>
    <Placemark>
"
            f"      <name>Point 697</name>
"
            f"      <description>2026-03-22 07:08:17</description>
"
            f"      <Point>
"
            f"        <coordinates>35.01316483,32.11323586,-2499.003</coordinates>
"
            f"      </Point>
"
            f"    </Placemark>
    <Placemark>
"
            f"      <name>Point 698</name>
"
            f"      <description>2026-03-22 07:08:19</description>
"
            f"      <Point>
"
            f"        <coordinates>35.01477821,32.11372155,-2650.737</coordinates>
"
            f"      </Point>
"
            f"    </Placemark>
    <Placemark>
"
            f"      <name>Point 699</name>
"
            f"      <description>2026-03-22 07:08:21</description>
"
            f"      <Point>
"
            f"        <coordinates>35.01619087,32.11413023,-2777.911</coordinates>
"
            f"      </Point>
"
            f"    </Placemark>
    <Placemark>
"
            f"      <name>Point 700</name>
"
            f"      <description>2026-03-22 07:08:23</description>
"
            f"      <Point>
"
            f"        <coordinates>35.01741423,32.11447376,-2883.642</coordinates>
"
            f"      </Point>
"
            f"    </Placemark>
    <Placemark>
"
            f"      <name>Point 701</name>
"
            f"      <description>2026-03-22 07:08:25</description>
"
            f"      <Point>
"
            f"        <coordinates>35.01846865,32.11476542,-2971.945</coordinates>
"
            f"      </Point>
"
            f"    </Placemark>
    <Placemark>
"
            f"      <name>Point 702</name>
"
            f"      <description>2026-03-22 07:08:27</description>
"
            f"      <Point>
"
            f"        <coordinates>35.01938392,32.11501901,-3046.938</coordinates>
"
            f"      </Point>
"
            f"    </Placemark>
    <Placemark>
"
            f"      <name>Point 703</name>
"
            f"      <description>2026-03-22 07:08:29</description>
"
            f"      <Point>
"
            f"        <coordinates>35.02018524,32.11524400,-3111.661</coordinates>
"
            f"      </Point>
"
            f"    </Placemark>
    <Placemark>
"
            f"      <name>Point 704</name>
"
            f"      <description>2026-03-22 07:08:31</description>
"
            f"      <Point>
"
            f"        <coordinates>35.02089797,32.11544486,-3167.940</coordinates>
"
            f"      </Point>
"
            f"    </Placemark>
    <Placemark>
"
            f"      <name>Point 705</name>
"
            f"      <description>2026-03-22 07:08:33</description>
"
            f"      <Point>
"
            f"        <coordinates>35.02154488,32.11562344,-3216.911</coordinates>
"
            f"      </Point>
"
            f"    </Placemark>
    <Placemark>
"
            f"      <name>Point 706</name>
"
            f"      <description>2026-03-22 07:08:35</description>
"
            f"      <Point>
"
            f"        <coordinates>35.02214568,32.11578024,-3259.109</coordinates>
"
            f"      </Point>
"
            f"    </Placemark>
    <Placemark>
"
            f"      <name>Point 707</name>
"
            f"      <description>2026-03-22 07:08:37</description>
"
            f"      <Point>
"
            f"        <coordinates>35.02271737,32.11591524,-3294.754</coordinates>
"
            f"      </Point>
"
            f"    </Placemark>
    <Placemark>
"
            f"      <name>Point 708</name>
"
            f"      <description>2026-03-22 07:08:39</description>
"
            f"      <Point>
"
            f"        <coordinates>35.02327406,32.11602831,-3323.917</coordinates>
"
            f"      </Point>
"
            f"    </Placemark>
    <Placemark>
"
            f"      <name>Point 709</name>
"
            f"      <description>2026-03-22 07:08:41</description>
"
            f"      <Point>
"
            f"        <coordinates>35.02382689,32.11611945,-3346.688</coordinates>
"
            f"      </Point>
"
            f"    </Placemark>
    <Placemark>
"
            f"      <name>Point 710</name>
"
            f"      <description>2026-03-22 07:08:43</description>
"
            f"      <Point>
"
            f"        <coordinates>35.02438387,32.11618909,-3363.277</coordinates>
"
            f"      </Point>
"
            f"    </Placemark>
    <Placemark>
"
            f"      <name>Point 711</name>
"
            f"      <description>2026-03-22 07:08:45</description>
"
            f"      <Point>
"
            f"        <coordinates>35.02495085,32.11623855,-3374.023</coordinates>
"
            f"      </Point>
"
            f"    </Placemark>
    <Placemark>
"
            f"      <name>Point 712</name>
"
            f"      <description>2026-03-22 07:08:47</description>
"
            f"      <Point>
"
            f"        <coordinates>35.02553093,32.11627027,-3379.417</coordinates>
"
            f"      </Point>
"
            f"    </Placemark>
    <Placemark>
"
            f"      <name>Point 713</name>
"
            f"      <description>2026-03-22 07:08:49</description>
"
            f"      <Point>
"
            f"        <coordinates>35.02612499,32.11628742,-3380.088</coordinates>
"
            f"      </Point>
"
            f"    </Placemark>
    <Placemark>
"
            f"      <name>Point 714</name>
"
            f"      <description>2026-03-22 07:08:51</description>
"
            f"      <Point>
"
            f"        <coordinates>35.02673204,32.11629348,-3376.703</coordinates>
"
            f"      </Point>
"
            f"    </Placemark>
    <Placemark>
"
            f"      <name>Point 715</name>
"
            f"      <description>2026-03-22 07:08:53</description>
"
            f"      <Point>
"
            f"        <coordinates>35.02735030,32.11629135,-3369.966</coordinates>
"
            f"      </Point>
"
            f"    </Placemark>
    <Placemark>
"
            f"      <name>Point 716</name>
"
            f"      <description>2026-03-22 07:08:55</description>
"
            f"      <Point>
"
            f"        <coordinates>35.02797619,32.11628225,-3360.550</coordinates>
"
            f"      </Point>
"
            f"    </Placemark>
    <Placemark>
"
            f"      <name>Point 717</name>
"
            f"      <description>2026-03-22 07:08:57</description>
"
            f"      <Point>
"
            f"        <coordinates>35.02860614,32.11626671,-3349.021</coordinates>
"
            f"      </Point>
"
            f"    </Placemark>
    <Placemark>
"
            f"      <name>Point 718</name>
"
            f"      <description>2026-03-22 07:08:59</description>
"
            f"      <Point>
"
            f"        <coordinates>35.02923558,32.11624397,-3335.847</coordinates>
"
            f"      </Point>
"
            f"    </Placemark>
    <Placemark>
"
            f"      <name>Point 719</name>
"
            f"      <description>2026-03-22 07:09:01</description>
"
            f"      <Point>
"
            f"        <coordinates>35.02985970,32.11621312,-3321.388</coordinates>
"
            f"      </Point>
"
            f"    </Placemark>
    <Placemark>
"
            f"      <name>Point 720</name>
"
            f"      <description>2026-03-22 07:09:03</description>
"
            f"      <Point>
"
            f"        <coordinates>35.03047368,32.11617332,-3305.876</coordinates>
"
            f"      </Point>
"
            f"    </Placemark>
    <Placemark>
"
            f"      <name>Point 721</name>
"
            f"      <description>2026-03-22 07:09:05</description>
"
            f"      <Point>
"
            f"        <coordinates>35.03107362,32.11612409,-3289.494</coordinates>
"
            f"      </Point>
"
            f"    </Placemark>
    <Placemark>
"
            f"      <name>Point 722</name>
"
            f"      <description>2026-03-22 07:09:07</description>
"
            f"      <Point>
"
            f"        <coordinates>35.03165613,32.11606511,-3272.338</coordinates>
"
            f"      </Point>
"
            f"    </Placemark>
    <Placemark>
"
            f"      <name>Point 723</name>
"
            f"      <description>2026-03-22 07:09:09</description>
"
            f"      <Point>
"
            f"        <coordinates>35.03221953,32.11599639,-3254.452</coordinates>
"
            f"      </Point>
"
            f"    </Placemark>
    <Placemark>
"
            f"      <name>Point 724</name>
"
            f"      <description>2026-03-22 07:09:11</description>
"
            f"      <Point>
"
            f"        <coordinates>35.03276221,32.11591827,-3235.864</coordinates>
"
            f"      </Point>
"
            f"    </Placemark>
    <Placemark>
"
            f"      <name>Point 725</name>
"
            f"      <description>2026-03-22 07:09:13</description>
"
            f"      <Point>
"
            f"        <coordinates>35.03328283,32.11583041,-3216.305</coordinates>
"
            f"      </Point>
"
            f"    </Placemark>
    <Placemark>
"
            f"      <name>Point 726</name>
"
            f"      <description>2026-03-22 07:09:15</description>
"
            f"      <Point>
"
            f"        <coordinates>35.03377564,32.11573089,-3194.867</coordinates>
"
            f"      </Point>
"
            f"    </Placemark>
    <Placemark>
"
            f"      <name>Point 727</name>
"
            f"      <description>2026-03-22 07:09:17</description>
"
            f"      <Point>
"
            f"        <coordinates>35.03423106,32.11561555,-3169.884</coordinates>
"
            f"      </Point>
"
            f"    </Placemark>
    <Placemark>
"
            f"      <name>Point 728</name>
"
            f"      <description>2026-03-22 07:09:19</description>
"
            f"      <Point>
"
            f"        <coordinates>35.03463242,32.11547733,-3138.648</coordinates>
"
            f"      </Point>
"
            f"    </Placemark>
    <Placemark>
"
            f"      <name>Point 729</name>
"
            f"      <description>2026-03-22 07:09:21</description>
"
            f"      <Point>
"
            f"        <coordinates>35.03495808,32.11530633,-3097.601</coordinates>
"
            f"      </Point>
"
            f"    </Placemark>
    <Placemark>
"
            f"      <name>Point 730</name>
"
            f"      <description>2026-03-22 07:09:23</description>
"
            f"      <Point>
"
            f"        <coordinates>35.03518226,32.11509091,-3042.820</coordinates>
"
            f"      </Point>
"
            f"    </Placemark>
    <Placemark>
"
            f"      <name>Point 731</name>
"
            f"      <description>2026-03-22 07:09:25</description>
"
            f"      <Point>
"
            f"        <coordinates>35.03528041,32.11481815,-2970.558</coordinates>
"
            f"      </Point>
"
            f"    </Placemark>
    <Placemark>
"
            f"      <name>Point 732</name>
"
            f"      <description>2026-03-22 07:09:27</description>
"
            f"      <Point>
"
            f"        <coordinates>35.03523045,32.11447580,-2877.748</coordinates>
"
            f"      </Point>
"
            f"    </Placemark>
    <Placemark>
"
            f"      <name>Point 733</name>
"
            f"      <description>2026-03-22 07:09:29</description>
"
            f"      <Point>
"
            f"        <coordinates>35.03502012,32.11405465,-2762.707</coordinates>
"
            f"      </Point>
"
            f"    </Placemark>
    <Placemark>
"
            f"      <name>Point 734</name>
"
            f"      <description>2026-03-22 07:09:31</description>
"
            f"      <Point>
"
            f"        <coordinates>35.03464753,32.11355049,-2625.394</coordinates>
"
            f"      </Point>
"
            f"    </Placemark>
    <Placemark>
"
            f"      <name>Point 735</name>
"
            f"      <description>2026-03-22 07:09:33</description>
"
            f"      <Point>
"
            f"        <coordinates>35.03412644,32.11296659,-2467.826</coordinates>
"
            f"      </Point>
"
            f"    </Placemark>
    <Placemark>
"
            f"      <name>Point 736</name>
"
            f"      <description>2026-03-22 07:09:35</description>
"
            f"      <Point>
"
            f"        <coordinates>35.03348436,32.11231428,-2293.898</coordinates>
"
            f"      </Point>
"
            f"    </Placemark>
    <Placemark>
"
            f"      <name>Point 737</name>
"
            f"      <description>2026-03-22 07:09:37</description>
"
            f"      <Point>
"
            f"        <coordinates>35.03276147,32.11161157,-2109.186</coordinates>
"
            f"      </Point>
"
            f"    </Placemark>
    <Placemark>
"
            f"      <name>Point 738</name>
"
            f"      <description>2026-03-22 07:09:39</description>
"
            f"      <Point>
"
            f"        <coordinates>35.03200405,32.11088065,-1920.207</coordinates>
"
            f"      </Point>
"
            f"    </Placemark>
    <Placemark>
"
            f"      <name>Point 739</name>
"
            f"      <description>2026-03-22 07:09:41</description>
"
            f"      <Point>
"
            f"        <coordinates>35.03126074,32.11014511,-1733.654</coordinates>
"
            f"      </Point>
"
            f"    </Placemark>
    <Placemark>
"
            f"      <name>Point 740</name>
"
            f"      <description>2026-03-22 07:09:43</description>
"
            f"      <Point>
"
            f"        <coordinates>35.03057428,32.10942725,-1555.491</coordinates>
"
            f"      </Point>
"
            f"    </Placemark>
    <Placemark>
"
            f"      <name>Point 741</name>
"
            f"      <description>2026-03-22 07:09:45</description>
"
            f"      <Point>
"
            f"        <coordinates>35.02998035,32.10874645,-1390.642</coordinates>
"
            f"      </Point>
"
            f"    </Placemark>
    <Placemark>
"
            f"      <name>Point 742</name>
"
            f"      <description>2026-03-22 07:09:47</description>
"
            f"      <Point>
"
            f"        <coordinates>35.02950242,32.10811698,-1242.241</coordinates>
"
            f"      </Point>
"
            f"    </Placemark>
    <Placemark>
"
            f"      <name>Point 743</name>
"
            f"      <description>2026-03-22 07:09:49</description>
"
            f"      <Point>
"
            f"        <coordinates>35.02915268,32.10754786,-1111.923</coordinates>
"
            f"      </Point>
"
            f"    </Placemark>
    <Placemark>
"
            f"      <name>Point 744</name>
"
            f"      <description>2026-03-22 07:09:51</description>
"
            f"      <Point>
"
            f"        <coordinates>35.02893145,32.10704104,-999.701</coordinates>
"
            f"      </Point>
"
            f"    </Placemark>
    <Placemark>
"
            f"      <name>Point 745</name>
"
            f"      <description>2026-03-22 07:09:53</description>
"
            f"      <Point>
"
            f"        <coordinates>35.02882973,32.10659224,-904.404</coordinates>
"
            f"      </Point>
"
            f"    </Placemark>
    <Placemark>
"
            f"      <name>Point 746</name>
"
            f"      <description>2026-03-22 07:09:55</description>
"
            f"      <Point>
"
            f"        <coordinates>35.02883244,32.10619295,-824.078</coordinates>
"
            f"      </Point>
"
            f"    </Placemark>
    <Placemark>
"
            f"      <name>Point 747</name>
"
            f"      <description>2026-03-22 07:09:57</description>
"
            f"      <Point>
"
            f"        <coordinates>35.02892807,32.10583540,-757.427</coordinates>
"
            f"      </Point>
"
            f"    </Placemark>
    <Placemark>
"
            f"      <name>Point 748</name>
"
            f"      <description>2026-03-22 07:09:59</description>
"
            f"      <Point>
"
            f"        <coordinates>35.02910338,32.10551169,-702.992</coordinates>
"
            f"      </Point>
"
            f"    </Placemark>
    <Placemark>
"
            f"      <name>Point 749</name>
"
            f"      <description>2026-03-22 07:10:01</description>
"
            f"      <Point>
"
            f"        <coordinates>35.02936824,32.10522328,-662.725</coordinates>
"
            f"      </Point>
"
            f"    </Placemark>
    <Placemark>
"
            f"      <name>Point 750</name>
"
            f"      <description>2026-03-22 07:10:03</description>
"
            f"      <Point>
"
            f"        <coordinates>35.02971248,32.10496820,-635.870</coordinates>
"
            f"      </Point>
"
            f"    </Placemark>
    <Placemark>
"
            f"      <name>Point 751</name>
"
            f"      <description>2026-03-22 07:10:05</description>
"
            f"      <Point>
"
            f"        <coordinates>35.03014297,32.10475065,-624.023</coordinates>
"
            f"      </Point>
"
            f"    </Placemark>
    <Placemark>
"
            f"      <name>Point 752</name>
"
            f"      <description>2026-03-22 07:10:07</description>
"
            f"      <Point>
"
            f"        <coordinates>35.03068130,32.10457933,-630.620</coordinates>
"
            f"      </Point>
"
            f"    </Placemark>
    <Placemark>
"
            f"      <name>Point 753</name>
"
            f"      <description>2026-03-22 07:10:09</description>
"
            f"      <Point>
"
            f"        <coordinates>35.03130619,32.10445082,-652.860</coordinates>
"
            f"      </Point>
"
            f"    </Placemark>
    <Placemark>
"
            f"      <name>Point 754</name>
"
            f"      <description>2026-03-22 07:10:11</description>
"
            f"      <Point>
"
            f"        <coordinates>35.03201789,32.10436677,-690.603</coordinates>
"
            f"      </Point>
"
            f"    </Placemark>
    <Placemark>
"
            f"      <name>Point 755</name>
"
            f"      <description>2026-03-22 07:10:13</description>
"
            f"      <Point>
"
            f"        <coordinates>35.03279672,32.10432178,-740.482</coordinates>
"
            f"      </Point>
"
            f"    </Placemark>
    <Placemark>
"
            f"      <name>Point 756</name>
"
            f"      <description>2026-03-22 07:10:15</description>
"
            f"      <Point>
"
            f"        <coordinates>35.03360743,32.10430433,-796.640</coordinates>
"
            f"      </Point>
"
            f"    </Placemark>
    <Placemark>
"
            f"      <name>Point 757</name>
"
            f"      <description>2026-03-22 07:10:17</description>
"
            f"      <Point>
"
            f"        <coordinates>35.03440357,32.10429795,-851.247</coordinates>
"
            f"      </Point>
"
            f"    </Placemark>
    <Placemark>
"
            f"      <name>Point 758</name>
"
            f"      <description>2026-03-22 07:10:19</description>
"
            f"      <Point>
"
            f"        <coordinates>35.03516775,32.10429309,-900.323</coordinates>
"
            f"      </Point>
"
            f"    </Placemark>
    <Placemark>
"
            f"      <name>Point 759</name>
"
            f"      <description>2026-03-22 07:10:21</description>
"
            f"      <Point>
"
            f"        <coordinates>35.03586372,32.10427287,-937.203</coordinates>
"
            f"      </Point>
"
            f"    </Placemark>
    <Placemark>
"
            f"      <name>Point 760</name>
"
            f"      <description>2026-03-22 07:10:23</description>
"
            f"      <Point>
"
            f"        <coordinates>35.03648767,32.10423187,-960.058</coordinates>
"
            f"      </Point>
"
            f"    </Placemark>
    <Placemark>
"
            f"      <name>Point 761</name>
"
            f"      <description>2026-03-22 07:10:25</description>
"
            f"      <Point>
"
            f"        <coordinates>35.03701582,32.10415964,-964.757</coordinates>
"
            f"      </Point>
"
            f"    </Placemark>
    <Placemark>
"
            f"      <name>Point 762</name>
"
            f"      <description>2026-03-22 07:10:27</description>
"
            f"      <Point>
"
            f"        <coordinates>35.03746741,32.10406123,-953.791</coordinates>
"
            f"      </Point>
"
            f"    </Placemark>
    <Placemark>
"
            f"      <name>Point 763</name>
"
            f"      <description>2026-03-22 07:10:29</description>
"
            f"      <Point>
"
            f"        <coordinates>35.03783843,32.10393709,-926.912</coordinates>
"
            f"      </Point>
"
            f"    </Placemark>
    <Placemark>
"
            f"      <name>Point 764</name>
"
            f"      <description>2026-03-22 07:10:31</description>
"
            f"      <Point>
"
            f"        <coordinates>35.03814678,32.10379689,-887.462</coordinates>
"
            f"      </Point>
"
            f"    </Placemark>
    <Placemark>
"
            f"      <name>Point 765</name>
"
            f"      <description>2026-03-22 07:10:33</description>
"
            f"      <Point>
"
            f"        <coordinates>35.03841758,32.10365136,-840.067</coordinates>
"
            f"      </Point>
"
            f"    </Placemark>
    <Placemark>
"
            f"      <name>Point 766</name>
"
            f"      <description>2026-03-22 07:10:35</description>
"
            f"      <Point>
"
            f"        <coordinates>35.03869299,32.10351782,-791.933</coordinates>
"
            f"      </Point>
"
            f"    </Placemark>
    <Placemark>
"
            f"      <name>Point 767</name>
"
            f"      <description>2026-03-22 07:10:37</description>
"
            f"      <Point>
"
            f"        <coordinates>35.03896373,32.10339719,-743.122</coordinates>
"
            f"      </Point>
"
            f"    </Placemark>
    <Placemark>
"
            f"      <name>Point 768</name>
"
            f"      <description>2026-03-22 07:10:39</description>
"
            f"      <Point>
"
            f"        <coordinates>35.03926317,32.10330256,-699.502</coordinates>
"
            f"      </Point>
"
            f"    </Placemark>
    <Placemark>
"
            f"      <name>Point 769</name>
"
            f"      <description>2026-03-22 07:10:41</description>
"
            f"      <Point>
"
            f"        <coordinates>35.03957838,32.10323102,-660.131</coordinates>
"
            f"      </Point>
"
            f"    </Placemark>
    <Placemark>
"
            f"      <name>Point 770</name>
"
            f"      <description>2026-03-22 07:10:43</description>
"
            f"      <Point>
"
            f"        <coordinates>35.03990416,32.10318161,-624.841</coordinates>
"
            f"      </Point>
"
            f"    </Placemark>
    <Placemark>
"
            f"      <name>Point 771</name>
"
            f"      <description>2026-03-22 07:10:45</description>
"
            f"      <Point>
"
            f"        <coordinates>35.04023686,32.10315098,-593.322</coordinates>
"
            f"      </Point>
"
            f"    </Placemark>
    <Placemark>
"
            f"      <name>Point 772</name>
"
            f"      <description>2026-03-22 07:10:47</description>
"
            f"      <Point>
"
            f"        <coordinates>35.04058352,32.10314175,-566.500</coordinates>
"
            f"      </Point>
"
            f"    </Placemark>
    <Placemark>
"
            f"      <name>Point 773</name>
"
            f"      <description>2026-03-22 07:10:49</description>
"
            f"      <Point>
"
            f"        <coordinates>35.04094799,32.10315425,-544.758</coordinates>
"
            f"      </Point>
"
            f"    </Placemark>
    <Placemark>
"
            f"      <name>Point 774</name>
"
            f"      <description>2026-03-22 07:10:51</description>
"
            f"      <Point>
"
            f"        <coordinates>35.04134391,32.10319523,-529.793</coordinates>
"
            f"      </Point>
"
            f"    </Placemark>
    <Placemark>
"
            f"      <name>Point 775</name>
"
            f"      <description>2026-03-22 07:10:53</description>
"
            f"      <Point>
"
            f"        <coordinates>35.04178750,32.10326520,-521.915</coordinates>
"
            f"      </Point>
"
            f"    </Placemark>
    <Placemark>
"
            f"      <name>Point 776</name>
"
            f"      <description>2026-03-22 07:10:55</description>
"
            f"      <Point>
"
            f"        <coordinates>35.04229993,32.10336340,-521.323</coordinates>
"
            f"      </Point>
"
            f"    </Placemark>
    <Placemark>
"
            f"      <name>Point 777</name>
"
            f"      <description>2026-03-22 07:10:57</description>
"
            f"      <Point>
"
            f"        <coordinates>35.04290172,32.10348193,-526.980</coordinates>
"
            f"      </Point>
"
            f"    </Placemark>
    <Placemark>
"
            f"      <name>Point 778</name>
"
            f"      <description>2026-03-22 07:10:59</description>
"
            f"      <Point>
"
            f"        <coordinates>35.04361430,32.10361174,-537.651</coordinates>
"
            f"      </Point>
"
            f"    </Placemark>
    <Placemark>
"
            f"      <name>Point 779</name>
"
            f"      <description>2026-03-22 07:11:01</description>
"
            f"      <Point>
"
            f"        <coordinates>35.04444925,32.10374208,-551.604</coordinates>
"
            f"      </Point>
"
            f"    </Placemark>
    <Placemark>
"
            f"      <name>Point 780</name>
"
            f"      <description>2026-03-22 07:11:03</description>
"
            f"      <Point>
"
            f"        <coordinates>35.04540885,32.10386795,-568.431</coordinates>
"
            f"      </Point>
"
            f"    </Placemark>
    <Placemark>
"
            f"      <name>Point 781</name>
"
            f"      <description>2026-03-22 07:11:05</description>
"
            f"      <Point>
"
            f"        <coordinates>35.04647959,32.10398238,-586.999</coordinates>
"
            f"      </Point>
"
            f"    </Placemark>
    <Placemark>
"
            f"      <name>Point 782</name>
"
            f"      <description>2026-03-22 07:11:07</description>
"
            f"      <Point>
"
            f"        <coordinates>35.04764198,32.10408107,-607.249</coordinates>
"
            f"      </Point>
"
            f"    </Placemark>
    <Placemark>
"
            f"      <name>Point 783</name>
"
            f"      <description>2026-03-22 07:11:09</description>
"
            f"      <Point>
"
            f"        <coordinates>35.04886633,32.10415798,-628.465</coordinates>
"
            f"      </Point>
"
            f"    </Placemark>
    <Placemark>
"
            f"      <name>Point 784</name>
"
            f"      <description>2026-03-22 07:11:11</description>
"
            f"      <Point>
"
            f"        <coordinates>35.05011766,32.10420897,-650.533</coordinates>
"
            f"      </Point>
"
            f"    </Placemark>
    <Placemark>
"
            f"      <name>Point 785</name>
"
            f"      <description>2026-03-22 07:11:13</description>
"
            f"      <Point>
"
            f"        <coordinates>35.05136916,32.10423637,-674.600</coordinates>
"
            f"      </Point>
"
            f"    </Placemark>
    <Placemark>
"
            f"      <name>Point 786</name>
"
            f"      <description>2026-03-22 07:11:15</description>
"
            f"      <Point>
"
            f"        <coordinates>35.05259552,32.10424964,-702.686</coordinates>
"
            f"      </Point>
"
            f"    </Placemark>
    <Placemark>
"
            f"      <name>Point 787</name>
"
            f"      <description>2026-03-22 07:11:17</description>
"
            f"      <Point>
"
            f"        <coordinates>35.05377631,32.10426242,-737.355</coordinates>
"
            f"      </Point>
"
            f"    </Placemark>
    <Placemark>
"
            f"      <name>Point 788</name>
"
            f"      <description>2026-03-22 07:11:19</description>
"
            f"      <Point>
"
            f"        <coordinates>35.05490016,32.10428922,-781.188</coordinates>
"
            f"      </Point>
"
            f"    </Placemark>
    <Placemark>
"
            f"      <name>Point 789</name>
"
            f"      <description>2026-03-22 07:11:21</description>
"
            f"      <Point>
"
            f"        <coordinates>35.05596318,32.10433882,-834.891</coordinates>
"
            f"      </Point>
"
            f"    </Placemark>
    <Placemark>
"
            f"      <name>Point 790</name>
"
            f"      <description>2026-03-22 07:11:23</description>
"
            f"      <Point>
"
            f"        <coordinates>35.05695929,32.10441183,-897.300</coordinates>
"
            f"      </Point>
"
            f"    </Placemark>
    <Placemark>
"
            f"      <name>Point 791</name>
"
            f"      <description>2026-03-22 07:11:25</description>
"
            f"      <Point>
"
            f"        <coordinates>35.05788603,32.10450212,-965.822</coordinates>
"
            f"      </Point>
"
            f"    </Placemark>
    <Placemark>
"
            f"      <name>Point 792</name>
"
            f"      <description>2026-03-22 07:11:27</description>
"
            f"      <Point>
"
            f"        <coordinates>35.05874014,32.10459839,-1036.524</coordinates>
"
            f"      </Point>
"
            f"    </Placemark>
    <Placemark>
"
            f"      <name>Point 793</name>
"
            f"      <description>2026-03-22 07:11:29</description>
"
            f"      <Point>
"
            f"        <coordinates>35.05951647,32.10468869,-1105.614</coordinates>
"
            f"      </Point>
"
            f"    </Placemark>
    <Placemark>
"
            f"      <name>Point 794</name>
"
            f"      <description>2026-03-22 07:11:31</description>
"
            f"      <Point>
"
            f"        <coordinates>35.06020754,32.10475985,-1169.057</coordinates>
"
            f"      </Point>
"
            f"    </Placemark>
    <Placemark>
"
            f"      <name>Point 795</name>
"
            f"      <description>2026-03-22 07:11:33</description>
"
            f"      <Point>
"
            f"        <coordinates>35.06080909,32.10480055,-1223.542</coordinates>
"
            f"      </Point>
"
            f"    </Placemark>
    <Placemark>
"
            f"      <name>Point 796</name>
"
            f"      <description>2026-03-22 07:11:35</description>
"
            f"      <Point>
"
            f"        <coordinates>35.06132052,32.10480255,-1266.556</coordinates>
"
            f"      </Point>
"
            f"    </Placemark>
    <Placemark>
"
            f"      <name>Point 797</name>
"
            f"      <description>2026-03-22 07:11:37</description>
"
            f"      <Point>
"
            f"        <coordinates>35.06178250,32.10478267,-1303.142</coordinates>
"
            f"      </Point>
"
            f"    </Placemark>
    <Placemark>
"
            f"      <name>Point 798</name>
"
            f"      <description>2026-03-22 07:11:39</description>
"
            f"      <Point>
"
            f"        <coordinates>35.06211691,32.10469276,-1318.911</coordinates>
"
            f"      </Point>
"
            f"    </Placemark>
    <Placemark>
"
            f"      <name>Point 799</name>
"
            f"      <description>2026-03-22 07:11:41</description>
"
            f"      <Point>
"
            f"        <coordinates>35.06237082,32.10455389,-1320.524</coordinates>
"
            f"      </Point>
"
            f"    </Placemark>
    <Placemark>
"
            f"      <name>Point 800</name>
"
            f"      <description>2026-03-22 07:11:43</description>
"
            f"      <Point>
"
            f"        <coordinates>35.06256443,32.10437244,-1310.728</coordinates>
"
            f"      </Point>
"
            f"    </Placemark>
    <Placemark>
"
            f"      <name>Point 801</name>
"
            f"      <description>2026-03-22 07:11:45</description>
"
            f"      <Point>
"
            f"        <coordinates>35.06272484,32.10416404,-1293.480</coordinates>
"
            f"      </Point>
"
            f"    </Placemark>
    <Placemark>
"
            f"      <name>Point 802</name>
"
            f"      <description>2026-03-22 07:11:47</description>
"
            f"      <Point>
"
            f"        <coordinates>35.06286869,32.10394277,-1272.227</coordinates>
"
            f"      </Point>
"
            f"    </Placemark>
    <Placemark>
"
            f"      <name>Point 803</name>
"
            f"      <description>2026-03-22 07:11:49</description>
"
            f"      <Point>
"
            f"        <coordinates>35.06300668,32.10372076,-1249.874</coordinates>
"
            f"      </Point>
"
            f"    </Placemark>
    <Placemark>
"
            f"      <name>Point 804</name>
"
            f"      <description>2026-03-22 07:11:51</description>
"
            f"      <Point>
"
            f"        <coordinates>35.06314544,32.10350999,-1228.736</coordinates>
"
            f"      </Point>
"
            f"    </Placemark>
    <Placemark>
"
            f"      <name>Point 805</name>
"
            f"      <description>2026-03-22 07:11:53</description>
"
            f"      <Point>
"
            f"        <coordinates>35.06330889,32.10331966,-1210.631</coordinates>
"
            f"      </Point>
"
            f"    </Placemark>
    <Placemark>
"
            f"      <name>Point 806</name>
"
            f"      <description>2026-03-22 07:11:55</description>
"
            f"      <Point>
"
            f"        <coordinates>35.06350317,32.10314769,-1195.344</coordinates>
"
            f"      </Point>
"
            f"    </Placemark>
    <Placemark>
"
            f"      <name>Point 807</name>
"
            f"      <description>2026-03-22 07:11:57</description>
"
            f"      <Point>
"
            f"        <coordinates>35.06373743,32.10299103,-1182.466</coordinates>
"
            f"      </Point>
"
            f"    </Placemark>
    <Placemark>
"
            f"      <name>Point 808</name>
"
            f"      <description>2026-03-22 07:11:59</description>
"
            f"      <Point>
"
            f"        <coordinates>35.06402529,32.10284773,-1171.890</coordinates>
"
            f"      </Point>
"
            f"    </Placemark>
    <Placemark>
"
            f"      <name>Point 809</name>
"
            f"      <description>2026-03-22 07:12:01</description>
"
            f"      <Point>
"
            f"        <coordinates>35.06438086,32.10271293,-1163.510</coordinates>
"
            f"      </Point>
"
            f"    </Placemark>
    <Placemark>
"
            f"      <name>Point 810</name>
"
            f"      <description>2026-03-22 07:12:03</description>
"
            f"      <Point>
"
            f"        <coordinates>35.06483529,32.10258852,-1159.077</coordinates>
"
            f"      </Point>
"
            f"    </Placemark>
    <Placemark>
"
            f"      <name>Point 811</name>
"
            f"      <description>2026-03-22 07:12:05</description>
"
            f"      <Point>
"
            f"        <coordinates>35.06532933,32.10246944,-1156.902</coordinates>
"
            f"      </Point>
"
            f"    </Placemark>
    <Placemark>
"
            f"      <name>Point 812</name>
"
            f"      <description>2026-03-22 07:12:07</description>
"
            f"      <Point>
"
            f"        <coordinates>35.06590296,32.10236082,-1159.318</coordinates>
"
            f"      </Point>
"
            f"    </Placemark>
    <Placemark>
"
            f"      <name>Point 813</name>
"
            f"      <description>2026-03-22 07:12:09</description>
"
            f"      <Point>
"
            f"        <coordinates>35.06655832,32.10226746,-1168.029</coordinates>
"
            f"      </Point>
"
            f"    </Placemark>
    <Placemark>
"
            f"      <name>Point 814</name>
"
            f"      <description>2026-03-22 07:12:11</description>
"
            f"      <Point>
"
            f"        <coordinates>35.06729944,32.10219333,-1184.907</coordinates>
"
            f"      </Point>
"
            f"    </Placemark>
    <Placemark>
"
            f"      <name>Point 815</name>
"
            f"      <description>2026-03-22 07:12:13</description>
"
            f"      <Point>
"
            f"        <coordinates>35.06812151,32.10214330,-1211.958</coordinates>
"
            f"      </Point>
"
            f"    </Placemark>
    <Placemark>
"
            f"      <name>Point 816</name>
"
            f"      <description>2026-03-22 07:12:15</description>
"
            f"      <Point>
"
            f"        <coordinates>35.06901942,32.10212168,-1250.861</coordinates>
"
            f"      </Point>
"
            f"    </Placemark>
    <Placemark>
"
            f"      <name>Point 817</name>
"
            f"      <description>2026-03-22 07:12:17</description>
"
            f"      <Point>
"
            f"        <coordinates>35.06998780,32.10213232,-1303.029</coordinates>
"
            f"      </Point>
"
            f"    </Placemark>
    <Placemark>
"
            f"      <name>Point 818</name>
"
            f"      <description>2026-03-22 07:12:19</description>
"
            f"      <Point>
"
            f"        <coordinates>35.07102845,32.10217720,-1369.191</coordinates>
"
            f"      </Point>
"
            f"    </Placemark>
    <Placemark>
"
            f"      <name>Point 819</name>
"
            f"      <description>2026-03-22 07:12:21</description>
"
            f"      <Point>
"
            f"        <coordinates>35.07213924,32.10225736,-1449.551</coordinates>
"
            f"      </Point>
"
            f"    </Placemark>
    <Placemark>
"
            f"      <name>Point 820</name>
"
            f"      <description>2026-03-22 07:12:23</description>
"
            f"      <Point>
"
            f"        <coordinates>35.07332385,32.10237145,-1543.679</coordinates>
"
            f"      </Point>
"
            f"    </Placemark>
    <Placemark>
"
            f"      <name>Point 821</name>
"
            f"      <description>2026-03-22 07:12:25</description>
"
            f"      <Point>
"
            f"        <coordinates>35.07457849,32.10251467,-1650.357</coordinates>
"
            f"      </Point>
"
            f"    </Placemark>
    <Placemark>
"
            f"      <name>Point 822</name>
"
            f"      <description>2026-03-22 07:12:27</description>
"
            f"      <Point>
"
            f"        <coordinates>35.07589172,32.10267964,-1767.475</coordinates>
"
            f"      </Point>
"
            f"    </Placemark>
    <Placemark>
"
            f"      <name>Point 823</name>
"
            f"      <description>2026-03-22 07:12:29</description>
"
            f"      <Point>
"
            f"        <coordinates>35.07724598,32.10285772,-1892.086</coordinates>
"
            f"      </Point>
"
            f"    </Placemark>
    <Placemark>
"
            f"      <name>Point 824</name>
"
            f"      <description>2026-03-22 07:12:31</description>
"
            f"      <Point>
"
            f"        <coordinates>35.07861901,32.10303952,-2020.606</coordinates>
"
            f"      </Point>
"
            f"    </Placemark>
    <Placemark>
"
            f"      <name>Point 825</name>
"
            f"      <description>2026-03-22 07:12:33</description>
"
            f"      <Point>
"
            f"        <coordinates>35.07998563,32.10321581,-2149.021</coordinates>
"
            f"      </Point>
"
            f"    </Placemark>
    <Placemark>
"
            f"      <name>Point 826</name>
"
            f"      <description>2026-03-22 07:12:35</description>
"
            f"      <Point>
"
            f"        <coordinates>35.08132377,32.10337952,-2273.750</coordinates>
"
            f"      </Point>
"
            f"    </Placemark>
    <Placemark>
"
            f"      <name>Point 827</name>
"
            f"      <description>2026-03-22 07:12:37</description>
"
            f"      <Point>
"
            f"        <coordinates>35.08261279,32.10352427,-2391.466</coordinates>
"
            f"      </Point>
"
            f"    </Placemark>
    <Placemark>
"
            f"      <name>Point 828</name>
"
            f"      <description>2026-03-22 07:12:39</description>
"
            f"      <Point>
"
            f"        <coordinates>35.08383616,32.10364523,-2499.494</coordinates>
"
            f"      </Point>
"
            f"    </Placemark>
    <Placemark>
"
            f"      <name>Point 829</name>
"
            f"      <description>2026-03-22 07:12:41</description>
"
            f"      <Point>
"
            f"        <coordinates>35.08498059,32.10373856,-2595.650</coordinates>
"
            f"      </Point>
"
            f"    </Placemark>
    <Placemark>
"
            f"      <name>Point 830</name>
"
            f"      <description>2026-03-22 07:12:43</description>
"
            f"      <Point>
"
            f"        <coordinates>35.08603715,32.10380237,-2678.408</coordinates>
"
            f"      </Point>
"
            f"    </Placemark>
    <Placemark>
"
            f"      <name>Point 831</name>
"
            f"      <description>2026-03-22 07:12:45</description>
"
            f"      <Point>
"
            f"        <coordinates>35.08700033,32.10383548,-2746.765</coordinates>
"
            f"      </Point>
"
            f"    </Placemark>
    <Placemark>
"
            f"      <name>Point 832</name>
"
            f"      <description>2026-03-22 07:12:47</description>
"
            f"      <Point>
"
            f"        <coordinates>35.08787094,32.10383873,-2800.668</coordinates>
"
            f"      </Point>
"
            f"    </Placemark>
    <Placemark>
"
            f"      <name>Point 833</name>
"
            f"      <description>2026-03-22 07:12:49</description>
"
            f"      <Point>
"
            f"        <coordinates>35.08865455,32.10381380,-2840.818</coordinates>
"
            f"      </Point>
"
            f"    </Placemark>
    <Placemark>
"
            f"      <name>Point 834</name>
"
            f"      <description>2026-03-22 07:12:51</description>
"
            f"      <Point>
"
            f"        <coordinates>35.08936042,32.10376359,-2868.499</coordinates>
"
            f"      </Point>
"
            f"    </Placemark>
    <Placemark>
"
            f"      <name>Point 835</name>
"
            f"      <description>2026-03-22 07:12:53</description>
"
            f"      <Point>
"
            f"        <coordinates>35.08999805,32.10369084,-2885.036</coordinates>
"
            f"      </Point>
"
            f"    </Placemark>
    <Placemark>
"
            f"      <name>Point 836</name>
"
            f"      <description>2026-03-22 07:12:55</description>
"
            f"      <Point>
"
            f"        <coordinates>35.09057683,32.10359875,-2891.762</coordinates>
"
            f"      </Point>
"
            f"    </Placemark>
    <Placemark>
"
            f"      <name>Point 837</name>
"
            f"      <description>2026-03-22 07:12:57</description>
"
            f"      <Point>
"
            f"        <coordinates>35.09110373,32.10348941,-2889.668</coordinates>
"
            f"      </Point>
"
            f"    </Placemark>
    <Placemark>
"
            f"      <name>Point 838</name>
"
            f"      <description>2026-03-22 07:12:59</description>
"
            f"      <Point>
"
            f"        <coordinates>35.09158384,32.10336483,-2879.483</coordinates>
"
            f"      </Point>
"
            f"    </Placemark>
    <Placemark>
"
            f"      <name>Point 839</name>
"
            f"      <description>2026-03-22 07:13:01</description>
"
            f"      <Point>
"
            f"        <coordinates>35.09202191,32.10322642,-2861.946</coordinates>
"
            f"      </Point>
"
            f"    </Placemark>
    <Placemark>
"
            f"      <name>Point 840</name>
"
            f"      <description>2026-03-22 07:13:03</description>
"
            f"      <Point>
"
            f"        <coordinates>35.09242260,32.10307580,-2837.814</coordinates>
"
            f"      </Point>
"
            f"    </Placemark>
    <Placemark>
"
            f"      <name>Point 841</name>
"
            f"      <description>2026-03-22 07:13:05</description>
"
            f"      <Point>
"
            f"        <coordinates>35.09278994,32.10291448,-2807.793</coordinates>
"
            f"      </Point>
"
            f"    </Placemark>
    <Placemark>
"
            f"      <name>Point 842</name>
"
            f"      <description>2026-03-22 07:13:07</description>
"
            f"      <Point>
"
            f"        <coordinates>35.09312745,32.10274437,-2772.510</coordinates>
"
            f"      </Point>
"
            f"    </Placemark>
    <Placemark>
"
            f"      <name>Point 843</name>
"
            f"      <description>2026-03-22 07:13:09</description>
"
            f"      <Point>
"
            f"        <coordinates>35.09343893,32.10256731,-2732.639</coordinates>
"
            f"      </Point>
"
            f"    </Placemark>
    <Placemark>
"
            f"      <name>Point 844</name>
"
            f"      <description>2026-03-22 07:13:11</description>
"
            f"      <Point>
"
            f"        <coordinates>35.09372731,32.10238511,-2688.704</coordinates>
"
            f"      </Point>
"
            f"    </Placemark>
    <Placemark>
"
            f"      <name>Point 845</name>
"
            f"      <description>2026-03-22 07:13:13</description>
"
            f"      <Point>
"
            f"        <coordinates>35.09399606,32.10219903,-2641.321</coordinates>
"
            f"      </Point>
"
            f"    </Placemark>
    <Placemark>
"
            f"      <name>Point 846</name>
"
            f"      <description>2026-03-22 07:13:15</description>
"
            f"      <Point>
"
            f"        <coordinates>35.09424853,32.10201019,-2591.065</coordinates>
"
            f"      </Point>
"
            f"    </Placemark>
    <Placemark>
"
            f"      <name>Point 847</name>
"
            f"      <description>2026-03-22 07:13:17</description>
"
            f"      <Point>
"
            f"        <coordinates>35.09448798,32.10181914,-2538.511</coordinates>
"
            f"      </Point>
"
            f"    </Placemark>
    <Placemark>
"
            f"      <name>Point 848</name>
"
            f"      <description>2026-03-22 07:13:19</description>
"
            f"      <Point>
"
            f"        <coordinates>35.09471700,32.10162632,-2484.118</coordinates>
"
            f"      </Point>
"
            f"    </Placemark>
    <Placemark>
"
            f"      <name>Point 849</name>
"
            f"      <description>2026-03-22 07:13:21</description>
"
            f"      <Point>
"
            f"        <coordinates>35.09493769,32.10143210,-2428.254</coordinates>
"
            f"      </Point>
"
            f"    </Placemark>
    <Placemark>
"
            f"      <name>Point 850</name>
"
            f"      <description>2026-03-22 07:13:23</description>
"
            f"      <Point>
"
            f"        <coordinates>35.09515172,32.10123674,-2371.214</coordinates>
"
            f"      </Point>
"
            f"    </Placemark>
    <Placemark>
"
            f"      <name>Point 851</name>
"
            f"      <description>2026-03-22 07:13:25</description>
"
            f"      <Point>
"
            f"        <coordinates>35.09536040,32.10104048,-2313.232</coordinates>
"
            f"      </Point>
"
            f"    </Placemark>
    <Placemark>
"
            f"      <name>Point 852</name>
"
            f"      <description>2026-03-22 07:13:27</description>
"
            f"      <Point>
"
            f"        <coordinates>35.09556481,32.10084351,-2254.496</coordinates>
"
            f"      </Point>
"
            f"    </Placemark>
    <Placemark>
"
            f"      <name>Point 853</name>
"
            f"      <description>2026-03-22 07:13:29</description>
"
            f"      <Point>
"
            f"        <coordinates>35.09576581,32.10064595,-2195.158</coordinates>
"
            f"      </Point>
"
            f"    </Placemark>
    <Placemark>
"
            f"      <name>Point 854</name>
"
            f"      <description>2026-03-22 07:13:31</description>
"
            f"      <Point>
"
            f"        <coordinates>35.09596407,32.10044794,-2135.338</coordinates>
"
            f"      </Point>
"
            f"    </Placemark>
    <Placemark>
"
            f"      <name>Point 855</name>
"
            f"      <description>2026-03-22 07:13:33</description>
"
            f"      <Point>
"
            f"        <coordinates>35.09616015,32.10024956,-2075.132</coordinates>
"
            f"      </Point>
"
            f"    </Placemark>
    <Placemark>
"
            f"      <name>Point 856</name>
"
            f"      <description>2026-03-22 07:13:35</description>
"
            f"      <Point>
"
            f"        <coordinates>35.09635447,32.10005088,-2014.618</coordinates>
"
            f"      </Point>
"
            f"    </Placemark>
    <Placemark>
"
            f"      <name>Point 857</name>
"
            f"      <description>2026-03-22 07:13:37</description>
"
            f"      <Point>
"
            f"        <coordinates>35.09654739,32.09985197,-1953.857</coordinates>
"
            f"      </Point>
"
            f"    </Placemark>
    <Placemark>
"
            f"      <name>Point 858</name>
"
            f"      <description>2026-03-22 07:13:39</description>
"
            f"      <Point>
"
            f"        <coordinates>35.09673918,32.09965288,-1892.898</coordinates>
"
            f"      </Point>
"
            f"    </Placemark>
    <Placemark>
"
            f"      <name>Point 859</name>
"
            f"      <description>2026-03-22 07:13:41</description>
"
            f"      <Point>
"
            f"        <coordinates>35.09693008,32.09945364,-1831.781</coordinates>
"
            f"      </Point>
"
            f"    </Placemark>
    <Placemark>
"
            f"      <name>Point 860</name>
"
            f"      <description>2026-03-22 07:13:43</description>
"
            f"      <Point>
"
            f"        <coordinates>35.09712026,32.09925427,-1770.537</coordinates>
"
            f"      </Point>
"
            f"    </Placemark>
    <Placemark>
"
            f"      <name>Point 861</name>
"
            f"      <description>2026-03-22 07:13:45</description>
"
            f"      <Point>
"
            f"        <coordinates>35.09730986,32.09905482,-1709.193</coordinates>
"
            f"      </Point>
"
            f"    </Placemark>
    <Placemark>
"
            f"      <name>Point 862</name>
"
            f"      <description>2026-03-22 07:13:47</description>
"
            f"      <Point>
"
            f"        <coordinates>35.09749900,32.09885529,-1647.767</coordinates>
"
            f"      </Point>
"
            f"    </Placemark>
    <Placemark>
"
            f"      <name>Point 863</name>
"
            f"      <description>2026-03-22 07:13:49</description>
"
            f"      <Point>
"
            f"        <coordinates>35.09768777,32.09865571,-1586.277</coordinates>
"
            f"      </Point>
"
            f"    </Placemark>
    <Placemark>
"
            f"      <name>Point 864</name>
"
            f"      <description>2026-03-22 07:13:51</description>
"
            f"      <Point>
"
            f"        <coordinates>35.09787624,32.09845607,-1524.735</coordinates>
"
            f"      </Point>
"
            f"    </Placemark>
    <Placemark>
"
            f"      <name>Point 865</name>
"
            f"      <description>2026-03-22 07:13:53</description>
"
            f"      <Point>
"
            f"        <coordinates>35.09806447,32.09825640,-1463.151</coordinates>
"
            f"      </Point>
"
            f"    </Placemark>
    <Placemark>
"
            f"      <name>Point 866</name>
"
            f"      <description>2026-03-22 07:13:55</description>
"
            f"      <Point>
"
            f"        <coordinates>35.09825250,32.09805670,-1401.534</coordinates>
"
            f"      </Point>
"
            f"    </Placemark>
    <Placemark>
"
            f"      <name>Point 867</name>
"
            f"      <description>2026-03-22 07:13:57</description>
"
            f"      <Point>
"
            f"        <coordinates>35.09844039,32.09785699,-1339.890</coordinates>
"
            f"      </Point>
"
            f"    </Placemark>
    <Placemark>
"
            f"      <name>Point 868</name>
"
            f"      <description>2026-03-22 07:13:59</description>
"
            f"      <Point>
"
            f"        <coordinates>35.09862815,32.09765725,-1278.225</coordinates>
"
            f"      </Point>
"
            f"    </Placemark>
    <Placemark>
"
            f"      <name>Point 869</name>
"
            f"      <description>2026-03-22 07:14:01</description>
"
            f"      <Point>
"
            f"        <coordinates>35.09881581,32.09745750,-1216.543</coordinates>
"
            f"      </Point>
"
            f"    </Placemark>
    <Placemark>
"
            f"      <name>Point 870</name>
"
            f"      <description>2026-03-22 07:14:03</description>
"
            f"      <Point>
"
            f"        <coordinates>35.09900396,32.09725811,-1154.912</coordinates>
"
            f"      </Point>
"
            f"    </Placemark>
    <Placemark>
"
            f"      <name>Point 871</name>
"
            f"      <description>2026-03-22 07:14:05</description>
"
            f"      <Point>
"
            f"        <coordinates>35.09919364,32.09705974,-1093.453</coordinates>
"
            f"      </Point>
"
            f"    </Placemark>
    <Placemark>
"
            f"      <name>Point 872</name>
"
            f"      <description>2026-03-22 07:14:07</description>
"
            f"      <Point>
"
            f"        <coordinates>35.09938685,32.09686367,-1032.391</coordinates>
"
            f"      </Point>
"
            f"    </Placemark>
    <Placemark>
"
            f"      <name>Point 873</name>
"
            f"      <description>2026-03-22 07:14:09</description>
"
            f"      <Point>
"
            f"        <coordinates>35.09958630,32.09667152,-972.046</coordinates>
"
            f"      </Point>
"
            f"    </Placemark>
    <Placemark>
"
            f"      <name>Point 874</name>
"
            f"      <description>2026-03-22 07:14:11</description>
"
            f"      <Point>
"
            f"        <coordinates>35.09979532,32.09648521,-912.813</coordinates>
"
            f"      </Point>
"
            f"    </Placemark>
    <Placemark>
"
            f"      <name>Point 875</name>
"
            f"      <description>2026-03-22 07:14:13</description>
"
            f"      <Point>
"
            f"        <coordinates>35.10001505,32.09630551,-854.909</coordinates>
"
            f"      </Point>
"
            f"    </Placemark>
    <Placemark>
"
            f"      <name>Point 876</name>
"
            f"      <description>2026-03-22 07:14:15</description>
"
            f"      <Point>
"
            f"        <coordinates>35.10024847,32.09613426,-798.801</coordinates>
"
            f"      </Point>
"
            f"    </Placemark>
    <Placemark>
"
            f"      <name>Point 877</name>
"
            f"      <description>2026-03-22 07:14:17</description>
"
            f"      <Point>
"
            f"        <coordinates>35.10049564,32.09597189,-744.713</coordinates>
"
            f"      </Point>
"
            f"    </Placemark>
    <Placemark>
"
            f"      <name>Point 878</name>
"
            f"      <description>2026-03-22 07:14:19</description>
"
            f"      <Point>
"
            f"        <coordinates>35.10075790,32.09581986,-693.050</coordinates>
"
            f"      </Point>
"
            f"    </Placemark>
    <Placemark>
"
            f"      <name>Point 879</name>
"
            f"      <description>2026-03-22 07:14:21</description>
"
            f"      <Point>
"
            f"        <coordinates>35.10103513,32.09567893,-644.073</coordinates>
"
            f"      </Point>
"
            f"    </Placemark>
    <Placemark>
"
            f"      <name>Point 880</name>
"
            f"      <description>2026-03-22 07:14:23</description>
"
            f"      <Point>
"
            f"        <coordinates>35.10132881,32.09555079,-598.179</coordinates>
"
            f"      </Point>
"
            f"    </Placemark>
    <Placemark>
"
            f"      <name>Point 881</name>
"
            f"      <description>2026-03-22 07:14:25</description>
"
            f"      <Point>
"
            f"        <coordinates>35.10163734,32.09543542,-555.388</coordinates>
"
            f"      </Point>
"
            f"    </Placemark>
    <Placemark>
"
            f"      <name>Point 882</name>
"
            f"      <description>2026-03-22 07:14:27</description>
"
            f"      <Point>
"
            f"        <coordinates>35.10196108,32.09533406,-515.869</coordinates>
"
            f"      </Point>
"
            f"    </Placemark>
    <Placemark>
"
            f"      <name>Point 883</name>
"
            f"      <description>2026-03-22 07:14:29</description>
"
            f"      <Point>
"
            f"        <coordinates>35.10229834,32.09524694,-479.512</coordinates>
"
            f"      </Point>
"
            f"    </Placemark>
    <Placemark>
"
            f"      <name>Point 884</name>
"
            f"      <description>2026-03-22 07:14:31</description>
"
            f"      <Point>
"
            f"        <coordinates>35.10265028,32.09517620,-446.444</coordinates>
"
            f"      </Point>
"
            f"    </Placemark>
    <Placemark>
"
            f"      <name>Point 885</name>
"
            f"      <description>2026-03-22 07:14:33</description>
"
            f"      <Point>
"
            f"        <coordinates>35.10301600,32.09512305,-416.496</coordinates>
"
            f"      </Point>
"
            f"    </Placemark>
    <Placemark>
"
            f"      <name>Point 886</name>
"
            f"      <description>2026-03-22 07:14:35</description>
"
            f"      <Point>
"
            f"        <coordinates>35.10339766,32.09509016,-389.766</coordinates>
"
            f"      </Point>
"
            f"    </Placemark>
    <Placemark>
"
            f"      <name>Point 887</name>
"
            f"      <description>2026-03-22 07:14:37</description>
"
            f"      <Point>
"
            f"        <coordinates>35.10379535,32.09507905,-366.038</coordinates>
"
            f"      </Point>
"
            f"    </Placemark>
    <Placemark>
"
            f"      <name>Point 888</name>
"
            f"      <description>2026-03-22 07:14:39</description>
"
            f"      <Point>
"
            f"        <coordinates>35.10420970,32.09509109,-345.164</coordinates>
"
            f"      </Point>
"
            f"    </Placemark>
    <Placemark>
"
            f"      <name>Point 889</name>
"
            f"      <description>2026-03-22 07:14:41</description>
"
            f"      <Point>
"
            f"        <coordinates>35.10463875,32.09512632,-326.734</coordinates>
"
            f"      </Point>
"
            f"    </Placemark>
    <Placemark>
"
            f"      <name>Point 890</name>
"
            f"      <description>2026-03-22 07:14:43</description>
"
            f"      <Point>
"
            f"        <coordinates>35.10508249,32.09518564,-310.614</coordinates>
"
            f"      </Point>
"
            f"    </Placemark>
    <Placemark>
"
            f"      <name>Point 891</name>
"
            f"      <description>2026-03-22 07:14:45</description>
"
            f"      <Point>
"
            f"        <coordinates>35.10553785,32.09526832,-296.397</coordinates>
"
            f"      </Point>
"
            f"    </Placemark>
    <Placemark>
"
            f"      <name>Point 892</name>
"
            f"      <description>2026-03-22 07:14:47</description>
"
            f"      <Point>
"
            f"        <coordinates>35.10600332,32.09537383,-283.929</coordinates>
"
            f"      </Point>
"
            f"    </Placemark>
    <Placemark>
"
            f"      <name>Point 893</name>
"
            f"      <description>2026-03-22 07:14:49</description>
"
            f"      <Point>
"
            f"        <coordinates>35.10647652,32.09550088,-272.957</coordinates>
"
            f"      </Point>
"
            f"    </Placemark>
    <Placemark>
"
            f"      <name>Point 894</name>
"
            f"      <description>2026-03-22 07:14:51</description>
"
            f"      <Point>
"
            f"        <coordinates>35.10695541,32.09564756,-263.304</coordinates>
"
            f"      </Point>
"
            f"    </Placemark>
    <Placemark>
"
            f"      <name>Point 895</name>
"
            f"      <description>2026-03-22 07:14:53</description>
"
            f"      <Point>
"
            f"        <coordinates>35.10743781,32.09581167,-254.747</coordinates>
"
            f"      </Point>
"
            f"    </Placemark>
    <Placemark>
"
            f"      <name>Point 896</name>
"
            f"      <description>2026-03-22 07:14:55</description>
"
            f"      <Point>
"
            f"        <coordinates>35.10792234,32.09599095,-247.176</coordinates>
"
            f"      </Point>
"
            f"    </Placemark>
    <Placemark>
"
            f"      <name>Point 897</name>
"
            f"      <description>2026-03-22 07:14:57</description>
"
            f"      <Point>
"
            f"        <coordinates>35.10840793,32.09618348,-240.475</coordinates>
"
            f"      </Point>
"
            f"    </Placemark>
    <Placemark>
"
            f"      <name>Point 898</name>
"
            f"      <description>2026-03-22 07:14:59</description>
"
            f"      <Point>
"
            f"        <coordinates>35.10889406,32.09638733,-234.591</coordinates>
"
            f"      </Point>
"
            f"    </Placemark>
    <Placemark>
"
            f"      <name>Point 899</name>
"
            f"      <description>2026-03-22 07:15:01</description>
"
            f"      <Point>
"
            f"        <coordinates>35.10938040,32.09660072,-229.455</coordinates>
"
            f"      </Point>
"
            f"    </Placemark>
    <Placemark>
"
            f"      <name>Point 900</name>
"
            f"      <description>2026-03-22 07:15:03</description>
"
            f"      <Point>
"
            f"        <coordinates>35.10986689,32.09682184,-225.017</coordinates>
"
            f"      </Point>
"
            f"    </Placemark>
    <Placemark>
"
            f"      <name>Point 901</name>
"
            f"      <description>2026-03-22 07:15:05</description>
"
            f"      <Point>
"
            f"        <coordinates>35.11035335,32.09704929,-221.173</coordinates>
"
            f"      </Point>
"
            f"    </Placemark>
    <Placemark>
"
            f"      <name>Point 902</name>
"
            f"      <description>2026-03-22 07:15:07</description>
"
            f"      <Point>
"
            f"        <coordinates>35.11083974,32.09728166,-217.854</coordinates>
"
            f"      </Point>
"
            f"    </Placemark>
    <Placemark>
"
            f"      <name>Point 903</name>
"
            f"      <description>2026-03-22 07:15:09</description>
"
            f"      <Point>
"
            f"        <coordinates>35.11132582,32.09751801,-214.951</coordinates>
"
            f"      </Point>
"
            f"    </Placemark>
    <Placemark>
"
            f"      <name>Point 904</name>
"
            f"      <description>2026-03-22 07:15:11</description>
"
            f"      <Point>
"
            f"        <coordinates>35.11181130,32.09775760,-212.378</coordinates>
"
            f"      </Point>
"
            f"    </Placemark>
    <Placemark>
"
            f"      <name>Point 905</name>
"
            f"      <description>2026-03-22 07:15:13</description>
"
            f"      <Point>
"
            f"        <coordinates>35.11229589,32.09799983,-210.065</coordinates>
"
            f"      </Point>
"
            f"    </Placemark>
    <Placemark>
"
            f"      <name>Point 906</name>
"
            f"      <description>2026-03-22 07:15:15</description>
"
            f"      <Point>
"
            f"        <coordinates>35.11277935,32.09824424,-207.954</coordinates>
"
            f"      </Point>
"
            f"    </Placemark>
    <Placemark>
"
            f"      <name>Point 907</name>
"
            f"      <description>2026-03-22 07:15:17</description>
"
            f"      <Point>
"
            f"        <coordinates>35.11326147,32.09849041,-206.023</coordinates>
"
            f"      </Point>
"
            f"    </Placemark>
    <Placemark>
"
            f"      <name>Point 908</name>
"
            f"      <description>2026-03-22 07:15:19</description>
"
            f"      <Point>
"
            f"        <coordinates>35.11374217,32.09873786,-204.280</coordinates>
"
            f"      </Point>
"
            f"    </Placemark>
    <Placemark>
"
            f"      <name>Point 909</name>
"
            f"      <description>2026-03-22 07:15:21</description>
"
            f"      <Point>
"
            f"        <coordinates>35.11422135,32.09898623,-202.732</coordinates>
"
            f"      </Point>
"
            f"    </Placemark>
    <Placemark>
"
            f"      <name>Point 910</name>
"
            f"      <description>2026-03-22 07:15:23</description>
"
            f"      <Point>
"
            f"        <coordinates>35.11469897,32.09923514,-201.387</coordinates>
"
            f"      </Point>
"
            f"    </Placemark>
    <Placemark>
"
            f"      <name>Point 911</name>
"
            f"      <description>2026-03-22 07:15:25</description>
"
            f"      <Point>
"
            f"        <coordinates>35.11517504,32.09948435,-200.210</coordinates>
"
            f"      </Point>
"
            f"    </Placemark>
    <Placemark>
"
            f"      <name>Point 912</name>
"
            f"      <description>2026-03-22 07:15:27</description>
"
            f"      <Point>
"
            f"        <coordinates>35.11564952,32.09973374,-199.120</coordinates>
"
            f"      </Point>
"
            f"    </Placemark>
    <Placemark>
"
            f"      <name>Point 913</name>
"
            f"      <description>2026-03-22 07:15:29</description>
"
            f"      <Point>
"
            f"        <coordinates>35.11612241,32.09998331,-197.997</coordinates>
"
            f"      </Point>
"
            f"    </Placemark>
    <Placemark>
"
            f"      <name>Point 914</name>
"
            f"      <description>2026-03-22 07:15:31</description>
"
            f"      <Point>
"
            f"        <coordinates>35.11659397,32.10023303,-196.805</coordinates>
"
            f"      </Point>
"
            f"    </Placemark>
    <Placemark>
"
            f"      <name>Point 915</name>
"
            f"      <description>2026-03-22 07:15:33</description>
"
            f"      <Point>
"
            f"        <coordinates>35.11706454,32.10048294,-195.531</coordinates>
"
            f"      </Point>
"
            f"    </Placemark>
    <Placemark>
"
            f"      <name>Point 916</name>
"
            f"      <description>2026-03-22 07:15:35</description>
"
            f"      <Point>
"
            f"        <coordinates>35.11753443,32.10073323,-194.234</coordinates>
"
            f"      </Point>
"
            f"    </Placemark>
    <Placemark>
"
            f"      <name>Point 917</name>
"
            f"      <description>2026-03-22 07:15:37</description>
"
            f"      <Point>
"
            f"        <coordinates>35.11800406,32.10098411,-192.977</coordinates>
"
            f"      </Point>
"
            f"    </Placemark>
    <Placemark>
"
            f"      <name>Point 918</name>
"
            f"      <description>2026-03-22 07:15:39</description>
"
            f"      <Point>
"
            f"        <coordinates>35.11847360,32.10123602,-191.854</coordinates>
"
            f"      </Point>
"
            f"    </Placemark>
    <Placemark>
"
            f"      <name>Point 919</name>
"
            f"      <description>2026-03-22 07:15:41</description>
"
            f"      <Point>
"
            f"        <coordinates>35.11894288,32.10148946,-190.827</coordinates>
"
            f"      </Point>
"
            f"    </Placemark>
    <Placemark>
"
            f"      <name>Point 920</name>
"
            f"      <description>2026-03-22 07:15:43</description>
"
            f"      <Point>
"
            f"        <coordinates>35.11941162,32.10174486,-189.917</coordinates>
"
            f"      </Point>
"
            f"    </Placemark>
    <Placemark>
"
            f"      <name>Point 921</name>
"
            f"      <description>2026-03-22 07:15:45</description>
"
            f"      <Point>
"
            f"        <coordinates>35.11987946,32.10200249,-189.117</coordinates>
"
            f"      </Point>
"
            f"    </Placemark>
    <Placemark>
"
            f"      <name>Point 922</name>
"
            f"      <description>2026-03-22 07:15:47</description>
"
            f"      <Point>
"
            f"        <coordinates>35.12034581,32.10226254,-188.470</coordinates>
"
            f"      </Point>
"
            f"    </Placemark>
    <Placemark>
"
            f"      <name>Point 923</name>
"
            f"      <description>2026-03-22 07:15:49</description>
"
            f"      <Point>
"
            f"        <coordinates>35.12081005,32.10252494,-187.947</coordinates>
"
            f"      </Point>
"
            f"    </Placemark>
    <Placemark>
"
            f"      <name>Point 924</name>
"
            f"      <description>2026-03-22 07:15:51</description>
"
            f"      <Point>
"
            f"        <coordinates>35.12127141,32.10278967,-187.577</coordinates>
"
            f"      </Point>
"
            f"    </Placemark>
    <Placemark>
"
            f"      <name>Point 925</name>
"
            f"      <description>2026-03-22 07:15:53</description>
"
            f"      <Point>
"
            f"        <coordinates>35.12172916,32.10305653,-187.229</coordinates>
"
            f"      </Point>
"
            f"    </Placemark>
    <Placemark>
"
            f"      <name>Point 926</name>
"
            f"      <description>2026-03-22 07:15:55</description>
"
            f"      <Point>
"
            f"        <coordinates>35.12218256,32.10332540,-186.804</coordinates>
"
            f"      </Point>
"
            f"    </Placemark>
    <Placemark>
"
            f"      <name>Point 927</name>
"
            f"      <description>2026-03-22 07:15:57</description>
"
            f"      <Point>
"
            f"        <coordinates>35.12263130,32.10359593,-186.144</coordinates>
"
            f"      </Point>
"
            f"    </Placemark>
    <Placemark>
"
            f"      <name>Point 928</name>
"
            f"      <description>2026-03-22 07:15:59</description>
"
            f"      <Point>
"
            f"        <coordinates>35.12307557,32.10386779,-185.241</coordinates>
"
            f"      </Point>
"
            f"    </Placemark>
    <Placemark>
"
            f"      <name>Point 929</name>
"
            f"      <description>2026-03-22 07:16:01</description>
"
            f"      <Point>
"
            f"        <coordinates>35.12351610,32.10414039,-184.088</coordinates>
"
            f"      </Point>
"
            f"    </Placemark>
    <Placemark>
"
            f"      <name>Point 930</name>
"
            f"      <description>2026-03-22 07:16:03</description>
"
            f"      <Point>
"
            f"        <coordinates>35.12395396,32.10441319,-182.777</coordinates>
"
            f"      </Point>
"
            f"    </Placemark>
    <Placemark>
"
            f"      <name>Point 931</name>
"
            f"      <description>2026-03-22 07:16:05</description>
"
            f"      <Point>
"
            f"        <coordinates>35.12439070,32.10468537,-181.407</coordinates>
"
            f"      </Point>
"
            f"    </Placemark>
    <Placemark>
"
            f"      <name>Point 932</name>
"
            f"      <description>2026-03-22 07:16:07</description>
"
            f"      <Point>
"
            f"        <coordinates>35.12482782,32.10495633,-180.067</coordinates>
"
            f"      </Point>
"
            f"    </Placemark>
    <Placemark>
"
            f"      <name>Point 933</name>
"
            f"      <description>2026-03-22 07:16:09</description>
"
            f"      <Point>
"
            f"        <coordinates>35.12526664,32.10522543,-178.749</coordinates>
"
            f"      </Point>
"
            f"    </Placemark>
    <Placemark>
"
            f"      <name>Point 934</name>
"
            f"      <description>2026-03-22 07:16:11</description>
"
            f"      <Point>
"
            f"        <coordinates>35.12570857,32.10549209,-177.493</coordinates>
"
            f"      </Point>
"
            f"    </Placemark>
    <Placemark>
"
            f"      <name>Point 935</name>
"
            f"      <description>2026-03-22 07:16:13</description>
"
            f"      <Point>
"
            f"        <coordinates>35.12615463,32.10575593,-176.319</coordinates>
"
            f"      </Point>
"
            f"    </Placemark>
    <Placemark>
"
            f"      <name>Point 936</name>
"
            f"      <description>2026-03-22 07:16:15</description>
"
            f"      <Point>
"
            f"        <coordinates>35.12660572,32.10601653,-175.242</coordinates>
"
            f"      </Point>
"
            f"    </Placemark>
    <Placemark>
"
            f"      <name>Point 937</name>
"
            f"      <description>2026-03-22 07:16:17</description>
"
            f"      <Point>
"
            f"        <coordinates>35.12706242,32.10627353,-174.332</coordinates>
"
            f"      </Point>
"
            f"    </Placemark>
    <Placemark>
"
            f"      <name>Point 938</name>
"
            f"      <description>2026-03-22 07:16:19</description>
"
            f"      <Point>
"
            f"        <coordinates>35.12752502,32.10652674,-173.605</coordinates>
"
            f"      </Point>
"
            f"    </Placemark>
    <Placemark>
"
            f"      <name>Point 939</name>
"
            f"      <description>2026-03-22 07:16:21</description>
"
            f"      <Point>
"
            f"        <coordinates>35.12799329,32.10677620,-173.042</coordinates>
"
            f"      </Point>
"
            f"    </Placemark>
    <Placemark>
"
            f"      <name>Point 940</name>
"
            f"      <description>2026-03-22 07:16:23</description>
"
            f"      <Point>
"
            f"        <coordinates>35.12846616,32.10702223,-172.623</coordinates>
"
            f"      </Point>
"
            f"    </Placemark>
    <Placemark>
"
            f"      <name>Point 941</name>
"
            f"      <description>2026-03-22 07:16:25</description>
"
            f"      <Point>
"
            f"        <coordinates>35.12894290,32.10726522,-172.292</coordinates>
"
            f"      </Point>
"
            f"    </Placemark>
    <Placemark>
"
            f"      <name>Point 942</name>
"
            f"      <description>2026-03-22 07:16:27</description>
"
            f"      <Point>
"
            f"        <coordinates>35.12942205,32.10750550,-172.002</coordinates>
"
            f"      </Point>
"
            f"    </Placemark>
    <Placemark>
"
            f"      <name>Point 943</name>
"
            f"      <description>2026-03-22 07:16:29</description>
"
            f"      <Point>
"
            f"        <coordinates>35.12990116,32.10774373,-171.806</coordinates>
"
            f"      </Point>
"
            f"    </Placemark>
    <Placemark>
"
            f"      <name>Point 944</name>
"
            f"      <description>2026-03-22 07:16:31</description>
"
            f"      <Point>
"
            f"        <coordinates>35.13037754,32.10798034,-171.748</coordinates>
"
            f"      </Point>
"
            f"    </Placemark>
    <Placemark>
"
            f"      <name>Point 945</name>
"
            f"      <description>2026-03-22 07:16:33</description>
"
            f"      <Point>
"
            f"        <coordinates>35.13085619,32.10822196,-173.019</coordinates>
"
            f"      </Point>
"
            f"    </Placemark>
    <Placemark>
"
            f"      <name>Point 946</name>
"
            f"      <description>2026-03-22 07:16:35</description>
"
            f"      <Point>
"
            f"        <coordinates>35.13134229,32.10847547,-176.884</coordinates>
"
            f"      </Point>
"
            f"    </Placemark>
    <Placemark>
"
            f"      <name>Point 947</name>
"
            f"      <description>2026-03-22 07:16:37</description>
"
            f"      <Point>
"
            f"        <coordinates>35.13184838,32.10875187,-185.391</coordinates>
"
            f"      </Point>
"
            f"    </Placemark>
    <Placemark>
"
            f"      <name>Point 948</name>
"
            f"      <description>2026-03-22 07:16:39</description>
"
            f"      <Point>
"
            f"        <coordinates>35.13239646,32.10906723,-201.589</coordinates>
"
            f"      </Point>
"
            f"    </Placemark>
    <Placemark>
"
            f"      <name>Point 949</name>
"
            f"      <description>2026-03-22 07:16:41</description>
"
            f"      <Point>
"
            f"        <coordinates>35.13300435,32.10943345,-227.787</coordinates>
"
            f"      </Point>
"
            f"    </Placemark>
    <Placemark>
"
            f"      <name>Point 950</name>
"
            f"      <description>2026-03-22 07:16:43</description>
"
            f"      <Point>
"
            f"        <coordinates>35.13368654,32.10985963,-265.874</coordinates>
"
            f"      </Point>
"
            f"    </Placemark>
    <Placemark>
"
            f"      <name>Point 951</name>
"
            f"      <description>2026-03-22 07:16:45</description>
"
            f"      <Point>
"
            f"        <coordinates>35.13445214,32.11035070,-316.992</coordinates>
"
            f"      </Point>
"
            f"    </Placemark>
    <Placemark>
"
            f"      <name>Point 952</name>
"
            f"      <description>2026-03-22 07:16:47</description>
"
            f"      <Point>
"
            f"        <coordinates>35.13529956,32.11090409,-380.947</coordinates>
"
            f"      </Point>
"
            f"    </Placemark>
    <Placemark>
"
            f"      <name>Point 953</name>
"
            f"      <description>2026-03-22 07:16:49</description>
"
            f"      <Point>
"
            f"        <coordinates>35.13620536,32.11150278,-454.958</coordinates>
"
            f"      </Point>
"
            f"    </Placemark>
    <Placemark>
"
            f"      <name>Point 954</name>
"
            f"      <description>2026-03-22 07:16:51</description>
"
            f"      <Point>
"
            f"        <coordinates>35.13714336,32.11212671,-535.708</coordinates>
"
            f"      </Point>
"
            f"    </Placemark>
    <Placemark>
"
            f"      <name>Point 955</name>
"
            f"      <description>2026-03-22 07:16:53</description>
"
            f"      <Point>
"
            f"        <coordinates>35.13807293,32.11274470,-617.816</coordinates>
"
            f"      </Point>
"
            f"    </Placemark>
    <Placemark>
"
            f"      <name>Point 956</name>
"
            f"      <description>2026-03-22 07:16:55</description>
"
            f"      <Point>
"
            f"        <coordinates>35.13895440,32.11332589,-695.897</coordinates>
"
            f"      </Point>
"
            f"    </Placemark>
    <Placemark>
"
            f"      <name>Point 957</name>
"
            f"      <description>2026-03-22 07:16:57</description>
"
            f"      <Point>
"
            f"        <coordinates>35.13974123,32.11383430,-763.569</coordinates>
"
            f"      </Point>
"
            f"    </Placemark>
    <Placemark>
"
            f"      <name>Point 958</name>
"
            f"      <description>2026-03-22 07:16:59</description>
"
            f"      <Point>
"
            f"        <coordinates>35.14040616,32.11424644,-816.602</coordinates>
"
            f"      </Point>
"
            f"    </Placemark>
    <Placemark>
"
            f"      <name>Point 959</name>
"
            f"      <description>2026-03-22 07:17:01</description>
"
            f"      <Point>
"
            f"        <coordinates>35.14092201,32.11454064,-851.024</coordinates>
"
            f"      </Point>
"
            f"    </Placemark>
    <Placemark>
"
            f"      <name>Point 960</name>
"
            f"      <description>2026-03-22 07:17:03</description>
"
            f"      <Point>
"
            f"        <coordinates>35.14135776,32.11477156,-875.389</coordinates>
"
            f"      </Point>
"
            f"    </Placemark>
    <Placemark>
"
            f"      <name>Point 961</name>
"
            f"      <description>2026-03-22 07:17:05</description>
"
            f"      <Point>
"
            f"        <coordinates>35.14154913,32.11480478,-867.793</coordinates>
"
            f"      </Point>
"
            f"    </Placemark>
    <Placemark>
"
            f"      <name>Point 962</name>
"
            f"      <description>2026-03-22 07:17:07</description>
"
            f"      <Point>
"
            f"        <coordinates>35.14157654,32.11470431,-838.307</coordinates>
"
            f"      </Point>
"
            f"    </Placemark>
    <Placemark>
"
            f"      <name>Point 963</name>
"
            f"      <description>2026-03-22 07:17:09</description>
"
            f"      <Point>
"
            f"        <coordinates>35.14145191,32.11446682,-786.803</coordinates>
"
            f"      </Point>
"
            f"    </Placemark>
    <Placemark>
"
            f"      <name>Point 964</name>
"
            f"      <description>2026-03-22 07:17:11</description>
"
            f"      <Point>
"
            f"        <coordinates>35.14130765,32.11420602,-731.750</coordinates>
"
            f"      </Point>
"
            f"    </Placemark>
    <Placemark>
"
            f"      <name>Point 965</name>
"
            f"      <description>2026-03-22 07:17:13</description>
"
            f"      <Point>
"
            f"        <coordinates>35.14112273,32.11389788,-669.492</coordinates>
"
            f"      </Point>
"
            f"    </Placemark>
    <Placemark>
"
            f"      <name>Point 966</name>
"
            f"      <description>2026-03-22 07:17:15</description>
"
            f"      <Point>
"
            f"        <coordinates>35.14093105,32.11356768,-604.353</coordinates>
"
            f"      </Point>
"
            f"    </Placemark>
    <Placemark>
"
            f"      <name>Point 967</name>
"
            f"      <description>2026-03-22 07:17:17</description>
"
            f"      <Point>
"
            f"        <coordinates>35.14075300,32.11323281,-539.290</coordinates>
"
            f"      </Point>
"
            f"    </Placemark>
    <Placemark>
"
            f"      <name>Point 968</name>
"
            f"      <description>2026-03-22 07:17:19</description>
"
            f"      <Point>
"
            f"        <coordinates>35.14061038,32.11291057,-477.262</coordinates>
"
            f"      </Point>
"
            f"    </Placemark>
    <Placemark>
"
            f"      <name>Point 969</name>
"
            f"      <description>2026-03-22 07:17:21</description>
"
            f"      <Point>
"
            f"        <coordinates>35.14051483,32.11261142,-420.024</coordinates>
"
            f"      </Point>
"
            f"    </Placemark>
    <Placemark>
"
            f"      <name>Point 970</name>
"
            f"      <description>2026-03-22 07:17:23</description>
"
            f"      <Point>
"
            f"        <coordinates>35.14047705,32.11234333,-368.896</coordinates>
"
            f"      </Point>
"
            f"    </Placemark>
    <Placemark>
"
            f"      <name>Point 971</name>
"
            f"      <description>2026-03-22 07:17:25</description>
"
            f"      <Point>
"
            f"        <coordinates>35.14050345,32.11211043,-324.514</coordinates>
"
            f"      </Point>
"
            f"    </Placemark>
    <Placemark>
"
            f"      <name>Point 972</name>
"
            f"      <description>2026-03-22 07:17:27</description>
"
            f"      <Point>
"
            f"        <coordinates>35.14056505,32.11189721,-283.876</coordinates>
"
            f"      </Point>
"
            f"    </Placemark>
    <Placemark>
"
            f"      <name>Point 973</name>
"
            f"      <description>2026-03-22 07:17:29</description>
"
            f"      <Point>
"
            f"        <coordinates>35.14072638,32.11173677,-253.132</coordinates>
"
            f"      </Point>
"
            f"    </Placemark>
    <Placemark>
"
            f"      <name>Point 974</name>
"
            f"      <description>2026-03-22 07:17:31</description>
"
            f"      <Point>
"
            f"        <coordinates>35.14094684,32.11160631,-227.965</coordinates>
"
            f"      </Point>
"
            f"    </Placemark>
    <Placemark>
"
            f"      <name>Point 975</name>
"
            f"      <description>2026-03-22 07:17:33</description>
"
            f"      <Point>
"
            f"        <coordinates>35.14121609,32.11149996,-207.279</coordinates>
"
            f"      </Point>
"
            f"    </Placemark>
    <Placemark>
"
            f"      <name>Point 976</name>
"
            f"      <description>2026-03-22 07:17:35</description>
"
            f"      <Point>
"
            f"        <coordinates>35.14152438,32.11141290,-190.178</coordinates>
"
            f"      </Point>
"
            f"    </Placemark>
    <Placemark>
"
            f"      <name>Point 977</name>
"
            f"      <description>2026-03-22 07:17:37</description>
"
            f"      <Point>
"
            f"        <coordinates>35.14186389,32.11134127,-175.945</coordinates>
"
            f"      </Point>
"
            f"    </Placemark>
    <Placemark>
"
            f"      <name>Point 978</name>
"
            f"      <description>2026-03-22 07:17:39</description>
"
            f"      <Point>
"
            f"        <coordinates>35.14222839,32.11128198,-164.006</coordinates>
"
            f"      </Point>
"
            f"    </Placemark>
    <Placemark>
"
            f"      <name>Point 979</name>
"
            f"      <description>2026-03-22 07:17:41</description>
"
            f"      <Point>
"
            f"        <coordinates>35.14261287,32.11123257,-153.903</coordinates>
"
            f"      </Point>
"
            f"    </Placemark>
    <Placemark>
"
            f"      <name>Point 980</name>
"
            f"      <description>2026-03-22 07:17:43</description>
"
            f"      <Point>
"
            f"        <coordinates>35.14301334,32.11119106,-145.269</coordinates>
"
            f"      </Point>
"
            f"    </Placemark>
    <Placemark>
"
            f"      <name>Point 981</name>
"
            f"      <description>2026-03-22 07:17:45</description>
"
            f"      <Point>
"
            f"        <coordinates>35.14342661,32.11115586,-137.809</coordinates>
"
            f"      </Point>
"
            f"    </Placemark>
    <Placemark>
"
            f"      <name>Point 982</name>
"
            f"      <description>2026-03-22 07:17:47</description>
"
            f"      <Point>
"
            f"        <coordinates>35.14385419,32.11112774,-131.664</coordinates>
"
            f"      </Point>
"
            f"    </Placemark>
    <Placemark>
"
            f"      <name>Point 983</name>
"
            f"      <description>2026-03-22 07:17:49</description>
"
            f"      <Point>
"
            f"        <coordinates>35.14428506,32.11110124,-125.820</coordinates>
"
            f"      </Point>
"
            f"    </Placemark>
    <Placemark>
"
            f"      <name>Point 984</name>
"
            f"      <description>2026-03-22 07:17:51</description>
"
            f"      <Point>
"
            f"        <coordinates>35.14472263,32.11107805,-120.592</coordinates>
"
            f"      </Point>
"
            f"    </Placemark>
    <Placemark>
"
            f"      <name>Point 985</name>
"
            f"      <description>2026-03-22 07:17:53</description>
"
            f"      <Point>
"
            f"        <coordinates>35.14516558,32.11105750,-115.858</coordinates>
"
            f"      </Point>
"
            f"    </Placemark>
    <Placemark>
"
            f"      <name>Point 986</name>
"
            f"      <description>2026-03-22 07:17:55</description>
"
            f"      <Point>
"
            f"        <coordinates>35.14561282,32.11103905,-111.520</coordinates>
"
            f"      </Point>
"
            f"    </Placemark>
    <Placemark>
"
            f"      <name>Point 987</name>
"
            f"      <description>2026-03-22 07:17:57</description>
"
            f"      <Point>
"
            f"        <coordinates>35.14606349,32.11102225,-107.500</coordinates>
"
            f"      </Point>
"
            f"    </Placemark>
    <Placemark>
"
            f"      <name>Point 988</name>
"
            f"      <description>2026-03-22 07:17:59</description>
"
            f"      <Point>
"
            f"        <coordinates>35.14651719,32.11100680,-103.750</coordinates>
"
            f"      </Point>
"
            f"    </Placemark>
    <Placemark>
"
            f"      <name>Point 989</name>
"
            f"      <description>2026-03-22 07:18:01</description>
"
            f"      <Point>
"
            f"        <coordinates>35.14697372,32.11099248,-100.235</coordinates>
"
            f"      </Point>
"
            f"    </Placemark>
    <Placemark>
"
            f"      <name>Point 990</name>
"
            f"      <description>2026-03-22 07:18:03</description>
"
            f"      <Point>
"
            f"        <coordinates>35.14743334,32.11097920,-96.943</coordinates>
"
            f"      </Point>
"
            f"    </Placemark>
    <Placemark>
"
            f"      <name>Point 991</name>
"
            f"      <description>2026-03-22 07:18:05</description>
"
            f"      <Point>
"
            f"        <coordinates>35.14789657,32.11096683,-93.847</coordinates>
"
            f"      </Point>
"
            f"    </Placemark>
    <Placemark>
"
            f"      <name>Point 992</name>
"
            f"      <description>2026-03-22 07:18:07</description>
"
            f"      <Point>
"
            f"        <coordinates>35.14836424,32.11095563,-90.974</coordinates>
"
            f"      </Point>
"
            f"    </Placemark>
    <Placemark>
"
            f"      <name>Point 993</name>
"
            f"      <description>2026-03-22 07:18:09</description>
"
            f"      <Point>
"
            f"        <coordinates>35.14883693,32.11094556,-88.294</coordinates>
"
            f"      </Point>
"
            f"    </Placemark>
    <Placemark>
"
            f"      <name>Point 994</name>
"
            f"      <description>2026-03-22 07:18:11</description>
"
            f"      <Point>
"
            f"        <coordinates>35.14931550,32.11093699,-85.815</coordinates>
"
            f"      </Point>
"
            f"    </Placemark>
    <Placemark>
"
            f"      <name>Point 995</name>
"
            f"      <description>2026-03-22 07:18:13</description>
"
            f"      <Point>
"
            f"        <coordinates>35.14979961,32.11093034,-83.566</coordinates>
"
            f"      </Point>
"
            f"    </Placemark>
    <Placemark>
"
            f"      <name>Point 996</name>
"
            f"      <description>2026-03-22 07:18:15</description>
"
            f"      <Point>
"
            f"        <coordinates>35.15029057,32.11092764,-81.871</coordinates>
"
            f"      </Point>
"
            f"    </Placemark>
    <Placemark>
"
            f"      <name>Point 997</name>
"
            f"      <description>2026-03-22 07:18:17</description>
"
            f"      <Point>
"
            f"        <coordinates>35.15078740,32.11093032,-80.976</coordinates>
"
            f"      </Point>
"
            f"    </Placemark>
    <Placemark>
"
            f"      <name>Point 998</name>
"
            f"      <description>2026-03-22 07:18:19</description>
"
            f"      <Point>
"
            f"        <coordinates>35.15129217,32.11094252,-81.630</coordinates>
"
            f"      </Point>
"
            f"    </Placemark>
    <Placemark>
"
            f"      <name>Point 999</name>
"
            f"      <description>2026-03-22 07:18:21</description>
"
            f"      <Point>
"
            f"        <coordinates>35.15180451,32.11096712,-84.403</coordinates>
"
            f"      </Point>
"
            f"    </Placemark>
    <Placemark>
"
            f"      <name>Point 1000</name>
"
            f"      <description>2026-03-22 07:18:23</description>
"
            f"      <Point>
"
            f"        <coordinates>35.15232850,32.11100888,-90.190</coordinates>
"
            f"      </Point>
"
            f"    </Placemark>
    <Placemark>
"
            f"      <name>Point 1001</name>
"
            f"      <description>2026-03-22 07:18:25</description>
"
            f"      <Point>
"
            f"        <coordinates>35.15286591,32.11106982,-99.710</coordinates>
"
            f"      </Point>
"
            f"    </Placemark>
    <Placemark>
"
            f"      <name>Point 1002</name>
"
            f"      <description>2026-03-22 07:18:27</description>
"
            f"      <Point>
"
            f"        <coordinates>35.15343389,32.11115498,-115.487</coordinates>
"
            f"      </Point>
"
            f"    </Placemark>
    <Placemark>
"
            f"      <name>Point 1003</name>
"
            f"      <description>2026-03-22 07:18:29</description>
"
            f"      <Point>
"
            f"        <coordinates>35.15404284,32.11126516,-139.291</coordinates>
"
            f"      </Point>
"
            f"    </Placemark>
    <Placemark>
"
            f"      <name>Point 1004</name>
"
            f"      <description>2026-03-22 07:18:31</description>
"
            f"      <Point>
"
            f"        <coordinates>35.15470186,32.11140060,-172.460</coordinates>
"
            f"      </Point>
"
            f"    </Placemark>
    <Placemark>
"
            f"      <name>Point 1005</name>
"
            f"      <description>2026-03-22 07:18:33</description>
"
            f"      <Point>
"
            f"        <coordinates>35.15541173,32.11155688,-215.247</coordinates>
"
            f"      </Point>
"
            f"    </Placemark>
    <Placemark>
"
            f"      <name>Point 1006</name>
"
            f"      <description>2026-03-22 07:18:35</description>
"
            f"      <Point>
"
            f"        <coordinates>35.15616100,32.11172783,-265.723</coordinates>
"
            f"      </Point>
"
            f"    </Placemark>
    <Placemark>
"
            f"      <name>Point 1007</name>
"
            f"      <description>2026-03-22 07:18:37</description>
"
            f"      <Point>
"
            f"        <coordinates>35.15692331,32.11190148,-319.740</coordinates>
"
            f"      </Point>
"
            f"    </Placemark>
    <Placemark>
"
            f"      <name>Point 1008</name>
"
            f"      <description>2026-03-22 07:18:39</description>
"
            f"      <Point>
"
            f"        <coordinates>35.15767901,32.11206796,-373.581</coordinates>
"
            f"      </Point>
"
            f"    </Placemark>
    <Placemark>
"
            f"      <name>Point 1009</name>
"
            f"      <description>2026-03-22 07:18:41</description>
"
            f"      <Point>
"
            f"        <coordinates>35.15840905,32.11221654,-423.771</coordinates>
"
            f"      </Point>
"
            f"    </Placemark>
    <Placemark>
"
            f"      <name>Point 1010</name>
"
            f"      <description>2026-03-22 07:18:43</description>
"
            f"      <Point>
"
            f"        <coordinates>35.15910025,32.11233976,-467.427</coordinates>
"
            f"      </Point>
"
            f"    </Placemark>
    <Placemark>
"
            f"      <name>Point 1011</name>
"
            f"      <description>2026-03-22 07:18:45</description>
"
            f"      <Point>
"
            f"        <coordinates>35.15973948,32.11243043,-502.027</coordinates>
"
            f"      </Point>
"
            f"    </Placemark>
    <Placemark>
"
            f"      <name>Point 1012</name>
"
            f"      <description>2026-03-22 07:18:47</description>
"
            f"      <Point>
"
            f"        <coordinates>35.16031516,32.11248377,-525.268</coordinates>
"
            f"      </Point>
"
            f"    </Placemark>
    <Placemark>
"
            f"      <name>Point 1013</name>
"
            f"      <description>2026-03-22 07:18:49</description>
"
            f"      <Point>
"
            f"        <coordinates>35.16085861,32.11251838,-542.764</coordinates>
"
            f"      </Point>
"
            f"    </Placemark>
    <Placemark>
"
            f"      <name>Point 1014</name>
"
            f"      <description>2026-03-22 07:18:51</description>
"
            f"      <Point>
"
            f"        <coordinates>35.16127560,32.11248669,-537.796</coordinates>
"
            f"      </Point>
"
            f"    </Placemark>
    <Placemark>
"
            f"      <name>Point 1015</name>
"
            f"      <description>2026-03-22 07:18:53</description>
"
            f"      <Point>
"
            f"        <coordinates>35.16161727,32.11241581,-518.967</coordinates>
"
            f"      </Point>
"
            f"    </Placemark>
    <Placemark>
"
            f"      <name>Point 1016</name>
"
            f"      <description>2026-03-22 07:18:55</description>
"
            f"      <Point>
"
            f"        <coordinates>35.16186872,32.11229873,-484.172</coordinates>
"
            f"      </Point>
"
            f"    </Placemark>
    <Placemark>
"
            f"      <name>Point 1017</name>
"
            f"      <description>2026-03-22 07:18:57</description>
"
            f"      <Point>
"
            f"        <coordinates>35.16211190,32.11217522,-448.273</coordinates>
"
            f"      </Point>
"
            f"    </Placemark>
    <Placemark>
"
            f"      <name>Point 1018</name>
"
            f"      <description>2026-03-22 07:18:59</description>
"
            f"      <Point>
"
            f"        <coordinates>35.16232300,32.11203584,-408.034</coordinates>
"
            f"      </Point>
"
            f"    </Placemark>
    <Placemark>
"
            f"      <name>Point 1019</name>
"
            f"      <description>2026-03-22 07:19:01</description>
"
            f"      <Point>
"
            f"        <coordinates>35.16251269,32.11188781,-366.471</coordinates>
"
            f"      </Point>
"
            f"    </Placemark>
    <Placemark>
"
            f"      <name>Point 1020</name>
"
            f"      <description>2026-03-22 07:19:03</description>
"
            f"      <Point>
"
            f"        <coordinates>35.16267638,32.11173511,-324.389</coordinates>
"
            f"      </Point>
"
            f"    </Placemark>
    <Placemark>
"
            f"      <name>Point 1021</name>
"
            f"      <description>2026-03-22 07:19:05</description>
"
            f"      <Point>
"
            f"        <coordinates>35.16281411,32.11158202,-283.005</coordinates>
"
            f"      </Point>
"
            f"    </Placemark>
    <Placemark>
"
            f"      <name>Point 1022</name>
"
            f"      <description>2026-03-22 07:19:07</description>
"
            f"      <Point>
"
            f"        <coordinates>35.16292750,32.11143064,-243.016</coordinates>
"
            f"      </Point>
"
            f"    </Placemark>
    <Placemark>
"
            f"      <name>Point 1023</name>
"
            f"      <description>2026-03-22 07:19:09</description>
"
            f"      <Point>
"
            f"        <coordinates>35.16302807,32.11128110,-203.946</coordinates>
"
            f"      </Point>
"
            f"    </Placemark>
    <Placemark>
"
            f"      <name>Point 1024</name>
"
            f"      <description>2026-03-22 07:19:11</description>
"
            f"      <Point>
"
            f"        <coordinates>35.16310516,32.11113886,-168.877</coordinates>
"
            f"      </Point>
"
            f"    </Placemark>
    <Placemark>
"
            f"      <name>Point 1025</name>
"
            f"      <description>2026-03-22 07:19:13</description>
"
            f"      <Point>
"
            f"        <coordinates>35.16317296,32.11099961,-136.650</coordinates>
"
            f"      </Point>
"
            f"    </Placemark>
    <Placemark>
"
            f"      <name>Point 1026</name>
"
            f"      <description>2026-03-22 07:19:15</description>
"
            f"      <Point>
"
            f"        <coordinates>35.16323919,32.11086133,-107.095</coordinates>
"
            f"      </Point>
"
            f"    </Placemark>
    <Placemark>
"
            f"      <name>Point 1027</name>
"
            f"      <description>2026-03-22 07:19:17</description>
"
            f"      <Point>
"
            f"        <coordinates>35.16330106,32.11071685,-78.653</coordinates>
"
            f"      </Point>
"
            f"    </Placemark>
    <Placemark>
"
            f"      <name>Point 1028</name>
"
            f"      <description>2026-03-22 07:19:19</description>
"
            f"      <Point>
"
            f"        <coordinates>35.16335415,32.11056348,-50.516</coordinates>
"
            f"      </Point>
"
            f"    </Placemark>
    <Placemark>
"
            f"      <name>Point 1029</name>
"
            f"      <description>2026-03-22 07:19:21</description>
"
            f"      <Point>
"
            f"        <coordinates>35.16340020,32.11039983,-22.198</coordinates>
"
            f"      </Point>
"
            f"    </Placemark>
    <Placemark>
"
            f"      <name>Point 1030</name>
"
            f"      <description>2026-03-22 07:19:23</description>
"
            f"      <Point>
"
            f"        <coordinates>35.16344268,32.11022156,6.986</coordinates>
"
            f"      </Point>
"
            f"    </Placemark>
    <Placemark>
"
            f"      <name>Point 1031</name>
"
            f"      <description>2026-03-22 07:19:25</description>
"
            f"      <Point>
"
            f"        <coordinates>35.16348404,32.11002422,37.464</coordinates>
"
            f"      </Point>
"
            f"    </Placemark>
    <Placemark>
"
            f"      <name>Point 1032</name>
"
            f"      <description>2026-03-22 07:19:27</description>
"
            f"      <Point>
"
            f"        <coordinates>35.16352738,32.10980868,68.703</coordinates>
"
            f"      </Point>
"
            f"    </Placemark>
    <Placemark>
"
            f"      <name>Point 1033</name>
"
            f"      <description>2026-03-22 07:19:29</description>
"
            f"      <Point>
"
            f"        <coordinates>35.16358266,32.10956946,99.683</coordinates>
"
            f"      </Point>
"
            f"    </Placemark>
    <Placemark>
"
            f"      <name>Point 1034</name>
"
            f"      <description>2026-03-22 07:19:31</description>
"
            f"      <Point>
"
            f"        <coordinates>35.16363952,32.10932520,130.149</coordinates>
"
            f"      </Point>
"
            f"    </Placemark>
    <Placemark>
"
            f"      <name>Point 1035</name>
"
            f"      <description>2026-03-22 07:19:33</description>
"
            f"      <Point>
"
            f"        <coordinates>35.16370137,32.10907028,159.773</coordinates>
"
            f"      </Point>
"
            f"    </Placemark>
    <Placemark>
"
            f"      <name>Point 1036</name>
"
            f"      <description>2026-03-22 07:19:35</description>
"
            f"      <Point>
"
            f"        <coordinates>35.16376801,32.10880391,188.670</coordinates>
"
            f"      </Point>
"
            f"    </Placemark>
    <Placemark>
"
            f"      <name>Point 1037</name>
"
            f"      <description>2026-03-22 07:19:37</description>
"
            f"      <Point>
"
            f"        <coordinates>35.16384091,32.10852500,217.379</coordinates>
"
            f"      </Point>
"
            f"    </Placemark>
    <Placemark>
"
            f"      <name>Point 1038</name>
"
            f"      <description>2026-03-22 07:19:39</description>
"
            f"      <Point>
"
            f"        <coordinates>35.16392557,32.10823038,246.646</coordinates>
"
            f"      </Point>
"
            f"    </Placemark>
    <Placemark>
"
            f"      <name>Point 1039</name>
"
            f"      <description>2026-03-22 07:19:41</description>
"
            f"      <Point>
"
            f"        <coordinates>35.16402721,32.10791808,277.457</coordinates>
"
            f"      </Point>
"
            f"    </Placemark>
    <Placemark>
"
            f"      <name>Point 1040</name>
"
            f"      <description>2026-03-22 07:19:43</description>
"
            f"      <Point>
"
            f"        <coordinates>35.16414856,32.10758851,310.387</coordinates>
"
            f"      </Point>
"
            f"    </Placemark>
    <Placemark>
"
            f"      <name>Point 1041</name>
"
            f"      <description>2026-03-22 07:19:45</description>
"
            f"      <Point>
"
            f"        <coordinates>35.16428946,32.10724468,345.872</coordinates>
"
            f"      </Point>
"
            f"    </Placemark>
    <Placemark>
"
            f"      <name>Point 1042</name>
"
            f"      <description>2026-03-22 07:19:47</description>
"
            f"      <Point>
"
            f"        <coordinates>35.16444818,32.10688991,383.682</coordinates>
"
            f"      </Point>
"
            f"    </Placemark>
    <Placemark>
"
            f"      <name>Point 1043</name>
"
            f"      <description>2026-03-22 07:19:49</description>
"
            f"      <Point>
"
            f"        <coordinates>35.16462209,32.10652809,423.301</coordinates>
"
            f"      </Point>
"
            f"    </Placemark>
    <Placemark>
"
            f"      <name>Point 1044</name>
"
            f"      <description>2026-03-22 07:19:51</description>
"
            f"      <Point>
"
            f"        <coordinates>35.16481153,32.10616366,463.301</coordinates>
"
            f"      </Point>
"
            f"    </Placemark>
    <Placemark>
"
            f"      <name>Point 1045</name>
"
            f"      <description>2026-03-22 07:19:53</description>
"
            f"      <Point>
"
            f"        <coordinates>35.16501544,32.10580019,502.142</coordinates>
"
            f"      </Point>
"
            f"    </Placemark>
    <Placemark>
"
            f"      <name>Point 1046</name>
"
            f"      <description>2026-03-22 07:19:55</description>
"
            f"      <Point>
"
            f"        <coordinates>35.16523204,32.10544226,537.836</coordinates>
"
            f"      </Point>
"
            f"    </Placemark>
    <Placemark>
"
            f"      <name>Point 1047</name>
"
            f"      <description>2026-03-22 07:19:57</description>
"
            f"      <Point>
"
            f"        <coordinates>35.16545384,32.10509394,568.797</coordinates>
"
            f"      </Point>
"
            f"    </Placemark>
    <Placemark>
"
            f"      <name>Point 1048</name>
"
            f"      <description>2026-03-22 07:19:59</description>
"
            f"      <Point>
"
            f"        <coordinates>35.16567211,32.10475915,593.631</coordinates>
"
            f"      </Point>
"
            f"    </Placemark>
    <Placemark>
"
            f"      <name>Point 1049</name>
"
            f"      <description>2026-03-22 07:20:01</description>
"
            f"      <Point>
"
            f"        <coordinates>35.16588784,32.10443121,615.321</coordinates>
"
            f"      </Point>
"
            f"    </Placemark>
    <Placemark>
"
            f"      <name>Point 1050</name>
"
            f"      <description>2026-03-22 07:20:03</description>
"
            f"      <Point>
"
            f"        <coordinates>35.16607563,32.10412863,626.349</coordinates>
"
            f"      </Point>
"
            f"    </Placemark>
    <Placemark>
"
            f"      <name>Point 1051</name>
"
            f"      <description>2026-03-22 07:20:05</description>
"
            f"      <Point>
"
            f"        <coordinates>35.16624444,32.10384111,630.683</coordinates>
"
            f"      </Point>
"
            f"    </Placemark>
    <Placemark>
"
            f"      <name>Point 1052</name>
"
            f"      <description>2026-03-22 07:20:07</description>
"
            f"      <Point>
"
            f"        <coordinates>35.16639802,32.10356415,629.556</coordinates>
"
            f"      </Point>
"
            f"    </Placemark>
    <Placemark>
"
            f"      <name>Point 1053</name>
"
            f"      <description>2026-03-22 07:20:09</description>
"
            f"      <Point>
"
            f"        <coordinates>35.16654262,32.10329535,624.290</coordinates>
"
            f"      </Point>
"
            f"    </Placemark>
    <Placemark>
"
            f"      <name>Point 1054</name>
"
            f"      <description>2026-03-22 07:20:11</description>
"
            f"      <Point>
"
            f"        <coordinates>35.16667931,32.10303248,616.547</coordinates>
"
            f"      </Point>
"
            f"    </Placemark>
    <Placemark>
"
            f"      <name>Point 1055</name>
"
            f"      <description>2026-03-22 07:20:13</description>
"
            f"      <Point>
"
            f"        <coordinates>35.16680894,32.10277596,607.811</coordinates>
"
            f"      </Point>
"
            f"    </Placemark>
    <Placemark>
"
            f"      <name>Point 1056</name>
"
            f"      <description>2026-03-22 07:20:15</description>
"
            f"      <Point>
"
            f"        <coordinates>35.16693159,32.10252718,599.283</coordinates>
"
            f"      </Point>
"
            f"    </Placemark>
    <Placemark>
"
            f"      <name>Point 1057</name>
"
            f"      <description>2026-03-22 07:20:17</description>
"
            f"      <Point>
"
            f"        <coordinates>35.16704679,32.10229049,591.156</coordinates>
"
            f"      </Point>
"
            f"    </Placemark>
    <Placemark>
"
            f"      <name>Point 1058</name>
"
            f"      <description>2026-03-22 07:20:19</description>
"
            f"      <Point>
"
            f"        <coordinates>35.16715295,32.10206841,583.402</coordinates>
"
            f"      </Point>
"
            f"    </Placemark>
    <Placemark>
"
            f"      <name>Point 1059</name>
"
            f"      <description>2026-03-22 07:20:21</description>
"
            f"      <Point>
"
            f"        <coordinates>35.16726124,32.10186497,573.871</coordinates>
"
            f"      </Point>
"
            f"    </Placemark>
    <Placemark>
"
            f"      <name>Point 1060</name>
"
            f"      <description>2026-03-22 07:20:23</description>
"
            f"      <Point>
"
            f"        <coordinates>35.16739230,32.10168568,558.665</coordinates>
"
            f"      </Point>
"
            f"    </Placemark>
    <Placemark>
"
            f"      <name>Point 1061</name>
"
            f"      <description>2026-03-22 07:20:25</description>
"
            f"      <Point>
"
            f"        <coordinates>35.16757131,32.10153949,532.433</coordinates>
"
            f"      </Point>
"
            f"    </Placemark>
    <Placemark>
"
            f"      <name>Point 1062</name>
"
            f"      <description>2026-03-22 07:20:27</description>
"
            f"      <Point>
"
            f"        <coordinates>35.16789057,32.10146447,476.708</coordinates>
"
            f"      </Point>
"
            f"    </Placemark>
    <Placemark>
"
            f"      <name>Point 1063</name>
"
            f"      <description>2026-03-22 07:20:29</description>
"
            f"      <Point>
"
            f"        <coordinates>35.16828231,32.10142202,406.396</coordinates>
"
            f"      </Point>
"
            f"    </Placemark>
    <Placemark>
"
            f"      <name>Point 1064</name>
"
            f"      <description>2026-03-22 07:20:31</description>
"
            f"      <Point>
"
            f"        <coordinates>35.16881122,32.10144249,307.938</coordinates>
"
            f"      </Point>
"
            f"    </Placemark>
    <Placemark>
"
            f"      <name>Point 1065</name>
"
            f"      <description>2026-03-22 07:20:33</description>
"
            f"      <Point>
"
            f"        <coordinates>35.16949181,32.10153021,179.066</coordinates>
"
            f"      </Point>
"
            f"    </Placemark>
    <Placemark>
"
            f"      <name>Point 1066</name>
"
            f"      <description>2026-03-22 07:20:35</description>
"
            f"      <Point>
"
            f"        <coordinates>35.17032606,32.10168523,19.646</coordinates>
"
            f"      </Point>
"
            f"    </Placemark>
    <Placemark>
"
            f"      <name>Point 1067</name>
"
            f"      <description>2026-03-22 07:20:37</description>
"
            f"      <Point>
"
            f"        <coordinates>35.17130032,32.10190160,-167.168</coordinates>
"
            f"      </Point>
"
            f"    </Placemark>
    <Placemark>
"
            f"      <name>Point 1068</name>
"
            f"      <description>2026-03-22 07:20:39</description>
"
            f"      <Point>
"
            f"        <coordinates>35.17238878,32.10216899,-376.123</coordinates>
"
            f"      </Point>
"
            f"    </Placemark>
    <Placemark>
"
            f"      <name>Point 1069</name>
"
            f"      <description>2026-03-22 07:20:41</description>
"
            f"      <Point>
"
            f"        <coordinates>35.17355240,32.10247337,-599.418</coordinates>
"
            f"      </Point>
"
            f"    </Placemark>
    <Placemark>
"
            f"      <name>Point 1070</name>
"
            f"      <description>2026-03-22 07:20:43</description>
"
            f"      <Point>
"
            f"        <coordinates>35.17474193,32.10279816,-827.743</coordinates>
"
            f"      </Point>
"
            f"    </Placemark>
    <Placemark>
"
            f"      <name>Point 1071</name>
"
            f"      <description>2026-03-22 07:20:45</description>
"
            f"      <Point>
"
            f"        <coordinates>35.17590613,32.10312582,-1051.062</coordinates>
"
            f"      </Point>
"
            f"    </Placemark>
    <Placemark>
"
            f"      <name>Point 1072</name>
"
            f"      <description>2026-03-22 07:20:47</description>
"
            f"      <Point>
"
            f"        <coordinates>35.17699898,32.10344008,-1260.286</coordinates>
"
            f"      </Point>
"
            f"    </Placemark>
    <Placemark>
"
            f"      <name>Point 1073</name>
"
            f"      <description>2026-03-22 07:20:49</description>
"
            f"      <Point>
"
            f"        <coordinates>35.17798371,32.10372699,-1447.624</coordinates>
"
            f"      </Point>
"
            f"    </Placemark>
    <Placemark>
"
            f"      <name>Point 1074</name>
"
            f"      <description>2026-03-22 07:20:51</description>
"
            f"      <Point>
"
            f"        <coordinates>35.17883778,32.10397676,-1608.175</coordinates>
"
            f"      </Point>
"
            f"    </Placemark>
    <Placemark>
"
            f"      <name>Point 1075</name>
"
            f"      <description>2026-03-22 07:20:53</description>
"
            f"      <Point>
"
            f"        <coordinates>35.17955473,32.10418437,-1739.909</coordinates>
"
            f"      </Point>
"
            f"    </Placemark>
    <Placemark>
"
            f"      <name>Point 1076</name>
"
            f"      <description>2026-03-22 07:20:55</description>
"
            f"      <Point>
"
            f"        <coordinates>35.18013969,32.10434854,-1842.955</coordinates>
"
            f"      </Point>
"
            f"    </Placemark>
    <Placemark>
"
            f"      <name>Point 1077</name>
"
            f"      <description>2026-03-22 07:20:57</description>
"
            f"      <Point>
"
            f"        <coordinates>35.18060617,32.10447152,-1919.203</coordinates>
"
            f"      </Point>
"
            f"    </Placemark>
    <Placemark>
"
            f"      <name>Point 1078</name>
"
            f"      <description>2026-03-22 07:20:59</description>
"
            f"      <Point>
"
            f"        <coordinates>35.18101220,32.10457344,-1981.983</coordinates>
"
            f"      </Point>
"
            f"    </Placemark>
    <Placemark>
"
            f"      <name>Point 1079</name>
"
            f"      <description>2026-03-22 07:21:01</description>
"
            f"      <Point>
"
            f"        <coordinates>35.18128561,32.10462267,-2011.357</coordinates>
"
            f"      </Point>
"
            f"    </Placemark>
    <Placemark>
"
            f"      <name>Point 1080</name>
"
            f"      <description>2026-03-22 07:21:03</description>
"
            f"      <Point>
"
            f"        <coordinates>35.18149166,32.10464227,-2022.671</coordinates>
"
            f"      </Point>
"
            f"    </Placemark>
    <Placemark>
"
            f"      <name>Point 1081</name>
"
            f"      <description>2026-03-22 07:21:05</description>
"
            f"      <Point>
"
            f"        <coordinates>35.18164270,32.10463555,-2018.532</coordinates>
"
            f"      </Point>
"
            f"    </Placemark>
    <Placemark>
"
            f"      <name>Point 1082</name>
"
            f"      <description>2026-03-22 07:21:07</description>
"
            f"      <Point>
"
            f"        <coordinates>35.18174859,32.10460515,-2001.024</coordinates>
"
            f"      </Point>
"
            f"    </Placemark>
    <Placemark>
"
            f"      <name>Point 1083</name>
"
            f"      <description>2026-03-22 07:21:09</description>
"
            f"      <Point>
"
            f"        <coordinates>35.18181577,32.10455365,-1971.897</coordinates>
"
            f"      </Point>
"
            f"    </Placemark>
    <Placemark>
"
            f"      <name>Point 1084</name>
"
            f"      <description>2026-03-22 07:21:11</description>
"
            f"      <Point>
"
            f"        <coordinates>35.18185001,32.10448383,-1932.948</coordinates>
"
            f"      </Point>
"
            f"    </Placemark>
    <Placemark>
"
            f"      <name>Point 1085</name>
"
            f"      <description>2026-03-22 07:21:13</description>
"
            f"      <Point>
"
            f"        <coordinates>35.18184137,32.10439074,-1881.100</coordinates>
"
            f"      </Point>
"
            f"    </Placemark>
    <Placemark>
"
            f"      <name>Point 1086</name>
"
            f"      <description>2026-03-22 07:21:15</description>
"
            f"      <Point>
"
            f"        <coordinates>35.18182113,32.10429194,-1825.945</coordinates>
"
            f"      </Point>
"
            f"    </Placemark>
    <Placemark>
"
            f"      <name>Point 1087</name>
"
            f"      <description>2026-03-22 07:21:17</description>
"
            f"      <Point>
"
            f"        <coordinates>35.18177839,32.10418161,-1764.208</coordinates>
"
            f"      </Point>
"
            f"    </Placemark>
    <Placemark>
"
            f"      <name>Point 1088</name>
"
            f"      <description>2026-03-22 07:21:19</description>
"
            f"      <Point>
"
            f"        <coordinates>35.18171662,32.10406193,-1697.047</coordinates>
"
            f"      </Point>
"
            f"    </Placemark>
    <Placemark>
"
            f"      <name>Point 1089</name>
"
            f"      <description>2026-03-22 07:21:21</description>
"
            f"      <Point>
"
            f"        <coordinates>35.18163962,32.10393478,-1625.549</coordinates>
"
            f"      </Point>
"
            f"    </Placemark>
    <Placemark>
"
            f"      <name>Point 1090</name>
"
            f"      <description>2026-03-22 07:21:23</description>
"
            f"      <Point>
"
            f"        <coordinates>35.18155044,32.10380165,-1550.580</coordinates>
"
            f"      </Point>
"
            f"    </Placemark>
    <Placemark>
"
            f"      <name>Point 1091</name>
"
            f"      <description>2026-03-22 07:21:25</description>
"
            f"      <Point>
"
            f"        <coordinates>35.18145151,32.10366373,-1472.835</coordinates>
"
            f"      </Point>
"
            f"    </Placemark>
    <Placemark>
"
            f"      <name>Point 1092</name>
"
            f"      <description>2026-03-22 07:21:27</description>
"
            f"      <Point>
"
            f"        <coordinates>35.18134480,32.10352199,-1392.868</coordinates>
"
            f"      </Point>
"
            f"    </Placemark>
    <Placemark>
"
            f"      <name>Point 1093</name>
"
            f"      <description>2026-03-22 07:21:29</description>
"
            f"      <Point>
"
            f"        <coordinates>35.18123215,32.10337754,-1311.322</coordinates>
"
            f"      </Point>
"
            f"    </Placemark>
    <Placemark>
"
            f"      <name>Point 1094</name>
"
            f"      <description>2026-03-22 07:21:31</description>
"
            f"      <Point>
"
            f"        <coordinates>35.18111538,32.10323162,-1228.908</coordinates>
"
            f"      </Point>
"
            f"    </Placemark>
    <Placemark>
"
            f"      <name>Point 1095</name>
"
            f"      <description>2026-03-22 07:21:33</description>
"
            f"      <Point>
"
            f"        <coordinates>35.18099653,32.10308593,-1146.588</coordinates>
"
            f"      </Point>
"
            f"    </Placemark>
    <Placemark>
"
            f"      <name>Point 1096</name>
"
            f"      <description>2026-03-22 07:21:35</description>
"
            f"      <Point>
"
            f"        <coordinates>35.18087749,32.10294145,-1064.977</coordinates>
"
            f"      </Point>
"
            f"    </Placemark>
    <Placemark>
"
            f"      <name>Point 1097</name>
"
            f"      <description>2026-03-22 07:21:37</description>
"
            f"      <Point>
"
            f"        <coordinates>35.18076058,32.10279965,-984.950</coordinates>
"
            f"      </Point>
"
            f"    </Placemark>
    <Placemark>
"
            f"      <name>Point 1098</name>
"
            f"      <description>2026-03-22 07:21:39</description>
"
            f"      <Point>
"
            f"        <coordinates>35.18064779,32.10266090,-906.843</coordinates>
"
            f"      </Point>
"
            f"    </Placemark>
    <Placemark>
"
            f"      <name>Point 1099</name>
"
            f"      <description>2026-03-22 07:21:41</description>
"
            f"      <Point>
"
            f"        <coordinates>35.18054151,32.10252576,-831.116</coordinates>
"
            f"      </Point>
"
            f"    </Placemark>
    <Placemark>
"
            f"      <name>Point 1100</name>
"
            f"      <description>2026-03-22 07:21:43</description>
"
            f"      <Point>
"
            f"        <coordinates>35.18044399,32.10239465,-758.143</coordinates>
"
            f"      </Point>
"
            f"    </Placemark>
    <Placemark>
"
            f"      <name>Point 1101</name>
"
            f"      <description>2026-03-22 07:21:45</description>
"
            f"      <Point>
"
            f"        <coordinates>35.18035782,32.10226890,-688.801</coordinates>
"
            f"      </Point>
"
            f"    </Placemark>
    <Placemark>
"
            f"      <name>Point 1102</name>
"
            f"      <description>2026-03-22 07:21:47</description>
"
            f"      <Point>
"
            f"        <coordinates>35.18028397,32.10215027,-623.973</coordinates>
"
            f"      </Point>
"
            f"    </Placemark>
    <Placemark>
"
            f"      <name>Point 1103</name>
"
            f"      <description>2026-03-22 07:21:49</description>
"
            f"      <Point>
"
            f"        <coordinates>35.18022377,32.10204114,-564.652</coordinates>
"
            f"      </Point>
"
            f"    </Placemark>
    <Placemark>
"
            f"      <name>Point 1104</name>
"
            f"      <description>2026-03-22 07:21:51</description>
"
            f"      <Point>
"
            f"        <coordinates>35.18017704,32.10194358,-511.526</coordinates>
"
            f"      </Point>
"
            f"    </Placemark>
    <Placemark>
"
            f"      <name>Point 1105</name>
"
            f"      <description>2026-03-22 07:21:53</description>
"
            f"      <Point>
"
            f"        <coordinates>35.18013706,32.10185216,-461.663</coordinates>
"
            f"      </Point>
"
            f"    </Placemark>
    <Placemark>
"
            f"      <name>Point 1106</name>
"
            f"      <description>2026-03-22 07:21:55</description>
"
            f"      <Point>
"
            f"        <coordinates>35.18017303,32.10180992,-432.144</coordinates>
"
            f"      </Point>
"
            f"    </Placemark>
    <Placemark>
"
            f"      <name>Point 1107</name>
"
            f"      <description>2026-03-22 07:21:57</description>
"
            f"      <Point>
"
            f"        <coordinates>35.18032169,32.10183303,-427.864</coordinates>
"
            f"      </Point>
"
            f"    </Placemark>
    <Placemark>
"
            f"      <name>Point 1108</name>
"
            f"      <description>2026-03-22 07:21:59</description>
"
            f"      <Point>
"
            f"        <coordinates>35.18067911,32.10197169,-467.519</coordinates>
"
            f"      </Point>
"
            f"    </Placemark>
    <Placemark>
"
            f"      <name>Point 1109</name>
"
            f"      <description>2026-03-22 07:22:01</description>
"
            f"      <Point>
"
            f"        <coordinates>35.18108506,32.10213828,-517.982</coordinates>
"
            f"      </Point>
"
            f"    </Placemark>
    <Placemark>
"
            f"      <name>Point 1110</name>
"
            f"      <description>2026-03-22 07:22:03</description>
"
            f"      <Point>
"
            f"        <coordinates>35.18156189,32.10234726,-584.883</coordinates>
"
            f"      </Point>
"
            f"    </Placemark>
    <Placemark>
"
            f"      <name>Point 1111</name>
"
            f"      <description>2026-03-22 07:22:05</description>
"
            f"      <Point>
"
            f"        <coordinates>35.18206847,32.10257651,-659.982</coordinates>
"
            f"      </Point>
"
            f"    </Placemark>
    <Placemark>
"
            f"      <name>Point 1112</name>
"
            f"      <description>2026-03-22 07:22:07</description>
"
            f"      <Point>
"
            f"        <coordinates>35.18254739,32.10279244,-730.977</coordinates>
"
            f"      </Point>
"
            f"    </Placemark>
    <Placemark>
"
            f"      <name>Point 1113</name>
"
            f"      <description>2026-03-22 07:22:09</description>
"
            f"      <Point>
"
            f"        <coordinates>35.18298187,32.10298151,-792.849</coordinates>
"
            f"      </Point>
"
            f"    </Placemark>
    <Placemark>
"
            f"      <name>Point 1114</name>
"
            f"      <description>2026-03-22 07:22:11</description>
"
            f"      <Point>
"
            f"        <coordinates>35.18337805,32.10314855,-847.062</coordinates>
"
            f"      </Point>
"
            f"    </Placemark>
    <Placemark>
"
            f"      <name>Point 1115</name>
"
            f"      <description>2026-03-22 07:22:13</description>
"
            f"      <Point>
"
            f"        <coordinates>35.18367332,32.10323478,-872.682</coordinates>
"
            f"      </Point>
"
            f"    </Placemark>
    <Placemark>
"
            f"      <name>Point 1116</name>
"
            f"      <description>2026-03-22 07:22:15</description>
"
            f"      <Point>
"
            f"        <coordinates>35.18387206,32.10323944,-868.749</coordinates>
"
            f"      </Point>
"
            f"    </Placemark>
    <Placemark>
"
            f"      <name>Point 1117</name>
"
            f"      <description>2026-03-22 07:22:17</description>
"
            f"      <Point>
"
            f"        <coordinates>35.18391776,32.10310912,-815.430</coordinates>
"
            f"      </Point>
"
            f"    </Placemark>
    <Placemark>
"
            f"      <name>Point 1118</name>
"
            f"      <description>2026-03-22 07:22:19</description>
"
            f"      <Point>
"
            f"        <coordinates>35.18393595,32.10294664,-749.857</coordinates>
"
            f"      </Point>
"
            f"    </Placemark>
    <Placemark>
"
            f"      <name>Point 1119</name>
"
            f"      <description>2026-03-22 07:22:21</description>
"
            f"      <Point>
"
            f"        <coordinates>35.18392050,32.10273358,-665.014</coordinates>
"
            f"      </Point>
"
            f"    </Placemark>
    <Placemark>
"
            f"      <name>Point 1120</name>
"
            f"      <description>2026-03-22 07:22:23</description>
"
            f"      <Point>
"
            f"        <coordinates>35.18391167,32.10249469,-569.121</coordinates>
"
            f"      </Point>
"
            f"    </Placemark>
    <Placemark>
"
            f"      <name>Point 1121</name>
"
            f"      <description>2026-03-22 07:22:25</description>
"
            f"      <Point>
"
            f"        <coordinates>35.18396027,32.10226611,-474.684</coordinates>
"
            f"      </Point>
"
            f"    </Placemark>
    <Placemark>
"
            f"      <name>Point 1122</name>
"
            f"      <description>2026-03-22 07:22:27</description>
"
            f"      <Point>
"
            f"        <coordinates>35.18407958,32.10206413,-386.671</coordinates>
"
            f"      </Point>
"
            f"    </Placemark>
    <Placemark>
"
            f"      <name>Point 1123</name>
"
            f"      <description>2026-03-22 07:22:29</description>
"
            f"      <Point>
"
            f"        <coordinates>35.18426982,32.10190375,-309.819</coordinates>
"
            f"      </Point>
"
            f"    </Placemark>
    <Placemark>
"
            f"      <name>Point 1124</name>
"
            f"      <description>2026-03-22 07:22:31</description>
"
            f"      <Point>
"
            f"        <coordinates>35.18450251,32.10178234,-242.818</coordinates>
"
            f"      </Point>
"
            f"    </Placemark>
    <Placemark>
"
            f"      <name>Point 1125</name>
"
            f"      <description>2026-03-22 07:22:33</description>
"
            f"      <Point>
"
            f"        <coordinates>35.18474885,32.10169754,-185.263</coordinates>
"
            f"      </Point>
"
            f"    </Placemark>
    <Placemark>
"
            f"      <name>Point 1126</name>
"
            f"      <description>2026-03-22 07:22:35</description>
"
            f"      <Point>
"
            f"        <coordinates>35.18499008,32.10164603,-136.643</coordinates>
"
            f"      </Point>
"
            f"    </Placemark>
    <Placemark>
"
            f"      <name>Point 1127</name>
"
            f"      <description>2026-03-22 07:22:37</description>
"
            f"      <Point>
"
            f"        <coordinates>35.18522539,32.10161170,-92.570</coordinates>
"
            f"      </Point>
"
            f"    </Placemark>
    <Placemark>
"
            f"      <name>Point 1128</name>
"
            f"      <description>2026-03-22 07:22:39</description>
"
            f"      <Point>
"
            f"        <coordinates>35.18543305,32.10162145,-60.297</coordinates>
"
            f"      </Point>
"
            f"    </Placemark>
    <Placemark>
"
            f"      <name>Point 1129</name>
"
            f"      <description>2026-03-22 07:22:41</description>
"
            f"      <Point>
"
            f"        <coordinates>35.18563674,32.10165795,-33.319</coordinates>
"
            f"      </Point>
"
            f"    </Placemark>
    <Placemark>
"
            f"      <name>Point 1130</name>
"
            f"      <description>2026-03-22 07:22:43</description>
"
            f"      <Point>
"
            f"        <coordinates>35.18583325,32.10171171,-10.626</coordinates>
"
            f"      </Point>
"
            f"    </Placemark>
    <Placemark>
"
            f"      <name>Point 1131</name>
"
            f"      <description>2026-03-22 07:22:45</description>
"
            f"      <Point>
"
            f"        <coordinates>35.18602166,32.10177460,8.685</coordinates>
"
            f"      </Point>
"
            f"    </Placemark>
    <Placemark>
"
            f"      <name>Point 1132</name>
"
            f"      <description>2026-03-22 07:22:47</description>
"
            f"      <Point>
"
            f"        <coordinates>35.18620435,32.10184287,25.034</coordinates>
"
            f"      </Point>
"
            f"    </Placemark>
    <Placemark>
"
            f"      <name>Point 1133</name>
"
            f"      <description>2026-03-22 07:22:49</description>
"
            f"      <Point>
"
            f"        <coordinates>35.18637601,32.10191012,37.323</coordinates>
"
            f"      </Point>
"
            f"    </Placemark>
    <Placemark>
"
            f"      <name>Point 1134</name>
"
            f"      <description>2026-03-22 07:22:51</description>
"
            f"      <Point>
"
            f"        <coordinates>35.18655976,32.10198242,40.576</coordinates>
"
            f"      </Point>
"
            f"    </Placemark>
    <Placemark>
"
            f"      <name>Point 1135</name>
"
            f"      <description>2026-03-22 07:22:53</description>
"
            f"      <Point>
"
            f"        <coordinates>35.18680754,32.10207971,28.072</coordinates>
"
            f"      </Point>
"
            f"    </Placemark>
    <Placemark>
"
            f"      <name>Point 1136</name>
"
            f"      <description>2026-03-22 07:22:55</description>
"
            f"      <Point>
"
            f"        <coordinates>35.18727359,32.10225908,-25.598</coordinates>
"
            f"      </Point>
"
            f"    </Placemark>
    <Placemark>
"
            f"      <name>Point 1137</name>
"
            f"      <description>2026-03-22 07:22:57</description>
"
            f"      <Point>
"
            f"        <coordinates>35.18784080,32.10247681,-98.535</coordinates>
"
            f"      </Point>
"
            f"    </Placemark>
    <Placemark>
"
            f"      <name>Point 1138</name>
"
            f"      <description>2026-03-22 07:22:59</description>
"
            f"      <Point>
"
            f"        <coordinates>35.18860043,32.10276194,-207.465</coordinates>
"
            f"      </Point>
"
            f"    </Placemark>
    <Placemark>
"
            f"      <name>Point 1139</name>
"
            f"      <description>2026-03-22 07:23:01</description>
"
            f"      <Point>
"
            f"        <coordinates>35.18955967,32.10311237,-353.685</coordinates>
"
            f"      </Point>
"
            f"    </Placemark>
    <Placemark>
"
            f"      <name>Point 1140</name>
"
            f"      <description>2026-03-22 07:23:03</description>
"
            f"      <Point>
"
            f"        <coordinates>35.19070342,32.10351330,-534.208</coordinates>
"
            f"      </Point>
"
            f"    </Placemark>
    <Placemark>
"
            f"      <name>Point 1141</name>
"
            f"      <description>2026-03-22 07:23:05</description>
"
            f"      <Point>
"
            f"        <coordinates>35.19201230,32.10394935,-744.019</coordinates>
"
            f"      </Point>
"
            f"    </Placemark>
    <Placemark>
"
            f"      <name>Point 1142</name>
"
            f"      <description>2026-03-22 07:23:07</description>
"
            f"      <Point>
"
            f"        <coordinates>35.19344292,32.10439891,-975.186</coordinates>
"
            f"      </Point>
"
            f"    </Placemark>
    <Placemark>
"
            f"      <name>Point 1143</name>
"
            f"      <description>2026-03-22 07:23:09</description>
"
            f"      <Point>
"
            f"        <coordinates>35.19494881,32.10484494,-1218.762</coordinates>
"
            f"      </Point>
"
            f"    </Placemark>
    <Placemark>
"
            f"      <name>Point 1144</name>
"
            f"      <description>2026-03-22 07:23:11</description>
"
            f"      <Point>
"
            f"        <coordinates>35.19646797,32.10526623,-1464.031</coordinates>
"
            f"      </Point>
"
            f"    </Placemark>
    <Placemark>
"
            f"      <name>Point 1145</name>
"
            f"      <description>2026-03-22 07:23:13</description>
"
            f"      <Point>
"
            f"        <coordinates>35.19793599,32.10564482,-1700.729</coordinates>
"
            f"      </Point>
"
            f"    </Placemark>
    <Placemark>
"
            f"      <name>Point 1146</name>
"
            f"      <description>2026-03-22 07:23:15</description>
"
            f"      <Point>
"
            f"        <coordinates>35.19928834,32.10596189,-1918.947</coordinates>
"
            f"      </Point>
"
            f"    </Placemark>
    <Placemark>
"
            f"      <name>Point 1147</name>
"
            f"      <description>2026-03-22 07:23:17</description>
"
            f"      <Point>
"
            f"        <coordinates>35.20048806,32.10621238,-2112.406</coordinates>
"
            f"      </Point>
"
            f"    </Placemark>
    <Placemark>
"
            f"      <name>Point 1148</name>
"
            f"      <description>2026-03-22 07:23:19</description>
"
            f"      <Point>
"
            f"        <coordinates>35.20151607,32.10639603,-2277.894</coordinates>
"
            f"      </Point>
"
            f"    </Placemark>
    <Placemark>
"
            f"      <name>Point 1149</name>
"
            f"      <description>2026-03-22 07:23:21</description>
"
            f"      <Point>
"
            f"        <coordinates>35.20238067,32.10652538,-2415.998</coordinates>
"
            f"      </Point>
"
            f"    </Placemark>
    <Placemark>
"
            f"      <name>Point 1150</name>
"
            f"      <description>2026-03-22 07:23:23</description>
"
            f"      <Point>
"
            f"        <coordinates>35.20310061,32.10661574,-2528.838</coordinates>
"
            f"      </Point>
"
            f"    </Placemark>
    <Placemark>
"
            f"      <name>Point 1151</name>
"
            f"      <description>2026-03-22 07:23:25</description>
"
            f"      <Point>
"
            f"        <coordinates>35.20370669,32.10668354,-2619.768</coordinates>
"
            f"      </Point>
"
            f"    </Placemark>
    <Placemark>
"
            f"      <name>Point 1152</name>
"
            f"      <description>2026-03-22 07:23:27</description>
"
            f"      <Point>
"
            f"        <coordinates>35.20422106,32.10673700,-2691.180</coordinates>
"
            f"      </Point>
"
            f"    </Placemark>
    <Placemark>
"
            f"      <name>Point 1153</name>
"
            f"      <description>2026-03-22 07:23:29</description>
"
            f"      <Point>
"
            f"        <coordinates>35.20465748,32.10677829,-2742.535</coordinates>
"
            f"      </Point>
"
            f"    </Placemark>
    <Placemark>
"
            f"      <name>Point 1154</name>
"
            f"      <description>2026-03-22 07:23:31</description>
"
            f"      <Point>
"
            f"        <coordinates>35.20506036,32.10681633,-2785.191</coordinates>
"
            f"      </Point>
"
            f"    </Placemark>
    <Placemark>
"
            f"      <name>Point 1155</name>
"
            f"      <description>2026-03-22 07:23:33</description>
"
            f"      <Point>
"
            f"        <coordinates>35.20536944,32.10682166,-2791.771</coordinates>
"
            f"      </Point>
"
            f"    </Placemark>
    <Placemark>
"
            f"      <name>Point 1156</name>
"
            f"      <description>2026-03-22 07:23:35</description>
"
            f"      <Point>
"
            f"        <coordinates>35.20563104,32.10679815,-2769.989</coordinates>
"
            f"      </Point>
"
            f"    </Placemark>
    <Placemark>
"
            f"      <name>Point 1157</name>
"
            f"      <description>2026-03-22 07:23:37</description>
"
            f"      <Point>
"
            f"        <coordinates>35.20579259,32.10670215,-2696.940</coordinates>
"
            f"      </Point>
"
            f"    </Placemark>
    <Placemark>
"
            f"      <name>Point 1158</name>
"
            f"      <description>2026-03-22 07:23:39</description>
"
            f"      <Point>
"
            f"        <coordinates>35.20592140,32.10657892,-2607.325</coordinates>
"
            f"      </Point>
"
            f"    </Placemark>
    <Placemark>
"
            f"      <name>Point 1159</name>
"
            f"      <description>2026-03-22 07:23:41</description>
"
            f"      <Point>
"
            f"        <coordinates>35.20597698,32.10640061,-2485.305</coordinates>
"
            f"      </Point>
"
            f"    </Placemark>
    <Placemark>
"
            f"      <name>Point 1160</name>
"
            f"      <description>2026-03-22 07:23:43</description>
"
            f"      <Point>
"
            f"        <coordinates>35.20595543,32.10616707,-2334.129</coordinates>
"
            f"      </Point>
"
            f"    </Placemark>
    <Placemark>
"
            f"      <name>Point 1161</name>
"
            f"      <description>2026-03-22 07:23:45</description>
"
            f"      <Point>
"
            f"        <coordinates>35.20585927,32.10588349,-2159.412</coordinates>
"
            f"      </Point>
"
            f"    </Placemark>
    <Placemark>
"
            f"      <name>Point 1162</name>
"
            f"      <description>2026-03-22 07:23:47</description>
"
            f"      <Point>
"
            f"        <coordinates>35.20569229,32.10555730,-1968.012</coordinates>
"
            f"      </Point>
"
            f"    </Placemark>
    <Placemark>
"
            f"      <name>Point 1163</name>
"
            f"      <description>2026-03-22 07:23:49</description>
"
            f"      <Point>
"
            f"        <coordinates>35.20546504,32.10520037,-1768.245</coordinates>
"
            f"      </Point>
"
            f"    </Placemark>
    <Placemark>
"
            f"      <name>Point 1164</name>
"
            f"      <description>2026-03-22 07:23:51</description>
"
            f"      <Point>
"
            f"        <coordinates>35.20519302,32.10482754,-1569.010</coordinates>
"
            f"      </Point>
"
            f"    </Placemark>
    <Placemark>
"
            f"      <name>Point 1165</name>
"
            f"      <description>2026-03-22 07:23:53</description>
"
            f"      <Point>
"
            f"        <coordinates>35.20490650,32.10446250,-1381.122</coordinates>
"
            f"      </Point>
"
            f"    </Placemark>
    <Placemark>
"
            f"      <name>Point 1166</name>
"
            f"      <description>2026-03-22 07:23:55</description>
"
            f"      <Point>
"
            f"        <coordinates>35.20462856,32.10412479,-1212.621</coordinates>
"
            f"      </Point>
"
            f"    </Placemark>
    <Placemark>
"
            f"      <name>Point 1167</name>
"
            f"      <description>2026-03-22 07:23:57</description>
"
            f"      <Point>
"
            f"        <coordinates>35.20438143,32.10382963,-1068.568</coordinates>
"
            f"      </Point>
"
            f"    </Placemark>
    <Placemark>
"
            f"      <name>Point 1168</name>
"
            f"      <description>2026-03-22 07:23:59</description>
"
            f"      <Point>
"
            f"        <coordinates>35.20418648,32.10358879,-951.654</coordinates>
"
            f"      </Point>
"
            f"    </Placemark>
    <Placemark>
"
            f"      <name>Point 1169</name>
"
            f"      <description>2026-03-22 07:24:01</description>
"
            f"      <Point>
"
            f"        <coordinates>35.20404444,32.10339883,-859.609</coordinates>
"
            f"      </Point>
"
            f"    </Placemark>
    <Placemark>
"
            f"      <name>Point 1170</name>
"
            f"      <description>2026-03-22 07:24:03</description>
"
            f"      <Point>
"
            f"        <coordinates>35.20393951,32.10324526,-786.648</coordinates>
"
            f"      </Point>
"
            f"    </Placemark>
    <Placemark>
"
            f"      <name>Point 1171</name>
"
            f"      <description>2026-03-22 07:24:05</description>
"
            f"      <Point>
"
            f"        <coordinates>35.20386253,32.10311614,-728.020</coordinates>
"
            f"      </Point>
"
            f"    </Placemark>
    <Placemark>
"
            f"      <name>Point 1172</name>
"
            f"      <description>2026-03-22 07:24:07</description>
"
            f"      <Point>
"
            f"        <coordinates>35.20379957,32.10299833,-678.475</coordinates>
"
            f"      </Point>
"
            f"    </Placemark>
    <Placemark>
"
            f"      <name>Point 1173</name>
"
            f"      <description>2026-03-22 07:24:09</description>
"
            f"      <Point>
"
            f"        <coordinates>35.20374010,32.10288174,-633.884</coordinates>
"
            f"      </Point>
"
            f"    </Placemark>
    <Placemark>
"
            f"      <name>Point 1174</name>
"
            f"      <description>2026-03-22 07:24:11</description>
"
            f"      <Point>
"
            f"        <coordinates>35.20367864,32.10276117,-591.212</coordinates>
"
            f"      </Point>
"
            f"    </Placemark>
    <Placemark>
"
            f"      <name>Point 1175</name>
"
            f"      <description>2026-03-22 07:24:13</description>
"
            f"      <Point>
"
            f"        <coordinates>35.20361146,32.10263285,-548.102</coordinates>
"
            f"      </Point>
"
            f"    </Placemark>
    <Placemark>
"
            f"      <name>Point 1176</name>
"
            f"      <description>2026-03-22 07:24:15</description>
"
            f"      <Point>
"
            f"        <coordinates>35.20353624,32.10249565,-503.033</coordinates>
"
            f"      </Point>
"
            f"    </Placemark>
    <Placemark>
"
            f"      <name>Point 1177</name>
"
            f"      <description>2026-03-22 07:24:17</description>
"
            f"      <Point>
"
            f"        <coordinates>35.20345258,32.10234762,-454.896</coordinates>
"
            f"      </Point>
"
            f"    </Placemark>
    <Placemark>
"
            f"      <name>Point 1178</name>
"
            f"      <description>2026-03-22 07:24:19</description>
"
            f"      <Point>
"
            f"        <coordinates>35.20337178,32.10219452,-404.636</coordinates>
"
            f"      </Point>
"
            f"    </Placemark>
    <Placemark>
"
            f"      <name>Point 1179</name>
"
            f"      <description>2026-03-22 07:24:21</description>
"
            f"      <Point>
"
            f"        <coordinates>35.20331500,32.10204560,-354.651</coordinates>
"
            f"      </Point>
"
            f"    </Placemark>
    <Placemark>
"
            f"      <name>Point 1180</name>
"
            f"      <description>2026-03-22 07:24:23</description>
"
            f"      <Point>
"
            f"        <coordinates>35.20329726,32.10190811,-306.867</coordinates>
"
            f"      </Point>
"
            f"    </Placemark>
    <Placemark>
"
            f"      <name>Point 1181</name>
"
            f"      <description>2026-03-22 07:24:25</description>
"
            f"      <Point>
"
            f"        <coordinates>35.20332630,32.10178597,-262.802</coordinates>
"
            f"      </Point>
"
            f"    </Placemark>
    <Placemark>
"
            f"      <name>Point 1182</name>
"
            f"      <description>2026-03-22 07:24:27</description>
"
            f"      <Point>
"
            f"        <coordinates>35.20338764,32.10167606,-221.558</coordinates>
"
            f"      </Point>
"
            f"    </Placemark>
    <Placemark>
"
            f"      <name>Point 1183</name>
"
            f"      <description>2026-03-22 07:24:29</description>
"
            f"      <Point>
"
            f"        <coordinates>35.20350883,32.10158840,-187.106</coordinates>
"
            f"      </Point>
"
            f"    </Placemark>
    <Placemark>
"
            f"      <name>Point 1184</name>
"
            f"      <description>2026-03-22 07:24:31</description>
"
            f"      <Point>
"
            f"        <coordinates>35.20365557,32.10151277,-157.011</coordinates>
"
            f"      </Point>
"
            f"    </Placemark>
    <Placemark>
"
            f"      <name>Point 1185</name>
"
            f"      <description>2026-03-22 07:24:33</description>
"
            f"      <Point>
"
            f"        <coordinates>35.20382039,32.10144683,-131.000</coordinates>
"
            f"      </Point>
"
            f"    </Placemark>
    <Placemark>
"
            f"      <name>Point 1186</name>
"
            f"      <description>2026-03-22 07:24:35</description>
"
            f"      <Point>
"
            f"        <coordinates>35.20399718,32.10139034,-109.182</coordinates>
"
            f"      </Point>
"
            f"    </Placemark>
    <Placemark>
"
            f"      <name>Point 1187</name>
"
            f"      <description>2026-03-22 07:24:37</description>
"
            f"      <Point>
"
            f"        <coordinates>35.20418002,32.10134613,-91.644</coordinates>
"
            f"      </Point>
"
            f"    </Placemark>
    <Placemark>
"
            f"      <name>Point 1188</name>
"
            f"      <description>2026-03-22 07:24:39</description>
"
            f"      <Point>
"
            f"        <coordinates>35.20438187,32.10132247,-81.071</coordinates>
"
            f"      </Point>
"
            f"    </Placemark>
    <Placemark>
"
            f"      <name>Point 1189</name>
"
            f"      <description>2026-03-22 07:24:41</description>
"
            f"      <Point>
"
            f"        <coordinates>35.20462539,32.10133215,-80.887</coordinates>
"
            f"      </Point>
"
            f"    </Placemark>
    <Placemark>
"
            f"      <name>Point 1190</name>
"
            f"      <description>2026-03-22 07:24:43</description>
"
            f"      <Point>
"
            f"        <coordinates>35.20492863,32.10138514,-93.832</coordinates>
"
            f"      </Point>
"
            f"    </Placemark>
    <Placemark>
"
            f"      <name>Point 1191</name>
"
            f"      <description>2026-03-22 07:24:45</description>
"
            f"      <Point>
"
            f"        <coordinates>35.20535060,32.10151649,-132.072</coordinates>
"
            f"      </Point>
"
            f"    </Placemark>
    <Placemark>
"
            f"      <name>Point 1192</name>
"
            f"      <description>2026-03-22 07:24:47</description>
"
            f"      <Point>
"
            f"        <coordinates>35.20581884,32.10167461,-178.259</coordinates>
"
            f"      </Point>
"
            f"    </Placemark>
    <Placemark>
"
            f"      <name>Point 1193</name>
"
            f"      <description>2026-03-22 07:24:49</description>
"
            f"      <Point>
"
            f"        <coordinates>35.20637284,32.10188226,-239.683</coordinates>
"
            f"      </Point>
"
            f"    </Placemark>
    <Placemark>
"
            f"      <name>Point 1194</name>
"
            f"      <description>2026-03-22 07:24:51</description>
"
            f"      <Point>
"
            f"        <coordinates>35.20700828,32.10213253,-313.913</coordinates>
"
            f"      </Point>
"
            f"    </Placemark>
    <Placemark>
"
            f"      <name>Point 1195</name>
"
            f"      <description>2026-03-22 07:24:53</description>
"
            f"      <Point>
"
            f"        <coordinates>35.20771696,32.10241552,-397.461</coordinates>
"
            f"      </Point>
"
            f"    </Placemark>
    <Placemark>
"
            f"      <name>Point 1196</name>
"
            f"      <description>2026-03-22 07:24:55</description>
"
            f"      <Point>
"
            f"        <coordinates>35.20848178,32.10271799,-486.494</coordinates>
"
            f"      </Point>
"
            f"    </Placemark>
    <Placemark>
"
            f"      <name>Point 1197</name>
"
            f"      <description>2026-03-22 07:24:57</description>
"
            f"      <Point>
"
            f"        <coordinates>35.20928623,32.10302565,-576.524</coordinates>
"
            f"      </Point>
"
            f"    </Placemark>
    <Placemark>
"
            f"      <name>Point 1198</name>
"
            f"      <description>2026-03-22 07:24:59</description>
"
            f"      <Point>
"
            f"        <coordinates>35.21010390,32.10332354,-663.215</coordinates>
"
            f"      </Point>
"
            f"    </Placemark>
    <Placemark>
"
            f"      <name>Point 1199</name>
"
            f"      <description>2026-03-22 07:25:01</description>
"
            f"      <Point>
"
            f"        <coordinates>35.21090749,32.10359751,-741.963</coordinates>
"
            f"      </Point>
"
            f"    </Placemark>
    <Placemark>
"
            f"      <name>Point 1200</name>
"
            f"      <description>2026-03-22 07:25:03</description>
"
            f"      <Point>
"
            f"        <coordinates>35.21167107,32.10383571,-809.653</coordinates>
"
            f"      </Point>
"
            f"    </Placemark>
    <Placemark>
"
            f"      <name>Point 1201</name>
"
            f"      <description>2026-03-22 07:25:05</description>
"
            f"      <Point>
"
            f"        <coordinates>35.21238051,32.10403338,-864.724</coordinates>
"
            f"      </Point>
"
            f"    </Placemark>
    <Placemark>
"
            f"      <name>Point 1202</name>
"
            f"      <description>2026-03-22 07:25:07</description>
"
            f"      <Point>
"
            f"        <coordinates>35.21302582,32.10419034,-907.361</coordinates>
"
            f"      </Point>
"
            f"    </Placemark>
    <Placemark>
"
            f"      <name>Point 1203</name>
"
            f"      <description>2026-03-22 07:25:09</description>
"
            f"      <Point>
"
            f"        <coordinates>35.21360384,32.10431008,-939.118</coordinates>
"
            f"      </Point>
"
            f"    </Placemark>
    <Placemark>
"
            f"      <name>Point 1204</name>
"
            f"      <description>2026-03-22 07:25:11</description>
"
            f"      <Point>
"
            f"        <coordinates>35.21411489,32.10440024,-962.864</coordinates>
"
            f"      </Point>
"
            f"    </Placemark>
    <Placemark>
"
            f"      <name>Point 1205</name>
"
            f"      <description>2026-03-22 07:25:13</description>
"
            f"      <Point>
"
            f"        <coordinates>35.21459363,32.10447601,-982.389</coordinates>
"
            f"      </Point>
"
            f"    </Placemark>
    <Placemark>
"
            f"      <name>Point 1206</name>
"
            f"      <description>2026-03-22 07:25:15</description>
"
            f"      <Point>
"
            f"        <coordinates>35.21497005,32.10452609,-995.601</coordinates>
"
            f"      </Point>
"
            f"    </Placemark>
    <Placemark>
"
            f"      <name>Point 1207</name>
"
            f"      <description>2026-03-22 07:25:17</description>
"
            f"      <Point>
"
            f"        <coordinates>35.21527874,32.10456907,-1006.685</coordinates>
"
            f"      </Point>
"
            f"    </Placemark>
    <Placemark>
"
            f"      <name>Point 1208</name>
"
            f"      <description>2026-03-22 07:25:19</description>
"
            f"      <Point>
"
            f"        <coordinates>35.21551960,32.10460965,-1016.648</coordinates>
"
            f"      </Point>
"
            f"    </Placemark>
    <Placemark>
"
            f"      <name>Point 1209</name>
"
            f"      <description>2026-03-22 07:25:21</description>
"
            f"      <Point>
"
            f"        <coordinates>35.21569827,32.10464978,-1025.973</coordinates>
"
            f"      </Point>
"
            f"    </Placemark>
    <Placemark>
"
            f"      <name>Point 1210</name>
"
            f"      <description>2026-03-22 07:25:23</description>
"
            f"      <Point>
"
            f"        <coordinates>35.21581998,32.10469079,-1035.008</coordinates>
"
            f"      </Point>
"
            f"    </Placemark>
    <Placemark>
"
            f"      <name>Point 1211</name>
"
            f"      <description>2026-03-22 07:25:25</description>
"
            f"      <Point>
"
            f"        <coordinates>35.21586349,32.10471635,-1040.600</coordinates>
"
            f"      </Point>
"
            f"    </Placemark>
    <Placemark>
"
            f"      <name>Point 1212</name>
"
            f"      <description>2026-03-22 07:25:27</description>
"
            f"      <Point>
"
            f"        <coordinates>35.21581761,32.10472039,-1039.290</coordinates>
"
            f"      </Point>
"
            f"    </Placemark>
    <Placemark>
"
            f"      <name>Point 1213</name>
"
            f"      <description>2026-03-22 07:25:29</description>
"
            f"      <Point>
"
            f"        <coordinates>35.21567329,32.10469778,-1028.259</coordinates>
"
            f"      </Point>
"
            f"    </Placemark>
    <Placemark>
"
            f"      <name>Point 1214</name>
"
            f"      <description>2026-03-22 07:25:31</description>
"
            f"      <Point>
"
            f"        <coordinates>35.21541461,32.10464555,-1003.859</coordinates>
"
            f"      </Point>
"
            f"    </Placemark>
    <Placemark>
"
            f"      <name>Point 1215</name>
"
            f"      <description>2026-03-22 07:25:33</description>
"
            f"      <Point>
"
            f"        <coordinates>35.21497954,32.10455361,-956.007</coordinates>
"
            f"      </Point>
"
            f"    </Placemark>
    <Placemark>
"
            f"      <name>Point 1216</name>
"
            f"      <description>2026-03-22 07:25:35</description>
"
            f"      <Point>
"
            f"        <coordinates>35.21450577,32.10445647,-902.137</coordinates>
"
            f"      </Point>
"
            f"    </Placemark>
    <Placemark>
"
            f"      <name>Point 1217</name>
"
            f"      <description>2026-03-22 07:25:37</description>
"
            f"      <Point>
"
            f"        <coordinates>35.21395364,32.10434874,-836.055</coordinates>
"
            f"      </Point>
"
            f"    </Placemark>
    <Placemark>
"
            f"      <name>Point 1218</name>
"
            f"      <description>2026-03-22 07:25:39</description>
"
            f"      <Point>
"
            f"        <coordinates>35.21334713,32.10423374,-760.298</coordinates>
"
            f"      </Point>
"
            f"    </Placemark>
    <Placemark>
"
            f"      <name>Point 1219</name>
"
            f"      <description>2026-03-22 07:25:41</description>
"
            f"      <Point>
"
            f"        <coordinates>35.21272142,32.10412249,-678.546</coordinates>
"
            f"      </Point>
"
            f"    </Placemark>
    <Placemark>
"
            f"      <name>Point 1220</name>
"
            f"      <description>2026-03-22 07:25:43</description>
"
            f"      <Point>
"
            f"        <coordinates>35.21210440,32.10401758,-594.191</coordinates>
"
            f"      </Point>
"
            f"    </Placemark>
    <Placemark>
"
            f"      <name>Point 1221</name>
"
            f"      <description>2026-03-22 07:25:45</description>
"
            f"      <Point>
"
            f"        <coordinates>35.21153439,32.10392941,-511.598</coordinates>
"
            f"      </Point>
"
            f"    </Placemark>
    <Placemark>
"
            f"      <name>Point 1222</name>
"
            f"      <description>2026-03-22 07:25:47</description>
"
            f"      <Point>
"
            f"        <coordinates>35.21104067,32.10386045,-434.771</coordinates>
"
            f"      </Point>
"
            f"    </Placemark>
    <Placemark>
"
            f"      <name>Point 1223</name>
"
            f"      <description>2026-03-22 07:25:49</description>
"
            f"      <Point>
"
            f"        <coordinates>35.21064721,32.10381319,-367.003</coordinates>
"
            f"      </Point>
"
            f"    </Placemark>
    <Placemark>
"
            f"      <name>Point 1224</name>
"
            f"      <description>2026-03-22 07:25:51</description>
"
            f"      <Point>
"
            f"        <coordinates>35.21035777,32.10378061,-309.294</coordinates>
"
            f"      </Point>
"
            f"    </Placemark>
    <Placemark>
"
            f"      <name>Point 1225</name>
"
            f"      <description>2026-03-22 07:25:53</description>
"
            f"      <Point>
"
            f"        <coordinates>35.21013108,32.10375975,-257.959</coordinates>
"
            f"      </Point>
"
            f"    </Placemark>
    <Placemark>
"
            f"      <name>Point 1226</name>
"
            f"      <description>2026-03-22 07:25:55</description>
"
            f"      <Point>
"
            f"        <coordinates>35.21004631,32.10374593,-220.253</coordinates>
"
            f"      </Point>
"
            f"    </Placemark>
    <Placemark>
"
            f"      <name>Point 1227</name>
"
            f"      <description>2026-03-22 07:25:57</description>
"
            f"      <Point>
"
            f"        <coordinates>35.21003735,32.10373157,-188.765</coordinates>
"
            f"      </Point>
"
            f"    </Placemark>
    <Placemark>
"
            f"      <name>Point 1228</name>
"
            f"      <description>2026-03-22 07:25:59</description>
"
            f"      <Point>
"
            f"        <coordinates>35.21008158,32.10371653,-160.298</coordinates>
"
            f"      </Point>
"
            f"    </Placemark>
    <Placemark>
"
            f"      <name>Point 1229</name>
"
            f"      <description>2026-03-22 07:26:01</description>
"
            f"      <Point>
"
            f"        <coordinates>35.21015992,32.10370607,-132.000</coordinates>
"
            f"      </Point>
"
            f"    </Placemark>
    <Placemark>
"
            f"      <name>Point 1230</name>
"
            f"      <description>2026-03-22 07:26:03</description>
"
            f"      <Point>
"
            f"        <coordinates>35.21026508,32.10370581,-103.170</coordinates>
"
            f"      </Point>
"
            f"    </Placemark>
    <Placemark>
"
            f"      <name>Point 1231</name>
"
            f"      <description>2026-03-22 07:26:05</description>
"
            f"      <Point>
"
            f"        <coordinates>35.21038628,32.10372187,-73.528</coordinates>
"
            f"      </Point>
"
            f"    </Placemark>
    <Placemark>
"
            f"      <name>Point 1232</name>
"
            f"      <description>2026-03-22 07:26:07</description>
"
            f"      <Point>
"
            f"        <coordinates>35.21051595,32.10376052,-42.391</coordinates>
"
            f"      </Point>
"
            f"    </Placemark>
    <Placemark>
"
            f"      <name>Point 1233</name>
"
            f"      <description>2026-03-22 07:26:09</description>
"
            f"      <Point>
"
            f"        <coordinates>35.21065042,32.10382514,-9.388</coordinates>
"
            f"      </Point>
"
            f"    </Placemark>
    <Placemark>
"
            f"      <name>Point 1234</name>
"
            f"      <description>2026-03-22 07:26:11</description>
"
            f"      <Point>
"
            f"        <coordinates>35.21078692,32.10390974,24.602</coordinates>
"
            f"      </Point>
"
            f"    </Placemark>
    <Placemark>
"
            f"      <name>Point 1235</name>
"
            f"      <description>2026-03-22 07:26:13</description>
"
            f"      <Point>
"
            f"        <coordinates>35.21092032,32.10401042,58.707</coordinates>
"
            f"      </Point>
"
            f"    </Placemark>
    <Placemark>
"
            f"      <name>Point 1236</name>
"
            f"      <description>2026-03-22 07:26:15</description>
"
            f"      <Point>
"
            f"        <coordinates>35.21104507,32.10412627,92.546</coordinates>
"
            f"      </Point>
"
            f"    </Placemark>
    <Placemark>
"
            f"      <name>Point 1237</name>
"
            f"      <description>2026-03-22 07:26:17</description>
"
            f"      <Point>
"
            f"        <coordinates>35.21115552,32.10425388,125.013</coordinates>
"
            f"      </Point>
"
            f"    </Placemark>
    <Placemark>
"
            f"      <name>Point 1238</name>
"
            f"      <description>2026-03-22 07:26:19</description>
"
            f"      <Point>
"
            f"        <coordinates>35.21124807,32.10438630,154.719</coordinates>
"
            f"      </Point>
"
            f"    </Placemark>
    <Placemark>
"
            f"      <name>Point 1239</name>
"
            f"      <description>2026-03-22 07:26:21</description>
"
            f"      <Point>
"
            f"        <coordinates>35.21132149,32.10451769,181.253</coordinates>
"
            f"      </Point>
"
            f"    </Placemark>
    <Placemark>
"
            f"      <name>Point 1240</name>
"
            f"      <description>2026-03-22 07:26:23</description>
"
            f"      <Point>
"
            f"        <coordinates>35.21137795,32.10464259,204.479</coordinates>
"
            f"      </Point>
"
            f"    </Placemark>
    <Placemark>
"
            f"      <name>Point 1241</name>
"
            f"      <description>2026-03-22 07:26:25</description>
"
            f"      <Point>
"
            f"        <coordinates>35.21142158,32.10475101,223.254</coordinates>
"
            f"      </Point>
"
            f"    </Placemark>
    <Placemark>
"
            f"      <name>Point 1242</name>
"
            f"      <description>2026-03-22 07:26:27</description>
"
            f"      <Point>
"
            f"        <coordinates>35.21145723,32.10483447,236.719</coordinates>
"
            f"      </Point>
"
            f"    </Placemark>
    <Placemark>
"
            f"      <name>Point 1243</name>
"
            f"      <description>2026-03-22 07:26:29</description>
"
            f"      <Point>
"
            f"        <coordinates>35.21149026,32.10489096,244.916</coordinates>
"
            f"      </Point>
"
            f"    </Placemark>
    <Placemark>
"
            f"      <name>Point 1244</name>
"
            f"      <description>2026-03-22 07:26:31</description>
"
            f"      <Point>
"
            f"        <coordinates>35.21152535,32.10492131,247.799</coordinates>
"
            f"      </Point>
"
            f"    </Placemark>
    <Placemark>
"
            f"      <name>Point 1245</name>
"
            f"      <description>2026-03-22 07:26:33</description>
"
            f"      <Point>
"
            f"        <coordinates>35.21156847,32.10492301,245.010</coordinates>
"
            f"      </Point>
"
            f"    </Placemark>
    <Placemark>
"
            f"      <name>Point 1246</name>
"
            f"      <description>2026-03-22 07:26:35</description>
"
            f"      <Point>
"
            f"        <coordinates>35.21162470,32.10489700,237.046</coordinates>
"
            f"      </Point>
"
            f"    </Placemark>
    <Placemark>
"
            f"      <name>Point 1247</name>
"
            f"      <description>2026-03-22 07:26:37</description>
"
            f"      <Point>
"
            f"        <coordinates>35.21169624,32.10484350,224.487</coordinates>
"
            f"      </Point>
"
            f"    </Placemark>
    <Placemark>
"
            f"      <name>Point 1248</name>
"
            f"      <description>2026-03-22 07:26:39</description>
"
            f"      <Point>
"
            f"        <coordinates>35.21178174,32.10476572,207.674</coordinates>
"
            f"      </Point>
"
            f"    </Placemark>
    <Placemark>
"
            f"      <name>Point 1249</name>
"
            f"      <description>2026-03-22 07:26:41</description>
"
            f"      <Point>
"
            f"        <coordinates>35.21187947,32.10466707,187.166</coordinates>
"
            f"      </Point>
"
            f"    </Placemark>
    <Placemark>
"
            f"      <name>Point 1250</name>
"
            f"      <description>2026-03-22 07:26:43</description>
"
            f"      <Point>
"
            f"        <coordinates>35.21198490,32.10455414,164.047</coordinates>
"
            f"      </Point>
"
            f"    </Placemark>
    <Placemark>
"
            f"      <name>Point 1251</name>
"
            f"      <description>2026-03-22 07:26:45</description>
"
            f"      <Point>
"
            f"        <coordinates>35.21209248,32.10443361,139.434</coordinates>
"
            f"      </Point>
"
            f"    </Placemark>
    <Placemark>
"
            f"      <name>Point 1252</name>
"
            f"      <description>2026-03-22 07:26:47</description>
"
            f"      <Point>
"
            f"        <coordinates>35.21219698,32.10431385,114.558</coordinates>
"
            f"      </Point>
"
            f"    </Placemark>
    <Placemark>
"
            f"      <name>Point 1253</name>
"
            f"      <description>2026-03-22 07:26:49</description>
"
            f"      <Point>
"
            f"        <coordinates>35.21229382,32.10419922,90.546</coordinates>
"
            f"      </Point>
"
            f"    </Placemark>
    <Placemark>
"
            f"      <name>Point 1254</name>
"
            f"      <description>2026-03-22 07:26:51</description>
"
            f"      <Point>
"
            f"        <coordinates>35.21237852,32.10409335,68.248</coordinates>
"
            f"      </Point>
"
            f"    </Placemark>
    <Placemark>
"
            f"      <name>Point 1255</name>
"
            f"      <description>2026-03-22 07:26:53</description>
"
            f"      <Point>
"
            f"        <coordinates>35.21245012,32.10399735,48.086</coordinates>
"
            f"      </Point>
"
            f"    </Placemark>
    <Placemark>
"
            f"      <name>Point 1256</name>
"
            f"      <description>2026-03-22 07:26:55</description>
"
            f"      <Point>
"
            f"        <coordinates>35.21251150,32.10391448,29.309</coordinates>
"
            f"      </Point>
"
            f"    </Placemark>
    <Placemark>
"
            f"      <name>Point 1257</name>
"
            f"      <description>2026-03-22 07:26:57</description>
"
            f"      <Point>
"
            f"        <coordinates>35.21256870,32.10384902,10.033</coordinates>
"
            f"      </Point>
"
            f"    </Placemark>
    <Placemark>
"
            f"      <name>Point 1258</name>
"
            f"      <description>2026-03-22 07:26:59</description>
"
            f"      <Point>
"
            f"        <coordinates>35.21263062,32.10380587,-12.586</coordinates>
"
            f"      </Point>
"
            f"    </Placemark>
    <Placemark>
"
            f"      <name>Point 1259</name>
"
            f"      <description>2026-03-22 07:27:01</description>
"
            f"      <Point>
"
            f"        <coordinates>35.21270516,32.10379042,-41.595</coordinates>
"
            f"      </Point>
"
            f"    </Placemark>
    <Placemark>
"
            f"      <name>Point 1260</name>
"
            f"      <description>2026-03-22 07:27:03</description>
"
            f"      <Point>
"
            f"        <coordinates>35.21279698,32.10380553,-79.691</coordinates>
"
            f"      </Point>
"
            f"    </Placemark>
    <Placemark>
"
            f"      <name>Point 1261</name>
"
            f"      <description>2026-03-22 07:27:05</description>
"
            f"      <Point>
"
            f"        <coordinates>35.21291684,32.10385803,-133.731</coordinates>
"
            f"      </Point>
"
            f"    </Placemark>
    <Placemark>
"
            f"      <name>Point 1262</name>
"
            f"      <description>2026-03-22 07:27:07</description>
"
            f"      <Point>
"
            f"        <coordinates>35.21304372,32.10391749,-192.643</coordinates>
"
            f"      </Point>
"
            f"    </Placemark>
    <Placemark>
"
            f"      <name>Point 1263</name>
"
            f"      <description>2026-03-22 07:27:09</description>
"
            f"      <Point>
"
            f"        <coordinates>35.21319063,32.10399787,-262.638</coordinates>
"
            f"      </Point>
"
            f"    </Placemark>
    <Placemark>
"
            f"      <name>Point 1264</name>
"
            f"      <description>2026-03-22 07:27:11</description>
"
            f"      <Point>
"
            f"        <coordinates>35.21335206,32.10409127,-341.620</coordinates>
"
            f"      </Point>
"
            f"    </Placemark>
    <Placemark>
"
            f"      <name>Point 1265</name>
"
            f"      <description>2026-03-22 07:27:13</description>
"
            f"      <Point>
"
            f"        <coordinates>35.21352770,32.10419744,-428.529</coordinates>
"
            f"      </Point>
"
            f"    </Placemark>
    <Placemark>
"
            f"      <name>Point 1266</name>
"
            f"      <description>2026-03-22 07:27:15</description>
"
            f"      <Point>
"
            f"        <coordinates>35.21370908,32.10430774,-519.706</coordinates>
"
            f"      </Point>
"
            f"    </Placemark>
    <Placemark>
"
            f"      <name>Point 1267</name>
"
            f"      <description>2026-03-22 07:27:17</description>
"
            f"      <Point>
"
            f"        <coordinates>35.21388723,32.10441451,-611.253</coordinates>
"
            f"      </Point>
"
            f"    </Placemark>
    <Placemark>
"
            f"      <name>Point 1268</name>
"
            f"      <description>2026-03-22 07:27:19</description>
"
            f"      <Point>
"
            f"        <coordinates>35.21404756,32.10450465,-697.799</coordinates>
"
            f"      </Point>
"
            f"    </Placemark>
    <Placemark>
"
            f"      <name>Point 1269</name>
"
            f"      <description>2026-03-22 07:27:21</description>
"
            f"      <Point>
"
            f"        <coordinates>35.21418078,32.10457450,-776.423</coordinates>
"
            f"      </Point>
"
            f"    </Placemark>
    <Placemark>
"
            f"      <name>Point 1270</name>
"
            f"      <description>2026-03-22 07:27:23</description>
"
            f"      <Point>
"
            f"        <coordinates>35.21427133,32.10461470,-843.225</coordinates>
"
            f"      </Point>
"
            f"    </Placemark>
    <Placemark>
"
            f"      <name>Point 1271</name>
"
            f"      <description>2026-03-22 07:27:25</description>
"
            f"      <Point>
"
            f"        <coordinates>35.21430785,32.10462427,-896.960</coordinates>
"
            f"      </Point>
"
            f"    </Placemark>
    <Placemark>
"
            f"      <name>Point 1272</name>
"
            f"      <description>2026-03-22 07:27:27</description>
"
            f"      <Point>
"
            f"        <coordinates>35.21431775,32.10461888,-944.029</coordinates>
"
            f"      </Point>
"
            f"    </Placemark>
    <Placemark>
"
            f"      <name>Point 1273</name>
"
            f"      <description>2026-03-22 07:27:29</description>
"
            f"      <Point>
"
            f"        <coordinates>35.21419965,32.10454210,-966.510</coordinates>
"
            f"      </Point>
"
            f"    </Placemark>
    <Placemark>
"
            f"      <name>Point 1274</name>
"
            f"      <description>2026-03-22 07:27:31</description>
"
            f"      <Point>
"
            f"        <coordinates>35.21397589,32.10440298,-971.862</coordinates>
"
            f"      </Point>
"
            f"    </Placemark>
    <Placemark>
"
            f"      <name>Point 1275</name>
"
            f"      <description>2026-03-22 07:27:33</description>
"
            f"      <Point>
"
            f"        <coordinates>35.21359065,32.10416000,-953.686</coordinates>
"
            f"      </Point>
"
            f"    </Placemark>
    <Placemark>
"
            f"      <name>Point 1276</name>
"
            f"      <description>2026-03-22 07:27:35</description>
"
            f"      <Point>
"
            f"        <coordinates>35.21315694,32.10387986,-929.092</coordinates>
"
            f"      </Point>
"
            f"    </Placemark>
    <Placemark>
"
            f"      <name>Point 1277</name>
"
            f"      <description>2026-03-22 07:27:37</description>
"
            f"      <Point>
"
            f"        <coordinates>35.21263482,32.10353405,-893.405</coordinates>
"
            f"      </Point>
"
            f"    </Placemark>
    <Placemark>
"
            f"      <name>Point 1278</name>
"
            f"      <description>2026-03-22 07:27:39</description>
"
            f"      <Point>
"
            f"        <coordinates>35.21203785,32.10311997,-848.496</coordinates>
"
            f"      </Point>
"
            f"    </Placemark>
    <Placemark>
"
            f"      <name>Point 1279</name>
"
            f"      <description>2026-03-22 07:27:41</description>
"
            f"      <Point>
"
            f"        <coordinates>35.21138986,32.10264500,-798.403</coordinates>
"
            f"      </Point>
"
            f"    </Placemark>
    <Placemark>
"
            f"      <name>Point 1280</name>
"
            f"      <description>2026-03-22 07:27:43</description>
"
            f"      <Point>
"
            f"        <coordinates>35.21071164,32.10211007,-745.678</coordinates>
"
            f"      </Point>
"
            f"    </Placemark>
    <Placemark>
"
            f"      <name>Point 1281</name>
"
            f"      <description>2026-03-22 07:27:45</description>
"
            f"      <Point>
"
            f"        <coordinates>35.21002528,32.10152148,-693.327</coordinates>
"
            f"      </Point>
"
            f"    </Placemark>
    <Placemark>
"
            f"      <name>Point 1282</name>
"
            f"      <description>2026-03-22 07:27:47</description>
"
            f"      <Point>
"
            f"        <coordinates>35.20934551,32.10088173,-644.757</coordinates>
"
            f"      </Point>
"
            f"    </Placemark>
    <Placemark>
"
            f"      <name>Point 1283</name>
"
            f"      <description>2026-03-22 07:27:49</description>
"
            f"      <Point>
"
            f"        <coordinates>35.20868298,32.10019830,-602.826</coordinates>
"
            f"      </Point>
"
            f"    </Placemark>
    <Placemark>
"
            f"      <name>Point 1284</name>
"
            f"      <description>2026-03-22 07:27:51</description>
"
            f"      <Point>
"
            f"        <coordinates>35.20803902,32.09947385,-569.856</coordinates>
"
            f"      </Point>
"
            f"    </Placemark>
    <Placemark>
"
            f"      <name>Point 1285</name>
"
            f"      <description>2026-03-22 07:27:53</description>
"
            f"      <Point>
"
            f"        <coordinates>35.20741027,32.09871318,-546.943</coordinates>
"
            f"      </Point>
"
            f"    </Placemark>
    <Placemark>
"
            f"      <name>Point 1286</name>
"
            f"      <description>2026-03-22 07:27:55</description>
"
            f"      <Point>
"
            f"        <coordinates>35.20682163,32.09796073,-533.018</coordinates>
"
            f"      </Point>
"
            f"    </Placemark>
    <Placemark>
"
            f"      <name>Point 1287</name>
"
            f"      <description>2026-03-22 07:27:57</description>
"
            f"      <Point>
"
            f"        <coordinates>35.20627022,32.09722614,-527.116</coordinates>
"
            f"      </Point>
"
            f"    </Placemark>
    <Placemark>
"
            f"      <name>Point 1288</name>
"
            f"      <description>2026-03-22 07:27:59</description>
"
            f"      <Point>
"
            f"        <coordinates>35.20578032,32.09655510,-526.842</coordinates>
"
            f"      </Point>
"
            f"    </Placemark>
    <Placemark>
"
            f"      <name>Point 1289</name>
"
            f"      <description>2026-03-22 07:28:01</description>
"
            f"      <Point>
"
            f"        <coordinates>35.20534766,32.09595388,-530.707</coordinates>
"
            f"      </Point>
"
            f"    </Placemark>
    <Placemark>
"
            f"      <name>Point 1290</name>
"
            f"      <description>2026-03-22 07:28:03</description>
"
            f"      <Point>
"
            f"        <coordinates>35.20494453,32.09538929,-536.563</coordinates>
"
            f"      </Point>
"
            f"    </Placemark>
    <Placemark>
"
            f"      <name>Point 1291</name>
"
            f"      <description>2026-03-22 07:28:05</description>
"
            f"      <Point>
"
            f"        <coordinates>35.20479018,32.09516891,-539.218</coordinates>
"
            f"      </Point>
"
            f"    </Placemark>
    <Placemark>
"
            f"      <name>Point 1292</name>
"
            f"      <description>2026-03-22 07:28:09</description>
"
            f"      <Point>
"
            f"        <coordinates>35.20462832,32.09494401,-543.202</coordinates>
"
            f"      </Point>
"
            f"    </Placemark>
    <Placemark>
      <name>Track</name>
      <styleUrl>#trackLineStyle</styleUrl>
      <LineString>
        <tessellate>1</tessellate>
        <coordinates>34.81069570,32.17315379,-991.274 34.81069943,32.17314835,-990.893 34.81070717,32.17314006,-989.818 34.81072465,32.17312075,-987.342 34.81075483,32.17309091,-982.665 34.81080215,32.17304673,-974.903 34.81086864,32.17298593,-963.507 34.81095774,32.17290544,-947.678 34.81107221,32.17280357,-926.671 34.81121532,32.17267744,-899.714 34.81140049,32.17251370,-863.690 34.81159849,32.17233701,-824.855 34.81182043,32.17213548,-780.522 34.81206175,32.17191084,-731.465 34.81231816,32.17166648,-678.439 34.81258331,32.17140785,-622.658 34.81285209,32.17114157,-565.320 34.81311798,32.17087466,-507.959 34.81337444,32.17061429,-452.028 34.81361355,32.17036585,-399.176 34.81382896,32.17013323,-350.746 34.81401558,32.16991838,-307.899 34.81418673,32.16971283,-267.935 34.81431115,32.16953510,-237.950 34.81440642,32.16937365,-214.561 34.81447516,32.16922532,-197.373 34.81451994,32.16908663,-186.417 34.81454441,32.16895546,-181.197 34.81455149,32.16882954,-181.359 34.81454646,32.16870898,-186.252 34.81453356,32.16859565,-195.236 34.81451847,32.16849298,-206.183 34.81449952,32.16840401,-217.878 34.81447086,32.16832996,-228.835 34.81442775,32.16827062,-237.939 34.81437771,32.16822839,-242.165 34.81432612,32.16820397,-239.877 34.81428131,32.16819602,-229.737 34.81424252,32.16820234,-212.417 34.81420916,32.16822116,-188.452 34.81416794,32.16824560,-161.281 34.81409827,32.16827328,-134.204 34.81398825,32.16830435,-110.377 34.81384001,32.16834116,-91.093 34.81364462,32.16838191,-78.806 34.81339525,32.16842651,-74.690 34.81309455,32.16847284,-78.948 34.81275103,32.16852025,-89.851 34.81237153,32.16856830,-106.034 34.81197550,32.16862167,-125.012 34.81157947,32.16867504,-143.990 34.81121663,32.16873003,-160.813 34.81089102,32.16878258,-174.751 34.81061652,32.16883158,-184.395 34.81040382,32.16887539,-188.555 34.81024941,32.16891636,-187.068 34.81015054,32.16895682,-180.083 34.81010452,32.16899710,-167.840 34.81010189,32.16903656,-151.411 34.81013554,32.16907518,-131.745 34.81019035,32.16911204,-110.476 34.81025294,32.16914482,-88.978 34.81030577,32.16917103,-69.318 34.81033552,32.16918913,-53.231 34.81032476,32.16919583,-42.883 34.81026830,32.16918911,-39.113 34.81016307,32.16916904,-42.543 34.81001311,32.16913631,-52.699 34.80982020,32.16909074,-68.978 34.80960026,32.16903542,-89.307 34.80936660,32.16897418,-112.008 34.80912924,32.16890937,-135.679 34.80889633,32.16884259,-159.243 34.80868146,32.16877745,-181.133 34.80848783,32.16871632,-200.841 34.80831730,32.16866000,-217.931 34.80817058,32.16860743,-232.399 34.80804640,32.16855457,-245.289 34.80793782,32.16849511,-259.494 34.80783891,32.16842294,-277.456 34.80774475,32.16833388,-301.135 34.80765244,32.16822743,-331.799 34.80756083,32.16810210,-372.240 34.80746818,32.16797384,-414.969 34.80737431,32.16784034,-462.252 34.80727977,32.16770750,-512.608 34.80718549,32.16758160,-564.066 34.80709360,32.16746908,-614.545 34.80700650,32.16737505,-661.651 34.80692141,32.16729080,-706.993 34.80685258,32.16724050,-741.395 34.80679404,32.16721100,-765.448 34.80674009,32.16719881,-777.940 34.80668611,32.16720092,-777.901 34.80662717,32.16721539,-764.677 34.80655580,32.16724010,-739.087 34.80647615,32.16727005,-702.378 34.80639574,32.16730265,-652.643 34.80631276,32.16733568,-600.672 34.80622721,32.16736868,-544.380 34.80613569,32.16740158,-487.167 34.80603624,32.16743368,-432.284 34.80592766,32.16746502,-382.830 34.80581330,32.16749628,-336.337 34.80568635,32.16752623,-303.399 34.80554613,32.16755790,-280.408 34.80538532,32.16759253,-266.831 34.80520623,32.16762943,-261.661 34.80501847,32.16766530,-266.009 34.80482415,32.16770012,-278.075 34.80463315,32.16773224,-295.848 34.80446586,32.16775776,-320.814 34.80433650,32.16777382,-354.353 34.80424018,32.16778318,-391.539 34.80417766,32.16778614,-430.421 34.80415862,32.16777986,-468.990 34.80417769,32.16776412,-502.446 34.80421966,32.16774431,-524.223 34.80429114,32.16771706,-535.937 34.80439739,32.16768011,-538.853 34.80452167,32.16763730,-531.273 34.80465063,32.16759245,-511.974 34.80479082,32.16754163,-486.201 34.80493999,32.16748647,-455.219 34.80508449,32.16743123,-420.703 34.80522386,32.16737824,-387.537 34.80536073,32.16732548,-360.307 34.80548502,32.16727620,-338.551 34.80558862,32.16723256,-321.933 34.80567625,32.16719243,-309.523 34.80575035,32.16715318,-300.366 34.80581106,32.16711578,-292.962 34.80586095,32.16707784,-286.993 34.80590211,32.16703749,-282.198 34.80593618,32.16699334,-278.279 34.80596458,32.16694534,-275.117 34.80598726,32.16689468,-272.761 34.80600124,32.16683570,-273.702 34.80600499,32.16676501,-280.164 34.80599802,32.16667977,-294.070 34.80597975,32.16657599,-316.890 34.80595057,32.16645020,-349.605 34.80591075,32.16629743,-393.925 34.80586816,32.16613624,-440.946 34.80581934,32.16595838,-493.458 34.80576539,32.16576780,-549.096 34.80570617,32.16556873,-605.771 34.80564283,32.16536875,-660.519 34.80557623,32.16517558,-710.809 34.80550742,32.16499641,-754.567 34.80543739,32.16482457,-794.950 34.80536439,32.16468359,-823.949 34.80528828,32.16456206,-846.849 34.80520958,32.16445921,-864.705 34.80513079,32.16437282,-878.401 34.80505448,32.16430099,-888.714 34.80498292,32.16424008,-896.438 34.80491797,32.16418626,-902.284 34.80486047,32.16413636,-906.723 34.80480743,32.16408694,-909.963 34.80475655,32.16403583,-912.109 34.80471269,32.16397819,-912.307 34.80467977,32.16391047,-909.851 34.80466069,32.16382970,-904.144 34.80465984,32.16373524,-894.930 34.80468056,32.16362619,-882.012 34.80471879,32.16350619,-866.080 34.80476475,32.16338252,-848.540 34.80481270,32.16326229,-830.782 34.80485769,32.16315100,-813.974 34.80489746,32.16305432,-799.234 34.80493023,32.16297675,-787.460 34.80495528,32.16292267,-779.471 34.80496990,32.16289428,-775.647 34.80497206,32.16289313,-776.258 34.80496425,32.16291376,-780.418 34.80495498,32.16294712,-786.590 34.80495691,32.16298082,-792.633 34.80498746,32.16300252,-796.421 34.80505252,32.16300412,-796.600 34.80515099,32.16298462,-793.005 34.80528124,32.16294243,-785.400 34.80544135,32.16287559,-773.520 34.80562306,32.16278541,-757.629 34.80582205,32.16267656,-738.528 34.80603430,32.16255499,-716.616 34.80625084,32.16243094,-693.141 34.80645787,32.16231519,-669.554 34.80664358,32.16221764,-647.268 34.80680430,32.16214090,-626.486 34.80693771,32.16208225,-607.800 34.80704244,32.16203985,-591.738 34.80712397,32.16200951,-578.279 34.80716971,32.16199201,-568.297 34.80717013,32.16198574,-562.735 34.80711758,32.16199199,-562.164 34.80700545,32.16201146,-566.987 34.80682899,32.16204519,-577.574 34.80661886,32.16208492,-591.622 34.80639875,32.16212867,-606.833 34.80618059,32.16216556,-619.729 34.80597803,32.16217878,-626.163 34.80581807,32.16215388,-620.794 34.80570228,32.16208064,-600.421 34.80565971,32.16191972,-553.850 34.80564628,32.16173460,-498.975 34.80567503,32.16150295,-429.306 34.80573756,32.16123549,-347.449 34.80581492,32.16094821,-258.229 34.80589092,32.16065869,-166.420 34.80595673,32.16038327,-77.064 34.80601183,32.16013749,5.820 34.80605806,32.15992829,78.221 34.80609693,32.15975371,137.644 34.80613728,32.15959955,190.454 34.80615715,32.15946808,217.718 34.80614625,32.15932368,226.167 34.80608155,32.15915317,214.195 34.80589995,32.15893587,171.472 34.80567962,32.15870356,120.244 34.80538227,32.15844587,51.825 34.80501571,32.15816805,-30.643 34.80459708,32.15787743,-123.216 34.80414819,32.15758092,-221.022 34.80369645,32.15728599,-318.558 34.80327449,32.15699595,-410.076 34.80291212,32.15671335,-490.893 34.80262836,32.15643798,-557.975 34.80243711,32.15616497,-609.846 34.80229491,32.15589353,-653.689 34.80229118,32.15560906,-676.170 34.80236870,32.15530854,-686.843 34.80250535,32.15499743,-688.816 34.80268464,32.15468104,-684.687 34.80289994,32.15436908,-675.311 34.80311525,32.15405712,-665.935 34.80333250,32.15376795,-654.871 34.80354147,32.15349976,-643.775 34.80373915,32.15325417,-633.073 34.80391946,32.15303487,-623.321 34.80407843,32.15284446,-614.913 34.80421649,32.15268284,-607.781 34.80433280,32.15254935,-601.742 34.80442672,32.15244464,-596.566 34.80450133,32.15236569,-591.920 34.80456034,32.15230870,-587.579 34.80460704,32.15226972,-583.495 34.80464429,32.15224549,-579.658 34.80467414,32.15223128,-576.166 34.80470495,32.15223715,-567.508 34.80474303,32.15227119,-549.280 34.80478860,32.15232808,-523.640 34.80484323,32.15240312,-492.507 34.80491238,32.15249628,-457.893 34.80499375,32.15259306,-427.055 34.80507647,32.15268607,-406.427 34.80515668,32.15278141,-395.386 34.80523005,32.15288355,-393.250 34.80528308,32.15297741,-404.395 34.80530499,32.15305086,-432.327 34.80529086,32.15308991,-478.778 34.80526478,32.15311403,-529.036 34.80521789,32.15310295,-585.444 34.80515587,32.15304634,-643.985 34.80508330,32.15292412,-702.513 34.80500949,32.15272017,-759.010 34.80494044,32.15241834,-814.943 34.80488183,32.15202119,-870.525 34.80483429,32.15153526,-926.439 34.80480465,32.15098564,-983.166 34.80479342,32.15039443,-1041.329 34.80480694,32.14979951,-1101.471 34.80485012,32.14923116,-1163.987 34.80492703,32.14872800,-1228.381 34.80503406,32.14831432,-1293.316 34.80516877,32.14800873,-1357.857 34.80532378,32.14780427,-1421.208 34.80549366,32.14769465,-1482.837 34.80567046,32.14765451,-1542.044 34.80584839,32.14766400,-1598.290 34.80601301,32.14770084,-1648.769 34.80617320,32.14775115,-1696.911 34.80626685,32.14779048,-1727.930 34.80628514,32.14779585,-1742.321 34.80621906,32.14776227,-1739.286 34.80606165,32.14768673,-1718.151 34.80578034,32.14755775,-1673.595 34.80546863,32.14741881,-1623.590 34.80509736,32.14725843,-1562.388 34.80468408,32.14708318,-1493.273 34.80425285,32.14690056,-1419.682 34.80383137,32.14671642,-1345.252 34.80345266,32.14653819,-1273.422 34.80314169,32.14636459,-1205.574 34.80292062,32.14619489,-1139.065 34.80279661,32.14601781,-1069.799 34.80277217,32.14582446,-991.131 34.80283802,32.14560469,-897.202 34.80298474,32.14535797,-784.766 34.80319453,32.14508398,-653.955 34.80344674,32.14478866,-509.033 34.80371708,32.14447720,-356.076 34.80398396,32.14415876,-203.928 34.80422783,32.14383851,-62.161 34.80444099,32.14352465,59.845 34.80462622,32.14322030,154.343 34.80479102,32.14292522,214.718 34.80494559,32.14263479,257.773 34.80508157,32.14235040,243.163 34.80519286,32.14206986,181.185 34.80531062,32.14179349,111.894 34.80543993,32.14152623,26.799 34.80560024,32.14127024,-65.691 34.80580407,32.14103038,-158.372 34.80605280,32.14081008,-247.401 34.80634573,32.14061330,-328.889 34.80668139,32.14044310,-401.743 34.80706799,32.14030322,-465.319 34.80751932,32.14019824,-519.910 34.80806444,32.14013407,-566.028 34.80871485,32.14011911,-605.289 34.80947310,32.14016151,-639.084 34.81033339,32.14026434,-667.952 34.81127261,32.14042489,-692.961 34.81225605,32.14063705,-715.371 34.81325141,32.14088755,-736.260 34.81421685,32.14116141,-756.822 34.81511561,32.14144183,-777.642 34.81591652,32.14171100,-798.415 34.81659449,32.14195032,-818.966 34.81713655,32.14214564,-839.648 34.81760783,32.14231725,-860.055 34.81786590,32.14239736,-883.673 34.81801159,32.14241981,-910.432 34.81808646,32.14239125,-938.822 34.81812274,32.14232026,-967.488 34.81814721,32.14221633,-995.083 34.81818312,32.14208935,-1020.228 34.81822982,32.14194326,-1043.334 34.81829038,32.14178273,-1064.344 34.81836880,32.14161193,-1083.064 34.81846793,32.14142875,-1099.744 34.81858462,32.14122910,-1114.165 34.81871526,32.14101022,-1126.202 34.81885591,32.14076757,-1135.997 34.81900185,32.14049713,-1143.815 34.81917374,32.14019351,-1148.121 34.81945783,32.13982705,-1143.844 34.81980307,32.13943640,-1135.537 34.82027578,32.13899945,-1118.578 34.82089983,32.13851814,-1091.756 34.82169244,32.13799875,-1053.918 34.82266232,32.13744930,-1004.700 34.82380599,32.13688276,-943.336 34.82510027,32.13631155,-870.649 34.82650876,32.13575308,-786.958 34.82798171,32.13522352,-693.960 34.82945928,32.13474061,-593.855 34.83088395,32.13431723,-490.078 34.83221470,32.13396207,-385.097 34.83341913,32.13367763,-281.998 34.83447991,32.13346316,-182.774 34.83539043,32.13330881,-92.539 34.83616597,32.13320397,-10.763 34.83682572,32.13313097,59.439 34.83740477,32.13307322,120.155 34.83794048,32.13301450,173.568 34.83847134,32.13294615,225.830 34.83901540,32.13286147,277.675 34.83959126,32.13276080,333.846 34.84020106,32.13264467,393.951 34.84084573,32.13251634,460.424 34.84151082,32.13237949,530.889 34.84218475,32.13223853,605.398 34.84284389,32.13209779,679.715 34.84346679,32.13195926,748.637 34.84402813,32.13182339,803.921 34.84452334,32.13168710,841.648 34.84497679,32.13155145,868.264 34.84533280,32.13139982,855.790 34.84562891,32.13121503,801.950 34.84591843,32.13101637,735.795 34.84618958,32.13079356,646.240 34.84645122,32.13054900,537.194 34.84670787,32.13028902,414.107 34.84696251,32.13002274,282.775 34.84721553,32.12976040,149.387 34.84746822,32.12951260,19.579 34.84771970,32.12928631,-101.586 34.84796583,32.12908689,-210.979 34.84820030,32.12891679,-306.796 34.84841984,32.12877519,-389.099 34.84862315,32.12866024,-459.085 34.84881733,32.12857477,-518.748 34.84902313,32.12852442,-571.454 34.84927337,32.12852382,-621.674 34.84960476,32.12859027,-674.062 34.85006362,32.12874327,-733.150 34.85067802,32.12899285,-802.423 34.85146679,32.12933930,-883.117 34.85242445,32.12977058,-974.899 34.85353493,32.13026726,-1076.719 34.85476118,32.13080054,-1187.017 34.85606456,32.13134179,-1302.906 34.85739025,32.13185811,-1421.174 34.85868683,32.13231848,-1537.580 34.85989552,32.13269687,-1647.707 34.86098096,32.13298080,-1747.202 34.86191626,32.13316834,-1833.950 34.86270219,32.13326902,-1905.919 34.86334820,32.13329261,-1961.620 34.86387829,32.13324626,-1998.881 34.86434813,32.13316719,-2027.613 34.86468448,32.13297117,-2021.443 34.86491494,32.13262600,-1974.145 34.86511922,32.13222997,-1912.996 34.86526890,32.13173320,-1825.726 34.86537246,32.13114221,-1714.856 34.86543567,32.13046976,-1585.379 34.86546409,32.12973585,-1442.879 34.86546273,32.12896675,-1293.871 34.86544789,32.12819074,-1143.985 34.86543187,32.12743641,-999.021 34.86543572,32.12672602,-862.673 34.86547482,32.12607543,-737.796 34.86557947,32.12548785,-616.669 34.86574684,32.12496449,-501.314 34.86599424,32.12449718,-383.196 34.86633907,32.12407570,-259.768 34.86676662,32.12369407,-132.765 34.86726716,32.12334664,-8.244 34.86783076,32.12302359,111.738 34.86842259,32.12272165,216.204 34.86900620,32.12243581,298.798 34.86956360,32.12215898,349.975 34.87007409,32.12188727,366.573 34.87052673,32.12161948,343.722 34.87091116,32.12135447,282.324 34.87124970,32.12108899,189.979 34.87154834,32.12082334,77.065 34.87181717,32.12056117,-50.297 34.87207682,32.12030507,-178.697 34.87235075,32.12005998,-299.532 34.87262314,32.11983715,-410.564 34.87291817,32.11963859,-505.056 34.87323187,32.11946629,-584.013 34.87356320,32.11932087,-648.135 34.87391030,32.11920034,-700.353 34.87427355,32.11910204,-743.011 34.87464777,32.11902569,-778.321 34.87503380,32.11896935,-807.786 34.87543156,32.11893207,-832.582 34.87584465,32.11891172,-853.366 34.87627378,32.11890786,-870.718 34.87671760,32.11892071,-885.169 34.87717319,32.11895156,-897.199 34.87763718,32.11900132,-907.206 34.87810564,32.11907078,-915.461 34.87857452,32.11915909,-922.038 34.87903976,32.11926436,-926.899 34.87949724,32.11938291,-929.905 34.87994339,32.11951069,-930.895 34.88037500,32.11964300,-929.732 34.88079347,32.11977810,-926.739 34.88119633,32.11991176,-921.742 34.88159352,32.12004601,-915.999 34.88196891,32.12017333,-907.553 34.88233647,32.12028256,-880.041 34.88271286,32.12036073,-837.398 34.88310895,32.12038265,-766.062 34.88354049,32.12032450,-658.088 34.88402030,32.12016782,-511.333 34.88454780,32.11991740,-325.251 34.88511545,32.11958262,-102.691 34.88570228,32.11918702,154.317 34.88628490,32.11875502,440.903 34.88683802,32.11831775,751.918 34.88733866,32.11789627,1077.655 34.88776258,32.11751770,1406.939 34.88811917,32.11721589,1730.861 34.88841639,32.11701489,2045.240 34.88869646,32.11692559,2350.311 34.88900587,32.11695314,2649.230 34.88938705,32.11708225,2945.905 34.88985946,32.11728480,3239.429 34.89043630,32.11754124,3528.846 34.89110840,32.11783305,3810.101 34.89186865,32.11814815,4081.194 34.89269374,32.11847109,4337.450 34.89356463,32.11879247,4576.339 34.89444692,32.11909194,4792.355 34.89530572,32.11935367,4981.701 34.89612299,32.11956660,5139.339 34.89690237,32.11973285,5264.755 34.89765728,32.11985553,5355.570 34.89841535,32.11994752,5413.847 34.89920110,32.12001928,5440.857 34.90001929,32.12007825,5439.854 34.90087402,32.12013023,5413.457 34.90175889,32.12017919,5365.263 34.90267427,32.12022843,5297.435 34.90360879,32.12028709,5203.172 34.90455464,32.12036208,5077.105 34.90549214,32.12046473,4906.799 34.90639953,32.12059512,4682.940 34.90725280,32.12075223,4399.217 34.90803191,32.12092110,4059.838 34.90871909,32.12108911,3668.609 34.90930181,32.12124034,3238.061 34.90977157,32.12136933,2778.892 34.91013184,32.12146420,2309.114 34.91039282,32.12152160,1843.613 34.91057472,32.12153160,1403.298 34.91070323,32.12149301,1004.889 34.91080486,32.12140553,660.877 34.91090254,32.12128326,371.823 34.91101909,32.12113850,137.551 34.91117101,32.12098785,-51.695 34.91137140,32.12083745,-204.390 34.91162703,32.12069311,-327.293 34.91193704,32.12055336,-426.468 34.91229659,32.12041729,-506.528 34.91269596,32.12028558,-571.222 34.91312534,32.12015864,-623.254 34.91357647,32.12003628,-664.595 34.91404028,32.11991789,-696.621 34.91451306,32.11980099,-720.110 34.91499338,32.11968374,-735.208 34.91548589,32.11956307,-741.434 34.91599977,32.11943697,-737.572 34.91654710,32.11930407,-721.818 34.91713832,32.11916436,-691.915 34.91778304,32.11901743,-645.543 34.91848719,32.11886397,-580.454 34.91925616,32.11870528,-494.977 34.92008835,32.11854481,-388.518 34.92097902,32.11838662,-261.912 34.92191452,32.11823687,-117.748 34.92288221,32.11809889,41.431 34.92386242,32.11797503,211.468 34.92484469,32.11786372,389.208 34.92581600,32.11776353,571.073 34.92676784,32.11767141,753.766 34.92767785,32.11758860,931.206 34.92853759,32.11751932,1098.278 34.92935028,32.11748705,1245.069 34.93013041,32.11750400,1363.357 34.93091116,32.11758930,1442.260 34.93173318,32.11773770,1474.548 34.93261711,32.11792422,1452.822 34.93356706,32.11809838,1375.618 34.93457931,32.11821618,1242.632 34.93567223,32.11833716,1039.648 34.93685353,32.11852330,757.412 34.93812156,32.11882233,396.295 34.93946801,32.11928902,-41.135 34.94083747,32.11985880,-527.232 34.94216004,32.12038756,-1017.955 34.94339123,32.12078192,-1477.310 34.94451055,32.12099749,-1880.375 34.94550862,32.12100324,-2208.014 34.94638329,32.12079137,-2449.691 34.94712028,32.12034309,-2599.403 34.94770204,32.11962982,-2653.381 34.94811286,32.11861524,-2609.105 34.94836554,32.11737742,-2485.879 34.94850000,32.11608427,-2320.062 34.94854430,32.11487505,-2140.698 34.94852358,32.11385943,-1971.894 34.94845903,32.11312654,-1832.753 34.94835540,32.11262898,-1717.017 34.94822967,32.11232410,-1618.412 34.94809908,32.11217153,-1532.014 34.94797748,32.11214020,-1453.667 34.94787573,32.11220060,-1380.910 34.94778806,32.11233339,-1312.701 34.94771046,32.11251953,-1248.985 34.94763788,32.11274321,-1189.079 34.94756734,32.11298819,-1132.783 34.94749860,32.11324170,-1079.332 34.94743532,32.11349093,-1028.567 34.94738260,32.11372496,-980.391 34.94734901,32.11393459,-935.503 34.94734146,32.11411025,-894.147 34.94734765,32.11426977,-854.804 34.94741217,32.11436583,-822.071 34.94752399,32.11441985,-793.920 34.94768521,32.11443714,-770.096 34.94789447,32.11442191,-750.278 34.94814875,32.11437828,-734.211 34.94843979,32.11431159,-721.210 34.94876024,32.11422646,-710.660 34.94910420,32.11412657,-702.072 34.94946699,32.11401488,-695.053 34.94984484,32.11389375,-689.289 34.95023473,32.11376506,-684.529 34.95063810,32.11362765,-680.891 34.95104452,32.11348756,-677.499 34.95145721,32.11334187,-674.612 34.95187489,32.11319009,-672.107 34.95229658,32.11303128,-669.875 34.95272153,32.11286439,-667.828 34.95314921,32.11268830,-665.890 34.95357918,32.11250209,-664.004 34.95401112,32.11230505,-662.131 34.95444472,32.11209690,-660.247 34.95487974,32.11187770,-658.338 34.95531597,32.11164804,-656.405 34.95575320,32.11140895,-654.457 34.95619127,32.11116181,-652.511 34.95663001,32.11090799,-650.584 34.95706929,32.11064888,-648.695 34.95750898,32.11038558,-646.858 34.95794902,32.11011896,-645.083 34.95838941,32.10984970,-643.372 34.95883012,32.10957833,-641.727 34.95927116,32.10930530,-640.146 34.95971249,32.10903100,-638.628 34.96015406,32.10875576,-637.171 34.96059578,32.10847997,-635.769 34.96103832,32.10820403,-634.317 34.96148289,32.10792843,-632.634 34.96193195,32.10765372,-630.383 34.96238893,32.10738051,-627.106 34.96285808,32.10710933,-622.253 34.96334358,32.10684071,-615.285 34.96384951,32.10657510,-605.681 34.96437919,32.10631287,-593.018 34.96493526,32.10605428,-576.962 34.96551911,32.10579948,-557.336 34.96613111,32.10554841,-534.099 34.96677006,32.10530088,-507.406 34.96743353,32.10505658,-477.568 34.96811810,32.10481517,-445.015 34.96882028,32.10457625,-410.190 34.96953655,32.10433941,-373.540 34.97026409,32.10410425,-335.430 34.97100064,32.10387032,-296.159 34.97174331,32.10363805,-256.142 34.97248875,32.10340849,-215.891 34.97323209,32.10318409,-176.166 34.97396732,32.10296833,-137.926 34.97468748,32.10276554,-102.292 34.97538590,32.10257986,-70.344 34.97605622,32.10241540,-43.119 34.97669332,32.10227539,-21.453 34.97729312,32.10216248,-6.009 34.97785342,32.10207798,2.857 34.97837353,32.10202224,5.040 34.97885506,32.10199391,0.803 34.97930144,32.10199040,-9.288 34.97971754,32.10200809,-24.428 34.98010836,32.10204342,-43.791 34.98047895,32.10209277,-66.539 34.98083335,32.10215332,-91.996 34.98117481,32.10222283,-119.618 34.98150592,32.10229952,-148.974 34.98182874,32.10238211,-179.705 34.98214494,32.10246973,-211.515 34.98245584,32.10256298,-244.076 34.98276584,32.10266173,-277.053 34.98307881,32.10276747,-309.991 34.98340163,32.10288091,-342.428 34.98374049,32.10300338,-373.771 34.98410129,32.10313546,-403.534 34.98448619,32.10327905,-431.163 34.98489758,32.10343456,-456.285 34.98533443,32.10360321,-478.531 34.98579621,32.10378434,-497.783 34.98627911,32.10397787,-513.973 34.98677989,32.10418191,-527.329 34.98729212,32.10439539,-538.112 34.98781000,32.10461660,-546.797 34.98832794,32.10484396,-553.823 34.98884415,32.10507425,-559.706 34.98935669,32.10530456,-564.839 34.98986715,32.10553047,-569.609 34.99037682,32.10574776,-574.225 34.99088697,32.10595292,-578.860 34.99139866,32.10614294,-583.562 34.99191211,32.10631604,-588.405 34.99242678,32.10647124,-593.470 34.99295180,32.10661453,-600.262 34.99350443,32.10675517,-611.573 34.99411901,32.10691140,-632.595 34.99484379,32.10710767,-670.283 34.99572778,32.10736826,-731.753 34.99681237,32.10771112,-822.364 34.99811971,32.10814729,-944.839 34.99964967,32.10867406,-1098.078 35.00138222,32.10927971,-1278.278 35.00328141,32.10994456,-1479.250 35.00529548,32.11064478,-1693.377 35.00736257,32.11135191,-1911.603 35.00940852,32.11203612,-2124.271 35.01136253,32.11267050,-2322.292 35.01316483,32.11323586,-2499.003 35.01477821,32.11372155,-2650.737 35.01619087,32.11413023,-2777.911 35.01741423,32.11447376,-2883.642 35.01846865,32.11476542,-2971.945 35.01938392,32.11501901,-3046.938 35.02018524,32.11524400,-3111.661 35.02089797,32.11544486,-3167.940 35.02154488,32.11562344,-3216.911 35.02214568,32.11578024,-3259.109 35.02271737,32.11591524,-3294.754 35.02327406,32.11602831,-3323.917 35.02382689,32.11611945,-3346.688 35.02438387,32.11618909,-3363.277 35.02495085,32.11623855,-3374.023 35.02553093,32.11627027,-3379.417 35.02612499,32.11628742,-3380.088 35.02673204,32.11629348,-3376.703 35.02735030,32.11629135,-3369.966 35.02797619,32.11628225,-3360.550 35.02860614,32.11626671,-3349.021 35.02923558,32.11624397,-3335.847 35.02985970,32.11621312,-3321.388 35.03047368,32.11617332,-3305.876 35.03107362,32.11612409,-3289.494 35.03165613,32.11606511,-3272.338 35.03221953,32.11599639,-3254.452 35.03276221,32.11591827,-3235.864 35.03328283,32.11583041,-3216.305 35.03377564,32.11573089,-3194.867 35.03423106,32.11561555,-3169.884 35.03463242,32.11547733,-3138.648 35.03495808,32.11530633,-3097.601 35.03518226,32.11509091,-3042.820 35.03528041,32.11481815,-2970.558 35.03523045,32.11447580,-2877.748 35.03502012,32.11405465,-2762.707 35.03464753,32.11355049,-2625.394 35.03412644,32.11296659,-2467.826 35.03348436,32.11231428,-2293.898 35.03276147,32.11161157,-2109.186 35.03200405,32.11088065,-1920.207 35.03126074,32.11014511,-1733.654 35.03057428,32.10942725,-1555.491 35.02998035,32.10874645,-1390.642 35.02950242,32.10811698,-1242.241 35.02915268,32.10754786,-1111.923 35.02893145,32.10704104,-999.701 35.02882973,32.10659224,-904.404 35.02883244,32.10619295,-824.078 35.02892807,32.10583540,-757.427 35.02910338,32.10551169,-702.992 35.02936824,32.10522328,-662.725 35.02971248,32.10496820,-635.870 35.03014297,32.10475065,-624.023 35.03068130,32.10457933,-630.620 35.03130619,32.10445082,-652.860 35.03201789,32.10436677,-690.603 35.03279672,32.10432178,-740.482 35.03360743,32.10430433,-796.640 35.03440357,32.10429795,-851.247 35.03516775,32.10429309,-900.323 35.03586372,32.10427287,-937.203 35.03648767,32.10423187,-960.058 35.03701582,32.10415964,-964.757 35.03746741,32.10406123,-953.791 35.03783843,32.10393709,-926.912 35.03814678,32.10379689,-887.462 35.03841758,32.10365136,-840.067 35.03869299,32.10351782,-791.933 35.03896373,32.10339719,-743.122 35.03926317,32.10330256,-699.502 35.03957838,32.10323102,-660.131 35.03990416,32.10318161,-624.841 35.04023686,32.10315098,-593.322 35.04058352,32.10314175,-566.500 35.04094799,32.10315425,-544.758 35.04134391,32.10319523,-529.793 35.04178750,32.10326520,-521.915 35.04229993,32.10336340,-521.323 35.04290172,32.10348193,-526.980 35.04361430,32.10361174,-537.651 35.04444925,32.10374208,-551.604 35.04540885,32.10386795,-568.431 35.04647959,32.10398238,-586.999 35.04764198,32.10408107,-607.249 35.04886633,32.10415798,-628.465 35.05011766,32.10420897,-650.533 35.05136916,32.10423637,-674.600 35.05259552,32.10424964,-702.686 35.05377631,32.10426242,-737.355 35.05490016,32.10428922,-781.188 35.05596318,32.10433882,-834.891 35.05695929,32.10441183,-897.300 35.05788603,32.10450212,-965.822 35.05874014,32.10459839,-1036.524 35.05951647,32.10468869,-1105.614 35.06020754,32.10475985,-1169.057 35.06080909,32.10480055,-1223.542 35.06132052,32.10480255,-1266.556 35.06178250,32.10478267,-1303.142 35.06211691,32.10469276,-1318.911 35.06237082,32.10455389,-1320.524 35.06256443,32.10437244,-1310.728 35.06272484,32.10416404,-1293.480 35.06286869,32.10394277,-1272.227 35.06300668,32.10372076,-1249.874 35.06314544,32.10350999,-1228.736 35.06330889,32.10331966,-1210.631 35.06350317,32.10314769,-1195.344 35.06373743,32.10299103,-1182.466 35.06402529,32.10284773,-1171.890 35.06438086,32.10271293,-1163.510 35.06483529,32.10258852,-1159.077 35.06532933,32.10246944,-1156.902 35.06590296,32.10236082,-1159.318 35.06655832,32.10226746,-1168.029 35.06729944,32.10219333,-1184.907 35.06812151,32.10214330,-1211.958 35.06901942,32.10212168,-1250.861 35.06998780,32.10213232,-1303.029 35.07102845,32.10217720,-1369.191 35.07213924,32.10225736,-1449.551 35.07332385,32.10237145,-1543.679 35.07457849,32.10251467,-1650.357 35.07589172,32.10267964,-1767.475 35.07724598,32.10285772,-1892.086 35.07861901,32.10303952,-2020.606 35.07998563,32.10321581,-2149.021 35.08132377,32.10337952,-2273.750 35.08261279,32.10352427,-2391.466 35.08383616,32.10364523,-2499.494 35.08498059,32.10373856,-2595.650 35.08603715,32.10380237,-2678.408 35.08700033,32.10383548,-2746.765 35.08787094,32.10383873,-2800.668 35.08865455,32.10381380,-2840.818 35.08936042,32.10376359,-2868.499 35.08999805,32.10369084,-2885.036 35.09057683,32.10359875,-2891.762 35.09110373,32.10348941,-2889.668 35.09158384,32.10336483,-2879.483 35.09202191,32.10322642,-2861.946 35.09242260,32.10307580,-2837.814 35.09278994,32.10291448,-2807.793 35.09312745,32.10274437,-2772.510 35.09343893,32.10256731,-2732.639 35.09372731,32.10238511,-2688.704 35.09399606,32.10219903,-2641.321 35.09424853,32.10201019,-2591.065 35.09448798,32.10181914,-2538.511 35.09471700,32.10162632,-2484.118 35.09493769,32.10143210,-2428.254 35.09515172,32.10123674,-2371.214 35.09536040,32.10104048,-2313.232 35.09556481,32.10084351,-2254.496 35.09576581,32.10064595,-2195.158 35.09596407,32.10044794,-2135.338 35.09616015,32.10024956,-2075.132 35.09635447,32.10005088,-2014.618 35.09654739,32.09985197,-1953.857 35.09673918,32.09965288,-1892.898 35.09693008,32.09945364,-1831.781 35.09712026,32.09925427,-1770.537 35.09730986,32.09905482,-1709.193 35.09749900,32.09885529,-1647.767 35.09768777,32.09865571,-1586.277 35.09787624,32.09845607,-1524.735 35.09806447,32.09825640,-1463.151 35.09825250,32.09805670,-1401.534 35.09844039,32.09785699,-1339.890 35.09862815,32.09765725,-1278.225 35.09881581,32.09745750,-1216.543 35.09900396,32.09725811,-1154.912 35.09919364,32.09705974,-1093.453 35.09938685,32.09686367,-1032.391 35.09958630,32.09667152,-972.046 35.09979532,32.09648521,-912.813 35.10001505,32.09630551,-854.909 35.10024847,32.09613426,-798.801 35.10049564,32.09597189,-744.713 35.10075790,32.09581986,-693.050 35.10103513,32.09567893,-644.073 35.10132881,32.09555079,-598.179 35.10163734,32.09543542,-555.388 35.10196108,32.09533406,-515.869 35.10229834,32.09524694,-479.512 35.10265028,32.09517620,-446.444 35.10301600,32.09512305,-416.496 35.10339766,32.09509016,-389.766 35.10379535,32.09507905,-366.038 35.10420970,32.09509109,-345.164 35.10463875,32.09512632,-326.734 35.10508249,32.09518564,-310.614 35.10553785,32.09526832,-296.397 35.10600332,32.09537383,-283.929 35.10647652,32.09550088,-272.957 35.10695541,32.09564756,-263.304 35.10743781,32.09581167,-254.747 35.10792234,32.09599095,-247.176 35.10840793,32.09618348,-240.475 35.10889406,32.09638733,-234.591 35.10938040,32.09660072,-229.455 35.10986689,32.09682184,-225.017 35.11035335,32.09704929,-221.173 35.11083974,32.09728166,-217.854 35.11132582,32.09751801,-214.951 35.11181130,32.09775760,-212.378 35.11229589,32.09799983,-210.065 35.11277935,32.09824424,-207.954 35.11326147,32.09849041,-206.023 35.11374217,32.09873786,-204.280 35.11422135,32.09898623,-202.732 35.11469897,32.09923514,-201.387 35.11517504,32.09948435,-200.210 35.11564952,32.09973374,-199.120 35.11612241,32.09998331,-197.997 35.11659397,32.10023303,-196.805 35.11706454,32.10048294,-195.531 35.11753443,32.10073323,-194.234 35.11800406,32.10098411,-192.977 35.11847360,32.10123602,-191.854 35.11894288,32.10148946,-190.827 35.11941162,32.10174486,-189.917 35.11987946,32.10200249,-189.117 35.12034581,32.10226254,-188.470 35.12081005,32.10252494,-187.947 35.12127141,32.10278967,-187.577 35.12172916,32.10305653,-187.229 35.12218256,32.10332540,-186.804 35.12263130,32.10359593,-186.144 35.12307557,32.10386779,-185.241 35.12351610,32.10414039,-184.088 35.12395396,32.10441319,-182.777 35.12439070,32.10468537,-181.407 35.12482782,32.10495633,-180.067 35.12526664,32.10522543,-178.749 35.12570857,32.10549209,-177.493 35.12615463,32.10575593,-176.319 35.12660572,32.10601653,-175.242 35.12706242,32.10627353,-174.332 35.12752502,32.10652674,-173.605 35.12799329,32.10677620,-173.042 35.12846616,32.10702223,-172.623 35.12894290,32.10726522,-172.292 35.12942205,32.10750550,-172.002 35.12990116,32.10774373,-171.806 35.13037754,32.10798034,-171.748 35.13085619,32.10822196,-173.019 35.13134229,32.10847547,-176.884 35.13184838,32.10875187,-185.391 35.13239646,32.10906723,-201.589 35.13300435,32.10943345,-227.787 35.13368654,32.10985963,-265.874 35.13445214,32.11035070,-316.992 35.13529956,32.11090409,-380.947 35.13620536,32.11150278,-454.958 35.13714336,32.11212671,-535.708 35.13807293,32.11274470,-617.816 35.13895440,32.11332589,-695.897 35.13974123,32.11383430,-763.569 35.14040616,32.11424644,-816.602 35.14092201,32.11454064,-851.024 35.14135776,32.11477156,-875.389 35.14154913,32.11480478,-867.793 35.14157654,32.11470431,-838.307 35.14145191,32.11446682,-786.803 35.14130765,32.11420602,-731.750 35.14112273,32.11389788,-669.492 35.14093105,32.11356768,-604.353 35.14075300,32.11323281,-539.290 35.14061038,32.11291057,-477.262 35.14051483,32.11261142,-420.024 35.14047705,32.11234333,-368.896 35.14050345,32.11211043,-324.514 35.14056505,32.11189721,-283.876 35.14072638,32.11173677,-253.132 35.14094684,32.11160631,-227.965 35.14121609,32.11149996,-207.279 35.14152438,32.11141290,-190.178 35.14186389,32.11134127,-175.945 35.14222839,32.11128198,-164.006 35.14261287,32.11123257,-153.903 35.14301334,32.11119106,-145.269 35.14342661,32.11115586,-137.809 35.14385419,32.11112774,-131.664 35.14428506,32.11110124,-125.820 35.14472263,32.11107805,-120.592 35.14516558,32.11105750,-115.858 35.14561282,32.11103905,-111.520 35.14606349,32.11102225,-107.500 35.14651719,32.11100680,-103.750 35.14697372,32.11099248,-100.235 35.14743334,32.11097920,-96.943 35.14789657,32.11096683,-93.847 35.14836424,32.11095563,-90.974 35.14883693,32.11094556,-88.294 35.14931550,32.11093699,-85.815 35.14979961,32.11093034,-83.566 35.15029057,32.11092764,-81.871 35.15078740,32.11093032,-80.976 35.15129217,32.11094252,-81.630 35.15180451,32.11096712,-84.403 35.15232850,32.11100888,-90.190 35.15286591,32.11106982,-99.710 35.15343389,32.11115498,-115.487 35.15404284,32.11126516,-139.291 35.15470186,32.11140060,-172.460 35.15541173,32.11155688,-215.247 35.15616100,32.11172783,-265.723 35.15692331,32.11190148,-319.740 35.15767901,32.11206796,-373.581 35.15840905,32.11221654,-423.771 35.15910025,32.11233976,-467.427 35.15973948,32.11243043,-502.027 35.16031516,32.11248377,-525.268 35.16085861,32.11251838,-542.764 35.16127560,32.11248669,-537.796 35.16161727,32.11241581,-518.967 35.16186872,32.11229873,-484.172 35.16211190,32.11217522,-448.273 35.16232300,32.11203584,-408.034 35.16251269,32.11188781,-366.471 35.16267638,32.11173511,-324.389 35.16281411,32.11158202,-283.005 35.16292750,32.11143064,-243.016 35.16302807,32.11128110,-203.946 35.16310516,32.11113886,-168.877 35.16317296,32.11099961,-136.650 35.16323919,32.11086133,-107.095 35.16330106,32.11071685,-78.653 35.16335415,32.11056348,-50.516 35.16340020,32.11039983,-22.198 35.16344268,32.11022156,6.986 35.16348404,32.11002422,37.464 35.16352738,32.10980868,68.703 35.16358266,32.10956946,99.683 35.16363952,32.10932520,130.149 35.16370137,32.10907028,159.773 35.16376801,32.10880391,188.670 35.16384091,32.10852500,217.379 35.16392557,32.10823038,246.646 35.16402721,32.10791808,277.457 35.16414856,32.10758851,310.387 35.16428946,32.10724468,345.872 35.16444818,32.10688991,383.682 35.16462209,32.10652809,423.301 35.16481153,32.10616366,463.301 35.16501544,32.10580019,502.142 35.16523204,32.10544226,537.836 35.16545384,32.10509394,568.797 35.16567211,32.10475915,593.631 35.16588784,32.10443121,615.321 35.16607563,32.10412863,626.349 35.16624444,32.10384111,630.683 35.16639802,32.10356415,629.556 35.16654262,32.10329535,624.290 35.16667931,32.10303248,616.547 35.16680894,32.10277596,607.811 35.16693159,32.10252718,599.283 35.16704679,32.10229049,591.156 35.16715295,32.10206841,583.402 35.16726124,32.10186497,573.871 35.16739230,32.10168568,558.665 35.16757131,32.10153949,532.433 35.16789057,32.10146447,476.708 35.16828231,32.10142202,406.396 35.16881122,32.10144249,307.938 35.16949181,32.10153021,179.066 35.17032606,32.10168523,19.646 35.17130032,32.10190160,-167.168 35.17238878,32.10216899,-376.123 35.17355240,32.10247337,-599.418 35.17474193,32.10279816,-827.743 35.17590613,32.10312582,-1051.062 35.17699898,32.10344008,-1260.286 35.17798371,32.10372699,-1447.624 35.17883778,32.10397676,-1608.175 35.17955473,32.10418437,-1739.909 35.18013969,32.10434854,-1842.955 35.18060617,32.10447152,-1919.203 35.18101220,32.10457344,-1981.983 35.18128561,32.10462267,-2011.357 35.18149166,32.10464227,-2022.671 35.18164270,32.10463555,-2018.532 35.18174859,32.10460515,-2001.024 35.18181577,32.10455365,-1971.897 35.18185001,32.10448383,-1932.948 35.18184137,32.10439074,-1881.100 35.18182113,32.10429194,-1825.945 35.18177839,32.10418161,-1764.208 35.18171662,32.10406193,-1697.047 35.18163962,32.10393478,-1625.549 35.18155044,32.10380165,-1550.580 35.18145151,32.10366373,-1472.835 35.18134480,32.10352199,-1392.868 35.18123215,32.10337754,-1311.322 35.18111538,32.10323162,-1228.908 35.18099653,32.10308593,-1146.588 35.18087749,32.10294145,-1064.977 35.18076058,32.10279965,-984.950 35.18064779,32.10266090,-906.843 35.18054151,32.10252576,-831.116 35.18044399,32.10239465,-758.143 35.18035782,32.10226890,-688.801 35.18028397,32.10215027,-623.973 35.18022377,32.10204114,-564.652 35.18017704,32.10194358,-511.526 35.18013706,32.10185216,-461.663 35.18017303,32.10180992,-432.144 35.18032169,32.10183303,-427.864 35.18067911,32.10197169,-467.519 35.18108506,32.10213828,-517.982 35.18156189,32.10234726,-584.883 35.18206847,32.10257651,-659.982 35.18254739,32.10279244,-730.977 35.18298187,32.10298151,-792.849 35.18337805,32.10314855,-847.062 35.18367332,32.10323478,-872.682 35.18387206,32.10323944,-868.749 35.18391776,32.10310912,-815.430 35.18393595,32.10294664,-749.857 35.18392050,32.10273358,-665.014 35.18391167,32.10249469,-569.121 35.18396027,32.10226611,-474.684 35.18407958,32.10206413,-386.671 35.18426982,32.10190375,-309.819 35.18450251,32.10178234,-242.818 35.18474885,32.10169754,-185.263 35.18499008,32.10164603,-136.643 35.18522539,32.10161170,-92.570 35.18543305,32.10162145,-60.297 35.18563674,32.10165795,-33.319 35.18583325,32.10171171,-10.626 35.18602166,32.10177460,8.685 35.18620435,32.10184287,25.034 35.18637601,32.10191012,37.323 35.18655976,32.10198242,40.576 35.18680754,32.10207971,28.072 35.18727359,32.10225908,-25.598 35.18784080,32.10247681,-98.535 35.18860043,32.10276194,-207.465 35.18955967,32.10311237,-353.685 35.19070342,32.10351330,-534.208 35.19201230,32.10394935,-744.019 35.19344292,32.10439891,-975.186 35.19494881,32.10484494,-1218.762 35.19646797,32.10526623,-1464.031 35.19793599,32.10564482,-1700.729 35.19928834,32.10596189,-1918.947 35.20048806,32.10621238,-2112.406 35.20151607,32.10639603,-2277.894 35.20238067,32.10652538,-2415.998 35.20310061,32.10661574,-2528.838 35.20370669,32.10668354,-2619.768 35.20422106,32.10673700,-2691.180 35.20465748,32.10677829,-2742.535 35.20506036,32.10681633,-2785.191 35.20536944,32.10682166,-2791.771 35.20563104,32.10679815,-2769.989 35.20579259,32.10670215,-2696.940 35.20592140,32.10657892,-2607.325 35.20597698,32.10640061,-2485.305 35.20595543,32.10616707,-2334.129 35.20585927,32.10588349,-2159.412 35.20569229,32.10555730,-1968.012 35.20546504,32.10520037,-1768.245 35.20519302,32.10482754,-1569.010 35.20490650,32.10446250,-1381.122 35.20462856,32.10412479,-1212.621 35.20438143,32.10382963,-1068.568 35.20418648,32.10358879,-951.654 35.20404444,32.10339883,-859.609 35.20393951,32.10324526,-786.648 35.20386253,32.10311614,-728.020 35.20379957,32.10299833,-678.475 35.20374010,32.10288174,-633.884 35.20367864,32.10276117,-591.212 35.20361146,32.10263285,-548.102 35.20353624,32.10249565,-503.033 35.20345258,32.10234762,-454.896 35.20337178,32.10219452,-404.636 35.20331500,32.10204560,-354.651 35.20329726,32.10190811,-306.867 35.20332630,32.10178597,-262.802 35.20338764,32.10167606,-221.558 35.20350883,32.10158840,-187.106 35.20365557,32.10151277,-157.011 35.20382039,32.10144683,-131.000 35.20399718,32.10139034,-109.182 35.20418002,32.10134613,-91.644 35.20438187,32.10132247,-81.071 35.20462539,32.10133215,-80.887 35.20492863,32.10138514,-93.832 35.20535060,32.10151649,-132.072 35.20581884,32.10167461,-178.259 35.20637284,32.10188226,-239.683 35.20700828,32.10213253,-313.913 35.20771696,32.10241552,-397.461 35.20848178,32.10271799,-486.494 35.20928623,32.10302565,-576.524 35.21010390,32.10332354,-663.215 35.21090749,32.10359751,-741.963 35.21167107,32.10383571,-809.653 35.21238051,32.10403338,-864.724 35.21302582,32.10419034,-907.361 35.21360384,32.10431008,-939.118 35.21411489,32.10440024,-962.864 35.21459363,32.10447601,-982.389 35.21497005,32.10452609,-995.601 35.21527874,32.10456907,-1006.685 35.21551960,32.10460965,-1016.648 35.21569827,32.10464978,-1025.973 35.21581998,32.10469079,-1035.008 35.21586349,32.10471635,-1040.600 35.21581761,32.10472039,-1039.290 35.21567329,32.10469778,-1028.259 35.21541461,32.10464555,-1003.859 35.21497954,32.10455361,-956.007 35.21450577,32.10445647,-902.137 35.21395364,32.10434874,-836.055 35.21334713,32.10423374,-760.298 35.21272142,32.10412249,-678.546 35.21210440,32.10401758,-594.191 35.21153439,32.10392941,-511.598 35.21104067,32.10386045,-434.771 35.21064721,32.10381319,-367.003 35.21035777,32.10378061,-309.294 35.21013108,32.10375975,-257.959 35.21004631,32.10374593,-220.253 35.21003735,32.10373157,-188.765 35.21008158,32.10371653,-160.298 35.21015992,32.10370607,-132.000 35.21026508,32.10370581,-103.170 35.21038628,32.10372187,-73.528 35.21051595,32.10376052,-42.391 35.21065042,32.10382514,-9.388 35.21078692,32.10390974,24.602 35.21092032,32.10401042,58.707 35.21104507,32.10412627,92.546 35.21115552,32.10425388,125.013 35.21124807,32.10438630,154.719 35.21132149,32.10451769,181.253 35.21137795,32.10464259,204.479 35.21142158,32.10475101,223.254 35.21145723,32.10483447,236.719 35.21149026,32.10489096,244.916 35.21152535,32.10492131,247.799 35.21156847,32.10492301,245.010 35.21162470,32.10489700,237.046 35.21169624,32.10484350,224.487 35.21178174,32.10476572,207.674 35.21187947,32.10466707,187.166 35.21198490,32.10455414,164.047 35.21209248,32.10443361,139.434 35.21219698,32.10431385,114.558 35.21229382,32.10419922,90.546 35.21237852,32.10409335,68.248 35.21245012,32.10399735,48.086 35.21251150,32.10391448,29.309 35.21256870,32.10384902,10.033 35.21263062,32.10380587,-12.586 35.21270516,32.10379042,-41.595 35.21279698,32.10380553,-79.691 35.21291684,32.10385803,-133.731 35.21304372,32.10391749,-192.643 35.21319063,32.10399787,-262.638 35.21335206,32.10409127,-341.620 35.21352770,32.10419744,-428.529 35.21370908,32.10430774,-519.706 35.21388723,32.10441451,-611.253 35.21404756,32.10450465,-697.799 35.21418078,32.10457450,-776.423 35.21427133,32.10461470,-843.225 35.21430785,32.10462427,-896.960 35.21431775,32.10461888,-944.029 35.21419965,32.10454210,-966.510 35.21397589,32.10440298,-971.862 35.21359065,32.10416000,-953.686 35.21315694,32.10387986,-929.092 35.21263482,32.10353405,-893.405 35.21203785,32.10311997,-848.496 35.21138986,32.10264500,-798.403 35.21071164,32.10211007,-745.678 35.21002528,32.10152148,-693.327 35.20934551,32.10088173,-644.757 35.20868298,32.10019830,-602.826 35.20803902,32.09947385,-569.856 35.20741027,32.09871318,-546.943 35.20682163,32.09796073,-533.018 35.20627022,32.09722614,-527.116 35.20578032,32.09655510,-526.842 35.20534766,32.09595388,-530.707 35.20494453,32.09538929,-536.563 35.20479018,32.09516891,-539.218 35.20462832,32.09494401,-543.202</coordinates>
      </LineString>
    </Placemark>
  </Document>
</kml>
