time,x,y,z,num_sats,rms_residual_m,worst_residual_m,min_elevation_deg,mean_elevation_deg,kept_measurement,lat_deg,lon_deg,alt_m,velocity_mps,utc_time
2026-03-22 06:44:38.416831+00:00,4436109.677318285,3084404.83409497,3376171.3473024215,5,57.32867918484351,127.8006245829165,17.230099143062034,40.95522621026977,False,32.17315379343588,34.8106956989773,-991.2742233509198,,2026-03-22 06:44:38
2026-03-22 06:44:40.416831+00:00,4436110.00531178,3084405.4906234564,3376171.0401148647,5,134.22798076335954,299.25862001627684,17.214436224932935,32.829724043542555,False,32.17314835493952,34.81069942957575,-990.8926116889343,0.39779818403706635,2026-03-22 06:44:40
2026-03-22 06:44:42.416831+00:00,4436110.737375634,3084406.8889755826,3376170.8341129245,5,24.94491975187041,54.1004799567163,17.204389037139876,44.934622886558124,True,32.17314006178924,34.81070717285939,-989.8178518237546,0.795886762438194,2026-03-22 06:44:42
2026-03-22 06:44:44.416831+00:00,4436112.452595721,3084410.0893435236,3376170.340137802,5,15.626210792918188,32.18695251643658,17.19336272195149,44.92968987087865,True,32.17312075289143,34.81072465393678,-987.3424258949235,1.8322354056797268,2026-03-22 06:44:44
2026-03-22 06:44:46.416831+00:00,4436115.525001643,3084415.691631062,3376170.030125858,5,22.29364311873481,47.958636935800314,17.182249104618492,44.92457634898405,True,32.17309091162031,34.810754831657654,-982.665220355615,3.1984922705420686,2026-03-22 06:44:46
2026-03-22 06:44:48.416831+00:00,4436120.5134238135,3084424.5952370986,3376170.017477607,5,20.47481256759816,43.71171838790178,17.171158622093895,44.919550641859026,True,32.173046734376214,34.81080215367766,-974.9028839217499,5.102908880814311,2026-03-22 06:44:48
2026-03-22 06:44:50.416831+00:00,4436127.801380752,3084437.298430523,3376170.3785609016,5,1624528.0098456482,3632555.035194516,-34.40811098195521,32.59593534879482,False,32.172985925937915,34.81086863634101,-963.5074452217668,7.324886017072753,2026-03-22 06:44:50
2026-03-22 06:44:52.416831+00:00,4436137.906460197,3084454.558489313,3376171.253796087,5,15.287946470630354,31.343378830701113,17.148892806309025,44.90951063338665,True,32.17290544140166,34.810957739327286,-947.6784923402593,10.009848858179437,2026-03-22 06:44:52
2026-03-22 06:44:54.416831+00:00,4436151.281729313,3084477.00627965,3376172.878996962,5,88.17306439432645,196.39024645462632,20.18170771315582,45.51337629716185,False,32.17280356523626,34.811072212083744,-926.670734510757,13.090477386566844,2026-03-22 06:44:54
2026-03-22 06:44:56.416831+00:00,4436168.425361605,3084505.3634234257,3376175.3960044356,5,207.33099352974952,449.5764554813504,28.553982822621176,44.60157093837255,False,32.17267743796233,34.81121532090053,-899.7137089855969,16.616009282600153,2026-03-22 06:44:56
2026-03-22 06:44:58.416831+00:00,4436191.428612756,3084542.6262509674,3376179.210398596,5,233.31412307479312,504.821394380182,17.118200194703075,42.31381119142499,False,32.17251369590817,34.811400492189335,-863.6901923855767,21.978497916666118,2026-03-22 06:44:58
2026-03-22 06:45:00.416831+00:00,4436216.322370732,3084582.677616076,3376183.306634552,5,187.25540405150426,389.46200824156404,17.107650432848416,42.31319480001973,False,32.1723370079198,34.811598494057776,-824.8551891539246,23.66743639621147,2026-03-22 06:45:00
2026-03-22 06:45:02.416831+00:00,4436244.9521470815,3084628.0764761185,3376187.998476669,5,163.17812446423224,329.0970667824149,17.096851286002313,42.31248529500725,False,32.17213547757359,34.81182043255741,-780.5224907239899,26.938513180103424,2026-03-22 06:45:02
2026-03-22 06:45:04.416831+00:00,4436276.9418125525,3084678.038094446,3376193.036995154,5,78.65863095881117,174.6652382425964,20.240984457503636,42.942545668832665,False,32.17191083980959,34.812061751251576,-731.4651951873675,29.769483835693354,2026-03-22 06:45:04
2026-03-22 06:45:06.416831+00:00,4436311.833583865,3084731.751060009,3376198.3371814433,5,166.0370237435108,333.31645330041647,17.074652119034965,42.31108524334338,False,32.17166647600479,34.812318155964014,-678.438760060817,32.13491228249121,2026-03-22 06:45:06
2026-03-22 06:45:08.416831+00:00,4436348.860031777,3084787.9537553694,3376203.7647091886,5,66.96435601543016,149.41061644628644,17.064026165141236,40.89467378456682,False,32.171407845991276,34.812583307821065,-622.6576605932787,33.76077186677441,2026-03-22 06:45:08
2026-03-22 06:45:10.416831+00:00,4436387.14307078,3084845.448247608,3376209.3032875434,5,202.180116199619,426.96566957235336,17.051908746909024,42.309584693959195,False,32.17114157208055,34.81285209273417,-565.3196691535413,34.6478122080688,2026-03-22 06:45:10
2026-03-22 06:45:12.416831+00:00,4436425.628977422,3084902.751200158,3376214.793817967,5,169.37875311995734,341.9097335599363,17.041218433393897,42.30889293850764,False,32.170874660887016,34.813117975749016,-507.9585984610021,34.622750126810125,2026-03-22 06:45:12
2026-03-22 06:45:14.416831+00:00,4436463.3101960495,3084958.4134486634,3376220.1359254722,5,163.19438850162445,327.34729013592005,17.030201288327987,42.308143403442934,False,32.1706142911728,34.81337444056651,-452.0284196715802,33.71460461928304,2026-03-22 06:45:14
2026-03-22 06:45:16.416831+00:00,4436499.208738162,3085010.843187024,3376224.9587591453,5,163.40075745626035,329.13345643877983,17.019115401922097,42.30738424875812,False,32.17036585095395,34.81361355077467,-399.17552357073873,31.86237010565736,2026-03-22 06:45:16
2026-03-22 06:45:18.416831+00:00,4436532.542212961,3085058.7669703616,3376228.9109043153,5,167.77541781539296,338.50116600468755,17.007992510453573,42.30661388093079,False,32.17013323241559,34.81382895792968,-350.74618745129555,29.255038040577222,2026-03-22 06:45:18
2026-03-22 06:45:20.416831+00:00,4436562.684707802,3085101.166042774,3376231.5574741066,5,68.34809819690204,152.47480725869536,10.413189381781335,31.055945411366217,False,32.16991837523781,34.81401558383052,-307.8993149707094,26.044460391340646,2026-03-22 06:45:20
2026-03-22 06:45:22.416831+00:00,4436591.205223255,3085140.659782882,3376233.5431761593,6,22.05901250785464,46.45318868756294,10.417728263493187,30.93913529584618,True,32.169712834337716,34.814186733849525,-267.93543504271656,24.37785020289161,2026-03-22 06:45:22
2026-03-22 06:45:24.416831+00:00,4436613.959540053,3085170.7754592323,3376232.8256428577,5,68.38978194048411,152.6087667942047,16.975149842253025,40.86203359657363,False,32.16953509914794,34.814311150341915,-237.9501304225996,18.87609433281232,2026-03-22 06:45:24
2026-03-22 06:45:26.416831+00:00,4436632.909706099,3085194.898103771,3376230.1242272346,5,65.66241474096276,146.45419931784272,10.423279829970753,31.055755474438776,False,32.16937364599448,34.81440642433363,-214.5610143756494,15.397308361039794,2026-03-22 06:45:26
2026-03-22 06:45:28.416831+00:00,4436648.343300093,3085213.526335895,3376225.3536202097,5,9.865674431646234,19.045721150934696,16.951094789683612,38.63075441510144,True,32.169225322523026,34.81447515624293,-197.3727082386613,12.328478687911982,2026-03-22 06:45:28
2026-03-22 06:45:30.416831+00:00,4436660.268546158,3085226.9634775007,3376218.168726514,6,23.064170104276435,55.58525685220957,10.431307853673156,30.941071829596197,True,32.16908662995704,34.81451993720958,-186.41666338033974,9.674592571140733,2026-03-22 06:45:30
2026-03-22 06:45:32.416831+00:00,4436668.936016407,3085235.8021795824,3376208.6354253218,5,75.16327478094423,167.78502298146486,16.930941017719643,40.84578917794955,False,32.168955458399815,34.8145444097194,-181.19726447574794,7.812354424564711,2026-03-22 06:45:32
2026-03-22 06:45:34.416831+00:00,4436674.546168526,3085240.51656294,3376196.7298276154,5,205.7525192079964,434.56938993930817,16.91873246645941,42.30049129592447,False,32.16882953523699,34.814551487663714,-181.358795825392,6.9900370883217455,2026-03-22 06:45:34
2026-03-22 06:45:36.416831+00:00,4436677.2593686655,3085241.8258832064,3376182.8085012124,5,84.73766411359338,189.19068263098598,10.440087369313432,31.05540565483107,False,32.16870897829776,34.81454646133077,-186.25237161666155,7.121781788614596,2026-03-22 06:45:36
2026-03-22 06:45:38.416831+00:00,4436677.203909747,3085240.305544889,3376167.3883299576,5,89.48771326338463,199.3491331525147,20.438537851360188,45.502344296757634,False,32.16859565006615,34.81453356288912,-195.23556085955352,7.747518728884255,2026-03-22 06:45:38
2026-03-22 06:45:40.416831+00:00,4436675.384621057,3085237.3070058073,3376151.9223853247,5,191.25195399158503,427.45797672867775,20.449578316232078,39.936347495316795,False,32.16849297716804,34.81451847394528,-206.18328298348933,7.9293204524747,2026-03-22 06:45:40
2026-03-22 06:45:42.416831+00:00,4436672.590631852,3085233.186100165,3376137.345277746,5,103.72428786796318,231.8819222152233,10.456211486633531,34.90366630057567,False,32.16840400808119,34.8144995151445,-217.87756106629968,7.701952745014117,2026-03-22 06:45:42
2026-03-22 06:45:44.416831+00:00,4436670.10746917,3085228.1673012725,3376124.560776173,5,44.957569277994764,99.2824001647532,20.832955588865072,36.9525696190645,False,32.168329959243486,34.81447085885526,-228.83534130640328,6.97850126633975,2026-03-22 06:45:44
2026-03-22 06:45:46.416831+00:00,4436668.978288818,3085222.4301877813,3376114.144063484,5,96.78967952651453,210.83280910924077,26.97102792721672,39.636149421238784,False,32.16827061726142,34.81442775377673,-237.93864752538502,5.972801326177408,2026-03-22 06:45:46
2026-03-22 06:45:48.416831+00:00,4436670.782967598,3085217.935841106,3376107.9303095206,5,7.5307050190784315,12.979995090514421,32.04459150609228,46.2011503920078,True,32.168228388123524,34.81437770734058,-242.16470933146775,3.939122867321923,2026-03-22 06:45:48
2026-03-22 06:45:50.416831+00:00,4436676.334309475,3085215.870384018,3376106.856563356,5,127.23268872325131,283.9633364342153,24.32082805342214,37.68657426201193,False,32.168203969811,34.81432612450003,-239.87653662450612,3.009835561832,2026-03-22 06:45:50
2026-03-22 06:45:52.416831+00:00,4436686.179561337,3085217.568087793,3376111.5089666485,5,205.7998308315834,459.9535243399441,10.48047792924238,34.06047898684539,False,32.16819602216745,34.81428130732728,-229.7369229560718,5.510354769647478,2026-03-22 06:45:52
2026-03-22 06:45:54.416831+00:00,4436699.999300776,3085222.721887366,3376121.3234659946,5,31.324879454331036,68.25026649981737,20.810162803072316,36.96350341095198,True,32.16820234012478,34.81424251652203,-212.41656319517642,8.858205879337712,2026-03-22 06:45:54
2026-03-22 06:45:56.416831+00:00,4436717.537989864,3085231.086130683,3376135.848818671,5,41.9320598119113,80.15020650625229,16.794429868993213,29.84354830162866,True,32.1682211595377,34.81420916062319,-188.45201210398227,12.130045873437435,2026-03-22 06:45:56
2026-03-22 06:45:58.416831+00:00,4436737.456536891,3085240.2013105005,3376152.6088997694,5,68.65088683737723,153.03993579745293,20.801321711590518,41.5955272049019,False,32.16824559854199,34.814167936077475,-161.28082617837936,13.790715510743512,2026-03-22 06:45:58
2026-03-22 06:46:00.416831+00:00,4436758.683668487,3085246.958952835,3376169.6228093645,5,58.2068984728063,129.6038289628923,20.796790235865576,41.59268330641271,False,32.16827327901432,34.81409826930299,-134.2043994795531,14.015437608360553,2026-03-22 06:46:00
2026-03-22 06:46:02.416831+00:00,4436779.661088231,3085248.9077083757,3376185.2256385395,5,46.58862431535442,103.17225033044815,22.781602650773788,40.543229183504366,False,32.1683043535959,34.81398825492124,-110.37677899096161,13.10818509129709,2026-03-22 06:46:02
2026-03-22 06:46:04.416831+00:00,4436799.2610939015,3085245.506592204,3376198.947439204,5,50.561216332812634,112.13490422815084,22.793766223361697,40.54279891859956,False,32.16834116297784,34.81384001006787,-91.09331739880145,12.083207634675786,2026-03-22 06:46:04
2026-03-22 06:46:06.416831+00:00,4436816.346957822,3085234.94078243,3376209.314077352,5,47.02082315125159,104.35459389910102,20.602731308876397,44.695941899570165,False,32.16838190951326,34.813644617879916,-78.80587602779269,11.302989301429713,2026-03-22 06:46:06
2026-03-22 06:46:08.416831+00:00,4436830.473030026,3085216.1163997324,3376215.692182588,5,13.264884913396822,29.142567805945873,10.494871660860007,29.9108384632844,True,32.16842651330767,34.813395253518834,-74.68997787684202,12.192041730704855,2026-03-22 06:46:08
2026-03-22 06:46:10.416831+00:00,4436841.460209787,3085189.2116199234,3376217.77379587,5,74.82159686069897,167.028167411685,16.720406041201162,40.76789757112128,False,32.168472840962615,34.81309455106879,-78.94789271336049,14.568102223070621,2026-03-22 06:46:10
2026-03-22 06:46:12.416831+00:00,4436850.081837437,3085155.7434657365,3376216.41821559,5,23.917216282461016,48.2912056222558,16.708561384483815,30.765523447848274,True,32.168520245148805,34.812751033582074,-89.85148680768907,17.29369398010068,2026-03-22 06:46:12
2026-03-22 06:46:14.416831+00:00,4436856.940646617,3085116.9153727987,3376212.3128804592,5,26.813262911999253,55.365117363631725,16.697440712343667,30.76208774642244,True,32.16856829870211,34.81237152717518,-106.03424490522593,19.821187155964815,2026-03-22 06:46:14
2026-03-22 06:46:16.416831+00:00,4436862.488424344,3085075.2779610986,3376207.2185705304,5,48.16170197810919,106.72414738312364,22.86643159965833,40.54006154322811,False,32.16862167041909,34.811975498944676,-125.0120849609375,21.15658221715623,2026-03-22 06:46:16
2026-03-22 06:46:18.416831+00:00,4436868.036202072,3085033.640549398,3376202.124260602,5,104.58779083290158,232.94283337518573,20.672297546081623,47.39381907345603,False,32.168675041214826,34.811579467897815,-143.98970095720142,21.156582217418364,2026-03-22 06:46:18
2026-03-22 06:46:20.416831+00:00,4436873.214837055,3084995.5602287934,3376198.3288950026,5,46.99530604290549,104.42203985899687,20.749834841934373,41.56453061434265,False,32.16873003212613,34.811216633032096,-160.8131552869454,19.30889612112779,2026-03-22 06:46:20
2026-03-22 06:46:22.416831+00:00,4436878.512779109,3084961.8392788307,3376195.8403135887,5,70.51022619862863,155.39189226552844,20.746249609790983,31.22900642606917,False,32.16878257864738,34.81089102252981,-174.75116556230932,17.112595462517785,2026-03-22 06:46:22
2026-03-22 06:46:24.416831+00:00,4436884.214476605,3084934.2703757505,3376195.3054450094,5,221.54519703223707,494.427512280643,32.16030059790295,45.86833209994497,False,32.16883158444282,34.810616521042455,-184.39538536034524,14.078706046501516,2026-03-22 06:46:24
2026-03-22 06:46:26.416831+00:00,4436890.652492566,3084914.312424719,3376197.202153436,5,22.41422478131688,34.42843063175678,16.631034509718926,30.74169566455215,True,32.168875387785214,34.810403816648524,-188.55534026864916,10.528121410670263,2026-03-22 06:46:26
2026-03-22 06:46:28.416831+00:00,4436898.013779144,3084901.693897541,3376201.8400313156,5,108.36471490262947,241.4246034771204,20.731020943743044,47.38822378931849,False,32.168916359462024,34.81024941488696,-187.06753090117127,7.663642727867832,2026-03-22 06:46:28
2026-03-22 06:46:30.416831+00:00,4436906.230546826,3084896.0489866305,3376209.3565945,5,62.137427325214624,138.45048566907644,20.726076516243033,41.550272579582355,False,32.16895681924694,34.81015054208616,-180.08265974372625,6.242575839197075,2026-03-22 06:46:30
2026-03-22 06:46:32.416831+00:00,4436915.264502627,3084897.0434438223,3376219.655716592,5,30.233257942130997,63.3866126164794,16.598170816810626,30.731739042224557,True,32.16899710048055,34.81010452046512,-167.84005877003074,6.867918505423401,2026-03-22 06:46:32
2026-03-22 06:46:34.416831+00:00,4436924.911651409,3084903.4484521835,3376232.105967384,5,78.54594294396563,175.49885464832187,10.538019443061984,34.97049445467056,False,32.16903655527894,34.810101887509134,-151.41149049717933,8.501475703027607,2026-03-22 06:46:34
2026-03-22 06:46:36.416831+00:00,4436934.895833345,3084914.256193996,3376246.2022027103,5,104.2986027178956,232.3011316768825,20.777985727264113,47.38372676945009,False,32.16907517851203,34.81013554119352,-131.7448343364522,10.1881674308129,2026-03-22 06:46:36
2026-03-22 06:46:38.416831+00:00,4436944.9400003245,3084927.535830043,3376260.98577815,5,111.20494726453033,247.8021646142006,20.789837443882796,47.38260292438459,False,32.169112036629876,34.810190349809616,-110.47605850640684,11.133150122847747,2026-03-22 06:46:38
2026-03-22 06:46:40.416831+00:00,4436954.921707002,3084941.6661401223,3376275.509055957,5,49.77916207580154,110.55179940909147,20.802453636908165,44.71489700771998,False,32.16914482204519,34.810252941348864,-88.9782092096284,11.294088380755635,2026-03-22 06:46:40
2026-03-22 06:46:42.416831+00:00,4436964.47044321,3084954.3741480615,3376288.436199511,5,52.67936554277127,117.0780157931149,20.814250481808152,44.716022066856006,False,32.169171028232846,34.81030577182996,-69.31837027426809,10.244301701374477,2026-03-22 06:46:42
2026-03-22 06:46:44.416831+00:00,4436973.17216178,3084963.8414729224,3376298.700759047,5,28.358403716492905,61.66426521912217,28.222073838843308,51.687540039926645,True,32.16918913075613,34.81033551830053,-53.2307907929644,8.22665376348633,2026-03-22 06:46:44
2026-03-22 06:46:46.416831+00:00,4436980.618079591,3084967.783091416,3376304.8382811137,5,98.75368762401182,219.85491251200438,20.836786047736773,47.37813330980218,False,32.169195825285925,34.810324763916924,-42.883459601551294,5.211698991326607,2026-03-22 06:46:46
2026-03-22 06:46:48.416831+00:00,4436986.6048374055,3084965.4589759973,3376306.2151823626,5,40.527303568566445,79.23166805878282,16.50774726631122,29.788740362286983,True,32.16918910541625,34.810268297703644,-39.11264063511044,3.284000558139269,2026-03-22 06:46:48
2026-03-22 06:46:50.416831+00:00,4436990.85879649,3084956.328889288,3376302.5053183236,5,67.40468299355025,137.02202266827226,16.495947460472987,29.786131164749342,False,32.1691690409145,34.810163072996644,-42.54320169892162,5.366976392772458,2026-03-22 06:46:50
2026-03-22 06:46:52.416831+00:00,4436993.461584516,3084940.911877225,3376294.025499846,5,55.63244530851346,123.86494113877416,20.67338863412243,41.51895462908896,False,32.16913630552654,34.810013113726384,-52.69889891985804,8.893341439916592,2026-03-22 06:46:52
2026-03-22 06:46:54.416831+00:00,4436994.743435692,3084919.642645315,3376281.080964964,5,17.88939259956007,29.663112957030535,16.477190538638684,30.694546204823645,True,32.16909073566856,34.809820204758864,-68.97761590685695,12.465796723482622,2026-03-22 06:46:54
2026-03-22 06:46:56.416831+00:00,4436995.13808524,3084894.650512338,3376265.0651771585,5,38.66679969957741,82.61057407036424,16.46632574104429,30.691198867231652,True,32.169035422023846,34.809600256275615,-89.30704176984727,14.843078504951025,2026-03-22 06:46:56
2026-03-22 06:46:58.416831+00:00,4436994.909554748,3084867.6507631037,3376247.230300558,5,22.821832533679885,44.74813925102353,16.45546018480578,30.687833799152134,True,32.168974180653954,34.80936660167183,-112.00813018810004,16.179628458862084,2026-03-22 06:46:58
2026-03-22 06:47:00.416831+00:00,4436994.380012839,3084840.0156254587,3376228.5442518285,5,28.53564206247804,58.61622183024883,16.444523163294622,30.684471301439107,True,32.1689093689884,34.8091292363311,-135.67854592669755,16.681948810092052,2026-03-22 06:47:00
2026-03-22 06:47:02.416831+00:00,4436993.779209645,3084812.8428816795,3376209.7295749513,5,23.44270059053545,46.15282420441508,16.433606523686816,30.681065346596284,True,32.16884258805692,34.80889632614669,-159.24345427844673,16.528089990637582,2026-03-22 06:47:02
2026-03-22 06:47:04.416831+00:00,4436993.290945275,3084787.8216073704,3376191.961268609,5,41.353549721701135,91.3441432416439,23.158384704779454,40.52878252329875,True,32.16877745346062,34.80868146277181,-181.13335834257305,15.346133718521536,2026-03-22 06:47:04
2026-03-22 06:47:06.416831+00:00,4436992.981808605,3084765.3636569595,3376175.730600902,5,17.189419778774084,35.19598385319114,23.170043165054583,42.00527157418444,True,32.16871632426733,34.80848782885045,-200.84142715111375,13.855411184404451,2026-03-22 06:47:06
2026-03-22 06:47:08.416831+00:00,4436993.016022091,3084745.7985139885,3376161.344982321,5,193.53597074185492,432.56511329859495,20.96541328608309,40.11979876744372,False,32.16865999692199,34.80831729908204,-217.93066517543048,12.142302211642102,2026-03-22 06:47:08
2026-03-22 06:47:10.416831+00:00,4436993.407136406,3084729.2171707703,3376148.707310453,5,58.82369793938068,98.4702716358006,20.977755345289495,40.70939839491503,False,32.16860742754684,34.8081705839101,-232.39940354321152,10.425985128121596,2026-03-22 06:47:10
2026-03-22 06:47:12.416831+00:00,4436993.696139222,3084715.153438127,3376136.8837540136,5,25.660145976693837,55.530935268849134,28.133775974185657,51.65855303706644,True,32.168554574881036,34.80804640328722,-245.28912679944187,9.187880405231615,2026-03-22 06:47:12
2026-03-22 06:47:14.416831+00:00,4436992.55161597,3084701.8845319063,3376123.7390816337,5,108.44064520625844,241.61292238160968,21.00135529704711,47.36205098939697,False,32.16849510959854,34.8079378177769,-259.4944774862379,9.356230781452169,2026-03-22 06:47:14
2026-03-22 06:47:16.416831+00:00,4436988.891721411,3084687.978106481,3376107.402298005,5,162.40023174895333,355.79114113003016,19.304090851847924,31.510258677285996,False,32.16842293940673,34.80783890569155,-277.4556115819141,10.882026415546981,2026-03-22 06:47:16
2026-03-22 06:47:18.416831+00:00,4436981.820032887,3084672.24599683,3376086.4358383873,5,87.5723220363258,194.86392935737967,21.02387317337412,50.23496621679663,False,32.16833388031826,34.807744748696095,-301.1350541524589,13.574797250192717,2026-03-22 06:47:18
2026-03-22 06:47:20.416831+00:00,4436970.637559389,3084653.8679769346,3376060.118285784,5,40.66566980645676,74.03186320140958,16.332992331430813,29.75454288535793,True,32.16822742836295,34.8076524365489,-331.7990340674296,16.995682568276788,2026-03-22 06:47:20
2026-03-22 06:47:22.416831+00:00,4436953.536544203,3084631.456680566,3376026.8242873736,5,26.253518690240615,52.200500033795834,16.32459580205814,30.647238714088054,True,32.16810210424987,34.807560832157435,-372.23970189411193,21.81284744975721,2026-03-22 06:47:22
2026-03-22 06:47:24.416831+00:00,4436935.044071602,3084607.957358957,3375992.0360272336,5,126.48771344260568,281.245751298964,16.315193110666172,30.91414226050687,False,32.16797383882967,34.8074681763527,-414.96871302928776,22.936939107947932,2026-03-22 06:47:24
2026-03-22 06:47:26.416831+00:00,4436913.705259824,3084582.3403131906,3375954.3321660124,5,12.5228932350833,24.938827477395535,32.36011628559439,46.0234957481308,True,32.16784033907569,34.8073743101291,-462.25152456760406,25.165249218182172,2026-03-22 06:47:26
2026-03-22 06:47:28.416831+00:00,4436890.234004566,3084555.1636998896,3375915.0544271115,5,131.081439009803,291.74057688191533,16.29348998045119,30.91064519422914,False,32.16770750336416,34.807279771751865,-512.6079185800627,26.609250774172814,2026-03-22 06:47:28
2026-03-22 06:47:30.416831+00:00,4436865.647333209,3084527.2412430095,3375875.840971834,5,56.50085844616693,125.84402690827847,20.580831830863172,41.46442423952455,False,32.16758159793756,34.80718548983776,-564.065684334375,27.02713026497818,2026-03-22 06:47:30
2026-03-22 06:47:32.416831+00:00,4436840.962521379,3084499.5259673707,3375838.404734334,5,50.95886910588439,113.39922101795673,20.576076313714726,41.461511493140605,False,32.167469077475346,34.80709360436823,-614.5453270729631,26.357865604973856,2026-03-22 06:47:32
2026-03-22 06:47:34.416831+00:00,4436817.4688133355,3084473.188059789,3375804.5006138217,5,55.60837617987209,123.8433642424643,20.571217617541475,41.45858018904746,False,32.16737504994903,34.807006500024855,-661.6510557597503,24.470027999146215,2026-03-22 06:47:34
2026-03-22 06:47:36.416831+00:00,4436794.617950882,3084447.528875743,3375772.4533270365,5,50.037999151751265,111.33325281366706,20.566445109114404,41.45564561550699,False,32.16729080232104,34.806921412818994,-706.9934331858531,23.49246810725719,2026-03-22 06:47:36
2026-03-22 06:47:38.416831+00:00,4436776.851134795,3084427.2716868916,3375749.417022176,5,77.18213493103576,172.3331786841154,16.23793474007992,40.587941257140095,False,32.16724049842643,34.8068525841252,-741.3945838576183,17.72487514523265,2026-03-22 06:47:38
2026-03-22 06:47:40.416831+00:00,4436764.7142749475,3084412.1097029923,3375733.842035903,5,45.006625982181426,100.02400535717607,20.556649100401724,41.44978794939732,False,32.16721099660977,34.806794039358856,-765.4483575867489,12.447583300755648,2026-03-22 06:47:40
2026-03-22 06:47:42.416831+00:00,4436759.527373871,3084402.3069600235,3375726.0475994824,5,45.88649950178247,102.00507555529475,20.551914337966988,41.44682701150765,False,32.167198806588935,34.80674008830724,-777.939764550887,6.777738406152942,2026-03-22 06:47:42
2026-03-22 06:47:44.416831+00:00,4436762.35801494,3084398.0746867666,3375726.266998862,5,42.20597468160534,93.72442315891385,20.547045377630205,41.44395103282857,True,32.16720092161622,34.80668610872086,-777.9005257608369,2.548175909971722,2026-03-22 06:47:44
2026-03-22 06:47:46.416831+00:00,4436774.020914273,3084399.412712165,3375734.6647637337,5,112.51187265290876,244.30407613888383,27.590958170186312,39.74827397050488,False,32.167215386190804,34.80662716835413,-764.67686486803,7.2169243390553275,2026-03-22 06:47:46
2026-03-22 06:47:48.416831+00:00,4436794.45121602,3084405.418419091,3375750.6086385115,5,42.351010376588626,94.05480294674635,20.537427807490065,41.4381062150036,True,32.16724010274554,34.80655580175297,-739.0865985704586,13.301060935649815,2026-03-22 06:47:48
2026-03-22 06:47:50.416831+00:00,4436822.801528769,3084415.9781167456,3375772.962968285,5,110.70667932086184,240.2559674270451,27.61196599584464,39.75194933651737,False,32.16727005328459,34.80647614838534,-702.3782461313531,18.808000339938506,2026-03-22 06:47:50
2026-03-22 06:47:52.416831+00:00,4436860.118589827,3084432.6845752737,3375802.5012632958,5,148.651774373615,237.17968951910734,32.44342006165508,45.847118274923375,False,32.16730265066841,34.80639574039882,-652.64285853412,25.219930980804275,2026-03-22 06:47:52
2026-03-22 06:47:54.416831+00:00,4436899.106501005,3084450.2571699256,3375833.270287265,5,0.6903490852000785,1.257243562489748,16.147903950741473,35.033646894531714,True,32.167335682183044,34.80631276177288,-600.6724051898345,26.341915917570283,2026-03-22 06:47:54
2026-03-22 06:47:56.416831+00:00,4436941.238331962,3084469.7201823336,3375866.337215586,5,152.72336127484286,256.2407751567662,32.45673597607739,45.84588267625462,False,32.1673686801412,34.806227214691496,-544.3799587339163,28.492638437111342,2026-03-22 06:47:56
2026-03-22 06:47:58.416831+00:00,4436984.336987808,3084489.167992374,3375899.884846947,5,49.188704254594064,109.44266552850604,20.512809322202724,41.423279491376796,False,32.16740157728157,34.80613568533779,-487.1669320650399,28.987734565808566,2026-03-22 06:47:58
2026-03-22 06:48:00.416831+00:00,4437026.280411286,3084506.9032589328,3375932.117634367,5,45.237963536570014,100.56227882578969,20.507974077897284,41.42035517338634,False,32.167433683913764,34.80603623997803,-432.2843175204471,27.89598106281362,2026-03-22 06:48:00
2026-03-22 06:48:02.416831+00:00,4437064.980425317,3084521.3346551787,3375961.3880141675,5,44.435145488277975,98.75812916830182,20.503053661415674,41.41738791689661,False,32.167465016036026,34.80592766262834,-382.82954843714833,25.311615007887774,2026-03-22 06:48:02
2026-03-22 06:48:04.416831+00:00,4437101.936188398,3084533.889101493,3375989.075011986,5,52.039407189777926,115.85167158395052,20.49808747754306,41.414418827870826,False,32.16749628041724,34.80581330277711,-336.3369878893718,23.926514556859924,2026-03-22 06:48:04
2026-03-22 06:48:06.416831+00:00,4437130.212993039,3084538.9636510788,3376009.4219617844,5,140.1041137903941,312.69388162344694,16.08429449864399,30.876152953855716,False,32.1675262250856,34.8056863509676,-303.39864136092365,17.602038946518732,2026-03-22 06:48:06
2026-03-22 06:48:08.416831+00:00,4437152.206178505,3084538.1456738585,3376024.6347537846,5,53.676182459262144,119.53019868955016,20.48833894798011,41.4084479662841,False,32.167557896378796,34.805546129465334,-280.40823343396187,13.377203875670576,2026-03-22 06:48:08
2026-03-22 06:48:10.416831+00:00,4437168.620921953,3084531.0850712927,3376035.1141855754,5,129.12942812652457,288.1127466596663,16.06204974021727,30.872359601658047,False,32.16759253346619,34.805385322261934,-266.831394540146,10.357538338113649,2026-03-22 06:48:10
2026-03-22 06:48:12.416831+00:00,4437180.067690486,3084518.47048695,3376041.33073531,5,50.725262543544474,112.90597148239613,20.47848852265928,41.40250810430603,False,32.16762943406812,34.80520622944916,-261.66058983374387,9.066445535553928,2026-03-22 06:48:12
2026-03-22 06:48:14.416831+00:00,4437185.414961781,3084500.6206256123,3376042.382043919,5,45.117518527845476,100.3034844994545,20.473695897937727,41.399612892758626,False,32.167665297141,34.80501847262415,-266.008703189902,9.331614408497174,2026-03-22 06:48:14
2026-03-22 06:48:16.416831+00:00,4437185.801565879,3084478.5679132133,3376039.226239588,5,30.216916465988362,58.00288064777851,16.027746663673458,30.555024520658275,True,32.167700118004376,34.804824147074086,-278.0752390474081,11.140362290547904,2026-03-22 06:48:16
2026-03-22 06:48:18.416831+00:00,4437182.1733108405,3084454.107012903,3376032.779664944,5,58.34704514575601,128.68923818320036,16.032366267198103,29.91846329115905,False,32.16773224498951,34.80463315230632,-295.84782849345356,12.777501743927328,2026-03-22 06:48:18
2026-03-22 06:48:20.416831+00:00,4437172.589745239,3084428.2290088697,3376021.8829716803,5,110.78957437750037,240.4816206842661,24.47400835790946,37.89937856903604,False,32.167757761726165,34.80446585927566,-320.8135894825682,14.834535267847778,2026-03-22 06:48:20
2026-03-22 06:48:22.416831+00:00,4437155.463763898,3084401.4649201073,3376005.533761109,5,205.49394777589902,450.5997457243502,27.90719444529987,44.61125592861079,False,32.16777381779997,34.80433649557786,-354.3527849987149,17.866955325942886,2026-03-22 06:48:22
2026-03-22 06:48:24.416831+00:00,4437134.347897862,3084375.723518608,3375986.6149321944,5,41.56839089727691,91.68712066859007,23.644903176542574,36.92254298871379,True,32.167783184619296,34.80424017995752,-391.5391188701615,19.146942556886525,2026-03-22 06:48:24
2026-03-22 06:48:26.416831+00:00,4437110.545345369,3084351.996210377,3375966.1915225335,5,112.90132986129198,251.39002422615886,21.4227153762597,45.4521460925799,False,32.16778613789614,34.804177657391044,-430.42077205423266,19.663813994589127,2026-03-22 06:48:26
2026-03-22 06:48:28.416831+00:00,4437085.066186086,3084332.098590938,3375945.0675811595,5,2.645493181466575,3.406346034258604,20.440694798842717,32.397127577402514,True,32.16777985774799,34.804158622422165,-468.9903952302411,19.3088303391705,2026-03-22 06:48:28
2026-03-22 06:48:30.416831+00:00,4437061.549046187,3084317.9409705773,3375925.7787697115,5,321.36905115636347,633.8954112790525,23.705009682741952,42.04130562840603,False,32.16776412091352,34.8041776867632,-502.4459581617266,16.774626153863597,2026-03-22 06:48:30
2026-03-22 06:48:32.416831+00:00,4437045.113500175,3084311.337427244,3375912.32586172,5,93.9267418609926,157.49102933704853,27.844189350660685,38.584636170223675,False,32.167744314195666,34.80421966141496,-524.2225438542664,11.121091343544988,2026-03-22 06:48:32
2026-03-22 06:48:34.416831+00:00,4437034.4442149075,3084312.130834769,3375903.53115547,5,79.02585345754459,176.5091359578073,15.927464322883148,41.322488672195206,False,32.16771706317084,34.80429113869881,-535.9373091151938,6.924774394285024,2026-03-22 06:48:34
2026-03-22 06:48:36.416831+00:00,4437028.488923875,3084320.195492217,3375898.510643558,5,87.19424737403635,194.0673201046884,21.47902428868171,50.29324279559575,False,32.16768011225396,34.804397392284464,-538.8530108844861,5.606017545732575,2026-03-22 06:48:36
2026-03-22 06:48:38.416831+00:00,4437029.142745625,3084334.9250861043,3375898.527572186,5,4.911802748038775,6.319932997226715,20.416724945365303,32.41107390699974,True,32.167637295522795,34.80452167385232,-531.2728078654036,7.372053742842241,2026-03-22 06:48:38
2026-03-22 06:48:40.416831+00:00,4437037.78831044,3084355.7470975434,3375904.592538315,5,12.849542640754917,24.79358922690153,27.858256186750154,51.566514175095065,True,32.167592446298706,34.80465063063362,-511.9742598859593,11.673535941222783,2026-03-22 06:48:40
2026-03-22 06:48:42.416831+00:00,4437050.618596142,3084380.768370239,3375913.5443841727,5,106.11453129410519,236.42427827045321,21.514688537694607,47.31096413045585,False,32.16754162945691,34.80479081983102,-486.20116179808974,14.75479466785801,2026-03-22 06:48:42
2026-03-22 06:48:44.416831+00:00,4437066.796658554,3084409.1490519396,3375924.861580296,5,15.187831667464554,30.67185888066888,27.84618235670692,51.56242340365757,True,32.1674864650678,34.804939994218756,-455.21867804881185,17.286351012328637,2026-03-22 06:48:44
2026-03-22 06:48:46.416831+00:00,4437085.685421263,3084438.876759146,3375938.0530730016,5,5.209114421683615,7.260008219629526,15.863133360016338,30.50303529268478,True,32.167431231284475,34.80508448912906,-420.70336067676544,18.805168253777055,2026-03-22 06:48:46
2026-03-22 06:48:48.416831+00:00,4437103.803841172,3084467.480461019,3375950.7364389286,5,30.41467967987263,54.99750833213329,15.852894195421415,30.500003738485606,True,32.167378236275646,34.805223858908434,-387.5370495021343,18.078417187961424,2026-03-22 06:48:48
2026-03-22 06:48:50.416831+00:00,4437117.919125767,3084493.0149724344,3375960.2817482026,5,38.84344349438313,74.83221036568284,15.841931326027872,30.496581153325042,True,32.1673254786847,34.80536073388001,-360.30673451535404,15.348985809895455,2026-03-22 06:48:50
2026-03-22 06:48:52.416831+00:00,4437128.738271432,3084514.812513903,3375967.2384906546,5,10.683995096922924,14.958595547825098,15.830544451487334,30.49274854466783,True,32.167276196086405,34.805485022259,-338.5511256111786,12.65487052997176,2026-03-22 06:48:52
2026-03-22 06:48:54.416831+00:00,4437136.826875271,3084532.3353933543,3375971.9904116667,5,38.26712318680574,72.9061875231564,15.820156604900097,30.489695214859427,True,32.16723256170048,34.80558862059148,-321.9326065238565,9.938027591604513,2026-03-22 06:48:54
2026-03-22 06:48:56.416831+00:00,4437142.679379463,3084546.470082716,3375974.830135019,5,25.911932501259436,42.85033504664898,15.809222347718938,30.486190815518903,True,32.16719243064123,34.805676254382306,-309.5234107710421,7.779866280800342,2026-03-22 06:48:56
2026-03-22 06:48:58.416831+00:00,4437146.958266882,3084557.9556030827,3375976.0214090506,5,24.65110304810756,39.46467312052846,15.798207095307541,30.482687876946972,True,32.167153179253624,34.805750348328004,-300.36558829341084,6.157215065556056,2026-03-22 06:48:58
2026-03-22 06:49:00.416831+00:00,4437150.648836823,3084567.4944155263,3375976.4532599524,5,26.347495256817684,43.38433754816651,15.787388503732297,30.47932885603965,True,32.16711578487417,34.80581105507313,-292.9615849070251,5.118489633791193,2026-03-22 06:49:00
2026-03-22 06:49:02.416831+00:00,4437153.950551158,3084575.5205886913,3375976.069701201,5,41.987218599277924,93.30198496952653,20.357711993375997,41.327993840136344,True,32.16707784414928,34.80586094645599,-286.992841408588,4.343612855075122,2026-03-22 06:49:02
2026-03-22 06:49:04.416831+00:00,4437157.022979389,3084582.3848459744,3375974.8342823805,5,116.2664055823918,259.37459106743336,15.766997103572303,30.822062483742865,False,32.16703748855482,34.805902110120655,-282.19839386828244,3.8106463672440785,2026-03-22 06:49:04
2026-03-22 06:49:06.416831+00:00,4437160.052798256,3084588.4048297442,3375972.7775411434,5,44.853009835800144,99.38287203758955,21.654709029660225,44.78819941271041,False,32.1669933447581,34.80593618164035,-278.2787563716993,3.5231445994637616,2026-03-22 06:49:06
2026-03-22 06:49:08.416831+00:00,4437163.048529632,3084593.749394704,3375969.9543961645,5,9.323853864380652,13.210090283304453,15.744328126454018,30.465637209666625,True,32.166945335653516,34.80596457945572,-275.1171802682802,3.3730152927197805,2026-03-22 06:49:08
2026-03-22 06:49:10.416831+00:00,4437165.920482725,3084598.351566706,3375966.454746049,5,137.57313349062926,244.4421328306198,15.734452489931492,42.20347580648807,False,32.16689468465435,34.805987263340164,-272.76050486043096,3.2278341279731215,2026-03-22 06:49:10
2026-03-22 06:49:12.416831+00:00,4437167.3727456825,3084600.9664786127,3375960.4170501702,5,80.71618460415792,180.30605015531182,15.72070857653558,41.311963711741946,False,32.166835701090605,34.80600123873996,-273.70201501622796,3.3689984973956997,2026-03-22 06:49:12
2026-03-22 06:49:14.416831+00:00,4437166.106086281,3084600.5174061432,3375950.3411621586,5,60.08429144237016,95.01240663230419,18.544546487845476,31.17348425030094,False,32.16676500537144,34.80600499498579,-280.16365576256067,5.0825586898799795,2026-03-22 06:49:14
2026-03-22 06:49:16.416831+00:00,4437160.947654179,3084596.129782334,3375934.936586569,5,44.090742251546644,96.32425675168633,15.70053583236464,30.45162266024017,False,32.166679765984625,34.80599801642345,-294.07023303955793,8.413703309720148,2026-03-22 06:49:16
2026-03-22 06:49:18.416831+00:00,4437151.099988623,3084587.1857443294,3375913.0469123707,5,2.2845959397468953,4.227168753743172,15.689497214154507,35.02800857648549,True,32.16657599142378,34.805979750274304,-316.8902132594958,12.80751897572824,2026-03-22 06:49:18
2026-03-22 06:49:20.416831+00:00,4437136.029943518,3084573.3570916103,3375883.8230230734,5,6.612072361086648,12.23873170092702,15.678688106349906,35.02783494354464,True,32.166450199995424,34.80595056575185,-349.6047857096419,17.835173121748923,2026-03-22 06:49:20
2026-03-22 06:49:22.416831+00:00,4437114.773100922,3084554.0065141693,3375845.888662002,5,2.8792780178637716,4.319904666393995,15.668182477464896,28.32978149901141,True,32.166297432673694,34.8059107509992,-393.92488732375205,23.79765720802203,2026-03-22 06:49:22
2026-03-22 06:49:24.416831+00:00,4437092.196962272,3084533.419424317,3375805.7255303757,5,0.5492453634213613,0.7044950760900974,20.30233988784741,32.474774045470426,True,32.16613623786371,34.80586815540606,-440.9459394114092,25.231862034798457,2026-03-22 06:49:24
2026-03-22 06:49:26.416831+00:00,4437066.94722854,3084510.2589439033,3375761.0752544645,6,30.763602060585924,67.97277319431305,24.027235845890452,42.170041344513315,True,32.16595837673145,34.80581933650218,-493.4575127540156,28.14073580006315,2026-03-22 06:49:26
2026-03-22 06:49:28.416831+00:00,4437040.415828005,3084485.618737898,3375713.567023837,5,176.82150836133854,350.6675685495138,32.74538164097002,40.76178513606043,False,32.16576780170172,34.80576539137675,-549.096334609203,29.866732930049412,2026-03-22 06:49:28
2026-03-22 06:49:30.416831+00:00,4437013.860205341,3084460.355346987,3375664.710313729,5,23.94653216792379,50.88154147937894,24.05193169682857,42.039221449999935,True,32.16556873164048,34.805706166717094,-605.770919165574,30.538574532781407,2026-03-22 06:49:30
2026-03-22 06:49:32.416831+00:00,4436988.9092713175,3084435.734816285,3375616.793414085,5,377.8416272912952,844.8179618418217,15.621439706928644,35.67201308616574,False,32.16536874504784,34.805642826265,-660.5191119899973,29.684797928334536,2026-03-22 06:49:32
2026-03-22 06:49:34.416831+00:00,4436966.901672346,3084412.786299399,3375571.8910866096,5,50.99402354775909,113.5354354120791,20.275501409322736,38.8068910563788,False,32.165175584381245,34.80557622821774,-710.8086615409702,27.50994298654576,2026-03-22 06:49:34
2026-03-22 06:49:36.416831+00:00,4436948.874624309,3084392.351510507,3375531.778274409,5,139.9320771238841,287.77806521207094,24.089177443633353,47.730210261076934,False,32.16499640563114,34.80550742331929,-754.5670231180266,24.24661193140526,2026-03-22 06:49:36
2026-03-22 06:49:38.416831+00:00,4436932.903598664,3084373.2045671837,3375494.1519712918,5,8.671072588862142,11.466783817857504,24.10284984333333,40.393354718091075,True,32.16482457340797,34.805437386550736,-794.9502500332892,22.56888225546842,2026-03-22 06:49:38
2026-03-22 06:49:40.416831+00:00,4436923.509750995,3084358.289525832,3375465.481551935,5,3.688398587298677,6.160397555679083,32.78749718563011,47.66122066598195,True,32.16468358855248,34.80536438670582,-823.9492774698883,16.82777301556789,2026-03-22 06:49:40
2026-03-22 06:49:42.416831+00:00,4436917.579795161,3084345.4252473423,3375441.883825867,5,236.21607583380688,528.1276884004474,15.548358964152225,36.613014136232984,False,32.16456205574439,34.80528827674198,-846.8492261273786,13.761419919739298,2026-03-22 06:49:42
2026-03-22 06:49:44.416831+00:00,4436914.388860299,3084334.168447976,3375422.7254574015,5,32.60369584463409,72.19413953647017,20.250258528696147,41.26479429465853,True,32.16445921262793,34.80520958451397,-864.705296099186,11.224311554910575,2026-03-22 06:49:44
2026-03-22 06:49:46.416831+00:00,4436913.297899684,3084324.3593192226,3375407.325705485,5,99.45955670632901,220.49521117657423,18.335598515041106,37.87453676303716,False,32.16437281949909,34.805130786429274,-878.4012956079096,9.14551202851788,2026-03-22 06:49:46
2026-03-22 06:49:48.416831+00:00,4436913.718558674,3084315.887483739,3375395.0937171206,5,71.98102780235645,160.32577497512102,21.900294141211617,39.83892412745853,False,32.164300987497555,34.805054482439495,-888.714059451595,7.442622014387592,2026-03-22 06:49:48
2026-03-22 06:49:50.416831+00:00,4436915.153821627,3084308.665631916,3375385.265276366,5,39.453817427334286,87.64057817682624,20.234814790782014,41.25566836232931,True,32.164240080725364,34.80498292050727,-896.4380765128881,6.1403047799847865,2026-03-22 06:49:50
2026-03-22 06:49:52.416831+00:00,4436917.194528935,3084302.6244122027,3375377.10194281,5,99.61915418603316,221.01398933306336,18.29692881250863,37.865382183323604,False,32.16418626442523,34.804917973199395,-902.2843681266531,5.179305857942803,2026-03-22 06:49:52
2026-03-22 06:49:54.416831+00:00,4436919.6230216725,3084297.708343358,3375370.0554349213,5,59.58468465682706,129.7744510397315,15.493465478208714,29.584458577085904,False,32.16413636267193,34.804860474829404,-906.7229128219187,4.464263189359905,2026-03-22 06:49:54
2026-03-22 06:49:56.416831+00:00,4436922.621213953,3084293.7002834096,3375363.6916615246,5,33.44649953490571,74.10825431719422,20.219518863098216,41.246518218148964,True,32.16408693911515,34.804807433957734,-909.9632737385109,4.048188278234459,2026-03-22 06:49:56
2026-03-22 06:49:58.416831+00:00,4436926.345725153,3084290.444602915,3375357.7520806314,5,31.189506831316617,69.01372968032956,20.214509813951548,41.24344377147308,True,32.16403582885628,34.804756547774595,-912.1094191409647,3.864908160114832,2026-03-22 06:49:58
2026-03-22 06:50:00.416831+00:00,4436931.362331628,3084288.894478663,3375352.236795333,5,100.83851327116658,223.86890110373497,18.245746832120602,37.85337379506113,False,32.16397818998887,34.80471269082633,-912.3074728231877,3.8074794039312705,2026-03-22 06:50:00
2026-03-22 06:50:02.416831+00:00,4436938.123654467,3084289.8129482167,3375347.188358903,5,31.894499353631264,70.61034613102674,20.204425050545858,41.23736793962737,True,32.16391047194298,34.804679767084764,-909.8514838609844,4.243989374620956,2026-03-22 06:50:02
2026-03-22 06:50:04.416831+00:00,4436947.032994169,3084293.8145308825,3375342.645348008,5,27.90888090188187,61.598255418241024,20.199427138152895,41.23422417022859,True,32.16382969530061,34.80466068594395,-904.143659748137,5.385813442419198,2026-03-22 06:50:04
2026-03-22 06:50:06.416831+00:00,4436958.0607335,3084301.383450035,3375338.684884136,5,26.077408725231248,57.44777001440525,20.19444645412698,41.23115055924253,True,32.16373523880556,34.804659842394905,-894.9295587493107,6.974683612381699,2026-03-22 06:50:06
2026-03-22 06:50:08.416831+00:00,4436971.209510601,3084312.903669675,3375335.3261936805,5,36.18185383177661,58.79239843040705,15.420157903100343,30.362168254161617,True,32.16362618682189,34.804680563222405,-882.0115795973688,8.90065448975458,2026-03-22 06:50:08
2026-03-22 06:50:10.416831+00:00,4436986.040955126,3084327.604184526,3375332.5439414503,5,109.36262950999651,243.99733905866742,15.410662853467972,30.759509530176352,False,32.16350618729397,34.80471878867406,-866.0804427629337,10.533491954997226,2026-03-22 06:50:10
2026-03-22 06:50:12.416831+00:00,4437001.752342843,3084343.8051066147,3375330.273634003,5,39.29176285254751,62.58912402763963,15.398419038372417,30.355235428075673,True,32.16338251627812,34.804764751201155,-848.5401341412216,11.340986249312483,2026-03-22 06:50:12
2026-03-22 06:50:14.416831+00:00,4437017.3413403155,3084360.1489691124,3375328.442168536,5,11.203621810733505,21.19111781194806,32.89929134982929,45.706770739462385,True,32.16326228727132,34.804812698514446,-830.782188007608,11.330191407087709,2026-03-22 06:50:14
2026-03-22 06:50:16.416831+00:00,4437031.995986489,3084375.5035312576,3375326.9448026507,5,92.5408737889922,206.0476668216288,18.144185831925082,37.82959130247244,False,32.16315100431687,34.80485768717858,-813.9738366296515,10.639118122813306,2026-03-22 06:50:16
2026-03-22 06:50:18.416831+00:00,4437044.785570984,3084388.963000442,3375325.7164709223,5,17.088780039827576,37.463857881724834,18.13337195298688,34.88259956366459,True,32.1630543218384,34.804897464012306,-799.2343209516257,9.303757051797584,2026-03-22 06:50:18
2026-03-22 06:50:20.416831+00:00,4437054.965525491,3084399.8027425804,3375324.7033665194,5,16.22824331617162,35.50107463821769,18.120464855306842,34.88022847846314,True,32.16297674986397,34.804930226538026,-787.4599724467844,7.452480525523756,2026-03-22 06:50:20
2026-03-22 06:50:22.416831+00:00,4437061.790288984,3084407.425088327,3375323.8804726303,5,6.996194809717991,11.03821199759841,20.153495879941133,37.23233452546704,True,32.16292267418126,34.804955283662515,-779.4711397252977,5.1321220212244905,2026-03-22 06:50:22
2026-03-22 06:50:24.416831+00:00,4437065.037729485,3084411.36186554,3375323.2510577715,5,10.141396906448293,18.292391695082188,32.93140894326963,45.68744923948191,True,32.16289427822947,34.804969903917105,-775.6467098491266,2.571004069351245,2026-03-22 06:50:24
2026-03-22 06:50:26.416831+00:00,4437064.552581834,3084411.272507582,3375322.8177367584,5,18.182871407926626,37.771138451993465,20.14311941673737,37.23583993874608,True,32.16289312724735,34.8049720620549,-776.2577781220898,0.32829871635594526,2026-03-22 06:50:26
2026-03-22 06:50:28.416831+00:00,4437061.081363661,3084407.9622414866,3375322.53953633,5,9.27650673474143,15.818880908191204,32.944341894897406,45.679740017435634,True,32.16291375884733,34.80496425050397,-780.4181792447343,2.402322454435606,2026-03-22 06:50:28
2026-03-22 06:50:30.416831+00:00,4437055.673317027,3084403.1378365024,3375322.385432369,5,26.189643986053913,57.73005773127079,20.13384775146895,41.19391757531078,True,32.16294712266909,34.80495497842129,-786.5904109301046,3.6244171903081672,2026-03-22 06:50:30
2026-03-22 06:50:32.416831+00:00,4437049.736462702,3084399.232167277,3375322.331305423,5,33.349358813354726,73.92194591462612,20.12875794629172,41.19076797952869,True,32.16298081683571,34.804956905183744,-792.6330651696771,3.5532879528491006,2026-03-22 06:50:32
2026-03-22 06:50:34.416831+00:00,4437044.407311609,3084399.0368002043,3375322.3515519598,5,32.04003258926286,70.96922785788774,20.12375562930647,41.18766870994631,True,32.163002515436496,34.804987456183625,-796.420934013091,2.6663847053493366,2026-03-22 06:50:34
2026-03-22 06:50:36.416831+00:00,4437040.702330852,3084403.934699241,3375322.4069606634,5,31.435167204662577,69.60545793175697,20.118661599437537,41.18456638465125,True,32.16300412199593,34.805052519929205,-796.600115576759,3.070804760528348,2026-03-22 06:50:36
2026-03-22 06:50:38.416831+00:00,4437038.845105896,3084413.954555211,3375322.4904991016,5,28.392686591393726,62.72998409718275,20.11360578891578,41.181407230757756,True,32.16298462272011,34.805150992916076,-793.0050690239295,5.09543366331536,2026-03-22 06:50:38
2026-03-22 06:50:40.416831+00:00,4437039.164411501,3084429.1372828456,3375322.5785126733,5,25.168657273302525,55.424382988363504,20.108545436258503,41.17830693706502,True,32.16294242878409,34.805281241279474,-785.4000726873055,7.593169971757021,2026-03-22 06:50:40
2026-03-22 06:50:42.416831+00:00,4437042.042341413,3084449.52870437,3375322.6287957327,5,25.299706656288933,55.72442730143666,20.10342794522255,41.17515365322144,True,32.1628755861631,34.80544135100795,-773.5198408933356,10.296784458601191,2026-03-22 06:50:42
2026-03-22 06:50:44.416831+00:00,4437047.6763634775,3084474.3173415414,3375322.623857924,5,112.45736959604095,250.25144224613905,17.96599144620561,37.78714751576582,False,32.162785406831,34.805623061694405,-757.6285032248124,12.710416612227473,2026-03-22 06:50:44
2026-03-22 06:50:46.416831+00:00,4437055.515259263,3084502.6237512315,3375322.574743419,5,109.58558902134064,244.11228344216943,17.953382640662806,37.784156163420676,False,32.162676558367224,34.805822052332445,-738.5282457424328,14.685907606564102,2026-03-22 06:50:46
2026-03-22 06:50:48.416831+00:00,4437065.210944008,3084533.744378935,3375322.8289470403,5,8.37890970258119,13.248908817768097,20.087487884541627,37.25653551779196,True,32.162554994334755,34.80603430391705,-716.6159731568769,16.29849986058379,2026-03-22 06:50:48
2026-03-22 06:50:50.416831+00:00,4437075.883015564,3084566.0358313583,3375323.6807388067,5,8.751651774357203,13.840720221400261,20.082318617068143,37.25837695860933,True,32.162430935837406,34.80625083721431,-693.1410754639655,17.00997178203078,2026-03-22 06:50:50
2026-03-22 06:50:52.416831+00:00,4437086.741385479,3084597.3663103534,3375325.371842701,5,101.44198342528037,226.04744840413332,17.91530870340172,37.77506496596986,False,32.16231518503524,34.80645787495785,-669.5541615402326,16.60092575484288,2026-03-22 06:50:52
2026-03-22 06:50:54.416831+00:00,4437096.961604946,3084625.8029862186,3375328.0793637447,5,11.399426173309097,20.647073946893215,20.072032182678473,37.262064593728546,True,32.162217640745666,34.80664358052183,-647.2680019224063,15.169278908496938,2026-03-22 06:50:54
2026-03-22 06:50:56.416831+00:00,4437106.47370313,3084650.877275536,3375331.9386779917,5,18.616828705780208,40.49095929041505,20.067666678633625,41.15331017190113,True,32.162140896318675,34.80680429862109,-626.485623639077,13.547087353758606,2026-03-22 06:50:56
2026-03-22 06:50:58.416831+00:00,4437115.121690141,3084672.214311569,3375336.3807673184,5,97.59792076047363,217.62788109853864,17.877007297445434,37.76584181776458,False,32.162082249401536,34.80693771044492,-607.7995188469067,11.723789314968867,2026-03-22 06:50:58
2026-03-22 06:51:00.416831+00:00,4437122.702130577,3084689.5142009305,3375340.9504172266,5,106.51911732800498,237.60902102664113,17.864112829359545,37.76269981144678,False,32.16203984811837,34.80704243698724,-591.7383455215022,9.716364410113124,2026-03-22 06:51:00
2026-03-22 06:51:02.416831+00:00,4437129.13804285,3084703.35411242,3375345.267181956,5,75.46505727369032,168.52750144898891,15.12845725319516,40.15922027849725,False,32.16200950950779,34.80712396908032,-578.2792450953275,7.9309295572903284,2026-03-22 06:51:02
2026-03-22 06:51:04.416831+00:00,4437134.462566124,3084712.309548595,3375348.9382437477,5,107.78582578957247,240.48115353286266,17.838174487295728,37.756306483206565,False,32.16199200746199,34.80716970565096,-568.2966453135014,5.523293398210209,2026-03-22 06:51:04
2026-03-22 06:51:06.416831+00:00,4437138.609321749,3084715.2409115015,3375351.31068891,5,112.39012471363519,250.73274886235595,17.825071333978364,37.75303208919648,False,32.161985741655876,34.807170128062964,-562.7349279327318,2.80254200449349,2026-03-22 06:51:06
2026-03-22 06:51:08.416831+00:00,4437141.532330047,3084711.236522778,3375352.2008459745,5,1.0336135476957222,1.52797045186162,3.7867838028706595,27.238281106174167,True,32.161991989346824,34.80711757819472,-562.1643670871854,2.5185058150381328,2026-03-22 06:51:08
2026-03-22 06:51:10.416831+00:00,4437143.273450768,3084699.567039733,3375351.4617777662,5,106.52136857311599,237.70558557659388,15.086391904407066,30.700684068415928,False,32.16201146231453,34.80700545333868,-566.9865049449727,5.910891593476221,2026-03-22 06:51:10
2026-03-22 06:51:12.416831+00:00,4437143.780404975,3084679.648988215,3375348.9922087053,5,26.36120386739534,58.164552833884954,20.02479856287258,41.128431346661344,True,32.16204519227573,34.80682898997455,-577.5735061569139,10.03848283096049,2026-03-22 06:51:12
2026-03-22 06:51:14.416831+00:00,4437143.402902459,3084655.248574934,3375345.2429742753,5,202.66718055436112,452.87469600886106,33.23430291640947,52.569192185544196,False,32.16208492185061,34.80661885743321,-591.6223673755303,12.344831258826137,2026-03-22 06:51:14
2026-03-22 06:51:16.416831+00:00,4437142.560245319,3084629.3787652613,3375341.252061828,5,190.31793733670835,425.3603317402303,27.366032275824363,41.87130315270461,False,32.162128666367934,34.80639874698416,-606.8331664698198,13.09469840926073,2026-03-22 06:51:16
2026-03-22 06:51:18.416831+00:00,4437143.5533183245,3084605.009901806,3375337.8498612447,5,25.659870629677805,42.134122896939516,15.040297825113141,43.914675780647705,True,32.16216555594838,34.806180592178535,-619.7292480645701,12.31262227264452,2026-03-22 06:51:18
2026-03-22 06:51:20.416831+00:00,4437149.345239517,3084585.76806172,3375335.6665153904,5,6.001435399166463,11.332687348127365,20.003399062538804,41.11609670510474,True,32.162178784331175,34.80597802805363,-626.163402355276,10.106455364220274,2026-03-22 06:51:20
2026-03-22 06:51:22.416831+00:00,4437162.896344771,3084576.8137826663,3375336.1874798746,5,17.54043327477501,38.05361459776759,19.997813510232042,41.11292044431614,True,32.16215388156961,34.80581806558582,-620.7936105784029,8.125314931592754,2026-03-22 06:51:22
2026-03-22 06:51:24.416831+00:00,4437186.840071226,3084580.1590017593,3375340.1577243907,5,66.76773462043296,149.15699331462383,3.7179394827635317,39.465050725725554,False,32.1620806415585,34.80570228371565,-600.4206782039255,12.250054783988105,2026-03-22 06:51:24
2026-03-22 06:51:26.416831+00:00,4437229.30197677,3084604.7869574483,3375349.842929053,5,6.798528952509881,11.203596401959658,33.127940226689674,47.596772124972965,True,32.161919716576456,34.80565971277388,-553.8497884580866,25.016758449371544,2026-03-22 06:51:26
2026-03-22 06:51:28.416831+00:00,4437277.139400985,3084636.499032238,3375361.6776346304,5,327.5369989945232,732.3489323034883,19.985946523756223,39.90193953317733,False,32.161734603118475,34.805646281938735,-498.97506159730256,29.300747000227663,2026-03-22 06:51:28
2026-03-22 06:51:30.416831+00:00,4437335.2448093705,3084680.193844561,3375377.0186073855,5,152.78784346744413,341.45054303482175,22.488713249931806,40.39212810134261,False,32.161502952795665,34.80567502699294,-429.3064728481695,37.15111220625093,2026-03-22 06:51:30
2026-03-22 06:51:32.416831+00:00,4437401.739650583,3084733.6017684946,3375395.4857063256,5,2.9533513041522683,4.401415798813105,3.6840642708398574,27.21555976837383,True,32.16123549027974,34.805737556645994,-347.44878716859967,43.63199511260203,2026-03-22 06:51:32
2026-03-22 06:51:34.416831+00:00,4437473.5137604475,3084792.3837035424,3375416.010311419,5,332.1076005581752,742.5651787035167,14.961121592784371,38.88977901189751,False,32.16094820859328,34.80581491795732,-258.2293450543657,47.50815232428125,2026-03-22 06:51:34
2026-03-22 06:51:36.416831+00:00,4437547.269806016,3084852.3881376535,3375437.702471977,5,7.437421662339772,14.097659666091204,14.947784591464961,35.01496242252196,True,32.16065868702668,34.80589092489188,-166.41987563017756,48.762270764901274,2026-03-22 06:51:36
2026-03-22 06:51:38.416831+00:00,4437619.186600271,3084909.9422845654,3375459.411924446,5,7.521943544304002,11.232123106718063,3.6583864888422566,27.209851471458443,True,32.160383268790696,34.80595672994546,-77.06351983174682,47.31755871000166,2026-03-22 06:51:38
2026-03-22 06:51:40.416831+00:00,4437685.743871722,3084962.541260246,3375480.457239901,5,1.4734312290746494,2.248149923980236,27.293028179299014,51.36733702835302,True,32.160137488583686,34.80601183163314,5.819618581794202,43.701910508489085,2026-03-22 06:51:40
2026-03-22 06:51:42.416831+00:00,4437743.719890229,3085008.155189,3375499.356991647,5,10.583875302125687,21.728819340467453,14.916171499828812,35.014242666090496,True,32.15992829434548,34.80605805678458,78.22063533123583,38.07574632997569,2026-03-22 06:51:42
2026-03-22 06:51:44.416831+00:00,4437791.393202106,3085045.7628713017,3375514.597615991,5,2.2141755957910614,3.3738147728145123,27.280202717646368,51.362648028916304,True,32.15975371158342,34.80609693377485,137.64378260541707,31.30239233563492,2026-03-22 06:51:44
2026-03-22 06:51:46.416831+00:00,4437833.4012493,3085079.6007562177,3375528.234987533,5,8.577530899152002,16.752115845680237,14.89512052809013,35.01372508423553,True,32.15959954897752,34.80613727711534,190.4539925903082,27.81931158047045,2026-03-22 06:51:46
2026-03-22 06:51:48.416831+00:00,4437857.653911762,3085098.744242877,3375530.4044781597,5,2.2925021128891925,3.4884300008416176,27.267374164799545,51.35793050779405,True,32.159468078123766,34.806157153965465,217.71755887009203,15.486860620766281,2026-03-22 06:51:48
2026-03-22 06:51:50.416831+00:00,4437871.112980388,3085106.847389315,3375521.346232696,5,320.52239746696773,716.6640127822757,19.925821642644962,39.863913175338794,False,32.159323681835446,34.8061462450739,226.16722074802965,9.06723940019257,2026-03-22 06:51:50
2026-03-22 06:51:52.416831+00:00,4437874.538493931,3085101.7963257567,3375498.966674363,5,73.59799093172961,164.4220565073192,14.862379541188519,41.26586827891716,False,32.159153172374076,34.806081552181986,214.1954739075154,11.598405249120582,2026-03-22 06:51:52
2026-03-22 06:51:54.416831+00:00,4437865.1506843995,3085074.4063534285,3375455.8257286847,5,102.54412221347208,228.69209111481905,33.232501016227154,45.75542711679431,False,32.15893586822291,34.80589994922889,171.47171164117754,25.978273354605495,2026-03-22 06:51:54
2026-03-22 06:51:56.416831+00:00,4437852.66403737,3085040.41279757,3375406.749985869,5,128.47551198271208,273.39044461771846,28.882718364366603,39.949517692766946,False,32.158703558157,34.80567961599726,120.24413895234466,30.49551904309478,2026-03-22 06:51:56
2026-03-22 06:51:58.416831+00:00,4437833.603145758,3084993.001259405,3375346.141860946,5,108.26090661406414,233.37214866280556,27.227483004268088,43.75215079874368,False,32.15844587345454,34.8053822652922,51.82474090438336,39.6374707408134,2026-03-22 06:51:58
2026-03-22 06:52:00.416831+00:00,4437809.478382396,3084934.120010118,3375276.16588727,5,330.89703192137114,739.8595073446631,14.823765630044852,38.83126799990418,False,32.15816804536329,34.805015712750794,-30.64291860535741,47.290703676287215,2026-03-22 06:52:00
2026-03-22 06:52:02.416831+00:00,4437781.751306772,3084866.7525931057,3375199.6116599306,5,17.842281925320805,38.8061240054667,19.889093145923166,41.0500798390518,True,32.15787743376032,34.8045970811095,-123.21626157406718,52.838691602593784,2026-03-22 06:52:02
2026-03-22 06:52:04.416831+00:00,4437752.300424781,3084794.711894299,3375119.7191842785,5,148.19804169818178,331.04882879927754,33.2502807547489,45.7631718986097,False,32.157580922967,34.804148190567275,-221.0224382057786,55.767428666868845,2026-03-22 06:52:04
2026-03-22 06:52:06.416831+00:00,4437723.113328876,3084722.5284790136,3375040.1193513633,5,7.618902011878933,14.505906730890274,19.878701448453924,41.04369836930213,True,32.15728598706542,34.80369645067732,-318.5579977212474,55.67419826485297,2026-03-22 06:52:06
2026-03-22 06:52:08.416831+00:00,4437696.266983381,3084655.394612481,3374964.1832531607,5,11.69168646352154,24.461204927414656,19.873433363406615,41.04048644894025,True,32.15699595331929,34.803274493071626,-410.0759882610291,52.426074887229994,2026-03-22 06:52:08
2026-03-22 06:52:10.416831+00:00,4437673.290524723,3084597.796019192,3374894.641439724,5,21.43464292029825,47.03499171882868,19.868069140456527,41.0373241226212,True,32.15671335490389,34.80291211646821,-490.89268553443253,46.58749675988371,2026-03-22 06:52:10
2026-03-22 06:52:12.416831+00:00,4437655.278085698,3084552.6794212256,3374833.088460353,5,18.541519946293167,40.42539823055267,19.862949889239776,41.03405164928036,True,32.15643798338393,34.802628355974974,-557.975075318478,39.20690194679712,2026-03-22 06:52:12
2026-03-22 06:52:14.416831+00:00,4437642.744301531,3084521.9985779165,3374779.853458052,5,6.996015583721846,13.337598230689764,19.85781988499221,41.030871653643786,True,32.15616497340318,34.80243710935021,-609.8462781896815,31.35432729983807,2026-03-22 06:52:14
2026-03-22 06:52:16.416831+00:00,4437633.07501447,3084498.943026975,3374731.0383584066,5,7.753447628675464,14.78644471988082,19.8525760463224,41.027591867130795,True,32.15589352571422,34.80229490945474,-653.6890902342275,27.422470233787717,2026-03-22 06:52:16
2026-03-22 06:52:18.416831+00:00,4437631.431717699,3084497.372716808,3374692.3714456605,5,125.86670037389545,274.6312306188047,28.999705998705576,39.96739778686524,False,32.1556090649704,34.802291182723735,-676.1696333093569,19.366830145989177,2026-03-22 06:52:18
2026-03-22 06:52:20.416831+00:00,4437634.40027328,3084508.340952576,3374658.480959459,5,92.39863083941478,206.4559287726879,19.838873496063055,39.790903862337075,False,32.1553085447334,34.80236870344571,-686.8432811219245,17.872321988591185,2026-03-22 06:52:20
2026-03-22 06:52:22.416831+00:00,4437640.7479138095,3084528.4498065226,3374628.2265405483,5,334.7599545861435,748.5036799274385,19.841337989969002,39.80753487059638,False,32.154997426932816,34.80250534991864,-688.8157678432763,18.43901035147491,2026-03-22 06:52:22
2026-03-22 06:52:24.416831+00:00,4437649.296065271,3084554.986667954,3374600.7244079364,5,205.96597876830322,460.2019912675023,19.831862348693754,35.53957043787719,False,32.154681041050374,34.802684638326504,-684.6874613277614,19.580878467461922,2026-03-22 06:52:24
2026-03-22 06:52:26.416831+00:00,4437659.33863495,3084586.6997752697,3374576.430317595,5,5.162869931451859,8.235667608678341,19.825521796780322,37.34267915844569,True,32.15436907999971,34.80289994322659,-675.3114886600524,20.595977804528133,2026-03-22 06:52:26
2026-03-22 06:52:28.416831+00:00,4437669.381204629,3084618.4128825855,3374552.136227254,5,6.239454121473124,9.954709433019161,19.820258610222986,37.34441760835331,True,32.15405711948818,34.80311524602745,-665.9352630516514,20.595977804528133,2026-03-22 06:52:28
2026-03-22 06:52:30.416831+00:00,4437679.387255587,3084650.325361364,3374530.8801260428,5,3.007083735551068,5.151925873011351,14.654233983241248,28.07327788533296,True,32.15376795419389,34.8033325032597,-654.871034251526,19.813815863214554,2026-03-22 06:52:30
2026-03-22 06:52:32.416831+00:00,4437688.845574894,3084680.9049145523,3374511.6098176404,5,29.15694869136277,64.35872759670019,14.64933537805296,36.63851908447606,True,32.153499762587295,34.803541469464264,-643.7746314164251,18.6809639957147,2026-03-22 06:52:32
2026-03-22 06:52:34.416831+00:00,4437697.541870267,3084709.658882632,3374494.251284146,5,533.5462524091782,1190.8836880996823,27.090906641463192,41.99142077744646,False,32.15325417363401,34.80373915296775,-633.072523098439,17.347441588073497,2026-03-22 06:52:34
2026-03-22 06:52:36.416831+00:00,4437705.238825334,3084735.7225636095,3374478.854660284,5,9.075580002875167,14.48950606584549,19.799303489350642,37.35151568648409,True,32.15303487418529,34.80391946290006,-623.3208972318098,15.61741503711964,2026-03-22 06:52:36
2026-03-22 06:52:38.416831+00:00,4437711.751410246,3084758.511418422,3374465.454507567,5,3.0650379723895202,4.894280146807432,19.794020687463277,37.353192312618816,True,32.152844458557205,34.80407843095141,-614.9125047214329,13.613502109493934,2026-03-22 06:52:38
2026-03-22 06:52:40.416831+00:00,4437717.106737181,3084778.0934124244,3374454.07847521,5,148.2339736593447,274.99637320265174,19.786709535757076,38.11729510104118,False,32.152682844676626,34.80421648516443,-607.7809863453731,11.635593322544235,2026-03-22 06:52:40
2026-03-22 06:52:42.416831+00:00,4437721.510063414,3084794.516573456,3374444.760390988,5,138.8397941012033,304.99700436741114,19.783669538280257,38.20561631307123,False,32.1525493502292,34.80433280199578,-601.7424799809232,9.694537041017966,2026-03-22 06:52:42
2026-03-22 06:52:44.416831+00:00,4437725.125594768,3084807.81932379,3374437.685248214,5,6.070440999736935,9.698418006300926,19.778026003521646,37.35837295881068,True,32.15244463528704,34.80442672261784,-596.5658502103761,7.7474653707350924,2026-03-22 06:52:44
2026-03-22 06:52:46.416831+00:00,4437728.163278856,3084818.5022953902,3374432.746226456,5,5.232397256760123,8.360957138240337,19.77269155176362,37.36005770335587,True,32.152365685273445,34.80450133479425,-591.920093620196,6.077568238240994,2026-03-22 06:52:46
2026-03-22 06:52:48.416831+00:00,4437730.764879452,3084827.0894325017,3374429.7072133943,5,59.83387608026491,132.96721244603395,14.560437214898489,29.383178110257933,False,32.152308703251066,34.80456034170463,-587.5791375627741,4.73663514057926,2026-03-22 06:52:48
2026-03-22 06:52:50.416831+00:00,4437732.977925025,3084833.9928773465,3374428.2213880806,5,42.41314741287447,90.03193264454603,14.551986255729679,30.078752709573983,True,32.15226972461681,34.80460704346728,-583.4953557830304,3.7000945357906994,2026-03-22 06:52:50
2026-03-22 06:52:52.416831+00:00,4437734.81424403,3084839.5486881477,3374427.988849157,5,15.577252304088885,32.20763419568539,17.153019652565618,31.11979749196712,True,32.1522454921586,34.80464429388491,-579.6577326813713,2.9280187626830534,2026-03-22 06:52:52
2026-03-22 06:52:54.416831+00:00,4437736.322987464,3084844.0263917134,3374428.513131596,5,146.6545881441835,327.18604730814695,14.533264939311692,35.35735449666349,False,32.15223128295424,34.80467414175345,-576.1660601105541,2.377025875376839,2026-03-22 06:52:54
2026-03-22 06:52:56.416831+00:00,4437740.398972718,3084850.3986417702,3374433.671796108,5,144.32280707460063,317.7360148951411,19.747030423540682,38.21183914646618,False,32.1522371529179,34.804704946703005,-567.5078909788281,4.577964780418293,2026-03-22 06:52:56
2026-03-22 06:52:58.416831+00:00,4437749.370754118,3084861.010506375,3374446.566891258,5,108.10183077152557,240.09611538797617,29.18849903111986,44.988440509656144,False,32.152271187146646,34.80474303173088,-549.2804090939462,9.478765885015708,2026-03-22 06:52:58
2026-03-22 06:53:00.416831+00:00,4437761.985145025,3084875.0140626184,3374465.5525180707,5,55.50276130784257,123.53955433517694,27.02864653291966,44.5608089556725,False,32.1523280793755,34.80478859876764,-523.6404467187822,13.376065105928605,2026-03-22 06:53:00
2026-03-22 06:53:02.416831+00:00,4437777.050666365,3084891.763346866,3374489.164762465,5,5.88383445272859,9.41409346461296,19.731139755209817,37.37362840847915,True,32.152403116418164,34.80484323433774,-492.5074938451871,16.317525405001888,2026-03-22 06:53:02
2026-03-22 06:53:04.416831+00:00,4437792.877249545,3084910.7085332857,3374516.3311060234,5,664.2121018650906,1484.6540604569018,19.722337550686937,36.41059231406735,False,32.152496275154824,34.80491237873626,-457.8928966652602,18.3535490164602,2026-03-22 06:53:04
2026-03-22 06:53:06.416831+00:00,4437805.244642688,3084928.6534091644,3374541.8281607204,5,258.2199706788576,577.3284054100513,19.721082446521876,40.93738751284659,False,32.152593059539186,34.804993746622536,-427.0547545924783,16.7710373983576,2026-03-22 06:53:06
2026-03-22 06:53:08.416831+00:00,4437810.624093286,3084941.8965534396,3374561.5375724053,5,18.199394294511617,38.83938675746322,19.71192436734507,33.529172717356666,True,32.15268607054729,34.80507647121577,-406.4265348156914,12.173539624850237,2026-03-22 06:53:08
2026-03-22 06:53:10.416831+00:00,4437809.361018072,3084950.2331813104,3374576.363288051,5,25.193125538367152,54.05340259894729,3.258622952280709,27.11977616073554,True,32.152781410423685,34.80515668024603,-395.38601665757596,8.527845092089592,2026-03-22 06:53:10
2026-03-22 06:53:12.416831+00:00,4437801.946874515,3084953.507786038,3374587.088821505,5,43.709152434515275,96.4397234134376,3.250003473430875,27.11780024370979,False,32.15288355127019,34.8052300466868,-393.24973264243454,6.7217860104047435,2026-03-22 06:53:12
2026-03-22 06:53:14.416831+00:00,4437786.796067915,3084949.068304228,3374589.9686762965,5,34.68431478846505,75.91977128013968,3.2414328854907466,27.115856524906377,True,32.15297740918645,34.80528308033466,-404.39481867849827,8.024174459027538,2026-03-22 06:53:14
2026-03-22 06:53:16.416831+00:00,4437762.6401225105,3084934.7930851663,3374581.9995209863,5,6.938344898301359,13.35257102549076,19.695500515514066,40.92994186390928,True,32.153050864317606,34.80530498888078,-432.32668634317815,14.584229616304869,2026-03-22 06:53:16
2026-03-22 06:53:18.416831+00:00,4437729.217099194,3084909.9359818166,3374560.9443797916,5,92.41267789277371,206.2265924103558,14.403596151090102,30.570350721653455,False,32.1530899130342,34.805290862078714,-478.77849250659347,23.336093531542307,2026-03-22 06:53:18
2026-03-22 06:53:20.416831+00:00,4437694.515360799,3084882.8167904364,3374536.4619537527,5,97.2413242245462,217.0461482964456,14.393070946838217,30.56828160034332,False,32.15311402972793,34.8052647819098,-529.0363038843498,25.19449529934442,2026-03-22 06:53:20
2026-03-22 06:53:22.416831+00:00,4437658.364460483,3084852.299607674,3374505.4029577784,5,85.92247027869544,191.68666059151292,14.382350757579648,30.566096196212772,False,32.15310295107119,34.8052178916583,-585.4435286065564,28.296851716643967,2026-03-22 06:53:22
2026-03-22 06:53:24.416831+00:00,4437623.750448578,3084821.1129330685,3374468.934407357,5,48.31260262697747,103.4940207451582,14.370617401444713,30.01821139038711,False,32.153046343882345,34.80515587273283,-643.9847599957138,29.583330031268964,2026-03-22 06:53:24
2026-03-22 06:53:26.416831+00:00,4437592.893111771,3084791.3252192256,3374426.313493677,5,169.60238839690192,379.04690523445606,19.668223528991057,33.56135875758672,False,32.152924119842424,34.805083298079865,-702.512595131062,30.23253799198041,2026-03-22 06:53:26
2026-03-22 06:53:28.416831+00:00,4437567.473814531,3084765.1758205886,3374377.1014232864,5,13.443457482616925,28.736687637865543,19.66238398709171,40.91037778464472,True,32.15272016519391,34.805009486822364,-759.0095095606521,30.625804452156757,2026-03-22 06:53:28
2026-03-22 06:53:30.416831+00:00,4437546.931034833,3084742.9636976635,3374319.002639681,5,172.92326443214867,386.47603330761194,19.656831483902437,33.56552762285271,False,32.15241834320398,34.80494043960392,-814.9429234629497,32.752300907619485,2026-03-22 06:53:30
2026-03-22 06:53:32.416831+00:00,4437530.689050305,3084724.9400456524,3374252.1421702136,5,230.2167291222603,514.493093919009,19.6512550107738,36.43911156284141,False,32.1520211868576,34.804881827294125,-870.5249700695276,35.56324110176959,2026-03-22 06:53:32
2026-03-22 06:53:34.416831+00:00,4437517.919741782,3084710.602720785,3374176.7725777635,5,21.952225125750928,44.186379712074995,19.653670552009963,35.61450545223851,True,32.15153526165004,34.80483429020399,-926.4393808795139,38.88826812352266,2026-03-22 06:53:34
2026-03-22 06:53:36.416831+00:00,4437506.707376119,3084699.4036299353,3374094.9918975933,5,212.5102081259007,475.1580651924014,11.144849644269573,34.65349737331677,False,32.15098563777787,34.80480465007104,-983.1660892656073,41.65097966658876,2026-03-22 06:53:36
2026-03-22 06:53:38.416831+00:00,4437495.519366795,3084690.3358935947,3374008.544260283,5,25.400688018634384,41.615000668913126,24.709994201700145,42.19305129751788,True,32.15039443047412,34.804793416232734,-1041.3287840625271,43.8194859380302,2026-03-22 06:53:38
2026-03-22 06:53:40.416831+00:00,4437481.801608734,3084682.35361813,3373920.6954198424,5,52.67954287033358,116.53218872100115,19.64132786248062,36.45380068579618,False,32.14979950802157,34.804806939934856,-1101.4705379903316,44.63550261446753,2026-03-22 06:53:40
2026-03-22 06:53:42.416831+00:00,4437463.547761532,3084674.625296289,3373834.078670323,5,57.138549052898185,126.60175450146198,19.635508819312367,36.455025693638724,False,32.14923116402526,34.80485012408812,-1163.9867313252762,44.42800691422869,2026-03-22 06:53:42
2026-03-22 06:53:44.416831+00:00,4437439.013875077,3084666.4053758807,3373752.5817907033,5,336.2666151545803,751.5995645970106,14.280022615948557,35.38782408336713,False,32.14872800380059,34.80492703225834,-1228.3813823610544,42.75283634985756,2026-03-22 06:53:44
2026-03-22 06:53:46.416831+00:00,4437408.147397455,3084657.243623185,3373679.197492458,5,15.268933097998726,30.902600057423115,19.610139162898403,37.409200406221935,True,32.148314324263744,34.805034063734624,-1293.3163297083229,40.06848007537247,2026-03-22 06:53:46
2026-03-22 06:53:48.416831+00:00,4437370.829139678,3084646.776384659,3373616.169341693,5,4.96865808806729,6.82659188657999,24.703779734814624,48.56671864804966,True,32.14800872796687,34.80516877491285,-1357.8565595652908,36.99582150288954,2026-03-22 06:53:48
2026-03-22 06:53:50.416831+00:00,4437328.345627785,3084635.049125248,3373563.2681284267,5,4.70583959358847,9.098859410732985,19.59953561985022,40.87468679000031,True,32.14780427303821,34.80532377703563,-1421.207841495052,34.42715411242219,2026-03-22 06:53:50
2026-03-22 06:53:52.416831+00:00,4437281.664418186,3084622.112412407,3373520.185077251,5,8.6074506864011,13.91011019796133,33.59439990423521,47.50038835940202,True,32.14769465277205,34.805493655856274,-1482.8374960236251,32.41389812774658,2026-03-22 06:53:52
2026-03-22 06:53:54.416831+00:00,4437232.929780196,3084608.543579857,3373484.9130700175,5,7.468687817487087,12.066460348665714,33.60084348966547,47.49902798160359,True,32.14765450900316,34.80567046149922,-1542.0438516857103,30.835420586706185,2026-03-22 06:53:54
2026-03-22 06:53:56.416831+00:00,4437183.788145734,3084594.8208519947,3373455.875493073,5,101.27549496533985,226.37270107120275,11.151680580207872,35.731180958465984,False,32.14766400390247,34.80584839360253,-1598.2901225257665,29.35299972927624,2026-03-22 06:53:56
2026-03-22 06:53:58.416831+00:00,4437138.048719414,3084581.9336773776,3373432.4726147205,5,10.27461929084425,17.931806419044733,33.613654933378484,47.49624550617365,True,32.14770083544624,34.806013012969174,-1648.7690838752314,26.485227509453594,2026-03-22 06:53:58
2026-03-22 06:54:00.416831+00:00,4437093.519920916,3084569.37815237,3373411.579367983,5,8.61646995221408,13.909195508807898,33.62019489395202,47.49491223765287,True,32.147751154605935,34.80617319558663,-1696.9107119357213,25.381995897956507,2026-03-22 06:54:00
2026-03-22 06:54:02.416831+00:00,4437065.009139062,3084560.315934073,3373398.7650935156,5,357.68248585363415,799.632831107825,19.57101218531309,38.242338355914804,False,32.14779047782003,34.80626685055698,-1727.929503842257,16.2726312603156,2026-03-22 06:54:02
2026-03-22 06:54:04.416831+00:00,4437053.7592586335,3084554.596268291,3373391.611633349,5,81.85705936137059,182.91843552142382,3.027897023240466,33.0359802816751,False,32.147795850955525,34.8062851415877,-1742.321011537686,7.253385048804295,2026-03-22 06:54:04
2026-03-22 06:54:06.416831+00:00,4437061.053227903,3084552.0765710874,3373390.0745691718,5,221.07312869850048,494.3131950199604,14.160396225126206,43.58933147732739,False,32.14776226897426,34.80621906222375,-1739.2858841456473,3.9342543128802223,2026-03-22 06:54:06
2026-03-22 06:54:08.416831+00:00,4437087.879461185,3084552.644664801,3373394.230242538,5,82.62367104411595,184.63374437764287,3.0109479178962832,33.033173032439166,False,32.14768672705877,34.80606165483001,-1718.150538381189,13.576074024547752,2026-03-22 06:54:08
2026-03-22 06:54:10.416831+00:00,4437140.246281094,3084556.7348652836,3373405.8323022802,5,7.689943853357062,12.39624822512269,33.652423864573684,47.488052497726585,True,32.14755775028507,34.8057803412621,-1673.5948804700747,26.89619563069482,2026-03-22 06:54:10
2026-03-22 06:54:12.416831+00:00,4437198.521339255,3084561.439688709,3373419.3984599737,5,103.68194863206472,231.75624324008822,11.170078609555555,35.75661026653552,False,32.14741880690015,34.80546862756451,-1623.5895081683993,30.008991993037416,2026-03-22 06:54:12
2026-03-22 06:54:14.416831+00:00,4437268.824714823,3084567.664154067,3373436.9098016117,5,139.09849963990513,282.83194283023477,29.60471004623809,40.2597238524224,False,32.14725842894624,34.805097357413054,-1562.3881284762174,36.35916552642665,2026-03-22 06:54:14
2026-03-22 06:54:16.416831+00:00,4437347.61164616,3084574.9594664765,3373457.2360409563,5,103.88901026805897,232.21954791992903,11.174508870519212,35.76287171277934,False,32.14708318425951,34.80468407931599,-1493.27331018541,40.84653638475474,2026-03-22 06:54:16
2026-03-22 06:54:18.416831+00:00,4437430.834653835,3084583.2754731793,3373479.2509009168,5,34.38991969756409,75.34752522036433,2.97169279897859,27.052142206424143,True,32.14690056007387,34.80425285288542,-1419.6823755251244,43.24314695149602,2026-03-22 06:54:18
2026-03-22 06:54:20.416831+00:00,4437514.190791378,3084592.802016696,3373501.569407371,5,5.438931050378213,10.555753845721483,19.51560927684215,40.82510833161809,True,32.146716416890705,34.803831370674715,-1345.2519873073325,43.40828385171,2026-03-22 06:54:20
2026-03-22 06:54:22.416831+00:00,4437593.1499714125,3084604.1841457654,3373523.0591354016,5,96.97213138816477,216.4931502789259,14.069425548125269,30.50332491931091,False,32.14653819178547,34.80345265983022,-1273.4224353786558,41.30954304013823,2026-03-22 06:54:22
2026-03-22 06:54:24.416831+00:00,4437665.470937638,3084618.7321703746,3373542.864397145,5,98.64154229390377,220.2333356961608,14.059061460263717,30.501206844145393,False,32.14636459291672,34.80314168644498,-1205.574072743766,38.19101847451789,2026-03-22 06:54:24
2026-03-22 06:54:26.416831+00:00,4437731.831911539,3084639.465158668,3373562.3226897717,5,213.44503885715093,470.80445271357894,23.514201560899103,40.37838179224108,False,32.14619489222193,34.802920624882134,-1139.0648315753788,36.09799444783307,2026-03-22 06:54:26
2026-03-22 06:54:28.416831+00:00,4437795.242218988,3084669.295269666,3373582.55426309,5,1.356553964766169,2.6352807357907295,19.492623386754563,40.81189361744229,True,32.14601780967688,34.80279661331813,-1069.7992234593257,36.46923077022206,2026-03-22 06:54:28
2026-03-22 06:54:30.416831+00:00,4437860.61773004,3084711.9287139243,3373606.261697475,5,57.94368469875547,128.99788980185986,23.531986862942116,41.60912000274926,False,32.145824462002864,34.80277216602275,-991.1305549209937,40.78483314844288,2026-03-22 06:54:30
2026-03-22 06:54:32.416831+00:00,4437933.0210592635,3084769.8206229024,3373635.6070572278,5,58.02490093617137,129.17954450845718,23.543807317032837,41.60933860026553,False,32.14560468779323,34.80283801825779,-897.2022411860526,48.61806594977722,2026-03-22 06:54:32
2026-03-22 06:54:34.416831+00:00,4438015.2434246335,3084843.8281429242,3373672.2697417173,5,52.92469516467144,117.72155103832483,23.555620361289318,41.60953808360639,False,32.14535796824629,34.80298473767828,-784.7658690167591,58.27045310619667,2026-03-22 06:54:34
2026-03-22 06:54:36.416831+00:00,4438108.165489628,3084932.5197612545,3373716.1479430627,5,5.441871433827037,7.446093283593655,24.729201588381304,40.56240341335821,True,32.145083979919974,34.803194529242816,-653.95504222624,67.8712197440789,2026-03-22 06:54:36
2026-03-22 06:54:38.416831+00:00,4438209.647314321,3085032.0359160528,3373765.5307131317,5,37.98089433645096,84.0585439056158,23.579376704628142,41.61001587859959,True,32.144788663637705,34.8034467398135,-509.03297399077564,75.23410760516087,2026-03-22 06:54:38
2026-03-22 06:54:40.416831+00:00,4438316.521082774,3085137.384198548,3373817.670927235,5,715.9161375151872,1600.8137955591083,2.8695095461472024,29.559733279123456,False,32.14447719943106,34.803717077031855,-356.0763090485707,79.43372226995598,2026-03-22 06:54:40
2026-03-22 06:54:42.416831+00:00,4438423.356294974,3085242.3105476703,3373868.724674672,5,670.1098671666063,1498.405160650611,13.969864992141574,36.90580524446996,False,32.144158760925485,34.80398396040894,-203.92812784109265,79.10402397057788,2026-03-22 06:54:42
2026-03-22 06:54:44.416831+00:00,4438524.300910369,3085340.5000150334,3373914.0834199246,5,1304.5388282635445,2915.8362391851842,19.225312643424747,47.816065777725115,False,32.14383850832073,34.80422783370331,-62.16087963618338,73.97364843163353,2026-03-22 06:54:44
2026-03-22 06:54:46.416831+00:00,4438612.851178354,3085426.5452671745,3373949.5268785274,5,67.42124439834842,140.3002381399274,29.758595827211465,40.06928391368001,False,32.14352464602951,34.80444098580652,59.84505531284958,64.22844800783123,2026-03-22 06:54:46
2026-03-22 06:54:48.416831+00:00,4438683.31881045,3085496.813714438,3373971.2268676097,5,542.811234073732,1213.6857711710036,13.929772625534108,35.38349409585574,False,32.14322029738312,34.80462621927624,154.34254793822765,50.92698543077965,2026-03-22 06:54:48
2026-03-22 06:54:50.416831+00:00,4438730.714923199,3085548.696651589,3373975.642460029,5,514.6540801974435,1150.7281127907336,29.80204604363463,39.828716082362334,False,32.14292521845287,34.80479101617178,214.718394652009,35.20556819446131,2026-03-22 06:54:50
2026-03-22 06:54:52.416831+00:00,4438766.393699459,3085591.2606198587,3373971.2788439407,5,116.73671831667316,248.2145653627813,32.47094651886139,42.13902669658923,False,32.14263478937274,34.80494559452844,257.7733735423535,27.855464524946026,2026-03-22 06:54:52
2026-03-22 06:54:54.416831+00:00,4438762.690016141,3085604.311172908,3373936.8023575433,5,540.1090337867909,1207.6441288925707,13.898517285244218,35.38425989464237,False,32.14235039667875,34.80508157493792,243.16331558302045,18.52472887336155,2026-03-22 06:54:54
2026-03-22 06:54:58.416831+00:00,4438727.19579055,3085592.4253289667,3373877.487166476,5,1687.917068496226,2871.81854717806,19.38715679333585,39.23627648775207,False,32.142069863391015,34.80519286471763,181.18452989961952,17.53461795257614,2026-03-22 06:54:58
2026-03-22 06:55:00.416831+00:00,4438686.0679042,3085577.3656401285,3373814.6731013553,5,1803.1857401639654,4032.019189823419,23.715914471589343,43.38065763567907,False,32.14179349232312,34.805310617113406,111.89370995759964,38.28806615790452,2026-03-22 06:55:00
2026-03-22 06:55:02.416831+00:00,4438632.888178965,3085555.2561912946,3373744.306389468,5,91.16337525848563,203.51263416558504,13.861023835071013,30.460264822628993,False,32.141526226145025,34.80543993027201,26.798680245876312,45.4653303235133,2026-03-22 06:55:02
2026-03-22 06:55:04.416831+00:00,4438572.351564419,3085531.5943692755,3373671.0652920883,5,1.7816525386820956,3.474651213735342,19.39190238142126,40.75162441030291,True,32.14127023656489,34.80560024466951,-65.6905595716089,48.961264963388764,2026-03-22 06:55:04
2026-03-22 06:55:06.416831+00:00,4438508.556424813,3085510.666294667,3373599.237760271,5,50.52913835909758,112.67336735874414,19.38746769749004,40.74867706201794,False,32.141030383582304,34.8058040688096,-158.3718430325389,49.16044769720793,2026-03-22 06:55:06
2026-03-22 06:55:08.416831+00:00,4438443.935137491,3085494.323212037,3373531.1891905917,5,81.37998846236806,181.60092639178038,13.828534141125333,30.4534699100635,False,32.14081007849818,34.806052799623345,-247.40090043190867,47.62776228334963,2026-03-22 06:55:08
2026-03-22 06:55:10.416831+00:00,4438381.036761775,3085484.255981718,3373469.3618733482,5,1.1824620145201017,2.307403165847063,19.37636800174546,40.74130443210295,True,32.14061329999492,34.806345731696936,-328.88894297741354,44.38516630454683,2026-03-22 06:55:10
2026-03-22 06:55:12.416831+00:00,4438320.552778201,3085480.7754376726,3373414.6235581134,5,1.1406966080429304,2.2263227440416813,19.371166543960122,40.737892652907775,True,32.14044310059139,34.8066813871553,-401.7433169912547,40.82496053435762,2026-03-22 06:55:12
2026-03-22 06:55:14.416831+00:00,4438262.3081008345,3085484.7046386935,3373367.6684741415,5,1.8487295912533022,3.6088842228055,19.365894615485658,40.73439698600449,True,32.140303218694136,34.80706798875928,-465.31857653614134,37.45884732948558,2026-03-22 06:55:14
2026-03-22 06:55:16.416831+00:00,4438205.13303105,3085496.8138206704,3373328.7696776,5,492.6044148087774,1101.3999661430717,33.85210740903806,45.660813337934485,False,32.14019823905912,34.807519317399944,-519.9103381596506,35.10248305115221,2026-03-22 06:55:16
2026-03-22 06:55:18.416831+00:00,4438146.821733814,3085518.90912789,3373298.2108757664,5,489.77841368962714,1095.0802956707776,33.85821111458529,45.65970398223845,False,32.140134071995256,34.80806443927812,-566.0281570414081,34.72121237796901,2026-03-22 06:55:18
2026-03-22 06:55:20.416831+00:00,4438085.22424751,3085550.8171643084,3373275.9201902426,5,306.77318697091476,535.5243418999016,13.758179447888622,39.06645260295826,False,32.1401191130406,34.80871485477654,-605.2886126376688,36.432292571888006,2026-03-22 06:55:20
2026-03-22 06:55:22.416831+00:00,4438018.841002809,3085591.786454023,3373261.921868046,5,412.061080500427,921.3331762552261,26.604260652053586,38.716186289814985,False,32.140161512364756,34.80947309840344,-639.0843036081642,39.626919199673445,2026-03-22 06:55:22
2026-03-22 06:55:24.416831+00:00,4437947.461367471,3085641.005951632,3373256.2187898047,5,24.636947891257254,50.959364879876375,29.95181013891117,45.22123059256079,True,32.14026434205973,34.8103333874308,-667.9518170570955,43.44576040090214,2026-03-22 06:55:24
2026-03-22 06:55:26.416831+00:00,4437871.717096527,3085696.2596761137,3373257.9872143744,5,116.72901710616237,260.9241574332118,13.720749895761312,36.65367875176478,False,32.140424890940565,34.811272614461515,-692.9609502535313,46.88628790868648,2026-03-22 06:55:26
2026-03-22 06:55:28.416831+00:00,4437792.898382135,3085754.454447064,3373265.983970012,5,347.9256445770018,777.9484365060925,13.723124944121928,38.35037023095366,False,32.140637054029014,34.812256053233746,-715.3710000822321,49.15020143692163,2026-03-22 06:55:28
2026-03-22 06:55:30.416831+00:00,4437712.638237661,3085813.015181131,3373278.3884736723,5,1.3991308116190162,2.0408122800290585,19.332166481203565,36.51175132640263,True,32.14088754797389,34.813251411554525,-736.2598392982036,50.062266420233534,2026-03-22 06:55:30
2026-03-22 06:55:32.416831+00:00,4437633.084379695,3085868.6277651517,3373293.160080094,5,68.61842114458545,152.84541795402765,26.56387794226144,42.31389169417872,False,32.14116140664539,34.8142168499154,-756.8220557402819,49.09118091594047,2026-03-22 06:55:32
2026-03-22 06:55:34.416831+00:00,4437556.623585338,3085918.728808374,3373308.410513246,5,778.9628853812171,1741.7620704062283,26.557909551547006,42.31735912490437,False,32.141441830448905,34.81511561448531,-777.6423165788874,46.33827607145775,2026-03-22 06:55:34
2026-03-22 06:55:36.416831+00:00,4437486.011416076,3085961.651654625,3373322.6291523064,5,66.29081402445146,147.96010638400912,13.66927703389668,35.955052895046094,False,32.141710995287845,34.81591652232025,-798.4146979097277,41.92439288433231,2026-03-22 06:55:36
2026-03-22 06:55:38.416831+00:00,4437423.619472057,3085996.1636780724,3373334.1631891895,5,15.071629225293353,31.10588813573122,23.91694929789424,37.99911430329369,True,32.141950315014505,34.816594490136005,-818.9661482656375,36.11394622494012,2026-03-22 06:55:38
2026-03-22 06:55:40.416831+00:00,4437370.587661579,3086021.5680673993,3373341.4971948173,5,1591.0063628673454,3557.594845019281,13.604992021818203,35.01893693021957,False,32.1421456367291,34.817136551539676,-839.6477667856961,29.62913919661985,2026-03-22 06:55:40
2026-03-22 06:55:42.416831+00:00,4437322.707154033,3086042.4208920468,3373346.7517792443,5,7.5265409622927955,10.841375034302473,26.566577945180068,44.113981177739426,True,32.142317254313646,34.81760782856837,-860.054788434878,26.244018157409343,2026-03-22 06:55:42
2026-03-22 06:55:44.416831+00:00,4437288.510214483,3086048.2910396922,3373341.706790964,5,257.1792462549013,574.9244467765093,24.750648890666863,45.441811424371586,False,32.142397359170836,34.81786589657622,-883.6725932117552,17.53098125228987,2026-03-22 06:55:44
2026-03-22 06:55:46.416831+00:00,4437260.974445693,3086045.8813966988,3373329.5778931165,5,310.4238857917175,694.0079929716885,24.74929166318945,45.43839409778558,False,32.14241980898954,34.8180115909836,-910.4316210132092,15.092507290203848,2026-03-22 06:55:46
2026-03-22 06:55:48.416831+00:00,4437238.58939636,3086038.915861957,3373311.7922488065,5,61.424325796183666,137.06263118982315,13.60590318989919,35.91028439784826,False,32.142391250118,34.81808646128405,-938.8222821522504,14.71341438450518,2026-03-22 06:55:48
2026-03-22 06:55:50.416831+00:00,4437220.146705444,3086030.257236827,3373289.876585395,5,73.10817445477642,135.82156372070312,13.598880192376035,32.29241900955407,False,32.14232025822641,34.81812273518408,-967.488263970241,14.961625414140105,2026-03-22 06:55:50
2026-03-22 06:55:52.416831+00:00,4437204.679684111,3086022.31208015,3373265.438649986,5,452.61395802538397,1011.9826397411525,13.578070121026682,33.39295100781929,False,32.14221632579028,34.81814720751637,-995.0827041091397,14.996390820818137,2026-03-22 06:55:52
2026-03-22 06:55:54.416831+00:00,4437191.4149812935,3086017.2132546315,3373240.14062429,5,159.1447456515119,355.49411999061704,13.576264689373096,41.57083314220961,False,32.142089349482205,34.818183121298574,-1020.2276986129582,14.508105205556184,2026-03-22 06:55:54
2026-03-22 06:55:56.416831+00:00,4437179.9121332895,3086014.579431266,3373214.133098035,5,1.6701392650354827,3.272053834050894,19.25491835368409,40.66209163332851,True,32.14194325919302,34.81822982390647,-1043.333654711023,14.279740540487836,2026-03-22 06:55:56
2026-03-22 06:55:58.416831+00:00,4437169.8187691355,3086014.517431736,3373187.8850373896,5,1.4998397555891907,2.9388605915009975,19.24974795909284,40.65864421679504,True,32.14178273186474,34.818290377846836,-1064.3443594481796,14.06094352753813,2026-03-22 06:55:58
2026-03-22 06:56:00.416831+00:00,4437160.852992061,3086017.2929376634,3373161.891856487,5,0.009236712294501744,0.018101632595062256,19.244515452986967,40.6551168554313,True,32.14161193363745,34.81836880160123,-1083.0637387661263,13.817869274505476,2026-03-22 06:56:00
2026-03-22 06:56:02.416831+00:00,4437152.789284651,3086023.0748603395,3373135.820874409,5,143.03788541964474,229.0454629510641,34.000437328007095,45.650569648688325,False,32.14142874943396,34.818467930178244,-1099.7438698429614,13.947671073818647,2026-03-22 06:56:02
2026-03-22 06:56:04.416831+00:00,4437146.147203628,3086031.8633969114,3373109.4059464126,5,2.415110418804727,4.7344274036586285,19.23409597284964,40.64813630773494,True,32.14122909939627,34.81858462036892,-1114.1650607902557,14.309996824250488,2026-03-22 06:56:04
2026-03-22 06:56:06.416831+00:00,4437141.342394369,3086043.5327361086,3373082.4542166917,5,2.745426099727241,5.382754400372505,19.228863795211616,40.64463916803135,True,32.14101021800624,34.81871526119297,-1126.2017776248977,14.879981554653787,2026-03-22 06:56:06
2026-03-22 06:56:08.416831+00:00,4437138.707373177,3086057.8613589173,3373054.4642745615,5,1.055838794480198,2.070409018546343,19.223632080549166,40.641157570180674,True,32.14076757296156,34.8188559118381,-1135.9966920875013,15.777275023953962,2026-03-22 06:56:08
2026-03-22 06:56:10.416831+00:00,4437138.508153092,3086074.491293189,3373024.916118619,5,3.0549297752143354,5.991326980292797,19.218385444542147,40.6376813807134,True,32.14049712582304,34.8190018464577,-1143.8145590089262,16.953524133102118,2026-03-22 06:56:10
2026-03-22 06:56:12.416831+00:00,4437140.957544549,3086095.9464193177,3372994.1227599755,5,21.125764843502655,46.51968735828996,19.21332346084841,40.634359172670045,True,32.14019351400626,34.81917374158069,-1148.1206228267401,18.805271151034397,2026-03-22 06:56:12
2026-03-22 06:56:14.416831+00:00,4437146.373380933,3086132.356466513,3372961.9944235506,5,80.37568248733695,179.40051227808,13.476967314369722,30.379046297374895,False,32.139827046657345,34.81945782958379,-1143.8440169645473,24.42976065139675,2026-03-22 06:56:14
2026-03-22 06:56:16.416831+00:00,4437152.467261871,3086176.2651957693,3372929.740603556,5,202.58717887162666,452.8172425404191,26.489500335296178,45.65766955246494,False,32.13943640496698,34.81980306952557,-1135.5368785886094,27.410859134771144,2026-03-22 06:56:16
2026-03-22 06:56:18.416831+00:00,4437159.951134147,3086235.788965037,3372897.741362474,5,147.6053955320357,329.59148487076163,30.23961907134981,45.2948906400525,False,32.1389994504335,34.820275783344314,-1118.5776907810941,33.99646629399414,2026-03-22 06:56:18
2026-03-22 06:56:20.416831+00:00,4437168.28612274,3086313.294851528,3372866.8237058334,5,250.8423787904282,560.7654810063541,13.439560246295125,35.38914141502388,False,32.13851813730997,34.82089982673301,-1091.7562255738303,41.93010841785554,2026-03-22 06:56:20
2026-03-22 06:56:22.416831+00:00,4437177.041127634,3086410.4653384024,3372838.1917061917,5,29.932868154660287,64.60364603623748,30.25003749893459,45.30294002328598,True,32.13799875058179,34.82169244248046,-1053.9175965161994,50.839318036299474,2026-03-22 06:56:22
2026-03-22 06:56:24.416831+00:00,4437185.610392064,3086527.8785876883,3372812.7896861807,5,59.306074670385875,132.362062741071,13.415337277004635,36.122427140747796,False,32.13744930451305,34.822662317560074,-1004.7003146745265,60.21745183370825,2026-03-22 06:56:24
2026-03-22 06:56:27.416836+00:00,4437194.085505752,3086665.201520228,3372792.2428474003,5,1098.8323994429857,2341.9714834727347,11.293250570131631,28.78811610998553,False,32.13688276282981,34.823805985750276,-943.3364453632385,46.36991772931529,2026-03-22 06:56:27
2026-03-22 06:56:51.491996+00:00,4437202.539740476,3086819.823445379,3372777.2799175847,5,204.61796742811737,457.5181566365063,11.304988766491888,35.8401943549762,False,32.13631155435208,34.825100271251536,-870.6490003466606,6.462017616281917,2026-03-22 06:56:51
2026-03-22 06:56:53.431996+00:00,4437211.868785543,3086988.184005929,3372769.3636524086,5,25.347603161281373,56.40291839838028,11.30727448533836,29.192833257740027,True,32.13575307656025,34.82650875778801,-786.9582368163392,87.01265553134702,2026-03-22 06:56:53
2026-03-22 06:56:55.431996+00:00,4437222.789192401,3087165.0665956633,3372769.11175828,5,26.56826724676797,57.66764800995588,15.629958147571596,31.60999787313824,True,32.13522351655699,34.827981705642735,-693.9597130510956,88.60977554374064,2026-03-22 06:56:55
2026-03-22 06:56:57.431996+00:00,4437236.135078958,3087344.1757813096,3372777.018400329,5,9.215266894204241,14.882858727127314,24.778266193843574,40.34267043444477,True,32.13474061125712,34.82945928306902,-593.855182765983,89.88983265554963,2026-03-22 06:56:57
2026-03-22 06:56:59.431996+00:00,4437251.99754441,3087518.9611004638,3372792.4653909886,5,156.65905657632558,349.65661565214396,11.304505371840929,37.258784204414724,False,32.1343172276494,34.83088394559453,-490.0784226246178,88.09105391929837,2026-03-22 06:56:59
2026-03-22 06:57:01.431996+00:00,4437270.449468112,3087684.7609436526,3372814.958180205,5,62.1855272929086,120.73335343971848,24.39100627913993,47.101248088146,False,32.13396207393424,34.83221470041667,-385.09699362143874,84.16648242690808,2026-03-22 06:57:01
2026-03-22 06:57:03.431996+00:00,4437290.972958412,3087837.487537518,3372843.0876082666,5,118.86600630399354,265.47499504312873,24.404928996247033,40.265214773271374,False,32.13367762766031,34.833419128974896,-281.99827996548265,78.32287477320794,2026-03-22 06:57:03
2026-03-22 06:57:05.431997+00:00,4437313.153701993,3087974.8599409563,3372875.7263474055,5,107.60661331448576,239.89776362106204,24.41591368771945,46.98414944032835,False,32.13346316048793,34.83447990810521,-182.77393169421703,71.46402849741827,2026-03-22 06:57:05
2026-03-22 06:57:07.431997+00:00,4437334.2713359725,3088094.223581602,3372909.228183505,5,200.1255233987148,447.2935375496745,24.422827510422657,45.37444878684105,False,32.13330881112288,34.83539042662043,-92.53894184343517,62.8808520042163,2026-03-22 06:57:07
2026-03-22 06:57:09.431997+00:00,4437354.384982513,3088197.3751785373,3372942.879383629,5,31.52826554226429,69.20482873171568,15.539432311414545,33.06239136116906,True,32.133203973391325,34.836165968739174,-10.763349200598896,55.17520728845158,2026-03-22 06:57:09
2026-03-22 06:57:11.431997+00:00,4437371.153027117,3088284.8891128553,3372973.3646095265,5,49.36648930733771,109.5350142493844,24.772244803396188,34.58039483419545,False,32.13313097475686,34.83682571699361,59.43929650634527,47.08822840599533,2026-03-22 06:57:11
2026-03-22 06:57:13.431997+00:00,4437384.937590658,3088361.0517142685,3373000.234828952,5,71.10968482480835,158.6692084595561,26.27469979024842,39.26244394114502,False,32.133073216469676,34.83740477219359,120.15499770734459,40.96573183159314,2026-03-22 06:57:13
2026-03-22 06:57:15.431997+00:00,4437396.028369827,3088430.357291597,3373023.130816108,5,69.38030174640345,155.06247944012284,11.336271318017337,32.043114819670535,False,32.1330145008981,34.83794047905937,173.56795612629503,36.913732740250715,2026-03-22 06:57:15
2026-03-22 06:57:17.431997+00:00,4437407.046034208,3088499.05654806,3373044.509542258,5,5.139809600108801,8.297715578228235,24.781237562347748,40.335078664545904,True,32.13294614689485,34.83847134498984,225.83018296584487,36.39377247125226,2026-03-22 06:57:17
2026-03-22 06:57:19.431997+00:00,4437417.851706999,3088569.125394698,3373064.1333460575,5,71.20915055676197,158.9083270765841,13.136539201382467,30.304290814990544,False,32.13286147256019,34.83901539771577,277.6746119512245,36.781447460874546,2026-03-22 06:57:19
2026-03-22 06:57:21.431997+00:00,4437430.723198984,3088644.29057262,3373084.5564503307,5,72.45671680261718,161.7047917880118,13.126174280463246,30.30201037456132,False,32.13276080460606,34.83959126154405,333.84586329292506,39.47335324642696,2026-03-22 06:57:21
2026-03-22 06:57:23.431997+00:00,4437445.247346325,3088724.508823176,3373105.618994983,5,352.22981349194833,787.5782396271825,13.117182387345808,38.07570476976004,False,32.13264466745499,34.84020105917488,393.95090940594673,42.099730894224095,2026-03-22 06:57:23
2026-03-22 06:57:25.431997+00:00,4437462.906335041,3088810.920319704,3373128.9239241686,5,5.22065891732517,10.285837598145008,19.013933317452622,40.50628885287823,True,32.13251634289771,34.84084573142602,460.42417196091264,45.612241610736056,2026-03-22 06:57:25
2026-03-22 06:57:27.431997+00:00,4437482.65050148,3088901.13239141,3373153.5503548593,5,340.29438878107743,760.8888712376356,13.096237881170705,38.06611407746374,False,32.132379487107364,34.8415108196417,530.888858766295,47.78731808350222,2026-03-22 06:57:27
2026-03-22 06:57:29.431997+00:00,4437504.925827746,3088994.125523986,3373179.942310272,5,46.14668150285987,102.87309093773365,19.003025390575278,40.499347554600945,False,32.13223852886596,34.842184754533946,605.3979148594663,49.59951657280344,2026-03-22 06:57:29
2026-03-22 06:57:31.431997+00:00,4437527.8536870545,3089085.87284866,3373206.2517706295,5,97.66038513297678,218.2559898979962,13.074276170507721,39.31109214682051,False,32.13209778553857,34.842843886101825,679.7145419670269,49.080153885458635,2026-03-22 06:57:31
2026-03-22 06:57:33.431996+00:00,4437548.877169836,3089172.13073955,3373229.900114933,5,11.361295031095679,22.09228055551648,24.558387413854557,40.34228214223525,True,32.13195925936324,34.84346678886221,748.6369847198948,45.939262072346146,2026-03-22 06:57:33
2026-03-22 06:57:35.431996+00:00,4437563.611027283,3089246.9336747574,3373246.5435115667,5,79.78275645266561,178.123426605016,13.053328426460622,30.285771163872205,False,32.13182338812717,34.84402813477995,803.9207551898435,39.01784310535757,2026-03-22 06:57:35
2026-03-22 06:57:37.431996+00:00,4437569.728464669,3089308.134122094,3373253.8099284163,5,171.95813913746116,367.70589834824204,18.976784946702246,37.83131365664753,False,32.13168710198146,34.84452334028548,841.6479331739247,30.966589286776447,2026-03-22 06:57:37
2026-03-22 06:57:39.431996+00:00,4437570.3439827245,3089360.7036196203,3373255.2258564457,5,125.63707669730734,280.86911917105317,11.352274778058867,36.05827803846539,False,32.1315514471787,34.84497678979151,868.2639983249828,26.2960823356559,2026-03-22 06:57:39
2026-03-22 06:57:41.431996+00:00,4437549.818633705,3089387.3510258654,3373234.350880121,5,119.43442231729689,266.9962891340256,11.353773214918974,36.06105997204982,False,32.1313998206897,34.84533279906878,855.7896062880754,19.793552286735512,2026-03-22 06:57:41
2026-03-22 06:57:43.431996+00:00,4437505.380152101,3089390.4619786222,3373188.361019152,5,135.17972148180547,266.63590977340937,30.665185194993466,40.65448174644339,False,32.131215031357726,34.84562890595406,801.9502604948357,32.01376261196831,2026-03-22 06:57:43
2026-03-22 06:57:45.431996+00:00,4437453.4088208955,3089387.571067246,3373134.5180551438,5,80.41244500114954,131.32326771691442,18.974609320067607,36.39986757592952,False,32.13101636684168,34.84591842951754,735.7950789313763,37.44476401662306,2026-03-22 06:57:45
2026-03-22 06:57:47.431996+00:00,4437387.333958993,3089372.7483485965,3373065.962514518,5,793.6478856543556,1774.6011073701084,26.182543463806162,49.21808332612457,False,32.130793556961144,34.84618958422703,646.2400109060109,48.18055238928739,2026-03-22 06:57:47
2026-03-22 06:57:49.431996+00:00,4437309.2788619585,3089348.4897842146,3372984.9985848158,5,160.16753194164303,357.9715628437698,12.990596824641608,42.89476593204445,False,32.13054899695146,34.846451222714826,537.193926140666,57.52441662391688,2026-03-22 06:57:49
2026-03-22 06:57:51.431996+00:00,4437222.4805768225,3089317.5691402955,3372895.119923829,5,352.04337012948923,787.1623710617423,12.971318139349215,38.00900549303269,False,32.13028902059364,34.8467078695397,414.10678765457124,64.35876440641346,2026-03-22 06:57:51
2026-03-22 06:57:53.431996+00:00,4437130.365693048,3089282.714796083,3372800.265775565,5,9.216880518068109,18.988737996667624,18.935856039710114,40.456583004411186,True,32.13002274381551,34.84696250622065,282.7753040473908,68.36901082771122,2026-03-22 06:57:53
2026-03-22 06:57:55.431996+00:00,4437036.717423435,3089246.6062940033,3372704.687740407,5,122.12870159901607,273.02268677949905,11.364165555598273,36.080464656192866,False,32.12976039968323,34.847215529433534,149.38651105947793,69.29823794388999,2026-03-22 06:57:55
2026-03-22 06:57:57.431996+00:00,4436944.872285999,3089211.7135491837,3372612.3813138446,5,102.91277558082339,229.79862389340997,24.78475081835849,33.68865636186926,False,32.12951259996936,34.84746821675988,19.57933611050248,67.40457940004764,2026-03-22 06:57:57
2026-03-22 06:57:59.431996+00:00,4436858.057033942,3089180.1830515694,3372526.691279589,5,9.060224907652104,18.611573286354542,18.919103700685774,40.445892198162426,True,32.129286307036246,34.847719696835604,-101.58616683259606,62.99571858519954,2026-03-22 06:57:59
2026-03-22 06:58:01.431996+00:00,4436778.41126901,3089153.0284811696,3372449.787474619,5,3.0652341371014744,5.581472791731358,2.024271635250023,26.870909361212416,True,32.12908689475549,34.84796582840939,-210.97853902354836,56.997837204725975,2026-03-22 06:58:01
2026-03-22 06:58:03.431996+00:00,4436707.40986119,3089130.5514157047,3372382.8556659315,5,3.941559248821794,8.441506702452898,12.896839811361536,34.917223378447304,True,32.12891678994489,34.84820030153488,-306.7962486948818,50.0656703703301,2026-03-22 06:58:03
2026-03-22 06:58:05.431997+00:00,4436645.226941971,3089112.4962783176,3372325.788374545,5,91.76729950391227,153.46605619043112,24.74617750297443,40.33608540436468,False,32.12877518925993,34.848419837038286,-389.0991506772116,43.154871467445815,2026-03-22 06:58:05
2026-03-22 06:58:07.431997+00:00,4436591.188974548,3089098.2463140627,3372277.7749321368,5,24.512218451274087,51.72043268755078,18.892020997376985,32.61286103109546,True,32.128660244783404,34.84862314781877,-459.0849604476243,36.839021622348405,2026-03-22 06:58:07
2026-03-22 06:58:09.431997+00:00,4436543.391135644,3089087.291663509,3372238.0184167293,5,3.0874064186362884,5.253614891320467,24.76122894243626,41.59409675525971,True,32.12857476671037,34.84881733355958,-518.7480742009357,31.564292681727757,2026-03-22 06:58:09
2026-03-22 06:58:11.431997+00:00,4436498.102683402,3089079.4185847663,3372205.2608803213,5,17.520993797856033,38.35617585107684,18.88553625963676,40.42446466421421,True,32.12852441935742,34.84902312819685,-571.4537477660924,28.222710123810383,2026-03-22 06:58:11
2026-03-22 06:58:13.431997+00:00,4436449.738079373,3089074.5131138647,3372178.4959645076,5,92.43870156738728,206.57570800930262,12.855795348169208,39.216023020612155,False,32.12852381575044,34.84927336775871,-621.6741716032848,27.746888501913556,2026-03-22 06:58:13
2026-03-22 06:58:15.431997+00:00,4436392.247066664,3089072.582371593,3372156.87446997,5,11.072552414558196,23.437075305730104,18.874181308433617,40.41725614406327,True,32.1285902666541,34.84960475786221,-674.0622661709785,30.726345918828628,2026-03-22 06:58:15
2026-03-22 06:58:17.431997+00:00,4436319.03955146,3089074.3623045627,3372139.816800229,5,99.71016858811828,222.84392492473125,12.83512666841203,39.20700099296924,False,32.12874326964702,34.850063615813085,-733.1499295113608,37.59478867020114,2026-03-22 06:58:17
2026-03-22 06:58:19.431997+00:00,4436225.694515374,3089080.0013896,3372126.410190326,5,9.415406782377689,19.483031019568443,18.862979777947096,40.41010042407586,True,32.12899285023778,34.85067801663291,-802.4228745466098,47.23566510368814,2026-03-22 06:58:19
2026-03-22 06:58:21.431997+00:00,4436110.324488132,3089090.3486581473,3372116.0241912724,5,1.053410605880637,1.917868260294199,1.9414573913141804,26.841928029322354,True,32.12933929767897,34.8514667886554,-883.1166884638369,58.148899663693946,2026-03-22 06:58:21
2026-03-22 06:58:23.431997+00:00,4435974.03893027,3089105.5447629304,3372107.7053560987,5,53.51802969854888,119.52801572158933,11.394171637875628,29.953289661068652,False,32.129770578900086,34.852424450442726,-974.8986002532765,68.69111642178413,2026-03-22 06:58:23
2026-03-22 06:58:25.431997+00:00,4435819.374754653,3089125.506861338,3372100.1866027117,6,4.837863677473422,7.117363080382347,26.098048114441305,42.25728753093713,True,32.13026725839717,34.853534931498295,-1076.7187265921384,78.0641150665329,2026-03-22 06:58:25
2026-03-22 06:58:27.431997+00:00,4435650.8069696445,3089149.090181276,3372091.593628456,5,404.30428655942956,903.9784439019859,26.082111142741788,44.51118939942636,False,32.130800543604195,34.85476118309136,-1187.0172984218225,85.21313033894535,2026-03-22 06:58:27
2026-03-22 06:58:29.431997+00:00,4435473.812517403,3089175.665083166,3372080.7734697354,5,34.80354549862098,77.66264801099896,12.771002611143265,41.1181731173338,True,32.13134179407395,34.856064562778194,-1302.9056247025728,89.65257577110903,2026-03-22 06:58:29
2026-03-22 06:58:31.431997+00:00,4435295.16940321,3089203.6493573384,3372066.3448339663,5,52.659514808857836,117.2696190290153,1.904765702477871,25.295720026098554,False,32.131858113726615,34.85739025282412,-1421.1737636020407,90.69821853193321,2026-03-22 06:58:31
2026-03-22 06:58:33.431996+00:00,4435122.098913735,3089232.1604869803,3372047.6517748595,5,4.299122184603704,7.859791833907366,26.074952300069953,38.78708181665867,True,32.132318482051744,34.85868682627577,-1537.5798248965293,88.19827154662917,2026-03-22 06:58:33
2026-03-22 06:58:35.431996+00:00,4434962.097431879,3089259.6651358325,3372024.6002921592,5,0.6666358848492309,1.1923366710543633,24.921542328055615,45.366435033544114,True,32.13269687138014,34.85989551829899,-1647.707350479439,81.9883387430006,2026-03-22 06:58:35
2026-03-22 06:58:37.431996+00:00,4434820.7015262935,3089285.9555310644,3371998.3349813707,5,657.2240263334353,1469.5456522777677,26.097864068898453,45.32505442943417,False,32.13298079519922,34.86098096081601,-1747.2016690252349,73.09899716904222,2026-03-22 06:58:37
2026-03-22 06:58:39.431996+00:00,4434700.921273768,3089310.0381316035,3371969.800560401,5,3.0116358543974338,6.453021466732025,12.71023701783827,34.912053646982386,True,32.13316834180913,34.861916255743424,-1833.9504085071385,62.73255479395201,2026-03-22 06:58:39
2026-03-22 06:58:41.431996+00:00,4434603.6670952365,3089332.6394553427,3371940.9725992843,5,1171.9774122664182,2620.6119569651783,12.696153977844078,37.87652775337325,False,32.13326902378973,34.86270219019391,-1905.919216401875,51.96211701502125,2026-03-22 06:58:41
2026-03-22 06:58:43.431996+00:00,4434528.991493477,3089354.8818613123,3371913.5603585336,5,1172.875667569242,2622.6205168180168,12.68578088405465,37.87173095724533,False,32.13329261222289,34.863348195753524,-1961.6197297591716,41.299518957536755,2026-03-22 06:58:43
2026-03-22 06:58:45.431996+00:00,4434476.761219328,3089379.4346477287,3371889.3901682664,5,79.10690839962596,154.8084976039827,24.9696759216784,40.326856639149966,False,32.13324626176296,34.86387828881138,-1998.8814070606604,31.28513607117971,2026-03-22 06:58:45
2026-03-22 06:58:47.431996+00:00,4434435.289573418,3089404.5555114322,3371866.6860991693,5,387.96934681441746,867.5186331532896,12.681163093037437,37.110769318330156,False,32.13316719460835,34.86434812958732,-2027.6126059787348,26.769525403361712,2026-03-22 06:58:47
2026-03-22 06:58:49.431996+00:00,4434430.923011058,3089440.1810976965,3371851.566239505,5,55.38691719041014,123.0791090093553,18.777889399320504,37.629076988040794,False,32.132971171249096,34.86468448367542,-2021.443298089318,19.473439730725552,2026-03-22 06:58:49
2026-03-22 06:58:51.431996+00:00,4434468.058589438,3089492.5470425445,3371844.3212067997,5,50.244027653250384,111.50032747909427,18.77210710746252,37.630329762224775,False,32.13262600333944,34.86491493875063,-1974.1452773530036,32.30222074537958,2026-03-22 06:58:51
2026-03-22 06:58:53.431996+00:00,4434518.69064518,3089551.3069961704,3371839.668152051,5,47.5169452671423,105.35386059805751,18.76643211161258,37.6315939559381,False,32.132229971873,34.865119215007596,-1912.9955158289522,38.8522461939263,2026-03-22 06:58:53
2026-03-22 06:58:55.431996+00:00,4434595.288162938,3089621.882043141,3371839.4489189526,5,48.00020997724658,106.44425151869655,18.760666337643283,37.63282583235324,False,32.13173319756188,34.865268902353144,-1825.7263153502718,52.07702239188903,2026-03-22 06:58:55
2026-03-22 06:58:57.431996+00:00,4434695.329161478,3089703.4877485353,3371842.936185703,5,119.93378265360704,268.1149070635438,11.406242274705447,36.1643985539085,False,32.13114221392333,34.86537246164553,-1714.856325019151,64.57525371836789,2026-03-22 06:58:57
2026-03-22 06:58:59.431996+00:00,4434814.4169030255,3089793.72515342,3371848.668691369,5,56.94885084857866,126.59552389010787,18.7494196635591,37.635454489361905,False,32.13046975616607,34.86543567259924,-1585.3787201372907,74.7621913944014,2026-03-22 06:58:59
2026-03-22 06:59:01.431996+00:00,4434947.402281872,3089889.6450273357,3371855.5551315593,5,57.11705751930242,126.97439448907971,18.743702826156284,37.63670165556073,False,32.129735854326086,34.8654640886909,-1442.8790907617658,82.0566210878779,2026-03-22 06:59:01
2026-03-22 06:59:03.431996+00:00,4435088.219981281,3089987.5981178023,3371862.594011441,5,56.43972377919021,125.45138248801231,18.738077539376324,37.638020694258515,False,32.12896674676744,34.86546272705148,-1293.8708478230983,85.83993567799092,2026-03-22 06:59:03
2026-03-22 06:59:05.431997+00:00,4435230.708752107,3090085.166347011,3371869.447193469,5,59.99152552676827,133.4387051947415,18.73248359447541,37.63931684043534,False,32.12819073517485,34.86544789309406,-1143.9853945774958,86.41404023178498,2026-03-22 06:59:05
2026-03-22 06:59:07.431997+00:00,4435368.7940399265,3090179.529547215,3371875.715716286,5,41.944279712909065,93.23513048887253,12.57328153930978,28.9075147038245,True,32.127436412632775,34.865431868095904,-999.0210644155741,83.68281580359319,2026-03-22 06:59:07
2026-03-22 06:59:09.431997+00:00,4435497.695840741,3090269.779923752,3371881.523713371,5,74.30756536548063,133.6169395595789,25.10300161314421,40.320696954153874,False,32.12672602439044,34.865435718846285,-862.6728391041979,78.73140661184037,2026-03-22 06:59:09
2026-03-22 06:59:11.431997+00:00,4435613.83323154,3090355.19124089,3371886.8420401867,5,46.969318223850685,104.53219189867377,12.55233358998468,28.902147435576683,False,32.12607542516674,34.865474823851365,-737.7962314253673,72.13056085522946,2026-03-22 06:59:11
2026-03-22 06:59:13.431997+00:00,4435720.781567963,3090441.7377044545,3371896.0818985547,5,64.6171307849754,144.1747872978449,12.54439061037471,30.16900136360754,False,32.12548785183384,34.86557946986849,-616.6690413746983,68.94492730018257,2026-03-22 06:59:13
2026-03-22 06:59:15.431997+00:00,4435817.229792377,3090528.18200313,3371908.27978388,5,21.16526775870153,46.65784652158618,18.704959061771763,40.30859381632837,True,32.124964491654175,34.86574683606743,-501.3138469159603,65.04549402646715,2026-03-22 06:59:15
2026-03-22 06:59:17.431997+00:00,4435908.569152721,3090620.2725302326,3371927.2081055036,5,7.039371660764616,10.220560677349567,31.147419913691543,45.55682306771393,True,32.12449717922789,34.8659942413851,-383.1955674793571,65.53973086909076,2026-03-22 06:59:17
2026-03-22 06:59:19.431997+00:00,4435996.124961957,3090720.93275655,3371953.261631625,5,21.73422179403962,48.34426972642541,12.511687911718385,41.09633934528377,True,32.12407569739814,34.86633907121214,-259.76805945206434,67.96559261245643,2026-03-22 06:59:19
2026-03-22 06:59:21.431997+00:00,4436079.7738137,3090828.3866891973,3371984.9573727446,5,168.52643361795324,376.75082229822874,11.433461025922966,35.189119183504566,False,32.12369407162503,34.866766623798725,-132.76546826586127,69.90725649813386,2026-03-22 06:59:21
2026-03-22 06:59:23.431997+00:00,4436156.106577721,3090939.1393987676,3372018.5437265895,5,7.77046332814056,13.13516291230917,25.17262400846106,41.58400269070859,True,32.123346640580365,34.86726715869311,-8.243612448684871,69.31972429416368,2026-03-22 06:59:23
2026-03-22 06:59:25.431997+00:00,4436224.701803494,3091051.7574675595,3372052.003928112,5,52.72108838172571,117.41923141106963,25.91240448435142,38.79080055550138,False,32.123023585894856,34.8678307624438,111.73833712376654,68.0215397928525,2026-03-22 06:59:25
2026-03-22 06:59:27.431997+00:00,4436279.969448183,3091158.338440983,3372079.1952234437,5,8.249545117042372,13.940254729241133,25.1947961034719,41.58335802122032,True,32.12272164626181,34.86842259199579,216.20369482878596,61.54953896485821,2026-03-22 06:59:27
2026-03-22 06:59:29.431997+00:00,4436319.703292681,3091253.1521939184,3372096.268178369,5,9.77393209407496,17.57116897776723,25.2059256854574,41.583066474159054,True,32.12243580663246,34.869006198384405,298.7981929499656,52.10545061256633,2026-03-22 06:59:29
2026-03-22 06:59:31.431997+00:00,4436338.583337782,3091330.4224111964,3372097.4811721323,5,8.759802844955495,14.797480750828981,25.217016862271098,41.58274713087539,True,32.12215897738836,34.86956359890487,349.9753362899646,39.77629298678808,2026-03-22 06:59:31
2026-03-22 06:59:33.431996+00:00,4436335.717676381,3091387.1450277697,3372080.788191134,5,3.951336760066872,7.190100211650133,1.6440950395601464,26.73637086028978,True,32.12188727259619,34.870074089688146,366.5728289196268,29.598675498759803,2026-03-22 06:59:33
2026-03-22 06:59:35.431996+00:00,4436308.3721367745,3091420.1557716047,3372043.4874453694,5,436.98217358839554,977.0106640271842,25.244774359654585,43.789629216658135,False,32.121619484454165,34.87052673482377,343.72196643427014,28.411412229506894,2026-03-22 06:59:35
2026-03-22 06:59:37.431996+00:00,4436257.7884544525,3091429.1258951286,3371985.951530995,5,11.11264852739739,21.163638077676296,25.25041450173201,41.58185376522549,True,32.12135447063961,34.87091116193385,282.3243869980797,38.56667433222598,2026-03-22 06:59:37
2026-03-22 06:59:39.431996+00:00,4436188.199178161,3091419.572299651,3371911.9171217764,5,20.7943059331543,45.81754084303975,18.63667654343134,40.26447879412651,True,32.12108899124118,34.8712496968163,189.97917214315385,51.02703281017902,2026-03-22 06:59:39
2026-03-22 06:59:41.431996+00:00,4436106.478056018,3091396.974455004,3371826.930098637,5,25.935912264700658,57.45080376043916,18.63097471928523,40.26082440970481,True,32.12082333744307,34.87154833587664,77.06454564072192,60.0245751527243,2026-03-22 06:59:41
2026-03-22 06:59:43.431996+00:00,4436016.157716427,3091364.9549170597,3371734.5894124177,5,25.809463047531093,57.16540914401412,18.625242188691328,40.257138252713716,True,32.12056116641781,34.87181717164965,-50.29718506895006,66.5391179786261,2026-03-22 06:59:43
2026-03-22 06:59:45.431996+00:00,4435925.317909174,3091331.5161005114,3371642.2681307695,5,93.51439153914856,208.9750887528062,12.378619749712009,39.005228278178166,False,32.12030506707588,34.87207682466329,-178.6965754861012,66.88281557909455,2026-03-22 06:59:45
2026-03-22 06:59:47.431996+00:00,4435838.430980879,3091302.472625828,3371555.003650184,5,93.21115020524535,208.2964327968657,12.368296798006737,39.000625201823354,False,32.12005998012947,34.87235075041788,-299.53203075379133,63.26126639201936,2026-03-22 06:59:47
2026-03-22 06:59:49.431996+00:00,4435757.362132837,3091277.3057656903,3371475.0425441144,5,25.86528239597637,57.291511569172144,18.608014981499508,40.24608646170292,True,32.119837151172895,34.87262313747169,-410.56422071903944,58.308034300284135,2026-03-22 06:59:49
2026-03-22 06:59:51.431996+00:00,4435685.390682068,3091261.0825523566,3371406.155081489,5,91.06745634321263,203.49958313256502,12.347604371939907,38.99138949286676,False,32.11963858780133,34.872918169363615,-505.0562552716583,50.469210623066814,2026-03-22 06:59:51
2026-03-22 06:59:53.431996+00:00,4435621.93684507,3091252.941177107,3371347.9947568793,5,27.765387296767884,61.577919099479914,18.596590862419827,40.2386709765695,True,32.119466289481,34.8732318650434,-584.0125577561557,43.22989353284239,2026-03-22 06:59:53
2026-03-22 06:59:55.431996+00:00,4435566.538277436,3091252.4418715546,3371300.2459908323,5,15.530661544488344,33.81204829737544,18.59074767825785,40.234894042360835,True,32.11932087239546,34.873563201050814,-648.1351360213012,36.56909645078356,2026-03-22 06:59:55
2026-03-22 06:59:57.431996+00:00,4435517.358187027,3091258.0884967875,3371261.163845365,5,25.40122147999211,56.243804052472115,18.58521007578027,40.23126086085481,True,32.11920033755351,34.87391029765576,-700.352542377077,31.535613849545946,2026-03-22 06:59:57
2026-03-22 06:59:59.431996+00:00,4435472.87227745,3091268.864794107,3371229.2523996644,5,25.183240894382607,55.75150812789798,18.579598585894168,40.22752623784131,True,32.11910204240062,34.87427355423418,-743.0114048030227,27.89921639381665,2026-03-22 06:59:59
2026-03-22 07:00:01.431996+00:00,4435431.840573228,3091283.3079907084,3371203.3085539048,5,65.43054582875035,146.0033046193421,12.295283045736973,30.110057498657604,False,32.119025686445795,34.87464776544708,-778.3213331438601,25.324345066605282,2026-03-22 07:00:01
2026-03-22 07:00:03.431996+00:00,4435393.264082137,3091300.821651541,3371182.352061206,5,30.487266471897062,67.70976766198874,18.568429630805266,40.22008648749941,True,32.11896934783337,34.87503379834679,-807.7864697482437,23.632861479956,2026-03-22 07:00:03
2026-03-22 07:00:05.431997+00:00,4435356.377846833,3091320.8615696775,3371165.668124241,5,23.85924545022562,52.759443160146475,18.56277681071247,40.21630328459071,True,32.11893206827856,34.87543155616966,-832.5819094385952,22.58619260671274,2026-03-22 07:00:05
2026-03-22 07:00:07.431997+00:00,4435320.632627826,3091343.4604872316,3371152.706645772,5,116.29829572607349,259.4237021021545,12.264557584043507,35.717717628057535,False,32.11891171684683,34.87584465141044,-853.3658825540915,22.115784411749086,2026-03-22 07:00:07
2026-03-22 07:00:09.431997+00:00,4435285.609570779,3091368.405983926,3371143.118312326,5,60.04143835371353,133.92660181969404,12.25306828907894,30.099994629446,False,32.11890785549577,34.87627377502792,-870.7179903974757,22.027417395880853,2026-03-22 07:00:09
2026-03-22 07:00:11.431997+00:00,4435251.00079882,3091395.3310440704,3371136.6418166254,5,59.28893492461898,132.23994518071413,12.242463205786875,30.097472073128614,False,32.1189207056894,34.87671760145877,-885.1687991507351,22.162304465474104,2026-03-22 07:00:11
2026-03-22 07:00:13.431997+00:00,4435216.568484092,3091423.7311637783,3371133.142875978,5,29.337933572319876,65.12128341943026,18.54063512125261,40.20124925077005,True,32.11895156061667,34.87717318537366,-897.1992536708713,22.385227732647667,2026-03-22 07:00:13
2026-03-22 07:00:15.431997+00:00,4435182.173872094,3091453.124787042,3371132.495197191,5,109.74028926128527,245.12652007490396,12.223672090940433,34.837793223480816,False,32.119001321829735,34.87763718067507,-907.2061044117436,22.624068549316355,2026-03-22 07:00:15
2026-03-22 07:00:17.431997+00:00,4435147.803136586,3091483.048716154,3371134.628680541,5,134.55072941124695,292.7754190042615,25.4711387191357,40.29388254797474,False,32.119070778352516,34.87810564387399,-915.4605384077877,22.810856757427448,2026-03-22 07:00:17
2026-03-22 07:00:19.431997+00:00,4435113.663265085,3091513.180652964,3371139.4245509114,5,522.1935895840172,1167.569144334644,33.51584412397288,45.48063420661253,False,32.11915909236545,34.87857451834659,-922.0379678830504,22.893584334144187,2026-03-22 07:00:19
2026-03-22 07:00:21.431997+00:00,4435080.09149061,3091543.290481588,3371146.725092875,5,63.6596067661277,142.03724860027432,12.189280414705681,30.08484955851919,False,32.119264363446696,34.87903975954839,-926.8993777260184,22.841649098422277,2026-03-22 07:00:21
2026-03-22 07:00:23.431997+00:00,4435047.5859949,3091573.25123957,3371156.2587539703,5,408.2508083542164,912.8282504156232,12.168456401761135,30.07281611739335,False,32.119382905563675,34.879497244256584,-929.9045023368672,22.611639502970803,2026-03-22 07:00:23
2026-03-22 07:00:25.431997+00:00,4435016.644615276,3091602.9979498163,3371167.7315810136,5,406.9834922395625,909.9943299815059,12.15781184189665,30.07028708369961,False,32.11951069295474,34.87994339010917,-930.895216668956,22.214080579189023,2026-03-22 07:00:25
2026-03-22 07:00:27.431997+00:00,4434987.764913509,3091632.5098221544,3371180.7739767237,5,518.6314171194947,1159.6031957641244,33.47727689795442,45.474606274923566,False,32.119643001944866,34.88037500044836,-929.7324167583138,21.651165493549886,2026-03-22 07:00:27
2026-03-22 07:00:29.431997+00:00,4434960.731160555,3091661.7970374767,3371195.0518088797,5,51.695742234709435,100.45557913184166,25.54336977463576,40.29680184936749,False,32.11977810091481,34.880793470840544,-926.738733805716,21.16849824129327,2026-03-22 07:00:29
2026-03-22 07:00:31.431997+00:00,4434936.001145661,3091690.8945535263,3371210.2593173133,5,51.683088392465905,100.52713990956545,25.55419543981842,40.29605654679422,False,32.1199117574355,34.881196330270875,-921.7417665822431,20.55180886006214,2026-03-22 07:00:31
2026-03-22 07:00:33.431996+00:00,4434912.066016665,3091719.893453353,3371225.9194665477,5,46.76899249827409,104.27735021710396,18.485813078996507,40.16333550207621,False,32.12004601350707,34.88159351516193,-915.9993719151244,20.365832442696934,2026-03-22 07:00:33
2026-03-22 07:00:35.431996+00:00,4434891.520906264,3091748.7491288045,3371242.365232584,5,36.74302963542615,81.77596095949411,18.480182325612095,40.15946708585723,True,32.12017332590854,34.88196890859931,-907.5531086409464,19.526999178467495,2026-03-22 07:00:35
2026-03-22 07:00:37.431996+00:00,4434885.518823003,3091786.842612733,3371267.2509537516,5,55.563368784509116,123.89021192118526,12.103290688069794,30.064368755313886,False,32.120282561329816,34.88233646985017,-880.0407569371164,22.947971802065695,2026-03-22 07:00:37
2026-03-22 07:00:39.431996+00:00,4434891.054150152,3091833.995851595,3371297.2638644204,5,49.63473189265322,95.94671937823296,25.597575794488538,40.293130615046344,False,32.12036072600786,34.882712864542476,-837.3981606503949,28.083992720996562,2026-03-22 07:00:39
2026-03-22 07:00:41.431996+00:00,4434918.180701169,3091898.467696484,3371337.2518745097,5,38.0313425248602,84.6694446504116,18.463726270311703,40.14806542949204,True,32.1203826509092,34.88310895329015,-766.0624436503276,40.28495222913647,2026-03-22 07:00:41
2026-03-22 07:00:43.431996+00:00,4434972.72101058,3091986.1305868183,3371389.2017248943,5,150.8357901938354,336.9919774085283,31.582659281826388,40.98115540968052,False,32.120324503506055,34.883540491304025,-658.0875759730116,57.78887143585275,2026-03-22 07:00:43
2026-03-22 07:00:45.431996+00:00,4435056.362807197,3092099.637179376,3371452.5165513586,5,58.70478604579596,130.93456460535526,12.0605626434913,30.05416187087588,False,32.1201678157822,34.88402029919684,-511.33338302653283,77.2794667838245,2026-03-22 07:00:45
2026-03-22 07:00:47.431996+00:00,4435169.285358733,3092239.0476861754,3371527.9390451675,5,38.24616038473158,85.15153202787042,18.44706485716816,40.13661517919142,True,32.11991739936652,34.88454780001945,-325.2510829074308,97.30794497856644,2026-03-22 07:00:47
2026-03-22 07:00:49.431996+00:00,4435309.461674776,3092402.0831947625,3371614.831906138,5,193.62426143244747,431.51219928637147,33.37132751656919,45.46023423335116,False,32.119582621080205,34.88511545321277,-102.69141056574881,115.95294943138587,2026-03-22 07:00:49
2026-03-22 07:00:51.431996+00:00,4435475.475930709,3092585.345228472,3371714.3262106394,5,120.16169635075052,261.1857254207134,25.655637371372283,40.28149762948359,False,32.119187021544995,34.88570228363763,154.31740146223456,133.27117355287945,2026-03-22 07:00:51
2026-03-22 07:00:53.431996+00:00,4435664.02506225,3092783.840802461,3371826.123351569,5,118.4717191696594,257.37518943473697,25.66646087887775,40.28075649645701,False,32.11875501520215,34.88628489857765,440.90334056690335,147.85961975634203,2026-03-22 07:00:53
2026-03-22 07:00:55.431996+00:00,4435871.390823488,3092992.069679357,3371950.4107486,5,44.22999228872461,83.51275630667806,25.68428122100961,40.287303764680814,True,32.11831774786439,34.88683801965225,751.9184878123924,159.53618803278164,2026-03-22 07:00:55
2026-03-22 07:00:57.431996+00:00,4436091.051530071,3093202.83985984,3372084.003711222,5,101.2982427310255,225.98914509639144,25.702249430407296,50.71289808728341,False,32.117896269544914,34.88733866272204,1077.6547213783488,166.2242270693952,2026-03-22 07:00:57
2026-03-22 07:00:59.431996+00:00,4436315.2422361355,3093407.9460022673,3372223.5097534163,5,726.6743085426606,1604.417599312961,18.419886866034034,36.01628115139506,False,32.11751770352548,34.88776258050566,1406.9386788485572,167.17650713838233,2026-03-22 07:00:59
2026-03-22 07:01:01.431996+00:00,4436535.629002538,3093602.657092306,3372367.3722207956,5,79.13333321400017,176.63722435757518,11.960393219328532,35.38499729841781,False,32.117215894990416,34.88811917251304,1730.8607218731195,163.69113057035779,2026-03-22 07:01:01
2026-03-22 07:01:03.431996+00:00,4436747.715082539,3093784.750774335,3372515.6289929943,5,682.2846954391375,1525.6012752614915,11.977583646615997,31.31408611480382,False,32.11701489246801,34.88841638680045,2045.2400841405615,158.2076838116888,2026-03-22 07:01:03
2026-03-22 07:01:05.431997+00:00,4436948.855649304,3093957.2425923096,3372669.429451326,5,523.371511932166,1170.2028597593307,33.29322996453766,45.44579449000097,False,32.11692558710148,34.88869645957028,2350.3110665781423,153.1873379101462,2026-03-22 07:01:05
2026-03-22 07:01:07.431997+00:00,4437138.483170462,3094125.0864077914,3372830.9380471627,5,178.67383004532365,397.91293723508716,31.711551039955495,41.02799372516417,False,32.11695313903319,34.88900587355588,2649.229953451082,150.1792010443318,2026-03-22 07:01:07
2026-03-22 07:01:09.431997+00:00,4437317.761173928,3094293.976429551,3373000.7968084738,5,178.84348586812567,398.2904082275927,31.72184874168558,41.03161563979503,False,32.117082250932754,34.88938704724126,2945.905075594783,149.59649124472452,2026-03-22 07:01:09
2026-03-22 07:01:11.431997+00:00,4437486.367022932,3094465.930761613,3373175.8819445577,5,34.020080501684475,74.7341525927186,24.789366092554406,34.642574372800276,True,32.11728479739192,34.889859458875165,3239.4293993376195,148.87161374031328,2026-03-22 07:01:11
2026-03-22 07:01:13.431997+00:00,4437643.867171047,3094642.1671761842,3373353.8498360487,5,21.25613592473124,46.8586904220283,18.373956407817865,40.08690094470322,True,32.117541243262735,34.8904363032194,3528.8459676560014,147.93422599179374,2026-03-22 07:01:13
2026-03-22 07:01:15.431997+00:00,4437788.836759035,3094820.6359291896,3373530.8038556906,5,39.75904597762827,73.44640577211976,25.792842588168853,40.280311061059855,True,32.117833054469145,34.89110839560684,3810.1005124980584,145.0689511128668,2026-03-22 07:01:15
2026-03-22 07:01:17.431997+00:00,4437920.853095833,3095000.2278441493,3373704.5455987556,5,49.116173543902285,109.53790666908026,18.36296599508612,40.07951309363387,False,32.11814814696852,34.89186865394599,4081.1935231499374,141.30442525261304,2026-03-22 07:01:17
2026-03-22 07:01:19.431997+00:00,4438038.675443493,3095177.391777554,3373871.139196509,5,55.71727960228632,124.2402337230742,11.88178423814757,30.010626112331675,False,32.11847108599629,34.89269374424706,4337.450308533385,135.1134631706728,2026-03-22 07:01:19
2026-03-22 07:01:21.431997+00:00,4438142.028407991,3095349.7439047517,3374028.3548510373,5,38.285906140714935,70.07377430796623,25.825556171166575,40.278295958705336,True,32.11879246903349,34.893564629623604,4576.339303559624,127.57728348813413,2026-03-22 07:01:21
2026-03-22 07:01:23.431997+00:00,4438229.930432985,3095512.639835065,3374171.352074125,5,56.42380059707621,125.82484267652035,11.861005801854912,30.005496591449962,False,32.119091941954906,34.894446922502595,4792.3549709599465,116.95090414512796,2026-03-22 07:01:23
2026-03-22 07:01:25.431997+00:00,4438302.397104093,3095662.070367085,3374296.6239165897,5,79.08149436296051,176.3218993321061,18.339496787703176,37.72946006632925,False,32.11935367304523,34.89530571845103,4981.701020388864,104.01194262643243,2026-03-22 07:01:25
2026-03-22 07:01:27.431997+00:00,4438357.438813085,3095794.5710023055,3374400.45121561,5,151.62037587501635,338.7489984370768,25.55718729075659,45.116206222923765,False,32.11956660010625,34.8961229943316,5139.339148470201,88.55240833041586,2026-03-22 07:01:27
2026-03-22 07:01:29.431997+00:00,4438394.400551498,3095910.100414898,3374482.7598776245,5,569.619043383069,1272.5241705961525,11.490207636784698,42.24130735629649,False,32.11973285235372,34.89690237251486,5264.754735996015,73.29381134016657,2026-03-22 07:01:29
2026-03-22 07:01:31.431997+00:00,4438410.756235838,3096008.441509806,3374542.577024307,5,67.19213055671503,145.18255002051592,18.321916930895533,37.73277078901229,False,32.11985553218607,34.8976572818063,5355.570438368246,58.13039307291643,2026-03-22 07:01:31
2026-03-22 07:01:33.431996+00:00,4438405.822092777,3096092.297515572,3374582.208310389,5,65.07573438573736,141.36581067368388,18.316112589843463,37.733927186266996,False,32.119947516259415,34.89841535006445,5413.846933840774,46.44034596686578,2026-03-22 07:01:33
2026-03-22 07:01:35.431996+00:00,4438378.650688309,3096163.830589385,3374603.315538956,5,413.4513497144958,924.4982398822904,11.800780708746013,37.06719079367677,False,32.12001928454566,34.899201102248625,5440.857375485823,39.68872940656301,2026-03-22 07:01:35
2026-03-22 07:01:37.431996+00:00,4438330.886567299,3096224.7334798584,3374608.324476649,5,155.42658422039278,347.26584062352777,25.529086765744772,45.11066797998041,False,32.12007824778665,34.90001928587862,5439.854198438115,38.78035192178214,2026-03-22 07:01:37
2026-03-22 07:01:39.431996+00:00,4438263.845365638,3096276.396937376,3374599.1757367784,5,67.30839787938352,145.683220397681,18.29883909397768,37.73749634910444,False,32.12013023386597,34.9008740179989,5413.457108697854,42.56564049817926,2026-03-22 07:01:39
2026-03-22 07:01:41.431996+00:00,4438180.181253422,3096319.9335622443,3374578.152692773,5,65.79372698940207,142.73417473956943,18.29306549695471,37.7386827710886,False,32.12017918920383,34.901758891286704,5365.263041337952,48.31430884597592,2026-03-22 07:01:41
2026-03-22 07:01:43.431996+00:00,4438081.216736037,3096356.3069633367,3374546.7166019855,5,60.127999265380524,131.2770477347076,18.287171414868627,37.73981224237127,False,32.120228427145136,34.90267427080345,5297.434623178095,55.011880108346006,2026-03-22 07:01:43
2026-03-22 07:01:45.431996+00:00,4437962.400861019,3096381.0319448626,3374502.1114925994,5,94.01912785865518,209.80770852044225,18.281877353217514,37.74130922217624,False,32.120287092377296,34.90360879094994,5203.172021488659,64.64934773666218,2026-03-22 07:01:45
2026-03-22 07:01:47.431996+00:00,4437820.092866403,3096390.6674074456,3374442.129593865,5,67.4772201549133,146.31417313218117,18.275611674673215,37.742173648057964,False,32.120362075812906,34.904554642101424,5077.105019680224,77.36639394248652,2026-03-22 07:01:47
2026-03-22 07:01:49.431996+00:00,4437646.171601187,3096377.2779173255,3374361.2260602824,5,156.09526718191898,348.76092107594013,25.495156680161926,45.10390325799651,False,32.12046472842219,34.905492137526856,4906.7989985235035,96.1421690597096,2026-03-22 07:01:49
2026-03-22 07:01:51.431996+00:00,4437435.341390608,3096334.662184749,3374254.4546475606,5,70.17652146447254,151.8286403864622,18.26403862867478,37.74454472853343,False,32.120595116245845,34.90639953436165,4682.940428322181,120.0683273501867,2026-03-22 07:01:51
2026-03-22 07:01:53.431996+00:00,4437184.5669408925,3096257.932706542,3374118.363187887,5,204.40641736952844,449.78661197796464,18.254061386517225,37.542959247451385,False,32.12075222675232,34.9072528024032,4399.216764369048,147.72958645115878,2026-03-22 07:01:53
2026-03-22 07:01:55.431996+00:00,4436898.580678908,3096148.0830481164,3373953.783308241,5,70.04512834233681,152.07253468036652,18.25241448741927,37.74686340902822,False,32.12092109505676,34.90803190795016,4059.8384315716103,173.88331308966707,2026-03-22 07:01:55
2026-03-22 07:01:57.431996+00:00,4436581.594951106,3096006.006425404,3373761.552099062,5,4.622164304993793,9.11859281733632,18.24199092237497,39.99437202024706,True,32.12108911471485,34.908719087186476,3668.608824174851,198.50601762533,2026-03-22 07:01:57
2026-03-22 07:01:59.431996+00:00,4436243.763847845,3095837.345814078,3373546.83481924,5,7.9477875995842915,11.684094615280628,30.951387186331477,45.76886541315347,True,32.12124033692016,34.9093018055722,3238.061435402371,217.18642130548977,2026-03-22 07:01:59
2026-03-22 07:02:01.431996+00:00,4435893.236631015,3095646.8123218855,3373314.808280729,5,8.38615268285697,12.330578126013279,30.94371064855795,45.771400815227345,True,32.12136933104236,34.909771574545736,2778.891825027764,230.76430397624392,2026-03-22 07:02:01
2026-03-22 07:02:03.431996+00:00,4435542.912462069,3095443.807291529,3373073.933761505,5,6.724547264564182,9.889065638184547,30.935945466493123,45.773833554943934,True,32.12146420282086,34.91013184449254,2309.114171714522,235.56241195786666,2026-03-22 07:02:03
2026-03-22 07:02:05.431997+00:00,4435202.738267386,3095236.4497329737,3372831.8114288608,5,35.62943868290456,79.26535086333752,18.223911771734464,39.987443340106225,True,32.12152160097809,34.91039281956478,1843.6129320301116,233.09796569481398,2026-03-22 07:02:05
2026-03-22 07:02:07.431997+00:00,4434886.622912095,3095036.776701268,3372598.6277851146,5,73.70457628252456,159.82631759345531,18.217541035696502,37.75379389319751,False,32.12153159632465,34.91057472241328,1403.2984951213002,220.3252420584082,2026-03-22 07:02:07
2026-03-22 07:02:09.431997+00:00,4434604.845522216,3094854.919420995,3372383.1625589374,5,147.5770240643148,329.7010329775512,32.02543341856423,41.13489048354335,False,32.121493014192644,34.91070323087277,1004.8886586418375,199.30869996506792,2026-03-22 07:02:09
2026-03-22 07:02:11.431997+00:00,4434364.665552615,3094698.9974979507,3372192.029450443,5,73.00567569319081,158.5857956521213,18.205773544854722,37.75599750575782,False,32.12140553218537,34.91080486223276,660.8773333532736,172.14087911195017,2026-03-22 07:02:11
2026-03-22 07:02:13.431997+00:00,4434164.549790169,3094570.5793399736,3372026.8509244267,5,94.38637276046674,210.63489678129554,18.200293406529315,37.75738694774943,False,32.12128326032537,34.91090253549984,371.8225811654702,144.75970359059676,2026-03-22 07:02:13
2026-03-22 07:02:15.431997+00:00,4434002.549264435,3094470.9334172383,3371888.6903174873,5,88.32510454904507,197.0529877357185,18.194268480314083,37.758427292845866,False,32.12113850073094,34.911019089358604,137.551049917005,117.53917811291932,2026-03-22 07:02:15
2026-03-22 07:02:17.431997+00:00,4433870.193675001,3094396.045974911,3371773.9179931288,5,12.139218318202314,21.192794386297464,30.848089235258815,44.173802956894676,True,32.12098785322636,34.9111710130156,-51.695360926911235,95.26124278959782,2026-03-22 07:02:17
2026-03-22 07:02:19.431997+00:00,4433760.594947595,3094342.616059374,3371678.604887563,5,87.62010590521425,195.10982473939657,24.789962709270515,44.958740076092226,False,32.12083745444909,34.91137139560002,-204.3895837245509,77.38091660084518,2026-03-22 07:02:19
2026-03-22 07:02:21.431997+00:00,4433668.409683965,3094307.695858824,3371599.7011319585,5,13.566639457030226,25.074360985308886,30.83248524993678,44.16465651546942,True,32.12069311295566,34.91162702740878,-327.2930949656293,63.13348138160644,2026-03-22 07:02:21
2026-03-22 07:02:23.431997+00:00,4433589.545303604,3094288.3295907844,3371533.845018142,5,11.259577954336681,18.499565083533525,30.824678807719664,44.16008926554602,True,32.12055335836891,34.91193704324883,-426.468318304047,52.27731476132009,2026-03-22 07:02:23
2026-03-22 07:02:25.431997+00:00,4433521.103728868,3094281.935932881,3371478.4993547034,5,75.91368854374417,164.95156468823552,18.16441651406961,37.76376049347749,False,32.12041729259971,34.9122965870112,-506.5281678745523,44.12558916071422,2026-03-22 07:02:25
2026-03-22 07:02:27.431997+00:00,4433460.972602389,3094285.924660731,3371431.7332964614,5,78.23313678875886,169.66673220321536,18.15842763151775,37.76483176834798,False,32.12028558329242,34.912695959430394,-571.2217890694737,38.14028881974085,2026-03-22 07:02:27
2026-03-22 07:02:29.431997+00:00,4433407.784022862,3094298.2115142215,3371392.1473798263,5,51.61532398899917,115.04749193415046,11.52045067995464,29.920044487421933,False,32.12015864071142,34.913125342744216,-623.2535241954029,33.715858867185965,2026-03-22 07:02:29
2026-03-22 07:02:31.431997+00:00,4433360.623784374,3094317.2075605923,3371358.6762775043,5,42.49289641290111,94.674988001585,18.14713724395434,39.93732256260237,True,32.120036283757344,34.913576471893826,-664.5948812766001,30.435392894552493,2026-03-22 07:02:31
2026-03-22 07:02:33.431996+00:00,4433319.056517187,3094341.5652605975,3371330.530574042,5,45.2790627121713,100.92591378092766,18.141252693290813,39.933476723415815,False,32.11991789336208,34.91404027530039,-696.621121417731,27.89856173587846,2026-03-22 07:02:33
2026-03-22 07:02:35.431996+00:00,4433282.860836363,3094370.705856507,3371307.063456311,5,35.64857557382686,79.30402782931924,18.13521424111923,39.929581123884134,True,32.11980098824702,34.914513064435894,-720.1104301987216,26.028865009948696,2026-03-22 07:02:35
2026-03-22 07:02:37.431996+00:00,4433252.1030266695,3094404.508363125,3371288.025977021,5,42.94003902623223,95.6776253581047,18.129322016366366,39.92574037705278,False,32.11968373860721,34.91499338403774,-735.207767425105,24.75418110400568,2026-03-22 07:02:37
2026-03-22 07:02:39.431996+00:00,4433227.013216743,3094443.669616054,3371273.3839402776,5,35.52521449347274,79.02612529695034,18.123246694220708,39.92180363276613,True,32.11956306610366,34.91548589191857,-741.4336786735803,24.379763806752624,2026-03-22 07:02:39
2026-03-22 07:02:41.431996+00:00,4433208.037033692,3094489.557408515,3371263.5964370836,5,38.42417129234101,85.53921139240265,18.11733246263625,39.917960941809135,True,32.11943697144795,34.91599976906707,-737.5715002361685,25.306028130268764,2026-03-22 07:02:41
2026-03-22 07:02:43.431996+00:00,4433195.841293473,3094544.027825948,3371259.4917738372,5,53.09758892110786,118.45500500127673,18.11152315406443,39.9141264766785,False,32.11930406567242,34.91654709732103,-721.8179089082405,27.984865173786716,2026-03-22 07:02:43
2026-03-22 07:02:45.431996+00:00,4433191.428732468,3094608.9832815146,3371262.271756409,5,41.689794196201234,92.87067031487823,18.105514871695952,39.91020277711711,True,32.11916436482541,34.91713832223525,-691.9152080640197,32.582242884767496,2026-03-22 07:02:45
2026-03-22 07:02:47.431996+00:00,4433195.913275018,3094686.3065913795,3371273.12834629,5,36.67493095025343,81.60862832143903,18.099441431523555,39.906246888769374,True,32.1190174264137,34.9177830429733,-645.5431768596172,39.105213572432156,2026-03-22 07:02:47
2026-03-22 07:02:49.431996+00:00,4433210.500187082,3094777.5227706167,3371293.323756627,5,48.199976321604744,107.38626290857792,11.418119723391454,29.893788113420886,False,32.11886396758193,34.91848719342242,-580.4542257674038,47.27849393982411,2026-03-22 07:02:49
2026-03-22 07:02:51.431996+00:00,4433235.99613305,3094883.816116819,3371323.8677579365,5,48.317118189788545,107.64933456853032,11.407852041510395,29.891131561580742,False,32.11870527969962,34.91925616257136,-494.97694408055395,56.74780771913563,2026-03-22 07:02:51
2026-03-22 07:02:53.431996+00:00,4433272.732317958,3095005.235365052,3371365.399737867,5,52.82222042058669,105.20829228311777,18.0764934056662,34.04958114312505,False,32.11854481121633,34.92008835431367,-388.5175377111882,66.7403297862867,2026-03-22 07:02:53
2026-03-22 07:02:55.431996+00:00,4433320.1879045125,3095140.871147535,3371417.8556996165,5,51.71635802946449,115.2763905748725,11.387397251764531,29.885915177344067,False,32.11838661741785,34.92097901504534,-261.91239858884364,76.48647937392565,2026-03-22 07:02:55
2026-03-22 07:02:57.431996+00:00,4433377.0038434435,3095288.2074354305,3371480.440510054,5,47.699802104017856,106.35220876708627,18.069999568994515,39.88685585327973,False,32.11823687399586,34.921914516274036,-117.74772917013615,84.93069401724077,2026-03-22 07:02:57
2026-03-22 07:02:59.431996+00:00,4433441.935346968,3095444.920235548,3371552.110984523,5,47.36896584500904,105.61000831797719,18.064089693972846,39.88292849677282,False,32.11809888523149,34.92288220706735,41.43077747616917,92.07559228860816,2026-03-22 07:02:59
2026-03-22 07:03:01.431996+00:00,4433513.044205423,3095607.3938485365,3371630.88156145,5,51.97150166454047,115.92887677252293,18.058276771302317,39.87904342781161,False,32.11797502877263,34.92386242323932,211.4684906071052,97.02956824837268,2026-03-22 07:03:01
2026-03-22 07:03:03.431996+00:00,4433588.779851085,3095773.3408708107,3371714.9251421886,5,46.93763290814474,104.6420961022377,18.052363521082434,39.87510639621192,False,32.117863722825255,34.924844693299306,389.2081775534898,100.42114529406474,2026-03-22 07:03:03
2026-03-22 07:03:05.431997+00:00,4433667.431125184,3095940.0683909673,3371802.2045408967,5,139.62917365031487,229.5424719490111,32.72446124974492,45.368557724905585,False,32.11776352551322,34.925816000263126,571.0727096945047,101.98252390984464,2026-03-22 07:03:05
2026-03-22 07:03:07.431997+00:00,4433747.314974232,3096105.422079877,3371890.682930746,5,62.61553594293802,139.36286191642284,26.398662897974308,41.53140315707985,False,32.11767140927558,34.92676783886115,753.7657603332773,101.92116714048566,2026-03-22 07:03:07
2026-03-22 07:03:09.431997+00:00,4433825.357744944,3096264.68112992,3371977.2429789,5,174.53038212597426,388.4285089150071,32.33858917841521,41.24313232022655,False,32.117588604971964,34.92767784855455,931.2063322560862,98.674668757348,2026-03-22 07:03:09
2026-03-22 07:03:11.431997+00:00,4433898.259777712,3096414.5684523815,3372059.559247855,5,375.10112897664834,838.7146562412381,11.296246321895383,38.5055939858549,False,32.11751931678501,34.928537585920665,1098.2775023225695,92.94740979582689,2026-03-22 07:03:11
2026-03-22 07:03:13.431997+00:00,4433957.828710711,3096549.734011396,3372134.571269696,5,149.0065629247293,332.9018066711724,32.3545782192041,41.246833904071686,False,32.11748705351644,34.92935028440632,1245.0688447561115,82.83264685943155,2026-03-22 07:03:13
2026-03-22 07:03:15.431997+00:00,4433996.984043973,3096666.896893046,3372199.0516240895,5,176.40377419036557,392.6246578358114,32.36962076902729,41.25364184456906,False,32.11750399854449,34.930130409179796,1363.356671356596,69.67423674157936,2026-03-22 07:03:15
2026-03-22 07:03:17.431997+00:00,4434005.451122824,3096762.702230848,3372249.014717781,5,147.30637931754012,329.09685089066625,32.37532519764457,41.25387904853929,False,32.11758930116982,34.930911161096056,1442.260487511754,54.191016107071505,2026-03-22 07:03:17
2026-03-22 07:03:19.431997+00:00,4433976.266729426,3096836.963918553,3372280.1210623193,5,177.82968298116552,395.81925800442696,32.39035082890181,41.260662374027326,False,32.11773769854871,34.93173317923141,1474.547920504585,42.81977273821255,2026-03-22 07:03:19
2026-03-22 07:03:21.431997+00:00,4433904.386900017,3096888.533956387,3372286.0917529664,5,110.79944714221347,247.40692545101047,17.999256194579168,37.79461777679428,False,32.11792421850428,34.93261711008727,1452.821838958189,44.33347444313748,2026-03-22 07:03:21
2026-03-22 07:03:23.431997+00:00,4433791.014971248,3096918.7227520403,3372261.406114339,5,39.225753057157114,87.33277421072125,17.98763694252782,39.8272936548088,True,32.11809838200278,34.933567059391514,1375.618419893086,59.94568034954017,2026-03-22 07:03:23
2026-03-22 07:03:25.431997+00:00,4433638.268475896,3096928.578631664,3372201.766930824,5,336.8644372881087,753.0167776755989,30.605483205680873,40.914420474217394,False,32.11821617724636,34.934579312783,1242.6319401767105,82.13626241774158,2026-03-22 07:03:25
2026-03-22 07:03:27.431997+00:00,4433432.408121292,3096910.6152699594,3372105.2111684247,5,526.0105192610621,1176.112608000636,25.184577452605645,43.09122468560566,False,32.11833715778139,34.93567223456997,1039.6484098797664,114.04405203038999,2026-03-22 07:03:27
2026-03-22 07:03:29.431997+00:00,4433163.597336751,3096858.8436066844,3371972.6388563905,5,334.80720525966143,748.4150524958968,30.58971429315262,40.914113363398684,False,32.118523300468254,34.936853533435446,757.4121820386499,152.08136056191032,2026-03-22 07:03:29
2026-03-22 07:03:31.431997+00:00,4432829.879777543,3096771.7003159327,3371808.7283459483,5,369.5494269727208,826.3040551915765,11.203011032841305,37.176712334007334,False,32.118822330006545,34.93812156023701,396.2945622354746,190.93717414394615,2026-03-22 07:03:31
2026-03-22 07:03:33.431996+00:00,4432430.8452313375,3096647.934736976,3371619.9867870426,5,109.09462627801905,186.79155077785254,17.974423829742594,38.38939941785927,False,32.1192890212649,34.93946800768374,-41.13549317326397,229.22154884976112,2026-03-22 07:03:33
2026-03-22 07:03:35.431996+00:00,4431991.807887204,3096498.8473614003,3371415.0447046766,5,333.4979797408852,745.4863438457251,30.566121725768756,40.91373049435618,False,32.11985880429749,34.94083747401628,-527.2318858522922,253.4670058529935,2026-03-22 07:03:35
2026-03-22 07:03:37.431996+00:00,4431554.089363176,3096345.257185217,3371203.7814007294,5,0.3544285781793499,0.6376686580479145,11.145257880227545,42.02774324143765,True,32.120387555978674,34.94216004112031,-1017.9546494642273,254.86252769463522,2026-03-22 07:03:37
2026-03-22 07:03:39.431996+00:00,4431149.592090223,3096204.336938937,3370996.5707731526,5,46.54949588724737,103.76637318730354,17.940123581535257,39.79565233217168,False,32.120781923835374,34.94339122572171,-1477.3098984947428,237.91427228051143,2026-03-22 07:03:39
2026-03-22 07:03:41.431996+00:00,4430798.867480739,3096088.095556845,3370802.4972453625,5,0.5647751119248133,1.0160730071365833,11.124692113428411,42.03162998737292,True,32.120997486625036,34.94451055007753,-1880.3750940356404,208.6769901051045,2026-03-22 07:03:41
2026-03-22 07:03:43.431996+00:00,4430517.201801186,3096006.14018637,3370628.82835609,5,214.21248692008098,478.7754134684801,25.1735655096384,45.0369791193355,False,32.12100323541573,34.9455086173027,-2208.014085765928,170.45022799095284,2026-03-22 07:03:43
2026-03-22 07:03:45.431996+00:00,4430312.397471565,3095963.6840673937,3370480.4369206103,5,0.46075800504679393,0.828906424343586,11.103932142895285,42.0355491767926,True,32.12079136923823,34.94638328797504,-2449.6908082356676,128.22573220108612,2026-03-22 07:03:45
2026-03-22 07:03:47.431996+00:00,4430190.29798766,3095963.173425422,3370358.7507346887,5,0.029310366278305588,0.05272860452532768,11.093550461420914,42.03763364172267,True,32.120343086363505,34.94712027929018,-2599.4028821308166,86.19175217078951,2026-03-22 07:03:47
2026-03-22 07:03:49.431996+00:00,4430155.846121385,3096006.04770716,3370263.0909918714,5,3.543118152119694,6.613392520695925,11.11958680597486,41.929955984352134,True,32.11962981590859,34.94770203869763,-2653.3813329814,55.17227909078984,2026-03-22 07:03:49
2026-03-22 07:03:51.431996+00:00,4430213.3945304835,3096093.5449639037,3370191.3854062557,5,524.6584928201922,1173.0888848118484,25.116568561283287,43.128234943656636,False,32.11861523626311,34.94811286079289,-2609.104866908863,63.46116989145162,2026-03-22 07:03:51
2026-03-22 07:03:53.431996+00:00,4430345.079110451,3096214.654351252,3370140.693769969,5,423.53265616954627,683.5248966179788,11.56076917152761,40.70858299112406,False,32.117377420456826,34.94836553698802,-2485.8790783286095,92.97574185580525,2026-03-22 07:03:53
2026-03-22 07:03:55.431996+00:00,4430515.392811909,3096349.156385845,3370107.444756008,5,525.9144022897194,1175.8973340950906,25.105080779450844,43.13424831444921,False,32.11608427486688,34.94849999736188,-2320.0615559685975,109.7759663398797,2026-03-22 07:03:55
2026-03-22 07:03:57.431996+00:00,4430695.92999536,3096480.4271040643,3370089.2684004866,5,168.88019751294698,375.67282469943166,32.471729700217445,41.32724355836253,False,32.114875051684365,34.94854429725246,-2140.6980762789026,111.97773882572922,2026-03-22 07:03:57
2026-03-22 07:03:59.431996+00:00,4430863.299733698,3096595.011684314,3370083.6485193176,5,68.87100953509365,153.30198856443167,26.689869005901254,44.72752127249559,False,32.113859430598296,34.94852357595039,-1971.8942496385425,101.45668830446486,2026-03-22 07:03:59
2026-03-22 07:04:01.431996+00:00,4430998.789285243,3096682.2710328214,3370088.801478659,5,33.221353491305585,72.00183367356658,30.452084194787428,45.89450878950402,True,32.1131265395906,34.94845902621543,-1832.7529039960355,80.61973311412606,2026-03-22 07:04:01
2026-03-22 07:04:03.431996+00:00,4431108.774687352,3096747.2082689703,3370103.606036193,5,100.64769470448508,224.65845175087452,26.70137894131152,40.22212836131297,False,32.112628979638,34.948355403576116,-1717.0171239478514,64.28998413350138,2026-03-22 07:04:03
2026-03-22 07:04:05.431997+00:00,4431198.755210131,3096795.6194114373,3370127.3945114966,5,30.236592322347427,66.51054453477263,0.5291968682309469,24.456955424712362,True,32.11232409661143,34.94822967313319,-1618.4123322218657,52.4547751542421,2026-03-22 07:04:05
2026-03-22 07:04:07.431997+00:00,4431273.167038348,3096832.589652093,3370158.995502374,5,5.15543638673999,11.063564751297235,11.566176213555574,35.05507629371863,True,32.11217152619635,34.94809907755466,-1532.0143334902823,44.448120030717845,2026-03-22 07:04:07
2026-03-22 07:04:09.431997+00:00,4431335.646787738,3096862.256301204,3370197.7012005,5,23.092270401301903,47.734532222151756,32.41386307385626,46.977059938812566,True,32.11214019693428,34.947977478722024,-1453.6673225807026,39.62940896873433,2026-03-22 07:04:09
2026-03-22 07:04:11.431997+00:00,4431388.74207936,3096887.648792779,3370242.0495875273,5,21.91765271979489,44.87800209969282,32.40426654376818,46.9751078090036,True,32.11220060094964,34.94787572548647,-1380.9099070178345,36.84653325861783,2026-03-22 07:04:11
2026-03-22 07:04:13.431997+00:00,4431434.421178599,3096909.479857659,3370290.777049483,5,114.97470436241115,256.7623960003257,17.844260620008484,37.822296002541236,False,32.11233338812969,34.9477880590753,-1312.7014575684443,35.13381935420103,2026-03-22 07:04:13
2026-03-22 07:04:15.431997+00:00,4431473.860257549,3096928.1084230817,3370342.1270836387,5,51.29112739463514,114.39273869991302,17.838192389715847,39.73258169951506,False,32.11251952867497,34.947710456394915,-1248.9849239904433,33.68712812770223,2026-03-22 07:04:15
2026-03-22 07:04:17.431997+00:00,4431508.568446137,3096944.009695911,3370394.976876661,5,54.9802576936718,122.66159642115235,17.832102461820963,39.728615222731435,False,32.1127432070635,34.94763788344891,-1189.07881947048,32.59834909606031,2026-03-22 07:04:17
2026-03-22 07:04:19.431997+00:00,4431539.630960265,3096957.5962560093,3370447.9080648003,5,61.27058480203144,136.75550758838654,17.826103649430333,39.72467069907079,False,32.11298818858076,34.94756733591272,-1132.7834784882143,31.42922635498517,2026-03-22 07:04:19
2026-03-22 07:04:21.431997+00:00,4431568.208803946,3096969.6546236854,3370500.129329832,5,44.956611795759095,100.11312474682927,10.945413228681938,29.770324977774386,False,32.11324170459757,34.94749859781287,-1079.3318802034482,30.369219211051615,2026-03-22 07:04:21
2026-03-22 07:04:23.431997+00:00,4431594.833331391,3096980.9765073643,3370550.520017166,5,42.54703971388212,94.70180827751756,10.935222183540207,29.767588045475737,True,32.11349093124038,34.947435320641986,-1028.5667285034433,29.052847888545475,2026-03-22 07:04:23
2026-03-22 07:04:25.431997+00:00,4431619.824017043,3096992.3713160004,3370598.1068759514,5,42.330802354602156,94.2161875590682,10.92509436885296,29.76486683938075,True,32.11372495521185,34.94738259584156,-980.3909053727984,27.472191222473587,2026-03-22 07:04:25
2026-03-22 07:04:27.431997+00:00,4431642.674971357,3097004.474553895,3370641.6559913177,5,51.77457557210095,115.47455758973956,17.801415035603277,39.708676043063875,False,32.113934593646185,34.94734901451697,-935.5032763369381,25.323802685299913,2026-03-22 07:04:27
2026-03-22 07:04:29.431997+00:00,4431663.30873411,3097018.0247462657,3370680.136519558,5,41.13243033347798,91.52400072291493,10.90479085917912,29.759440866625255,True,32.11411024854915,34.94734146176607,-894.1473405081779,22.858865524383674,2026-03-22 07:04:29
2026-03-22 07:04:31.431997+00:00,4431682.581825578,3097032.205625984,3370716.0324691758,5,45.054458874045956,100.33347504585981,10.894674507298435,29.75673421241014,False,32.11426977242956,34.94734764734518,-854.8039966989309,21.57005217478025,2026-03-22 07:04:31
2026-03-22 07:04:33.431996+00:00,4431697.178767944,3097049.8340343097,3370742.4537905464,5,45.5533643555437,101.45371236652136,10.884534673218667,29.754018904121825,False,32.11436582522745,34.94741216552396,-822.0712232515216,17.477978654802325,2026-03-22 07:04:33
2026-03-22 07:04:35.431996+00:00,4431708.0678943265,3097070.317852189,3370762.493129651,5,56.166278240521244,125.31671217083931,17.776806279379084,39.692677023111294,False,32.11441985389031,34.947523994139864,-793.919964001514,15.32754856489057,2026-03-22 07:04:35
2026-03-22 07:04:37.431996+00:00,4431715.058189434,3097093.7630664934,3370776.781166478,5,61.80922248495472,137.95957048237324,17.770740253364394,39.68870514296337,False,32.11443713640654,34.94768521290977,-770.0961237531155,14.16589474625787,2026-03-22 07:04:37
2026-03-22 07:04:39.431996+00:00,4431718.241017124,3097120.078424509,3370785.887016664,5,55.791281977000736,124.47570260614157,17.76446891674723,39.684684677072525,False,32.11442191211821,34.947894474183194,-750.2779687335715,14.013787560846676,2026-03-22 07:04:39
2026-03-22 07:04:41.431996+00:00,4431717.758308722,3097149.01488185,3370790.3305443646,5,56.27558188340919,125.56069687753916,17.758330550616375,39.6806795949523,False,32.11437827855261,34.94814875282862,-734.2113848598674,14.639813090346754,2026-03-22 07:04:41
2026-03-22 07:04:43.431996+00:00,4431714.274331205,3097180.085947326,3370790.9796424294,5,52.52483471252024,117.15372207760811,17.75209774378776,39.67665896429121,False,32.11431159105678,34.94843979051978,-721.2098091514781,15.636260242082818,2026-03-22 07:04:43
2026-03-22 07:04:45.431996+00:00,4431708.3893383965,3097212.8646993088,3370788.593196787,5,51.7864383175119,115.49804008379579,17.745936206161584,39.6726355474319,False,32.11422646017278,34.94876023504043,-710.6601718915626,16.69412205469667,2026-03-22 07:04:45
2026-03-22 07:04:47.431996+00:00,4431700.583533354,3097247.0096004987,3370783.7783161774,5,51.006224984874116,113.7484673447907,17.73978149139712,39.66863160341666,False,32.114126574289536,34.94910420465168,-702.0720152501017,17.677584287136472,2026-03-22 07:04:47
2026-03-22 07:04:49.431996+00:00,4431691.241078528,3097282.2474210532,3370777.020687595,5,52.624416798259695,117.37590232864022,17.733614337746605,39.66462526940588,False,32.114014884094736,34.94946699398333,-695.0529723847285,18.53814313567587,2026-03-22 07:04:49
2026-03-22 07:04:51.431996+00:00,4431680.669303869,3097318.3595771,3370768.708860635,5,58.568994291799726,130.69815239682794,17.727513649776185,39.66061437307315,False,32.11389375012773,34.94984483875206,-689.289150075987,19.267438213097122,2026-03-22 07:04:51
2026-03-22 07:04:53.431996+00:00,4431669.114073349,3097355.171201539,3370759.1536749713,5,59.57066386850238,132.94212533906102,17.721292884160725,39.65657243255208,False,32.113765060816256,34.950234727538735,-684.5294343763962,19.874107648510265,2026-03-22 07:04:53
2026-03-22 07:04:55.431996+00:00,4431656.473021204,3097392.7760821264,3370748.183105399,5,59.30757779127657,132.3523652330041,17.71512422146665,39.652573163219586,False,32.1136276465699,34.95063809640625,-680.8908070633188,20.58079590337832,2026-03-22 07:04:55
2026-03-22 07:04:57.431996+00:00,4431643.624021393,3097430.5876109526,3370736.8303339453,5,137.31984310737127,225.5408409833908,32.18486332328562,45.275015867289724,False,32.11348756112168,34.951044520894506,-677.4991875644773,20.758696538884525,2026-03-22 07:04:57
2026-03-22 07:04:59.431996+00:00,4431630.356553346,3097468.8276944403,3370724.6826375546,5,58.664046189491536,130.90984779968858,17.702683407357917,39.64452639150056,False,32.11334186939203,34.95145720643024,-674.6124447239563,21.129932685264713,2026-03-22 07:04:59
2026-03-22 07:05:01.431996+00:00,4431616.848221357,3097507.474787258,3370711.7603355525,5,49.41459080082881,110.17696119099855,17.69636414510296,39.640474660455176,False,32.11319008776257,34.951874887652934,-672.1069178422913,21.465429796683964,2026-03-22 07:05:01
2026-03-22 07:05:03.431996+00:00,4431603.272423754,3097546.536412554,3370698.032306389,5,44.20357327828431,98.4248099885881,10.732869017707541,29.71291840686631,False,32.11303127636483,34.95229657718076,-669.875108432956,21.786300948122374,2026-03-22 07:05:03
2026-03-22 07:05:05.431997+00:00,4431589.781887922,3097586.03379629,3370683.4478693497,5,59.480595953771505,132.73842445388436,17.683957599024303,39.632491571568245,False,32.1128643895295,34.95272153210173,-667.8276172829792,22.106230615134532,2026-03-22 07:05:05
2026-03-22 07:05:07.431997+00:00,4431576.512804497,3097625.99912668,3370667.940696393,5,42.326634559500285,94.20947489142418,10.712882608049522,29.70742539637056,True,32.11268829694607,34.953149205072414,-665.8895237958059,22.437516692242927,2026-03-22 07:05:07
2026-03-22 07:05:09.431997+00:00,4431563.570811554,3097666.458753446,3370651.455267843,5,45.28400013082504,100.85102578252554,10.702955867238625,29.704705393907158,False,32.11250208698005,34.95357918348901,-664.004204490222,22.782920872142864,2026-03-22 07:05:09
2026-03-22 07:05:11.431997+00:00,4431551.037088122,3097707.429299197,3370633.946443406,5,45.28031398978974,100.8428475484252,10.692979712319385,29.70193346832433,False,32.112305050128306,34.95401111872878,-662.1312176445499,23.142162687193803,2026-03-22 07:05:11
2026-03-22 07:05:13.431997+00:00,4431538.957597053,3097748.909753301,3370615.4002084583,5,42.01621115358642,93.51243432611227,10.682993927726944,29.69918186729352,True,32.112096901486105,34.95444472280147,-660.2465794915333,23.50800399814699,2026-03-22 07:05:13
2026-03-22 07:05:15.431997+00:00,4431527.351785466,3097790.884698963,3370595.8286775285,5,42.76626014689107,95.19742673262954,10.673046993742446,29.696433847867695,False,32.11187769952254,34.95487974356972,-658.337814793922,23.872765596039656,2026-03-22 07:05:15
2026-03-22 07:05:17.431997+00:00,4431516.202238957,3097833.3173429063,3370575.287690635,5,42.46799437290958,94.52754612639546,10.663093765038166,29.69367565356207,True,32.111648040297936,34.95531596703526,-656.4051685286686,24.221755726769874,2026-03-22 07:05:17
2026-03-22 07:05:19.431997+00:00,4431505.463711122,3097876.153491097,3370553.869296802,5,43.37021434363455,96.5541350133717,10.653154612436094,29.69093029328142,False,32.111408953640094,34.95575319706388,-654.4574047736824,24.540778136921883,2026-03-22 07:05:19
2026-03-22 07:05:21.431997+00:00,4431495.067530235,3097919.3260014253,3370531.6933391793,5,46.939158233581104,104.56703955307603,10.643178393488954,29.68816374066992,False,32.111161809312826,34.95619126731542,-652.5110608190298,24.81793364467827,2026-03-22 07:05:21
2026-03-22 07:05:23.431997+00:00,4431484.943590479,3097962.7669252967,3370508.8803026695,5,44.7578103114353,99.67030271142721,10.633255978119164,29.68541819774337,False,32.110907989830814,34.95663001318472,-650.5837223762646,25.050162962510495,2026-03-22 07:05:23
2026-03-22 07:05:25.431997+00:00,4431475.019479042,3098006.4086414566,3370485.550012497,5,42.702914213134044,95.05563537031412,10.623304202133964,29.682650321605582,False,32.110648880832535,34.95706928694925,-648.6947712935507,25.235836704555307,2026-03-22 07:05:25
2026-03-22 07:05:27.431997+00:00,4431465.238260682,3098050.198398821,3370461.7984399106,5,44.39204665809132,98.84921327978373,10.61340516007958,29.679914818167344,False,32.11038558406734,34.95750897609094,-646.8583106426522,25.38381513376898,2026-03-22 07:05:27
2026-03-22 07:05:29.431997+00:00,4431455.555240957,3098094.0985338483,3370437.7020377824,5,94.60490443230039,210.31064827367663,24.749033528711294,44.94005730008485,False,32.1101189626376,34.957949024827116,-645.0830008983612,25.503035711087303,2026-03-22 07:05:29
2026-03-22 07:05:31.431997+00:00,4431445.936677787,3098138.082480502,3370413.322817371,5,43.03802353983702,95.8086164034903,10.593494216011141,29.674380486151044,False,32.10984969580462,34.958389407273295,-643.3721916265786,25.600052287676203,2026-03-22 07:05:31
2026-03-22 07:05:33.431996+00:00,4431436.355775505,3098182.13098541,3370388.711305517,5,40.584320370635666,90.29610249772668,10.583509615953757,29.671589258631275,True,32.10957832771613,34.95883011888978,-641.7269669463858,25.67972754301649,2026-03-22 07:05:33
2026-03-22 07:05:35.431996+00:00,4431426.792455301,3098226.2296728045,3370363.910014609,5,43.62867174123579,97.13533493876457,10.573591024870387,29.668826800749684,False,32.10930530150576,34.95927115672409,-640.1456419201568,25.745171168366365,2026-03-22 07:05:35
2026-03-22 07:05:37.431996+00:00,4431417.2303376235,3098270.3633122477,3370338.9555495474,5,45.417944575233676,101.15302432700992,10.563664211973466,29.66607409295749,False,32.10903100299121,34.959712487948615,-638.627519370988,25.79698408475592,2026-03-22 07:05:37
2026-03-22 07:05:39.431996+00:00,4431407.657320296,3098314.5168819483,3370313.8796648327,5,69.78359184539637,155.81091863289475,17.576372251339155,39.56400343560925,False,32.10875576355808,34.96015405558407,-637.1714105419815,25.835926402407775,2026-03-22 07:05:39
2026-03-22 07:05:41.431996+00:00,4431398.064723045,3098358.675527027,3370288.723461411,5,41.93129280143529,93.32301570475101,10.543770260811396,29.6605038785333,True,32.1084799720921,34.96059578333023,-635.7687031887472,25.859420081490907,2026-03-22 07:05:41
2026-03-22 07:05:43.431996+00:00,4431388.469095681,3098402.9254956935,3370263.57837841,5,129.14387381998355,288.00026051700115,24.827671619763745,40.615539030174475,False,32.108204025195775,34.961038319688825,-634.3174431053922,25.89599868039113,2026-03-22 07:05:43
2026-03-22 07:05:45.431996+00:00,4431378.907172084,3098447.433918624,3370238.5893522715,5,61.027424173098396,132.91723016649485,27.273294328440397,47.69566530756594,False,32.1079284266985,34.96148289296223,-632.6339703621343,25.965753994487056,2026-03-22 07:05:45
2026-03-22 07:05:47.431996+00:00,4431369.453166248,3098492.534574561,3370213.985805222,5,88.02953120256693,196.50408939644694,24.73974932338522,34.741992894779806,False,32.10765372085946,34.96193195098089,-630.382810822688,26.118872102754032,2026-03-22 07:05:47
2026-03-22 07:05:49.431996+00:00,4431360.210116539,3098538.695533228,3370190.067983957,5,91.59479752464947,204.4895137436688,24.738950702900922,34.74627536179913,False,32.107380510898885,34.96238893260111,-627.1056480463594,26.40232114353014,2026-03-22 07:05:49
2026-03-22 07:05:51.431996+00:00,4431351.304279071,3098586.4941620515,3370167.17827048,5,49.03857565001414,109.2794962413609,10.494102453612907,29.646576889898675,False,32.10710933051195,34.962858084645454,-622.252592202276,26.869880170237163,2026-03-22 07:05:51
2026-03-22 07:05:53.431996+00:00,4431342.85814984,3098636.496161968,3370145.6530054538,5,43.37014344561112,96.55547854676843,10.48419646108193,29.643820325991264,False,32.10684071408341,34.963343575232955,-615.2852271245793,27.544845838672366,2026-03-22 07:05:53
2026-03-22 07:05:55.431996+00:00,4431334.991216745,3098689.257900727,3370125.810469693,5,41.70361021843388,92.81209137290716,10.474247397026984,29.641028215306108,True,32.10657509549848,34.963849509457695,-605.6813428448513,28.457933597676924,2026-03-22 07:05:55
2026-03-22 07:05:57.431996+00:00,4431327.799228357,3098745.2263374357,3370107.912808205,5,61.953566867306904,138.2703274190426,17.51897847796241,39.527411287311324,False,32.1063128735907,34.96437918624327,-593.0181416962296,29.59948011083741,2026-03-22 07:05:57
2026-03-22 07:05:59.431996+00:00,4431321.3589417795,3098804.7609042935,3370092.159621654,5,63.73951531374776,142.270850174129,17.51265022275287,39.52333599429407,False,32.10605428440984,34.9649352595499,-576.9617281649262,30.95967065660931,2026-03-22 07:05:59
2026-03-22 07:06:01.431996+00:00,4431315.710588094,3098868.049069877,3370078.6587872966,5,58.8556483213256,131.32862093299627,17.506331916172954,39.51926513646446,False,32.1057994791212,34.96551911168405,-557.3357791155577,32.4791022451419,2026-03-22 07:06:01
2026-03-22 07:06:03.431996+00:00,4431310.865177557,3098935.140731871,3370067.4271679716,5,66.68491721237545,148.86760370060802,17.50004783510449,39.51517437593028,False,32.105548406241304,34.966131107663045,-534.0994042214006,34.09882103935948,2026-03-22 07:06:03
2026-03-22 07:06:05.431997+00:00,4431306.789169169,3099005.875654067,3370058.3658295544,5,140.7505650671302,244.31265434622765,31.860923897249915,45.2161426332027,False,32.10530088185971,34.966770058321245,-507.40618897788227,35.71465320490313,2026-03-22 07:06:05
2026-03-22 07:06:07.431997+00:00,4431303.413380917,3099079.925493138,3370051.2787914234,5,59.33494668525288,132.40150302276015,17.48738112187609,39.50695628595876,False,32.10505658244159,34.967433531267964,-477.5676483018324,37.232380807007004,2026-03-22 07:06:07
2026-03-22 07:06:09.431997+00:00,4431300.640117985,3099156.827420067,3370045.905662532,5,149.12464365475523,333.16916139796376,31.841011721618756,41.548957925749406,False,32.1048151738049,34.96811809966812,-445.01461701933295,38.5696378865146,2026-03-22 07:06:09
2026-03-22 07:06:11.431997+00:00,4431298.3700499125,3099236.1110944618,3370041.973099999,5,62.594738563601275,139.70428003370762,17.474883884089834,39.49877671137408,False,32.10457624987616,34.96882028162587,-410.1896058144048,39.70679816686337,2026-03-22 07:06:11
2026-03-22 07:06:13.431997+00:00,4431296.502537726,3099317.3001668276,3370039.2062173206,5,57.58506273983094,128.47909491881728,17.468570377404973,39.49462547091192,False,32.104339414441434,34.96953655127231,-373.5397828081623,40.62883432105983,2026-03-22 07:06:13
2026-03-22 07:06:15.431997+00:00,4431294.957070251,3099400.0135575715,3370037.3718785252,5,64.60867822033045,144.21506084501743,17.462469884537207,39.4905729268233,False,32.10410424948003,34.97026408795242,-335.4299139911309,41.374080886693626,2026-03-22 07:06:15
2026-03-22 07:06:17.431997+00:00,4431293.669238543,3099483.9464030173,3370036.2703480693,5,71.89613726103393,160.5358126796782,17.456349274455143,39.48650209929892,False,32.103870319529626,34.97100063517858,-296.1588432220742,41.974975951405774,2026-03-22 07:06:17
2026-03-22 07:06:19.431997+00:00,4431292.485976198,3099568.660160615,3370035.7209788375,5,65.22191513345281,145.58799594268203,17.45003783222988,39.482322489182486,False,32.10363805039787,34.97174331445409,-256.1417227331549,42.361901051170555,2026-03-22 07:06:19
2026-03-22 07:06:21.431997+00:00,4431291.1832908355,3099653.6093447134,3370035.549576617,5,66.43193536003504,148.29794424399734,17.443891580946815,39.47824728992434,False,32.10340848952234,34.97248874984543,-215.8914445284754,42.47967233524165,2026-03-22 07:06:21
2026-03-22 07:06:23.431997+00:00,4431289.378910046,3099737.968263574,3370035.5838865233,5,70.67536065072545,157.80113508179784,17.437793360184134,39.47414595562877,False,32.10318409051488,34.97323209436911,-176.16580529790372,42.18911043896423,2026-03-22 07:06:23
2026-03-22 07:06:25.431997+00:00,4431286.5639374,3099820.687060583,3370035.6399783725,5,146.9915794060995,328.39559054374695,31.763271548867984,41.57602131974592,False,32.102968330841684,34.97396732452928,-137.92556801438332,41.38334990037631,2026-03-22 07:06:25
2026-03-22 07:06:27.431997+00:00,4431282.1281772405,3099900.5365472315,3370035.528990661,5,102.3862530969094,227.69038580730557,24.72914253731243,44.92999540562377,False,32.10276554070539,34.974687475916795,-102.29153748974204,39.98633768082856,2026-03-22 07:06:27
2026-03-22 07:06:29.431997+00:00,4431275.481933795,3099976.3387211007,3370035.065748737,5,111.83478374167687,245.08914620056748,24.693862852654046,41.92416745943898,False,32.102579857289875,34.97538590480506,-70.34350848849863,38.04719670460917,2026-03-22 07:06:29
2026-03-22 07:06:31.431997+00:00,4431266.05191119,3100046.956528648,3370034.085663127,5,19.67431570675386,43.77331406250596,11.605944768744886,32.087385090870654,True,32.102415398114324,34.976056224053586,-43.119097378104925,35.62569521037028,2026-03-22 07:06:31
2026-03-22 07:06:33.431996+00:00,4431253.379472727,3100111.480327036,3370032.448244405,5,97.32715823639312,216.301473736763,24.726902139658083,44.928740829980185,False,32.10227538981351,34.97669332489768,-21.453122351318598,32.88843536009381,2026-03-22 07:06:33
2026-03-22 07:06:35.431996+00:00,4431237.097709047,3100169.182401998,3370030.0499188765,5,138.75169286778515,291.92746752500534,31.714308442096172,45.189069655982095,False,32.10216248109665,34.977293121112616,-6.008785031735897,30.001571828701454,2026-03-22 07:06:35
2026-03-22 07:06:37.431996+00:00,4431217.014631916,3100219.6752337287,3370026.8242773404,5,79.60962192671289,177.80292891338468,17.394866105962087,39.44520556956101,False,32.102077983195976,34.97785341740449,2.8570701014250517,27.217920597247033,2026-03-22 07:06:37
2026-03-22 07:06:39.431996+00:00,4431193.078189999,3100262.843457994,3370022.74786896,5,79.38071896945596,177.29017570614815,17.388746804461082,39.44103309931235,False,32.102022238449976,34.978373530977215,5.039722955785692,24.764217851329736,2026-03-22 07:06:39
2026-03-22 07:06:41.431996+00:00,4431165.449820736,3100298.984086628,3370017.834832576,5,78.04082121225713,174.29014225304127,17.38263492933413,39.436869681098656,False,32.10199390522623,34.97885506185725,0.8028775472193956,22.87799025631126,2026-03-22 07:06:41
2026-03-22 07:06:43.431996+00:00,4431134.461752584,3100328.7240323164,3370012.142605541,5,80.29992140147311,179.34738359600306,17.376451115103098,39.432708511601035,False,32.101990395742206,34.979301436112664,-9.287984537892044,21.66290715699336,2026-03-22 07:06:43
2026-03-22 07:06:45.431996+00:00,4431100.582846815,3100352.954128429,3370005.7588550933,5,77.82980933745537,173.81710155680776,17.370279002187914,39.42855277063639,False,32.102008091569175,34.979717540506094,-24.428296304307878,21.069112959083334,2026-03-22 07:06:45
2026-03-22 07:06:47.431996+00:00,4431064.289731698,3100372.5816932693,3369998.7878004685,5,81.92578495854106,182.98647543042898,17.364160558927768,39.42441121149456,False,32.102043424913575,34.98010835729327,-43.79127990454435,20.922637913392546,2026-03-22 07:06:47
2026-03-22 07:06:49.431996+00:00,4431026.065249104,3100388.5272330935,3369991.333675735,5,76.81482318602276,171.5440355502069,17.357927871050105,39.42023754071012,False,32.10209276740145,34.98047894512645,-66.53941727802157,21.041240965118607,2026-03-22 07:06:49
2026-03-22 07:06:51.431996+00:00,4430986.2956725275,3100401.5271529043,3369983.493094914,5,74.82142457232257,167.08049105107784,17.351680233130256,39.41606367933501,False,32.10215331738218,34.98083335081485,-91.9956603711471,21.284336046583338,2026-03-22 07:06:51
2026-03-22 07:06:53.431996+00:00,4430945.290020765,3100412.1705767037,3369975.343349224,5,376.7938977775665,842.5014049336314,10.182346524290454,36.677246538820654,False,32.10222283353334,34.981174811731854,-119.61836767476052,21.570606745483488,2026-03-22 07:06:53
2026-03-22 07:06:55.431996+00:00,4430903.295508854,3100420.928803695,3369966.946271637,5,535.0425090132502,1196.2665136903524,11.624992017552165,40.389812455872274,False,32.10229952279104,34.98150591772732,-148.9742238726467,21.856100307748452,2026-03-22 07:06:55
2026-03-22 07:06:57.431996+00:00,4430860.509908825,3100428.178873239,3369958.372187212,5,560.758647193523,1253.771503649652,10.145901384503597,41.431034355878346,False,32.10238211004478,34.981828740648616,-179.7054902566597,22.117221807656087,2026-03-22 07:06:57
2026-03-22 07:06:59.431996+00:00,4430817.0914383,3100434.2224168256,3369949.6982146725,5,268.6434685130214,600.6678206026554,17.333690562069933,38.098812152497736,False,32.10246973454945,34.982144937951915,-211.5148897031322,22.343487873684698,2026-03-22 07:06:59
2026-03-22 07:07:01.431996+00:00,4430773.166671379,3100439.300739646,3369941.1529184226,5,460.26275105600683,1029.1717897057533,10.142303360894672,36.95991593647996,False,32.10256298250135,34.98245583558742,-244.0759190833196,22.517751884731236,2026-03-22 07:07:01
2026-03-22 07:07:03.431996+00:00,4430728.736003589,3100443.922180634,3369932.9025563365,5,382.6521709995002,855.6012782976031,10.13153144584927,36.65200468769998,False,32.10266172580676,34.98276584400744,-277.0530689340085,22.712939217504978,2026-03-22 07:07:03
2026-03-22 07:07:07.431997+00:00,4430683.834383635,3100448.5544449845,3369925.3306778837,5,463.41381899029506,1036.2178266234696,10.111800716114097,36.957655695638664,False,32.10276747228665,34.98307881107614,-309.9910978479311,11.442644043611217,2026-03-22 07:07:07
2026-03-22 07:07:09.431997+00:00,4430638.3763455935,3100453.931988773,3369918.7469710633,5,458.3463255774052,1024.8864853829145,10.101613345902512,36.95679914328933,False,32.10288090529709,34.98340163178254,-342.42802820075303,23.123020970795707,2026-03-22 07:07:09
2026-03-22 07:07:11.431997+00:00,4430592.373676524,3100460.77526952,3369913.5940594794,5,81.60750091468556,182.27031298726797,17.289880757163395,39.37427499669728,False,32.10300338024269,34.98374048890186,-373.770522672683,23.39673348317456,2026-03-22 07:07:11
2026-03-22 07:07:13.431997+00:00,4430545.815689787,3100469.756865588,3369910.182596323,5,170.75251406445892,379.6305990740657,31.527688636075414,41.66075953544191,False,32.10313546405083,34.9841012861442,-403.5342161124572,23.769482944172875,2026-03-22 07:07:13
2026-03-22 07:07:15.431997+00:00,4430498.879267039,3100481.250306309,3369908.9859955264,5,81.18874842839385,160.49061487987638,29.63017309029194,41.27944024596032,False,32.10327905220578,34.98448619177879,-431.1632955567911,24.168982257756557,2026-03-22 07:07:15
2026-03-22 07:07:17.431997+00:00,4430451.674640939,3100495.60577411,3369910.2415543674,6,22.656023893005944,52.71062798425555,10.058715365956452,37.90610309624498,True,32.10343456214914,34.9848975762189,-456.2850176310167,24.677584003716266,2026-03-22 07:07:17
2026-03-22 07:07:19.431997+00:00,4430404.453376973,3100512.883203617,3369914.259346838,5,41.048880299837826,91.34380349889398,10.047912363397453,29.521072850570146,True,32.1036032098545,34.98533443158498,-478.5308356573805,25.2215185764227,2026-03-22 07:07:19
2026-03-22 07:07:21.431997+00:00,4430357.358397273,3100533.1200054735,3369921.040238181,5,35.000498963476545,77.7420200444758,10.037413194916951,29.51811896194091,True,32.1037843375189,34.9857962143563,-497.7828702600673,25.852687238017154,2026-03-22 07:07:21
2026-03-22 07:07:23.431997+00:00,4430310.646849125,3100556.0569566614,3369930.613497864,5,37.234565366852074,82.7690824829042,10.027012857797097,29.515220306536083,True,32.103977870949066,34.986279111914406,-513.9729475518689,26.456189073616915,2026-03-22 07:07:23
2026-03-22 07:07:25.431997+00:00,4430264.4270803975,3100581.3972388934,3369942.6791079165,5,31.933438715399316,70.83351295441389,10.016510627290666,29.512249762763737,True,32.10418190795403,34.98677988916112,-527.3294316297397,27.03690011232392,2026-03-22 07:07:25
2026-03-22 07:07:27.431997+00:00,4430218.917664198,3100608.5530682094,3369956.9996449146,5,34.38317875942624,76.35240294411778,10.006119051493252,29.50934265293597,True,32.10439539140587,34.98729211543531,-538.1122592911124,27.448241330521075,2026-03-22 07:07:27
2026-03-22 07:07:29.431997+00:00,4430174.185174284,3100636.903599769,3369973.1609023204,5,32.73981089472057,72.65093274787068,9.995669579592864,29.50637949822098,True,32.10461660147568,34.98780999650139,-546.7968847109005,27.68544082455994,2026-03-22 07:07:29
2026-03-22 07:07:31.431997+00:00,4430130.302985946,3100665.8559453534,3369990.781270599,5,63.523112935591925,138.98962426930666,27.84510916832587,47.81148226724132,False,32.104843963948845,34.98832793950071,-553.8231574399397,27.72346545093789,2026-03-22 07:07:31
2026-03-22 07:07:33.431996+00:00,4430087.167137994,3100695.1308276546,3370009.2837257385,5,67.57909653638174,148.24544747918844,27.85576656255236,47.81363024963697,False,32.105074246268956,34.98884415144406,-559.705541559495,27.658922694496482,2026-03-22 07:07:33
2026-03-22 07:07:35.431996+00:00,4430044.748503683,3100724.4839657797,3370028.186688722,5,62.29776567623023,136.20209818705916,27.86637211952595,47.815771368137305,False,32.10530455506733,34.98935668851936,-564.8388532912359,27.469388708987125,2026-03-22 07:07:35
2026-03-22 07:07:37.431996+00:00,4430002.905941337,3100754.001146148,3370046.870111486,5,132.52624824025725,296.10608834028244,24.500311468172896,35.95247549865129,False,32.10553047184074,34.98986715277532,-569.6089216861874,27.254055875815183,2026-03-22 07:07:37
2026-03-22 07:07:39.431996+00:00,4429961.630406964,3100783.8225347768,3370064.824590107,5,66.0155679845506,144.70548053830862,27.887713675401262,47.8200488966897,False,32.105747755162945,34.990376815720495,-574.2246884023771,26.99698251720741,2026-03-22 07:07:39
2026-03-22 07:07:41.431996+00:00,4429920.899666619,3100814.0810903395,3370081.6306178207,5,83.07869196743461,185.42140271887183,24.699692653892452,36.000503199357006,False,32.10595292199061,34.9908869664328,-578.8599733104929,26.72553068375453,2026-03-22 07:07:41
2026-03-22 07:07:43.431996+00:00,4429880.7707045665,3100844.9377547596,3370096.9786345894,5,52.93825981154448,117.84721243008971,9.9225374812237,28.395407348255866,False,32.10614294121104,34.99139865554221,-583.5615956680849,26.44819915061497,2026-03-22 07:07:43
2026-03-22 07:07:45.431996+00:00,4429841.264080032,3100876.433405048,3370110.662398009,5,39.74043057909244,88.4039206020534,9.912689811577026,29.482929262958965,True,32.10631604407518,34.991912112735065,-588.4050618447363,26.172479585244734,2026-03-22 07:07:45
2026-03-22 07:07:47.431996+00:00,4429802.402893724,3100908.519753943,3370122.5463087475,5,87.25668137572403,194.9103129170835,17.18072270945345,39.2978843800651,False,32.10647123663818,34.99242677824421,-593.4698810465634,25.88895962134545,2026-03-22 07:07:47
2026-03-22 07:07:49.431996+00:00,4429762.35676511,3100940.969405372,3370132.394445213,5,249.10415875876643,555.6291482374072,31.34422716785956,45.103811549576925,False,32.10661452944992,34.99295180036172,-600.2620783336461,26.23765465254062,2026-03-22 07:07:49
2026-03-22 07:07:51.431996+00:00,4429717.808351125,3100973.4472462544,3370139.5915955417,5,76.73882713237019,171.36330967396498,17.168332312242093,39.28934001791713,False,32.10675517078859,34.99350442887431,-611.5734033295885,27.799147063543852,2026-03-22 07:07:51
2026-03-22 07:07:53.431996+00:00,4429662.415492984,3101005.470250704,3370143.091673527,5,37.05609102221336,82.36833171546459,9.871726872895506,29.471144781567563,True,32.10691140215024,34.994119012320695,-632.5953805064783,32.039397984792316,2026-03-22 07:07:53
2026-03-22 07:07:55.431996+00:00,4429587.5606942065,3101036.5626850114,3370141.4934624634,5,38.40922188693102,85.41146579384804,9.861513299020535,29.468216927156824,True,32.10710766720088,34.99484379331187,-670.283475308679,40.53558513739212,2026-03-22 07:07:55
2026-03-22 07:07:57.431996+00:00,4429484.48184532,3101066.2349161627,3370133.296359401,5,89.67409569924213,198.7844254821539,17.161276250078135,36.76175746160947,False,32.10736825701365,34.99572777968062,-731.7527990238741,53.78866722607794,2026-03-22 07:07:57
2026-03-22 07:07:59.431996+00:00,4429346.352477295,3101094.4744713455,3370117.336295956,5,89.71962180803817,198.87480071559548,17.155062234489122,36.761847106104746,False,32.10771112188413,34.996812368316064,-822.3642624225467,70.94349584891316,2026-03-22 07:07:59
2026-03-22 07:08:01.431996+00:00,4429169.554092516,3101121.2964871414,3370093.2021820135,5,41.555311603845354,92.48248625174165,9.830965690209654,29.459410701168395,True,32.108147292755866,34.9981197116377,-944.838727642782,90.2213179459851,2026-03-22 07:08:01
2026-03-22 07:08:03.431996+00:00,4428954.988720007,3101147.3119749427,3370061.222001147,5,65.8794114236382,144.45617231726646,28.015531157013008,47.8458711633582,False,32.108674057885715,34.99964967049418,-1098.0776738496497,109.24495028798897,2026-03-22 07:08:03
2026-03-22 07:08:05.431997+00:00,4428706.945406444,3101173.2125210743,3370022.3161779507,5,65.56758375263772,143.74856580421329,28.026214066013416,47.84802497477671,False,32.10927970947694,35.00138222318712,-1278.2782391160727,126.20412340907075,2026-03-22 07:08:05
2026-03-22 07:08:07.431997+00:00,4428432.618199854,3101199.8877256773,3369977.924752767,5,65.67452127578635,143.9978253543377,28.036885230057123,47.85017469625426,False,32.10994455566462,35.00328140577182,-1479.2496342975646,139.58651568653073,2026-03-22 07:08:07
2026-03-22 07:08:09.431997+00:00,4428141.241204149,3101227.840547965,3369929.8577956054,5,12.710363273786456,21.82990050688386,24.68567795724844,41.311700893369654,True,32.11064478078763,35.0052954848811,-1693.3771866904572,148.31751942264123,2026-03-22 07:08:09
2026-03-22 07:08:11.431997+00:00,4427843.823963348,3101257.649253074,3369880.255843843,5,162.12584166815898,362.19862884283066,31.24032002809642,45.0938761799964,False,32.11135191082521,35.00736256783939,-1911.6028371220455,151.49746503224134,2026-03-22 07:08:11
2026-03-22 07:08:13.431997+00:00,4427552.517574202,3101289.283778107,3369831.4504814176,5,4.53958782053864,6.529282011091709,29.422339010082457,43.16353120624334,True,32.1120361175914,35.009408515242505,-2124.2714693862945,148.5278752730684,2026-03-22 07:08:13
2026-03-22 07:08:15.431997+00:00,4427278.759038487,3101322.6016175845,3369785.748689969,5,2.6540187263311323,3.8175999894738197,29.413986037842264,43.16739264540789,True,32.11267049581658,35.01136252725516,-2322.292073477991,139.76987161561905,2026-03-22 07:08:15
2026-03-22 07:08:17.431997+00:00,4427031.329832057,3101356.872993447,3369744.891122376,5,84.03915332337579,187.70308838784695,17.087426353306363,39.234017914573506,False,32.113235857074415,35.01316483310762,-2499.003130638972,126.55540311277663,2026-03-22 07:08:17
2026-03-22 07:08:19.431997+00:00,4426815.30246816,3101391.3680137647,3369709.828629595,5,79.26535859007595,177.01528999209404,17.081211051733582,39.22976099506168,False,32.11372154627759,35.01477820596537,-2650.7365010585636,110.77805150248689,2026-03-22 07:08:19
2026-03-22 07:08:21.431997+00:00,4426630.894037041,3101424.886991315,3369680.5905273226,5,0.4737439527616836,0.681617047637701,29.388655583767903,43.17871450584856,True,32.114130232139075,35.01619087034969,-2777.9105702899396,94.84837630186337,2026-03-22 07:08:21
2026-03-22 07:08:23.431997+00:00,4426474.752453854,3101456.398726077,3369656.6331481244,5,2.0452318703236627,2.9429027661681175,29.380218485215607,43.18249237095476,True,32.11447376275521,35.017414229719904,-2883.6421356303617,80.54057897381668,2026-03-22 07:08:23
2026-03-22 07:08:25.431997+00:00,4426342.349600552,3101485.0795571003,3369637.070594619,5,106.15164932835353,235.86912374198437,24.683622494191912,44.900485248951995,False,32.1147654209389,35.01846865236002,-2971.944523766637,68.43938765531023,2026-03-22 07:08:25
2026-03-22 07:08:27.431997+00:00,4426228.549385112,3101510.7626521736,3369621.0084240073,5,106.84558709921603,237.42495983093977,24.682758714489335,44.899899015497,False,32.11501900555542,35.01938391604975,-3046.9377755979076,58.88145661298173,2026-03-22 07:08:27
2026-03-22 07:08:29.431997+00:00,4426129.421186641,3101533.600013406,3369607.7214962393,5,138.57318041644206,308.716351326555,24.35549059288645,40.31999933701706,False,32.11524399689974,35.02018524010742,-3111.660516141914,51.29446181036775,2026-03-22 07:08:29
2026-03-22 07:08:31.431997+00:00,4426042.110276068,3101554.511160814,3369596.6580335633,5,260.7137848275264,582.6459034495056,29.3436982160427,40.86271071694047,False,32.11544486125082,35.02089796649801,-3167.939680490643,45.229612527184386,2026-03-22 07:08:31
2026-03-22 07:08:33.431996+00:00,4425964.506818382,3101574.6425288506,3369587.3871200467,5,261.8317405660028,585.1469201296568,29.335215077961347,40.86222061501945,False,32.115623437603524,35.02154487837028,-3216.9108293224126,40.35320611403469,2026-03-22 07:08:33
2026-03-22 07:08:35.431996+00:00,4425895.148404913,3101595.2393011213,3369579.6727255676,5,14.821245098579265,27.73933184891939,24.674220993712066,41.33099300168557,True,32.115780238966224,35.02214567920573,-3259.1087417248636,36.38106797873917,2026-03-22 07:08:35
2026-03-22 07:08:37.431996+00:00,4425832.963064809,3101617.5086608063,3369573.394838197,5,221.58913786580868,495.243307646364,24.330349956040962,44.12302278399521,False,32.11591523561962,35.0227173683325,-3294.754096585326,33.17511407074764,2026-03-22 07:08:37
2026-03-22 07:08:39.431996+00:00,4425777.1438728925,3101642.5111399395,3369568.505204885,5,141.35436962522004,254.40891186520457,31.103566152414977,45.06424987170187,False,32.116028308612904,35.02327406005116,-3323.9168096492067,30.679042777541422,2026-03-22 07:08:39
2026-03-22 07:08:41.431996+00:00,4425727.025094201,3101671.0625510644,3369564.9546737717,5,70.14403863633282,156.69842318817973,17.021611908202054,37.872806659890124,False,32.1161194510923,35.02382688546157,-3346.688253236003,28.894987999421495,2026-03-22 07:08:41
2026-03-22 07:08:43.431996+00:00,4425682.006641358,3101703.66668033,3369562.672318271,5,163.92773869868222,366.22779900580645,31.08259044147995,45.06100342106424,False,32.116189090887595,35.02438386754749,-3363.277481328696,27.81591041179367,2026-03-22 07:08:43
2026-03-22 07:08:45.431996+00:00,4425641.473445645,3101740.5658773202,3369561.602403859,5,161.4745842638782,360.73719235137105,31.072717993703638,45.058953995813454,False,32.1162385505354,35.02495085088704,-3374.0229197274894,27.41183781748849,2026-03-22 07:08:45
2026-03-22 07:08:47.431996+00:00,4425604.79845327,3101781.6770915664,3369561.711899074,5,163.25364353047223,364.71866822615266,31.06286123436889,45.056908027399395,False,32.1162702690499,35.02553092808874,-3379.4173960359767,27.546320042962268,2026-03-22 07:08:47
2026-03-22 07:08:49.431996+00:00,4425571.345022383,3101826.6569525506,3369562.9648360806,5,162.5678708591092,363.18361800163984,31.05292853204268,45.05476855655716,False,32.11628741743067,35.026124990261366,-3380.0884822448716,28.035200121623582,2026-03-22 07:08:49
2026-03-22 07:08:51.431996+00:00,4425540.536340095,3101874.9864468034,3369565.333447352,5,298.4289005312645,667.1662339307368,28.276905900066048,40.11481592353506,False,32.116293477973926,35.02673203982725,-3376.7032741429284,28.68154998606487,2026-03-22 07:08:51
2026-03-22 07:08:53.431996+00:00,4425511.840464695,3101926.087697194,3369568.715150537,5,497.6217300214871,1112.7052669376135,9.574030705400984,40.563433928820395,False,32.1162913471056,35.027350295419616,-3369.9661380881444,29.352286848146402,2026-03-22 07:08:53
2026-03-22 07:08:55.431996+00:00,4425484.9247445315,3101979.316748943,3369572.8671430857,5,287.30009650548936,642.1372455954552,9.549729285013655,35.814560595993626,False,32.116282248843994,35.02797618962044,-3360.5498954579234,29.895764684083545,2026-03-22 07:08:55
2026-03-22 07:08:57.431996+00:00,4425459.565021153,3102034.1038736445,3369577.5381121067,5,110.85871291600446,215.96317824721336,24.27703186359904,40.34871196240615,False,32.116266711718445,35.028606139483955,-3349.020572814159,30.276073698908476,2026-03-22 07:08:57
2026-03-22 07:08:59.431996+00:00,4425435.719824374,3102089.8947128016,3369582.4064547876,5,157.3334062955375,348.75830367580056,24.660909070920763,40.602571056865756,False,32.11624396726639,35.02923558403088,-3335.847402163781,30.433993755880092,2026-03-22 07:08:59
2026-03-22 07:09:01.431996+00:00,4425413.44588777,3102146.173009663,3369587.198002192,5,240.27816096694653,537.0429222024977,24.26260126125383,44.07651708856057,False,32.11621311897281,35.02985969564605,-3321.3877809587866,30.35759326753534,2026-03-22 07:09:01
2026-03-22 07:09:03.431996+00:00,4425392.881499916,3102202.483610481,3369591.708552895,5,107.50057800500593,238.7281347103417,24.665529306511182,44.889085303325935,False,32.116173316540426,35.030473681028624,-3305.8756571952254,30.058787733049705,2026-03-22 07:09:03
2026-03-22 07:09:05.431997+00:00,4425374.134299682,3102258.4509102404,3369595.796590801,5,0.1963266386987916,0.2829851135611534,29.201712244444824,43.26154534130747,True,32.11612409016708,35.031073624099456,-3289.494250108488,29.582531637686746,2026-03-22 07:09:05
2026-03-22 07:09:07.431997+00:00,4425357.338345015,3102313.778118604,3369599.3809234397,5,2.1766425013235686,3.137660089880228,29.19311134582728,43.26523108158185,True,32.116065110335526,35.03165613231306,-3272.3380793370306,28.965719043965997,2026-03-22 07:09:07
2026-03-22 07:09:09.431997+00:00,4425342.552935423,3102368.313854802,3369602.4385339664,5,1.2042823761611936,1.7361287735402584,29.18449885656137,43.26895247949394,True,32.11599638541044,35.03221953045333,-3254.4518952276558,28.293567473917246,2026-03-22 07:09:09
2026-03-22 07:09:11.431997+00:00,4425329.828502499,3102421.9080251902,3369604.987987674,5,0.7114626371000696,1.025746464729309,29.175852717993923,43.27262374413643,True,32.11591827283732,35.032762208509794,-3235.863869227469,27.571479861775384,2026-03-22 07:09:11
2026-03-22 07:09:13.431997+00:00,4425319.440989447,3102474.600606306,3369607.1383675146,5,0.07508653414783195,0.10826405137777328,29.167261018716886,43.27632571740207,True,32.11583041271117,35.033282834061026,-3216.305243285373,26.874861234526108,2026-03-22 07:09:13
2026-03-22 07:09:15.431997+00:00,4425312.425129056,3102526.4531089645,3369609.1926789377,5,1.7463937658152853,2.5182490907609463,29.158679192588863,43.28004134200317,True,32.11573088759168,35.03377564370026,-3194.867462561466,26.182649428564567,2026-03-22 07:09:15
2026-03-22 07:09:17.431997+00:00,4425310.655291716,3102577.6768808905,3369611.6479782164,5,0.9001962225546019,1.2981587573885918,29.149987770644398,43.28369609447514,True,32.11561555282554,35.03423106458542,-3169.8836668618023,25.656556808581193,2026-03-22 07:09:17
2026-03-22 07:09:19.431997+00:00,4425317.252946211,3102628.538986888,3369615.278070652,5,1.9037691352012014,2.7456106692552567,29.141413479771238,43.28741055346516,True,32.115477327589446,35.034632417575956,-3138.64791644644,25.708269303909706,2026-03-22 07:09:19
2026-03-22 07:09:21.431997+00:00,4425336.334248044,3102679.433879804,3369621.0478933225,5,0.7502034815182119,1.0820256471633911,29.132725733847252,43.2910588431919,True,32.11530633495803,35.034958075675725,-3097.6009143330157,27.329823719773625,2026-03-22 07:09:21
2026-03-22 07:09:23.431997+00:00,4425372.5784961535,3102730.672996778,3369629.9475365523,5,3.5033674617851407,5.067052289843559,24.645965653663257,46.659269487392656,True,32.11509090813749,35.03518226464012,-3042.819812886417,31.695016481145966,2026-03-22 07:09:23
2026-03-22 07:09:25.431997+00:00,4425430.537123939,3102782.6164055225,3369642.7571442756,5,1.9239603904610094,2.7753799818456173,29.115395980904022,43.298417759337156,True,32.11481814563524,35.035280412321654,-2970.558372040279,39.43794586688466,2026-03-22 07:09:25
2026-03-22 07:09:27.431997+00:00,4425514.124785967,3102835.4661087133,3369659.9579457426,5,81.64215064588008,182.21305956691504,24.193548595049005,35.224692312111685,False,32.11447579953137,35.03523045316673,-2877.747641163878,50.189281579341966,2026-03-22 07:09:27
2026-03-22 07:09:29.431997+00:00,4425625.617264797,3102889.403107591,3369681.5771031906,5,81.24981750401365,181.33427008986473,24.187985039495107,35.229018661622575,False,32.11405464802984,35.03502011763837,-2762.7067061932757,62.8632656093855,2026-03-22 07:09:29
2026-03-22 07:09:31.431997+00:00,4425765.348865282,3102944.443762759,3369707.2413653797,5,76.80091387735645,171.3646333962679,24.647410454370192,36.209072524213546,False,32.11355048901045,35.03464752702085,-2625.39384953212,76.17914453625873,2026-03-22 07:09:31
2026-03-22 07:09:33.431996+00:00,4425931.019208016,3103000.558615282,3369736.1842971044,5,76.42283061841536,170.51755725964904,24.646269806658935,36.21268022324856,False,32.112966589460434,35.0341264415344,-2467.825719420798,88.64714302415538,2026-03-22 07:09:33
2026-03-22 07:09:35.431996+00:00,4426117.891666546,3103057.592952297,3369767.39776917,5,74.83551714786104,166.9605392217636,24.645155867473623,36.216307116881104,False,32.11231428092204,35.033484359549675,-2293.897909401916,98.92991483163723,2026-03-22 07:09:35
2026-03-22 07:09:37.431996+00:00,4426319.055055783,3103115.3302044286,3369799.607444006,5,76.17731091306194,169.96770150586963,24.64395823351103,36.22000189993132,False,32.11161156810036,35.032761470565724,-2109.1858284892514,105.87464593321745,2026-03-22 07:09:37
2026-03-22 07:09:39.431996+00:00,4426526.412604366,3103173.4246723102,3369831.4328249977,5,77.66564965433871,173.30299343541265,24.642876776248524,36.22362812249909,False,32.11088065187366,35.032004049110704,-1920.2065874878317,108.84045092265454,2026-03-22 07:09:39
2026-03-22 07:09:41.431996+00:00,4426731.549452018,3103231.5816124002,3369861.529529145,5,32.6104708595334,72.35960564389825,9.328792416234473,29.310249025708792,True,32.110145113334454,35.0312607367954,-1733.6542461877689,107.66750617709911,2026-03-22 07:09:41
2026-03-22 07:09:43.431996+00:00,4426926.93883219,3103289.450618185,3369888.8220500476,5,65.87150811533813,144.71060966700315,28.551075100816792,47.953306534291826,False,32.109427249715765,35.03057427853174,-1555.4913687016815,102.79921377581556,2026-03-22 07:09:43
2026-03-22 07:09:45.431996+00:00,4427106.296965752,3103346.739162084,3369912.514008282,5,65.09133557503131,142.94174963608384,28.561916027683605,47.95546416102241,False,32.10874644752337,35.02998035131141,-1390.642154253088,94.88496485466021,2026-03-22 07:09:45
2026-03-22 07:09:47.431996+00:00,4427265.48957539,3103403.2551214034,3369932.280751209,5,65.76601640718987,144.47919683903456,28.572730155214057,47.9576080125894,False,32.10811697936937,35.02950242236916,-1242.240524230525,85.03979178455542,2026-03-22 07:09:47
2026-03-22 07:09:49.431996+00:00,4427402.285458328,3103458.840718963,3369948.0994091677,5,66.11583147683913,145.28941006213427,28.58356360542251,47.959772558023694,False,32.107547856418044,35.02915267915911,-1111.9233655324206,74.25143464035851,2026-03-22 07:09:49
2026-03-22 07:09:51.431996+00:00,4427516.564520149,3103513.451089602,3369960.1492776712,5,129.12121115692185,288.39806167408824,24.122412847434642,36.14270602673472,False,32.10704103587711,35.02893144894121,-999.7008827924728,63.614455674005164,2026-03-22 07:09:51
2026-03-22 07:09:53.431996+00:00,4427609.831107078,3103567.104496662,3369968.650600802,5,76.82423337092246,171.4187040105462,24.634673141200945,36.24897480193153,False,32.106592238007586,35.02882972906023,-904.4039846109226,53.96669533522384,2026-03-22 07:09:53
2026-03-22 07:09:55.431996+00:00,4427684.667788843,3103619.87451417,3369973.843221803,5,65.65288754745166,144.25086238235235,28.61599584716803,47.96623904340998,False,32.106192949411934,35.02883244210018,-824.0782789522782,45.858933148793234,2026-03-22 07:09:55
2026-03-22 07:09:57.431996+00:00,4427742.972488522,3103671.764505556,3369975.6871202583,5,34.25441698046807,76.06220810860395,9.250837822417122,29.28613921830854,True,32.105835400580766,35.02892806855214,-757.4270544089377,39.03655073192651,2026-03-22 07:09:57
2026-03-22 07:09:59.431996+00:00,4427786.854250321,3103722.72891582,3369974.215433144,5,29.411568080343294,65.14457627385855,9.241098215688908,29.28312600321724,True,32.105511687840284,35.02910338251814,-702.9919959213585,33.63460270004046,2026-03-22 07:09:59
2026-03-22 07:10:01.431996+00:00,4427814.354109386,3103772.5306872837,3369968.5295130527,5,29.956901247211164,66.37532587349415,9.231352775051256,29.280092190527068,True,32.1052232840445,35.02936824000065,-662.724781836383,28.58665937463302,2026-03-22 07:10:01
2026-03-22 07:10:03.431996+00:00,4427826.642579399,3103820.81896362,3369958.8438784545,5,31.912435686386043,70.78568429499865,9.221640334302855,29.277090829985134,True,32.104968195931065,35.02971247716934,-635.8700501704589,25.379990368140437,2026-03-22 07:10:03
2026-03-22 07:10:05.431997+00:00,4427822.03649728,3103867.205886809,3369944.707931955,5,29.679552166601344,65.74923944100738,9.21187688526017,29.274049149835623,True,32.10475065190049,35.03014296686253,-624.0232943221927,24.355621764339222,2026-03-22 07:10:05
2026-03-22 07:10:07.431997+00:00,4427796.56458896,3103911.395530793,3369925.1105137956,5,29.49025312597036,65.32187426835299,9.2021178136587,29.270991842991503,True,32.10457932553372,35.030681298006506,-630.6202752580866,27.32032918618666,2026-03-22 07:10:07
2026-03-22 07:10:09.431997+00:00,4427753.485904947,3103953.219552317,3369901.221241879,5,30.616351684439707,67.86285645142198,9.192377255382139,29.267978811844312,True,32.104450821464624,35.03130619269468,-652.8604920217767,32.30990214121881,2026-03-22 07:10:09
2026-03-22 07:10:11.431997+00:00,4427692.807199916,3103992.7092934214,3369873.2681135293,5,92.92016907881072,207.56463043391705,16.719271363206037,38.988751729495256,False,32.104366767033014,35.03201788778487,-690.6026526177302,38.80310000903618,2026-03-22 07:10:11
2026-03-22 07:10:13.431997+00:00,4427618.186936319,3104030.1627821624,3369842.5337658646,5,63.306763733133835,138.95444283634424,28.713309170370138,47.98559168653406,False,32.10432178112182,35.03279672361151,-740.4823785545304,44.48468187067465,2026-03-22 07:10:13
2026-03-22 07:10:15.431997+00:00,4427536.156563034,3104066.0933981733,3369811.048919222,5,78.5976197262057,175.39581273123622,24.056491715359734,35.32688413375331,False,32.10430433006841,35.033607431961265,-796.6403302336112,47.46389911355799,2026-03-22 07:10:15
2026-03-22 07:10:17.431997+00:00,4427455.456865885,3104101.2761004614,3369781.4283231776,5,1.2324250863140882,1.7812775745987892,28.885429949397636,43.39146120415489,True,32.10429795183375,35.03440357075234,-851.2473304402083,46.44255422089173,2026-03-22 07:10:17
2026-03-22 07:10:19.431997+00:00,4427380.251635078,3104136.626252978,3369754.8904242665,5,1.9482773299951357,2.816135495901108,28.876642916698117,43.3951115619947,True,32.10429309483781,35.035167752449404,-900.3227699678391,43.61685483360469,2026-03-22 07:10:19
2026-03-22 07:10:21.431997+00:00,4427317.942324329,3104173.1542343944,3369733.3904043753,5,95.93942704453184,154.3869906105101,24.03925487731246,42.42551140885523,False,32.10427286757242,35.03586371573469,-937.2027633069083,37.67955177450255,2026-03-22 07:10:21
2026-03-22 07:10:23.431997+00:00,4427270.263150884,3104211.6398597313,3369717.393490389,5,0.25452633403343294,0.3679581470787525,28.858999371955974,43.402367219431184,True,32.10423187293513,35.03648767107509,-960.0582084888592,31.663655012824947,2026-03-22 07:10:23
2026-03-22 07:10:25.431997+00:00,4427241.874794639,3104252.608450453,3369708.112752932,5,3.0600300929560516,4.42407913133502,28.85031491581154,43.406074414731236,True,32.10415964224624,35.03701581803416,-964.7565829372033,25.349833745747063,2026-03-22 07:10:25
2026-03-22 07:10:27.431997+00:00,4427229.761005184,3104296.164305875,3369704.6976186302,5,92.10539871135204,205.73829570785165,16.66670060734963,38.95379702073182,False,32.10406122973266,35.03746740580229,-953.7913968516514,22.668919134066318,2026-03-22 07:10:27
2026-03-22 07:10:29.431997+00:00,4427234.290606251,3104342.1053945357,3369707.3239582907,5,107.94610752234667,241.20280040055513,9.094104463207756,37.43620893829426,False,32.10393708921916,35.037838434750434,-926.9117601485923,23.119248328850144,2026-03-22 07:10:29
2026-03-22 07:10:31.431997+00:00,4427251.709302877,3104389.8594971863,3369715.1227973234,5,31.529629475951825,69.92159735783935,9.083717282642608,29.234369455534893,True,32.103796892632495,35.03814677792817,-887.4617514554411,25.713261181584624,2026-03-22 07:10:31
2026-03-22 07:10:33.431996+00:00,4427276.930136103,3104438.757391516,3369726.6423636703,5,29.955699263140566,66.37130639702082,9.073596420274555,29.23127926277025,True,32.103651355824546,35.03841757527642,-840.0666051311418,28.106040574628622,2026-03-22 07:10:33
2026-03-22 07:10:35.431996+00:00,4427301.834184814,3104487.9654762787,3369739.6812541895,5,104.50647989572349,233.50516629219055,9.063925802398035,37.42079426595917,False,32.1035178179308,35.038692985998495,-791.9327234132215,28.335754419873673,2026-03-22 07:10:35
2026-03-22 07:10:37.431996+00:00,4427326.8373701405,3104536.706082355,3369754.2921976023,5,27.88224577570895,61.68877200782299,9.053447001188832,29.225066571812533,True,32.10339718936111,35.0389637330441,-743.1218331130221,28.347335080133984,2026-03-22 07:10:37
2026-03-22 07:10:39.431996+00:00,4427345.431248866,3104584.259543622,3369768.5860719467,5,102.82134296072618,229.7336645461619,9.04368985993043,37.41045602891528,False,32.103302559494686,35.039263167021566,-699.5019442131743,26.51121860775781,2026-03-22 07:10:39
2026-03-22 07:10:41.431996+00:00,4427359.108903371,3104630.1848240066,3369782.790971856,5,128.05094009543254,286.0024024695158,23.980282257124813,36.21166312133237,False,32.10323102425175,35.039578378972,-660.130769350566,24.98994193973012,2026-03-22 07:10:41
2026-03-22 07:10:43.431996+00:00,4427368.315951398,3104674.193362187,3369796.904736055,5,76.32127000880702,170.2957743741572,24.605817352557796,36.34074220970193,False,32.10318161177376,35.03990415518219,-624.840727106668,23.562255335688732,2026-03-22 07:10:43
2026-03-22 07:10:45.431996+00:00,4427373.624957547,3104716.268041445,3369810.778228059,5,72.37005330129256,161.4408522285521,24.604802472703312,36.344526014065714,False,32.10315098232157,35.04023686463039,-593.3222863813862,22.309963924888635,2026-03-22 07:10:45
2026-03-22 07:10:47.431996+00:00,4427373.888262233,3104756.4127793135,3369824.1658374853,5,29.23672238774979,64.74782414734364,9.002738035721944,29.209547827240236,True,32.10314175203626,35.04058352380681,-566.5000272383913,21.159497832224886,2026-03-22 07:10:47
2026-03-22 07:10:49.431996+00:00,4427368.615029262,3104794.727934966,3369836.8945195395,5,72.09955643510035,160.83491108193994,24.602662389673085,36.352076601380475,False,32.103154248461784,35.04094799019186,-544.7575024850667,20.358520854061297,2026-03-22 07:10:49
2026-03-22 07:10:51.431996+00:00,4427355.561562341,3104831.2135036914,3369848.6964714723,5,104.0632383888508,232.49803142994642,16.589901516337896,38.9007564890105,False,32.10319523006727,35.04134391447688,-529.7931164242327,20.25386255335583,2026-03-22 07:10:51
2026-03-22 07:10:53.431996+00:00,4427333.6118747005,3104866.9550032555,3369859.45535363,5,108.02009684790703,241.36552950367332,8.972663709181314,37.374123160370004,False,32.103265199668826,35.04178750419681,-521.9146509990096,21.650618489285808,2026-03-22 07:10:53
2026-03-22 07:10:55.431996+00:00,4427301.515763354,3104903.5158553827,3369868.9936542814,5,24.64605855467283,54.363964073359966,8.962105946646423,29.197071628075754,True,32.10336340414098,35.04229992960611,-521.3229844113812,24.788280755128977,2026-03-22 07:10:55
2026-03-22 07:10:57.431996+00:00,4427259.262293359,3104943.255204969,3369877.1196688586,5,27.109119461826353,59.94006631150842,8.9519751556665,29.19398549218488,True,32.10348192867338,35.042901724846224,-526.9799536988139,29.28567800572386,2026-03-22 07:10:57
2026-03-22 07:10:59.431996+00:00,4427206.982385313,3104988.7331021065,3369883.6412490774,5,29.778441092110775,65.97011554986238,8.941939591822052,29.19087217781531,True,32.10361174496041,35.04361430402745,-537.6514378404245,34.7992777292215,2026-03-22 07:10:59
2026-03-22 07:11:01.431996+00:00,4427145.770003142,3105042.051455247,3369888.4682247946,5,143.2852095395843,320.1029018834233,30.407008709476376,42.03453657517434,False,32.103742084762644,35.04444924776549,-551.6039538830519,40.66049128853285,2026-03-22 07:11:01
2026-03-22 07:11:03.431996+00:00,4427076.023502717,3105103.753894765,3369891.3474821853,5,1.6729778208962682,2.4220077991485596,28.685302881396034,43.47728939188713,True,32.10386795268832,35.045408850771715,-568.4308982128277,46.583407687446794,2026-03-22 07:11:03
2026-03-22 07:11:05.431997+00:00,4426999.597402103,3105173.581867948,3369892.227003375,5,1.205774398246622,1.745745237916708,28.676577942552214,43.48096152242407,True,32.103982382981606,35.04647958904947,-586.9990840572864,51.76306002772449,2026-03-22 07:11:05
2026-03-22 07:11:07.431997+00:00,4426917.795958042,3105250.204508978,3369890.733723173,5,196.17025393375744,438.63033729046583,11.637458360882658,34.1919512711634,False,32.10408106793865,35.04764198386306,-607.2491977559403,56.04626493937871,2026-03-22 07:11:07
2026-03-22 07:11:09.431997+00:00,4426833.016521145,3105331.8789985664,3369886.682433091,5,3.8915720346766247,8.362284142524004,11.629208371199741,32.56228979506292,True,32.10415798007404,35.04886633112275,-628.4645397737622,58.895433018019496,2026-03-22 07:11:09
2026-03-22 07:11:11.431997+00:00,4426747.432297107,3105416.098187421,3369879.7426237836,5,148.3748115134319,331.4936756566167,30.357461097341723,42.05068885720836,False,32.10420896624119,35.05011765929127,-650.5330769978464,60.13670287083706,2026-03-22 07:11:11
2026-03-22 07:11:13.431997+00:00,4426661.5884847725,3105500.1543563614,3369869.5257335585,5,147.73702197543298,330.0663200058043,30.34765347981219,42.05379006085762,False,32.104236371371805,35.051369163116796,-674.6003860784695,60.28885572579563,2026-03-22 07:11:13
2026-03-22 07:11:15.431997+00:00,4426575.00189366,3105580.788775689,3369855.845067275,5,165.96984379671832,370.7790015935898,30.337130482937052,44.898865964393096,False,32.104249635886674,35.05259551671976,-702.6861395929009,59.553144271993645,2026-03-22 07:11:15
2026-03-22 07:11:17.431997+00:00,4426486.34175403,3105654.714583344,3369838.620367717,5,166.03770875796678,368.9799811579287,30.32741837055457,42.063701105347704,False,32.1042624177232,35.05377630991564,-737.3550375113264,58.35738100582768,2026-03-22 07:11:17
2026-03-22 07:11:19.431997+00:00,4426393.736110784,3105719.3061941955,3369817.8424844323,5,166.96550669289553,371.06363958120346,30.317587383045513,42.066856901327114,False,32.10428922205225,35.05490016399829,-781.1876541534439,57.40122339130942,2026-03-22 07:11:19
2026-03-22 07:11:21.431997+00:00,4426296.483154121,3105773.621090282,3369793.9597021686,5,167.75614330715845,372.8390980698168,30.30776563646115,42.07005461365113,False,32.10433882443692,35.05596317910622,-834.8912293612957,56.96190131418689,2026-03-22 07:11:21
2026-03-22 07:11:23.431997+00:00,4426195.69161718,3105817.736981829,3369767.648056047,5,245.03997139426562,547.2650334089994,23.86028041598961,43.79412196466048,False,32.10441182775895,35.056959285177584,-897.3001279523596,56.56290420314216,2026-03-22 07:11:23
2026-03-22 07:11:25.431997+00:00,4426093.587304961,3105852.9324716204,3369739.7107261643,5,238.91915598628376,533.604869980365,23.854839050334466,43.79017254469709,False,32.104502116812924,35.05788602780782,-965.8222674084827,55.777476359819616,2026-03-22 07:11:25
2026-03-22 07:11:27.431997+00:00,4425993.621042447,3105881.251904313,3369711.176762812,5,236.74050982200657,528.73460675776,23.84924811313435,43.78614194594234,False,32.10459838651054,35.058740135712085,-1036.523511919193,53.87353472160897,2026-03-22 07:11:27
2026-03-22 07:11:29.431997+00:00,4425899.275824292,3105904.547509319,3369682.938505114,5,236.38289544863207,527.9248272702098,23.843575741226825,43.78205163834051,False,32.10468868929091,35.05951647242488,-1105.6135596511886,50.59917143398861,2026-03-22 07:11:29
2026-03-22 07:11:31.431997+00:00,4425814.39174339,3105924.650548844,3369655.90307748,5,236.2708091633841,527.6620176583529,23.837976847842604,43.77799648116208,False,32.10475984635032,35.06020754343757,-1169.0568566666916,45.66276857582465,2026-03-22 07:11:31
2026-03-22 07:11:33.431996+00:00,4425742.0408740565,3105943.226917142,3369630.7691923706,5,235.32346481689163,525.5368091836572,23.832481899397553,43.77400913652067,False,32.10480055488483,35.06080909297773,-1223.5416079657152,39.40637050202061,2026-03-22 07:11:33
2026-03-22 07:11:35.431996+00:00,4425684.395754432,3105961.732232523,3369608.0958197587,5,239.5690146780627,534.9867473132908,23.826794625186633,43.76990029628818,False,32.10480255275265,35.06132051632758,-1266.5562967080623,32.3244812001696,2026-03-22 07:11:35
2026-03-22 07:11:37.431996+00:00,4425634.944204594,3105980.286907356,3369586.7843782045,5,0.10801297679826954,0.15655003488063812,28.534654763163136,43.53891231223689,True,32.104782667921036,35.061782495900374,-1303.141677529551,28.477663530783225,2026-03-22 07:11:37
2026-03-22 07:11:39.431996+00:00,4425610.218112442,3106001.487527329,3369569.9595413553,5,98.04237129513503,219.03074698150158,8.744961455408943,37.256630460775135,False,32.10469275523032,35.0621169119657,-1318.9111147569492,18.329764424000235,2026-03-22 07:11:39
2026-03-22 07:11:41.431996+00:00,4425602.032718959,3106025.0153232245,3369556.0611039884,5,29.709386200949982,65.81164913624525,8.734885048756558,29.12545618426365,True,32.10455388870063,35.06237082074941,-1320.5240337569267,14.262927534352343,2026-03-22 07:11:41
2026-03-22 07:11:43.431996+00:00,4425607.079884412,3106050.878395139,3369544.2271407,5,24.60536438156135,54.268154833465815,8.725009378978395,29.122315902437116,True,32.104372442273906,35.06256442950462,-1310.7283443221822,14.443121676611597,2026-03-22 07:11:43
2026-03-22 07:11:45.431996+00:00,4425620.394000965,3106078.716713575,3369533.8220852884,5,25.341795615610327,55.93681883811951,8.715213869672787,29.119185196383274,True,32.10416403664621,35.062724843553106,-1293.4799715708941,16.282681375340065,2026-03-22 07:11:45
2026-03-22 07:11:47.431996+00:00,4425638.002582351,3106107.6595835914,3369524.337484793,5,23.584693318681794,51.952507976442575,8.705399478106983,29.116044547737538,True,32.103942772700655,35.06286869349985,-1272.2271877843887,17.59054795726794,2026-03-22 07:11:47
2026-03-22 07:11:49.431996+00:00,4425656.727639554,3106136.7108027623,3369515.3665768453,5,25.847389156221364,57.081472650170326,8.695605931077683,29.112903661785957,True,32.10372075590895,35.06300668490675,-1249.8744323058054,17.854119216492506,2026-03-22 07:11:49
2026-03-22 07:11:51.431996+00:00,4425674.026781367,3106164.8489858555,3369506.8066229364,5,25.408624274449206,56.08768357336521,8.685820423129334,29.10977322645824,True,32.10350998954737,35.06314543574236,-1228.7361399438232,17.060850405062173,2026-03-22 07:11:51
2026-03-22 07:11:53.431996+00:00,4425686.8979145605,3106192.7272588396,3369498.5543214744,5,23.775664826600924,52.3853744789958,8.676035595463329,29.106632459833992,True,32.10331966452465,35.06330888658587,-1210.6309168115258,15.897835180312216,2026-03-22 07:11:53
2026-03-22 07:11:55.431996+00:00,4425695.258460607,3106220.9942905814,3369490.5270311846,5,98.1426721068325,219.253063313663,8.666592437216138,37.21588840377285,False,32.10314768657607,35.06350316636214,-1195.344275479205,15.275480377793441,2026-03-22 07:11:55
2026-03-22 07:11:57.431996+00:00,4425699.042356682,3106250.659463101,3369482.6586390496,5,166.91751764023977,370.9447318203747,30.13030602243068,42.126697898958646,False,32.102991029631724,35.0637374320515,-1182.4659391511232,15.461661658059944,2026-03-22 07:11:57
2026-03-22 07:11:59.431996+00:00,4425697.679622426,3106282.8918359047,3369474.821169743,5,32.699030089211334,57.27654855698347,30.12091104913916,46.4850586495821,True,32.10284773235737,35.06402529314717,-1171.8901718650013,16.599765256917674,2026-03-22 07:11:59
2026-03-22 07:12:01.431996+00:00,4425690.7142735515,3106318.9986305027,3369466.61448671,5,33.86595350205822,58.614030592143536,30.11108050849906,46.48281248432285,True,32.102712926094966,35.064380863430756,-1163.509562429972,18.838566476008708,2026-03-22 07:12:01
2026-03-22 07:12:03.431996+00:00,4425675.150363695,3106360.46800167,3369457.2858860167,5,32.431009275414894,57.38182485848665,30.101209481202275,46.48052519415923,True,32.102588515231496,35.064835288481596,-1159.0770507482812,22.632757377024895,2026-03-22 07:12:03
2026-03-22 07:12:05.431997+00:00,4425655.61555223,3106403.718298254,3369447.2590221935,5,25.014735366245908,55.194020479917526,8.617332634485022,29.087740815753335,True,32.10246944271284,35.06532933202415,-1156.9018046036363,24.252487805189276,2026-03-22 07:12:05
2026-03-22 07:12:07.431997+00:00,4425628.077934984,3106450.5272728093,3369435.7732079485,5,168.28667553656393,374.0183876827359,30.081103553334415,42.1424019283714,False,32.10236081864511,35.06590295889032,-1159.318313012831,27.75483917874317,2026-03-22 07:12:07
2026-03-22 07:12:09.431997+00:00,4425591.008007273,3106500.0689455876,3369422.375842629,5,168.3093829211944,374.06899708136916,30.07125643600362,42.145537897137096,False,32.10226745896733,35.06655831812978,-1168.0293742753565,31.65456633599929,2026-03-22 07:12:09
2026-03-22 07:12:11.431997+00:00,4425542.698075222,3106551.6087574875,3369406.4446318736,5,166.7270232761813,370.5137598365545,30.06146103433206,42.14864640440942,False,32.10219333016628,35.0672994378676,-1184.9069850929081,36.2077520070003,2026-03-22 07:12:11
2026-03-22 07:12:13.431997+00:00,4425481.781983729,3106603.6332887164,3369387.3704045014,5,168.53561376145328,374.38105837628245,30.051684571697937,42.15178461790063,False,32.102143303894074,35.06812151355885,-1211.9583973390982,41.173863682397055,2026-03-22 07:12:13
2026-03-22 07:12:15.431997+00:00,4425407.166808717,3106654.7842528326,3369364.6658235667,5,167.64049313320314,372.5651976056397,30.041866126834865,42.154958418629626,False,32.10212168369134,35.0690194245653,-1250.8611670052633,46.63513554066571,2026-03-22 07:12:15
2026-03-22 07:12:17.431997+00:00,4425317.978210919,3106703.8274700707,3369337.9410195127,5,168.73499959063756,375.02366277575493,30.03209322244318,42.158047642734644,False,32.10213231883212,35.06998779768186,-1303.0290967542678,52.616675792989625,2026-03-22 07:12:17
2026-03-22 07:12:19.431997+00:00,4425213.516718924,3106750.480043213,3369306.995432388,5,169.2885330394279,376.2667930983007,30.02230443731364,42.16117701124524,False,32.1021771994631,35.07102844716071,-1369.1911245062947,59.25853367450283,2026-03-22 07:12:19
2026-03-22 07:12:21.431997+00:00,4425093.706845732,3106794.44187918,3369271.8174923765,5,167.03342947715694,371.20036179199815,30.01253642607187,42.16434406250049,False,32.10225735949954,35.072139240347155,-1449.551480111666,66.19013559290842,2026-03-22 07:12:21
2026-03-22 07:12:23.431997+00:00,4424958.713726818,3106836.2511254065,3369232.509279321,5,127.85753326561661,284.30650828778744,24.53825509918691,40.7046528571765,False,32.102371448749075,35.07332385048356,-1543.679136200808,73.34216188183686,2026-03-22 07:12:23
2026-03-22 07:12:25.431997+00:00,4424809.818497058,3106876.368927018,3369189.2666633492,5,128.53296064236582,285.81019787862897,24.53690783030087,40.70561160302525,False,32.10251466755024,35.07457848786833,-1650.356964668259,80.07676205893561,2026-03-22 07:12:25
2026-03-22 07:12:27.431997+00:00,4424649.460264266,3106915.188331758,3369142.517997002,5,232.54651091375771,518.8342610672116,23.680182613868507,43.6632256139698,False,32.10267963724535,35.07589171966669,-1767.4746689246967,85.74256063056116,2026-03-22 07:12:27
2026-03-22 07:12:29.431997+00:00,4424481.051265822,3106953.078536647,3369093.0173813384,5,239.02477775443168,533.195700712502,23.67434844926752,43.65899920999413,False,32.102857716070396,35.07724597718804,-1892.0859039844945,89.78804115030583,2026-03-22 07:12:29
2026-03-22 07:12:31.431997+00:00,4424308.735491548,3106990.3831625916,3369041.7886317885,5,240.3906013033423,536.196628138423,23.66854033599643,43.654791217000685,False,32.103039522686295,35.0786190089737,-2020.6062980433926,91.79970855208853,2026-03-22 07:12:31
2026-03-22 07:12:33.431996+00:00,4424137.108238189,3107027.425369611,3368990.0968916155,5,77.92090011700265,135.13522787764668,28.251610284058565,41.83421284797593,False,32.10321580546461,35.079985631733635,-2149.020513560623,91.51517455959186,2026-03-22 07:12:33
2026-03-22 07:12:35.431996+00:00,4423970.1866571605,3107064.4813218364,3368939.182847696,5,231.04526998024826,515.3848586529493,23.657351970784973,43.64656418081715,False,32.103379523569416,35.081323770073645,-2273.750068064779,89.20229492069701,2026-03-22 07:12:35
2026-03-22 07:12:37.431996+00:00,4423811.706630191,3107101.7960822196,3368890.214027538,5,1.1240897157567713,1.6322536244988441,28.264794687979737,43.64633536295263,True,32.10352426635355,35.082612787040425,-2391.4656470362097,85.00919897050674,2026-03-22 07:12:37
2026-03-22 07:12:39.431996+00:00,4423664.64818191,3107139.559205592,3368844.1596685634,5,2.9939937186762133,4.347735937684774,28.255718190149885,43.649882086008915,True,32.10364522646318,35.083836164490656,-2499.494436543435,79.33039247077136,2026-03-22 07:12:39
2026-03-22 07:12:41.431996+00:00,4423531.433402493,3107177.9384436347,3368801.821260567,5,73.76769571737164,164.5850603878498,23.644434852436415,35.63883620763816,False,32.10373856390918,35.084980591324445,-2595.650232099928,72.47703801814866,2026-03-22 07:12:41
2026-03-22 07:12:43.431996+00:00,4423413.695048148,3107217.0534783322,3368763.830188568,5,105.4051173121362,235.50006937235594,8.432410424939208,37.09346524811987,False,32.1038023683816,35.0860371468164,-2678.4078347580507,64.87608876702964,2026-03-22 07:12:43
2026-03-22 07:12:45.431996+00:00,4423312.481159138,3107257.0081392564,3368730.610215958,5,106.60969786558346,238.19551717489958,8.422694988943663,37.088361062301,False,32.10383548096776,35.08700033484554,-2746.765422642231,56.88627435144818,2026-03-22 07:12:45
2026-03-22 07:12:47.431996+00:00,4423227.747234137,3107297.862946875,3368702.269023695,5,110.57173627168822,247.06150520965457,8.412981219233012,37.08325681335975,False,32.103838733319556,35.08787094086895,-2800.667526983656,49.12274557290522,2026-03-22 07:12:47
2026-03-22 07:12:49.431996+00:00,4423158.62148978,3107339.6502699004,3368678.5898889825,5,104.26745162677156,232.95327304303646,8.403215181764967,37.078115413701674,False,32.103813801433205,35.08865454829774,-2840.8181703863665,42.08696448798778,2026-03-22 07:12:49
2026-03-22 07:12:51.431996+00:00,4423103.572814479,3107382.3638478247,3368659.1646430683,5,108.6707288046508,242.8069885186851,8.393533064116491,37.07302431222485,False,32.103763591553346,35.089360424768465,-2868.498871875927,36.16678922149484,2026-03-22 07:12:51
2026-03-22 07:12:53.431996+00:00,4423061.035404947,3107425.9971439424,3368643.545623169,5,0.3717455622071199,0.5400521829724312,28.19195261675164,43.674700789264264,True,32.10369084492819,35.08999804882628,-2885.036253229715,31.453336557491987,2026-03-22 07:12:53
2026-03-22 07:12:55.431996+00:00,4423029.422312907,3107470.5207972415,3368631.3245655587,5,102.6556928485589,229.34538761526346,8.374041767393908,37.062749295538914,False,32.10359874970158,35.090576831470116,-2891.761711511761,27.97810545997547,2026-03-22 07:12:55
2026-03-22 07:12:57.431996+00:00,4423007.566587966,3107515.9178144424,3368622.1708549727,5,110.4615487207327,246.81368473544717,8.364355752551688,37.05765305836504,False,32.10348940544777,35.091103732989154,-2889.66819838807,25.604454206896822,2026-03-22 07:12:57
2026-03-22 07:12:59.431996+00:00,4422994.5905268155,3107562.1584931063,3368615.8875327213,5,119.34542961164584,266.6922560296953,8.354664804297656,37.05255870444099,False,32.103364833357375,35.091583841794176,-2879.483307633549,24.218064873077687,2026-03-22 07:12:59
2026-03-22 07:13:01.431996+00:00,4422989.657471444,3107609.202963465,3368612.2126324116,5,95.01729155138116,212.24845945090055,8.344895578524197,37.04736875668653,False,32.103226424713775,35.092021908639495,-2861.9456603089347,23.722468879232476,2026-03-22 07:13:01
2026-03-22 07:13:03.431996+00:00,4422991.9102405,3107656.987114075,3368610.8951472677,5,106.80043719363873,238.6200353577733,8.335216095770868,37.042280079279834,False,32.10307580181035,35.09242259960102,-2837.814064248465,23.92768158985789,2026-03-22 07:13:03
2026-03-22 07:13:05.431997+00:00,4423000.569161421,3107705.427440148,3368611.703060742,5,102.78346196804915,229.62998712435365,8.325496594211383,37.03714055925791,False,32.102914481345856,35.09278994066181,-2807.7929414799437,24.607378993043316,2026-03-22 07:13:05
2026-03-22 07:13:07.431997+00:00,4423014.916568683,3107754.4249222223,3368614.481970722,5,164.54261154227873,365.59978387877345,29.787129020450504,42.23586314561017,False,32.10274437258515,35.09312744571881,-2772.5100325057283,25.565228756425913,2026-03-22 07:13:07
2026-03-22 07:13:09.431997+00:00,4423034.19047492,3107803.884236914,3368619.0459332657,5,227.12548074045694,506.0384751111269,23.560862705334415,43.57547565300245,False,32.10256730730163,35.093438931036786,-2732.638751500286,26.638961248054926,2026-03-22 07:13:09
2026-03-22 07:13:11.431997+00:00,4423057.781290235,3107853.7130177002,3368625.2876268784,5,233.13873375000048,519.2748315483332,23.555056445184782,43.57120526464972,False,32.10238511199628,35.09372731005075,-2688.7036545174196,27.74163252682868,2026-03-22 07:13:11
2026-03-22 07:13:13.431997+00:00,4423085.013487764,3107903.8373713605,3368632.9963498567,5,226.67217739393132,504.93505914509296,23.549560765456977,43.56708801463346,False,32.1021990307132,35.093996058307845,-2641.3209369201213,28.78136472641392,2026-03-22 07:13:13
2026-03-22 07:13:15.431997+00:00,4423115.252718539,3107954.198183321,3368641.9723297097,5,227.63181396743957,507.00176460668445,23.543838289292044,43.56284863305378,False,32.102010188617776,35.09424852866298,-2591.065242487937,29.711911220559024,2026-03-22 07:13:15
2026-03-22 07:13:17.431997+00:00,4423147.89757591,3108004.7481619213,3368651.9621150624,5,216.8982857392119,483.23077062517405,23.53836462524925,43.55873885275101,False,32.10181913870351,35.094487975789235,-2538.511146374978,30.499110071758285,2026-03-22 07:13:17
2026-03-22 07:13:19.431997+00:00,4423182.466934558,3108055.4494738337,3368662.762944815,5,148.45652869326787,331.676652520895,29.728690387384663,42.25078898128308,False,32.10162632334357,35.09471700344509,-2484.1183072924614,31.15413901196269,2026-03-22 07:13:19
2026-03-22 07:13:21.431997+00:00,4423218.575894229,3108106.2718523964,3368674.212610088,5,163.4680542824853,362.9832841232419,29.718222410151675,42.25741149483231,False,32.10143209641891,35.09493769464756,-2428.2544512357563,31.693319351881726,2026-03-22 07:13:21
2026-03-22 07:13:23.431997+00:00,4423255.916534717,3108157.191084278,3368686.181343776,5,165.54707490834153,367.8566500507295,29.7083740598631,42.260552821255054,False,32.10123674102028,35.09515171581466,-2371.213758307509,32.13386917861459,2026-03-22 07:13:23
2026-03-22 07:13:25.431997+00:00,4423294.242519859,3108208.187798816,3368698.5653321976,5,164.49970535578885,365.5034176707268,29.698542197768603,42.26357163852738,False,32.10104048360889,35.09536040008198,-2313.2315720915794,32.49195746640709,2026-03-22 07:13:25
2026-03-22 07:13:27.431997+00:00,4423333.356780725,3108259.246499477,3368711.2815244053,5,164.23506121001108,364.9088413864374,29.688720682100687,42.266671516362194,False,32.10084350534462,35.095564813957374,-2254.49616710376,32.781922840633236,2026-03-22 07:13:27
2026-03-22 07:13:29.431997+00:00,4423373.101662167,3108310.354789039,3368724.2634796416,5,126.07237481188349,279.7574623413384,24.489307103610045,40.73614845813266,False,32.100645951148,35.09576581064573,-2195.15816268418,33.016071937108535,2026-03-22 07:13:29
2026-03-22 07:13:31.431997+00:00,4423413.351040075,3108361.5027497206,3368737.4580453015,5,164.29195711577222,365.0368384756148,29.66902721504523,42.27284639152234,False,32.10044793694963,35.0959640727091,-2135.3380541177467,33.20475442894498,2026-03-22 07:13:31
2026-03-22 07:13:33.431996+00:00,4423454.0040151505,3108412.682447298,3368750.8226993,5,163.1221249649758,362.408323418349,29.65917100768558,42.27588175227412,False,32.10024955548924,35.09616014619539,-2075.13223748561,33.35657451603408,2026-03-22 07:13:33
2026-03-22 07:13:35.431996+00:00,4423494.979867963,3108463.887534392,3368764.3234239686,5,162.7152425931509,361.4941268414259,29.649274770891672,42.27896357824598,False,32.100050880954846,35.096354467941154,-2014.6178295407444,33.47854172681168,2026-03-22 07:13:35
2026-03-22 07:13:37.431996+00:00,4423536.214022965,3108515.1129330993,3368777.9330051746,5,73.80785091067114,164.49215111508965,16.04374056759493,38.36085061905212,False,32.09985197269382,35.09654738741415,-1953.856523603201,33.57647134545115,2026-03-22 07:13:37
2026-03-22 07:13:39.431996+00:00,4423577.654819719,3108566.3545810967,3368791.62967161,5,223.95934711617213,499.8902610614896,29.620493549072943,42.28445235113426,False,32.099652878181615,35.09673918418723,-1892.8976742653176,33.65503230011391,2026-03-22 07:13:39
2026-03-22 07:13:41.431996+00:00,4423619.260929872,3108617.609228527,3368805.396006228,5,160.6710559615361,356.6944084018469,29.619684186004232,42.288134081947774,False,32.099453635396664,35.09693008191763,-1831.7807651497424,33.71801912243001,2026-03-22 07:13:41
2026-03-22 07:13:43.431996+00:00,4423660.999290748,3108668.874275503,3368819.2180753937,5,192.77644910255535,430.8168572746217,23.47363883744591,43.955196650924485,False,32.099254274720145,35.09712025953012,-1770.5373831139877,33.768496435414605,2026-03-22 07:13:43
2026-03-22 07:13:45.431996+00:00,4423702.843452198,3108720.147642117,3368833.0847321954,5,144.7909653666593,323.4730021469295,29.60030223642617,42.29093651078068,False,32.09905482045571,35.09730986016385,-1709.1927976235747,33.80893425668726,2026-03-22 07:13:45
2026-03-22 07:13:47.431996+00:00,4423744.772254111,3108771.427664439,3368846.9870591084,5,143.1004341488513,319.68943210691214,29.59042375646253,42.29402885070128,False,32.098855292045336,35.09749899832942,-1647.7672242131084,33.841320204772096,2026-03-22 07:13:47
2026-03-22 07:13:49.431996+00:00,4423786.7687683925,3108822.7130113295,3368860.917922109,5,147.68860718663328,322.54767371341586,23.456131975723146,43.265824550488816,False,32.098655705041715,35.09768776563489,-1586.2768353056163,33.86725173886707,2026-03-22 07:13:49
2026-03-22 07:13:51.431996+00:00,4423828.819452569,3108874.0026178733,3368874.8716139793,5,72.540582609432,124.57957603782415,27.896282760647058,41.96002797895711,False,32.09845607188641,35.097876235366236,-1524.734568814747,33.88801150822828,2026-03-22 07:13:51
2026-03-22 07:13:53.431996+00:00,4423870.913472662,3108925.2956321407,3368888.843568947,5,135.26272595534266,276.6662735082209,29.560322332754293,44.714796928340355,False,32.09825640253213,35.09806446615197,-1463.1507750684395,33.90462861410987,2026-03-22 07:13:53
2026-03-22 07:13:55.431996+00:00,4423913.042161487,3108976.591372587,3368902.8301343913,5,169.17299361917392,376.6022960059345,27.89774296112023,46.50279151553222,False,32.09805670494059,35.09825250489462,-1401.533734315075,33.917928234833376,2026-03-22 07:13:55
2026-03-22 07:13:57.431996+00:00,4423955.1985853,3109027.8892939757,3368916.8283882174,5,97.88328105082788,218.65522100776434,8.072404470041358,36.90272444475328,False,32.09785698548085,35.09844038911601,-1339.8900707457215,33.92857172677821,2026-03-22 07:13:57
2026-03-22 07:13:59.431996+00:00,4423997.3771971,3109079.188960119,3368930.835992749,5,107.54170985022095,240.2714904770255,8.062649807508558,36.89753833186432,False,32.09765724924788,35.098628148833455,-1278.225083714351,33.93708894603742,2026-03-22 07:13:59
2026-03-22 07:14:01.431996+00:00,4424039.5735592935,3109130.490022065,3368944.8510778444,5,110.80371628705132,247.5711586214602,8.052824401519997,36.89229071622269,False,32.09745750031741,35.09881580806067,-1216.5430126935244,33.943904273812215,2026-03-22 07:14:01
2026-03-22 07:14:03.431996+00:00,4424081.690194324,3109181.7922006547,3368958.8721473906,5,156.67379387179167,350.0657399855554,29.51043189795007,42.318602716678335,False,32.0972581102572,35.09900395826582,-1154.912350565195,33.9201815499411,2026-03-22 07:14:03
2026-03-22 07:14:05.431997+00:00,4424123.555192674,3109233.0952725587,3368972.8980044993,5,136.65316891710364,270.4599275290966,29.50034617440448,44.69992942542212,False,32.097059744597715,35.09919364486098,-1093.452992901206,33.84303236950342,2026-03-22 07:14:05
2026-03-22 07:14:07.431997+00:00,4424164.843171781,3109284.3990591136,3368986.927691656,5,99.38796864014414,222.0216401219368,8.02323503707861,36.876483870630686,False,32.09686367230428,35.099386848644286,-1032.3910586284474,33.66603576066691,2026-03-22 07:14:07
2026-03-22 07:14:09.431997+00:00,4424205.105970643,3109335.7034173897,3369000.9438090934,5,108.25625536693393,241.8692201860249,8.01346092366492,36.871263142512326,False,32.096671517935064,35.09958629868791,-972.0464834822342,33.35296725322906,2026-03-22 07:14:09
2026-03-22 07:14:11.431997+00:00,4424243.797205509,3109387.008233043,3369014.917859628,5,43.40915586442644,96.65587535873055,23.38809176419194,39.19786737438511,False,32.09648520618356,35.0997953226548,-912.81316331774,32.88035071645463,2026-03-22 07:14:11
2026-03-22 07:14:13.431997+00:00,4424280.667624328,3109438.26888075,3369028.8066477315,5,163.0934102747588,362.34778954461217,29.459631843377434,42.33780607919276,False,32.096305506946656,35.100015052063284,-854.9085423275828,32.32638327386765,2026-03-22 07:14:13
2026-03-22 07:14:15.431997+00:00,4424315.1421155585,3109489.424955464,3369042.5335925072,5,147.8953483324378,330.4206107594073,29.450285538560742,42.337260613887864,False,32.096134256086934,35.100248466889916,-798.8013425534591,31.59851079795998,2026-03-22 07:14:15
2026-03-22 07:14:17.431997+00:00,4424347.042372394,3109540.359040546,3369056.022232501,5,228.60474003878196,510.9924279525876,29.430521863362102,42.34342510234851,False,32.09597189158901,35.100495635453875,-744.7129670409486,30.797121692771423,2026-03-22 07:14:17
2026-03-22 07:14:19.431997+00:00,4424375.943966963,3109590.927939143,3369069.1929165088,5,205.34257157955423,458.9509047009051,29.418825347571758,39.951503761708224,False,32.09581986303635,35.10075790211249,-693.0496572181582,29.857924371762824,2026-03-22 07:14:19
2026-03-22 07:14:21.431997+00:00,4424401.636176593,3109640.967976262,3369081.9773995304,5,104.81056887673131,234.1561852954328,7.954505113138997,36.83967975960421,False,32.095678925656266,35.10103513184168,-644.0734495529905,28.842407825202717,2026-03-22 07:14:21
2026-03-22 07:14:23.431997+00:00,4424423.682120604,3109690.343628249,3369094.3261459614,5,159.46758135232366,356.1948153488338,29.40954032824147,44.67804265033042,False,32.095550786692186,35.101328811550424,-598.1794743724167,27.73296862471037,2026-03-22 07:14:23
2026-03-22 07:14:25.431997+00:00,4424442.156376384,3109738.922063461,3369106.226214407,5,13.023007363883492,27.635703820735216,7.934561644069664,28.861973954691173,True,32.09543542033074,35.10163733565227,-555.3876161510125,26.658835886359356,2026-03-22 07:14:25
2026-03-22 07:14:27.431997+00:00,4424456.860794615,3109786.6072722413,3369117.702561588,5,26.410852290966922,58.3387986831367,7.924869071618125,28.85874818623758,True,32.09533405810775,35.101961079357594,-515.868710514158,25.601785077115245,2026-03-22 07:14:27
2026-03-22 07:14:29.431997+00:00,4424467.9528791085,3109833.3132031355,3369128.8361866605,5,23.093182605179514,50.81519880145788,7.914916042679212,28.855421067947,True,32.09524693799405,35.10229833755849,-479.51246395427734,24.639581603396024,2026-03-22 07:14:29
2026-03-22 07:14:31.431997+00:00,4424475.179283134,3109878.9964396297,3369139.7615454746,5,96.01013612152506,214.4572445191443,7.905329662769907,36.81329536037056,False,32.09517619964043,35.10265027778684,-446.4441664395854,23.76206260480649,2026-03-22 07:14:31
2026-03-22 07:14:33.431996+00:00,4424478.64715377,3109923.628173773,3369150.681583178,5,161.93055347266068,361.70723581686616,29.359475812299216,44.66541411961523,False,32.095123052456046,35.10301599804717,-416.495745155029,23.039461615431993,2026-03-22 07:14:33
2026-03-22 07:14:35.431996+00:00,4424478.042280333,3109967.237331614,3369161.794268897,5,133.3319036727491,247.34721271693707,29.350255632067043,44.662269769997,False,32.09509016061846,35.10339766385876,-389.7656799145043,22.503423646919387,2026-03-22 07:14:35
2026-03-22 07:14:37.431996+00:00,4424473.436879253,3110009.883405281,3369173.3576071206,5,74.85320316940779,166.8363638035953,30.112437501494426,50.9425324062154,False,32.09507904785826,35.103795351503706,-366.03783018141985,22.212654665906012,2026-03-22 07:14:37
2026-03-22 07:14:39.431996+00:00,4424464.832955254,3110051.6413199124,3369185.5800383147,5,20.41490609395704,44.71444388106465,7.865464159861005,28.838865329098564,True,32.09509109197575,35.10420969882487,-345.1635296456516,22.17621905788404,2026-03-22 07:14:39
2026-03-22 07:14:41.431996+00:00,4424452.618074596,3110092.5580211477,3369198.6814981643,5,18.680452928462977,40.746753331273794,7.855495492546115,28.83554052575854,True,32.09512632425703,35.10463875218852,-326.7344084838405,22.332868152515157,2026-03-22 07:14:41
2026-03-22 07:14:43.431996+00:00,4424436.844485283,3110132.6673669307,3369212.818797252,5,159.56372277820353,355.9984825104475,29.30921216192022,44.65258132024358,False,32.09518564433175,35.105082487432114,-310.6144113224,22.679445344056965,2026-03-22 07:14:43
2026-03-22 07:14:45.431996+00:00,4424417.9954421995,3110171.956417339,3369228.1391968033,5,134.1891932576423,238.77320575341582,29.30003105650246,44.649372191181556,False,32.09526831826197,35.1055378488827,-296.39663741737604,23.095619441481745,2026-03-22 07:14:45
2026-03-22 07:14:47.431996+00:00,4424396.283551093,3110210.399805034,3369244.674990626,5,13.776527084667835,29.399620968848467,7.825551436664926,28.82552539776455,True,32.09537382903501,35.10600332205755,-283.92890578787774,23.572933367732748,2026-03-22 07:14:47
2026-03-22 07:14:49.431996+00:00,4424372.076970705,3110247.980630366,3369262.439469303,5,20.609491658704123,45.15668407827616,7.815680648073675,28.82221298517414,True,32.095500881386684,35.10647651810699,-272.957201551646,24.05126643964313,2026-03-22 07:14:49
2026-03-22 07:14:51.431996+00:00,4424345.701072632,3110284.6939496594,3369281.347075983,5,12.401072911640718,26.15765344724059,7.805552152397878,28.818828032781276,True,32.09564755968629,35.10695541242211,-263.3038637721911,24.50027246287483,2026-03-22 07:14:51
2026-03-22 07:14:53.431996+00:00,4424317.53430007,3110320.5529281655,3369301.3089489145,5,110.71319536343627,247.3615842871368,7.795934323865366,36.75458414283095,False,32.09581166515525,35.1074378139067,-254.74738886766136,24.888299394527465,2026-03-22 07:14:53
2026-03-22 07:14:55.431996+00:00,4424287.8376050275,3110355.581010338,3369322.172851545,5,101.73361893521721,227.26461574062705,7.785860367070117,36.74916046346691,False,32.09599094711589,35.10792233631244,-247.17637085355818,25.219846699102686,2026-03-22 07:14:55
2026-03-22 07:14:57.431996+00:00,4424256.840625378,3110389.818737814,3369343.8194818017,5,105.70108324598802,236.14406329765916,7.775900648106137,36.74381007599464,False,32.096183482179754,35.10840793228612,-240.47528115008026,25.502996547420302,2026-03-22 07:14:57
2026-03-22 07:14:59.431996+00:00,4424224.703338958,3110423.3161220346,3369366.0951543106,5,107.30181213433036,239.726263910532,7.765892179400375,36.73842330914916,False,32.09638733126507,35.10889406091506,-234.5905273128301,25.744346533602187,2026-03-22 07:14:59
2026-03-22 07:15:01.431996+00:00,4424191.5753060635,3110456.1412834395,3369388.8693716573,5,103.55270832635782,231.33518498763442,7.7558691541369,36.7330290662664,False,32.096600723392015,35.109380401649055,-229.45459598861635,25.95006146664923,2026-03-22 07:15:01
2026-03-22 07:15:03.431996+00:00,4424157.582773747,3110488.375114243,3369411.998100535,5,147.22188659331724,328.9132126830518,29.20919903501545,42.412797000216344,False,32.09682184036573,35.109866886620935,-225.01710284408182,26.12207017574699,2026-03-22 07:15:03
2026-03-22 07:15:05.431997+00:00,4424122.874958638,3110520.1032125847,3369435.4060265394,5,160.8516798151305,359.286710485816,29.19838125401895,44.62380399189339,False,32.09704928599106,35.110353348732176,-221.17294131685048,26.264200419028043,2026-03-22 07:15:05
2026-03-22 07:15:07.431997+00:00,4424087.569432972,3110551.403022438,3369458.997890802,5,136.53266054757663,280.1001087240875,29.188895145316277,44.62070520631754,False,32.09728165821612,35.110839742975706,-217.8535078149289,26.37581419970227,2026-03-22 07:15:07
2026-03-22 07:15:09.431997+00:00,4424051.8000736395,3110582.3399529457,3369482.7420264976,5,107.15987031673059,239.4071672335267,7.715837038657378,36.71148020637703,False,32.09751801007591,35.111325820639856,-214.95097575895488,26.45904720617688,2026-03-22 07:15:09
2026-03-22 07:15:11.431997+00:00,4424015.678760409,3110612.9595819064,3369506.614807107,5,108.07068000960595,241.44528280943632,7.705840594920721,36.706092459770865,False,32.09775759691374,35.11181129513067,-212.3781552016735,26.515187163149765,2026-03-22 07:15:11
2026-03-22 07:15:13.431997+00:00,4423979.297386227,3110643.2949968,3369530.5981848855,5,146.44817205113338,327.18157712742686,29.15882835460875,42.428706239304816,False,32.09799982946395,35.1122958933554,-210.06483044661582,26.54733599537491,2026-03-22 07:15:13
2026-03-22 07:15:15.431997+00:00,4423942.731854577,3110673.3692928506,3369554.6785751088,5,15.11873491160121,32.5241761803627,7.6855391778720605,28.778648858328882,True,32.098244242774406,35.11277935302349,-207.95436525996774,26.558268868376544,2026-03-22 07:15:15
2026-03-22 07:15:17.431997+00:00,4423906.030193608,3110703.1927633686,3369578.828419002,5,109.10822016104592,243.76642682030797,7.675872500312889,36.68993041656446,False,32.09849040969091,35.11326147073636,-206.02310520596802,26.55026493102855,2026-03-22 07:15:17
2026-03-22 07:15:19.431997+00:00,4423869.212819478,3110732.770578926,3369602.998990313,5,106.57130563912165,238.088492102921,7.665865672103005,36.68452131709698,False,32.09873786370645,35.11374216694773,-204.2802754715085,26.526320554048628,2026-03-22 07:15:19
2026-03-22 07:15:21.431997+00:00,4423832.299061021,3110762.105180835,3369627.1520315157,5,110.46834244318674,246.80974428728223,7.6559421875208455,36.67916249068564,False,32.098986230081266,35.114221345076544,-202.73162280395627,26.488270195920368,2026-03-22 07:15:21
2026-03-22 07:15:23.431997+00:00,4423795.302065497,3110791.201945795,3369651.247671828,5,161.32676119125324,360.3213637173176,29.107720087711435,44.59993516123924,False,32.09923513789431,35.11469897164483,-201.38660535495728,26.438604780665592,2026-03-22 07:15:23
2026-03-22 07:15:25.431997+00:00,4423758.258294567,3110820.08541492,3369675.2823767317,5,110.40157792669618,237.18350423499942,15.685782792292372,36.69568817066922,False,32.099484349601596,35.115175037170864,-200.20987911056727,26.38258323806889,2026-03-22 07:15:25
2026-03-22 07:15:27.431997+00:00,4423721.231056109,3110848.797668315,3369699.2878003903,5,110.71155521273616,237.81611375510693,15.679103851521687,36.69504762676498,False,32.09973374289538,35.11564952054593,-199.1202520057559,26.32332733446747,2026-03-22 07:15:27
2026-03-22 07:15:29.431997+00:00,4423684.305009449,3110877.3969627935,3369723.3272693157,5,13.386000663675405,28.47006806731224,7.61564105185144,28.75508894243996,True,32.09998330912705,35.11612241070167,-197.9970236280933,26.26475124971089,2026-03-22 07:15:29
2026-03-22 07:15:31.431997+00:00,4423647.491498337,3110905.92110035,3369747.4175646817,5,16.361441747148522,35.39894773438573,7.605707547047523,28.751735952991815,True,32.10023302783232,35.11659396608812,-196.804998036474,26.216423070965952,2026-03-22 07:15:31
2026-03-22 07:15:33.431996+00:00,4423610.778967069,3110934.402435548,3369771.5698222322,5,20.618729333478147,45.168999530375004,7.595810118867201,28.748388390320486,True,32.10048294019397,35.117064537500944,-195.5305007826537,26.18363369482235,2026-03-22 07:15:33
2026-03-22 07:15:35.431996+00:00,4423574.100249073,3110962.829004204,3369795.769143231,5,158.08919739606347,352.8652778528631,29.04743104431105,44.58391952517308,False,32.10073322867533,35.11753443059116,-194.2338220179081,26.167753515778475,2026-03-22 07:15:35
2026-03-22 07:15:37.431996+00:00,4423537.37944077,3110991.195791627,3369820.002734418,5,14.003959433716043,29.917005352675915,7.575771729861961,28.74159070887249,True,32.100984106919945,35.11800406450954,-192.97679925803095,26.17422077603695,2026-03-22 07:15:37
2026-03-22 07:15:39.431996+00:00,4423500.520788112,3111019.453435297,3369844.261913081,5,10.963949272488183,22.70332020893693,7.565776137423263,28.73819328598075,True,32.101236020058764,35.118473595094976,-191.8544500209391,26.199057478078956,2026-03-22 07:15:39
2026-03-22 07:15:41.431996+00:00,4423463.536231719,3111047.593392364,3369868.6137826024,5,105.38566644313286,235.43168568238616,7.556168939645406,36.62517103834644,False,32.1014894574892,35.11894287558196,-190.8270023316145,26.233223898735996,2026-03-22 07:15:41
2026-03-22 07:15:43.431996+00:00,4423426.40464841,3111075.567919785,3369893.0877980953,5,8.250342276601735,15.959830272942781,7.545856735824026,28.731415696853958,True,32.101744858682345,35.11941162101402,-189.91670378576964,26.2693076507186,2026-03-22 07:15:43
2026-03-22 07:15:45.431996+00:00,4423389.138116911,3111103.3423418477,3369917.712929624,5,13.528903833687734,28.800517421215773,7.535929718171158,28.72808526594782,True,32.10200249322821,35.11987945732046,-189.11668629851192,26.299287032611716,2026-03-22 07:15:45
2026-03-22 07:15:47.431996+00:00,4423351.729408465,3111130.8457371793,3369942.4827815276,5,23.213727788642792,51.07540924847126,7.525969225994214,28.724719159294985,True,32.10226253617036,35.12034581400671,-188.4699182137847,26.312515015004436,2026-03-22 07:15:47
2026-03-22 07:15:49.431996+00:00,4423314.236292138,3111158.0442888117,3369967.409099696,5,20.60916544015687,45.14373271539807,7.515938111211391,28.721311667130532,True,32.10252494405444,35.12081004595524,-187.9466100614518,26.30026768067266,2026-03-22 07:15:49
2026-03-22 07:15:51.431996+00:00,4423276.680898085,3111184.8676858842,3369992.4715086115,5,20.698727907888426,45.34770944714546,7.505989692175841,28.71790797870458,True,32.10278966837574,35.12127140900794,-187.57652283087373,26.258458606632782,2026-03-22 07:15:51
2026-03-22 07:15:53.431996+00:00,4423239.202799611,3111211.328350354,3370017.7227215366,5,18.61394449717034,40.578063663095236,7.496007537605817,28.71453990597646,True,32.10305653048336,35.12172916009567,-187.2288851775229,26.18395684208974,2026-03-22 07:15:53
2026-03-22 07:15:55.431996+00:00,4423201.917763298,3111237.422760287,3370043.2034885664,5,13.814486923166479,29.467241995036602,7.485966035389224,28.71111260166716,True,32.10332539761335,35.12218256304502,-186.80355069972575,26.078543148481387,2026-03-22 07:15:55
2026-03-22 07:15:57.431996+00:00,4423164.96748408,3111263.214337691,3370068.9649188085,5,14.615458032342206,31.339123513549566,7.476012068957974,28.707713051737425,True,32.10359592989431,35.12263130372323,-186.1442797901109,25.95274497727905,2026-03-22 07:15:57
2026-03-22 07:15:59.431996+00:00,4423128.365200388,3111288.7337844763,3370094.9806827204,5,105.77899021967558,236.30931417644024,7.4663848722268655,36.57642837814046,False,32.103867789649385,35.12307556742727,-185.24093654938042,25.82532336489215,2026-03-22 07:15:59
2026-03-22 07:16:01.431996+00:00,4423092.102945751,3111314.061327393,3370121.198915811,5,113.36177410598575,242.3859653286636,15.565241874534882,36.68362496581179,False,32.10414039068848,35.12351609788312,-184.0875111464411,25.709099984214436,2026-03-22 07:16:01
2026-03-22 07:16:03.431996+00:00,4423056.084679151,3111339.25244048,3370147.5194960125,5,14.823415919347298,31.821848701685667,7.446143435869396,28.697526899973344,True,32.10441319168307,35.123953961200435,-182.77672502025962,25.61581859687176,2026-03-22 07:16:03
2026-03-22 07:16:05.431997+00:00,4423020.198016051,3111364.4062319375,3370173.8134237058,5,16.906175550834323,36.64733110740781,7.436172005320858,28.69412941788932,True,32.10468537444636,35.124390701271004,-181.4067029133439,25.553541020388707,2026-03-22 07:16:05
2026-03-22 07:16:07.431997+00:00,4422984.328564487,3111389.6158746863,3370199.976231794,5,11.884866082734503,24.901776365935802,7.426178344229904,28.69069086869744,True,32.1049563324337,35.124827822818474,-180.0668126596138,25.527613333735356,2026-03-22 07:16:07
2026-03-22 07:16:09.431997+00:00,4422948.441520695,3111415.00886748,3370225.9523506635,5,112.18179615640243,239.216623891145,15.53836392757394,36.68080124617553,False,32.10522542596946,35.125266642876944,-178.74856208078563,25.53156255855832,2026-03-22 07:16:09
2026-03-22 07:16:11.431997+00:00,4422912.459209636,3111440.6930435672,3370251.666572665,5,108.85654913775024,243.19540787488222,7.406627630283916,36.543900584378456,False,32.10549208763799,35.12570856941562,-177.4931806428358,25.571589819344073,2026-03-22 07:16:11
2026-03-22 07:16:13.431997+00:00,4422876.331903604,3111466.752438071,3370277.07302814,5,12.315891358006459,25.925580769777298,7.3963276762262025,28.68048106335498,True,32.105755930199955,35.12615463381661,-176.31853954494,25.640603848388196,2026-03-22 07:16:13
2026-03-22 07:16:15.431997+00:00,4422840.020101212,3111493.2607079116,3370302.122378225,5,13.662748180831024,29.104258183389902,7.386452731535702,28.677088123117176,True,32.10601652843525,35.12660571519241,-175.24232537206262,25.732786977753282,2026-03-22 07:16:15
2026-03-22 07:16:17.431997+00:00,4422803.460982454,3111520.2438160507,3370326.7457571104,5,11.734737691117497,24.53890509158373,7.376511707405724,28.673656762787004,True,32.106273530896765,35.1270624215218,-174.33200233988464,25.840704696962607,2026-03-22 07:16:17
2026-03-22 07:16:19.431997+00:00,4422766.637207309,3111547.720666761,3370350.9153184555,5,13.990869477680517,29.872115969657898,7.366628453478669,28.670254019934113,True,32.10652674066497,35.127525022363365,-173.60516433417797,25.957346920094835,2026-03-22 07:16:19
2026-03-22 07:16:21.431997+00:00,4422729.572540283,3111575.681371892,3370374.6455808403,5,12.927952864516286,27.37203111872077,7.356701757693995,28.66683489867546,True,32.10677620271668,35.127993287176295,-173.04244476929307,26.070653645331312,2026-03-22 07:16:21
2026-03-22 07:16:23.431997+00:00,4422692.323151914,3111604.0435290555,3370397.977243415,5,9.928571799564999,20.159007523208857,7.346739773996163,28.663405779185133,True,32.10702223498324,35.12846615946343,-172.62345605529845,26.15480534878004,2026-03-22 07:16:23
2026-03-22 07:16:25.431997+00:00,4422654.949528737,3111632.7643094123,3370420.975729883,5,13.46990982712899,28.647532016038895,7.336882210789907,28.660001138329488,True,32.10726521820886,35.128942899329765,-172.2923927893862,26.2230876973579,2026-03-22 07:16:25
2026-03-22 07:16:27.431997+00:00,4422617.547061756,3111661.742952787,3370443.698555058,5,13.974666978861439,29.83128973841667,7.326990917076785,28.656601459641536,True,32.10750549567591,35.12942205204905,-172.00171035248786,26.244204560208015,2026-03-22 07:16:27
2026-03-22 07:16:29.431997+00:00,4422580.179757129,3111690.74115481,3370466.1790587916,5,14.464673788784449,30.97648225352168,7.317110343104125,28.653169429042457,True,32.10774372842608,35.12990116233575,-171.8055005269125,26.18484401218949,2026-03-22 07:16:29
2026-03-22 07:16:31.431997+00:00,4422542.943001576,3111719.5150821377,3370488.4340815274,5,14.959058744149331,32.128421783447266,7.307204208743104,28.649748486976875,True,32.10798034373945,35.130377535668586,-171.74758606776595,26.027873976721665,2026-03-22 07:16:31
2026-03-22 07:16:33.431996+00:00,4422504.420162095,3111747.6469559213,3370510.4517520815,5,14.515391600429213,31.093475177884102,7.297280430786672,28.646313023139534,True,32.10822195689694,35.13085618921826,-173.01929129473865,26.26876501227223,2026-03-22 07:16:33
2026-03-22 07:16:35.431996+00:00,4422463.122481674,3111774.6858575447,3370532.2093229173,5,11.839300202299937,24.780922580510378,7.287358303637909,28.642877305332917,True,32.10847547436635,35.13134229329771,-176.88381240610033,26.9721731503432,2026-03-22 07:16:35
2026-03-22 07:16:37.431996+00:00,4422416.419950917,3111800.2276402917,3370553.6482316786,5,15.574460735080907,33.556792072951794,7.2775306507415065,28.639452249307965,True,32.10875187417218,35.131848382749325,-185.39114131126553,28.692925320733817,2026-03-22 07:16:37
2026-03-22 07:16:39.431996+00:00,4422360.231678049,3111823.939895003,3370574.658487387,5,15.61088211341158,33.640645265579224,7.2676619253644255,28.63603139333342,True,32.109067231731444,35.132396461955004,-201.5886428449303,32.25222425023916,2026-03-22 07:16:39
2026-03-22 07:16:41.431996+00:00,4422291.415596867,3111845.667074905,3370595.1299511916,5,12.942424715661254,27.398179084062576,7.257798175492173,28.632583049082417,True,32.10943345353386,35.13300434555715,-227.78708675596863,37.50601353797843,2026-03-22 07:16:41
2026-03-22 07:16:43.431996+00:00,4422207.43882603,3111865.2996899495,3370614.913013212,5,15.387841817444338,33.12145467847586,7.2479107862997605,28.629144779873798,True,32.10985963001481,35.13368653504157,-265.87366406805813,44.240555931690324,2026-03-22 07:16:43
2026-03-22 07:16:45.431996+00:00,4422106.776360017,3111882.8148658304,3370633.86308448,5,11.434066034530858,23.80564958229661,7.238089347659034,28.625727644413082,True,32.11035070064631,35.134452139150376,-316.9923940617591,51.95868226533969,2026-03-22 07:16:45
2026-03-22 07:16:47.431996+00:00,4421989.775692537,3111898.271225683,3370651.8423868613,5,109.94840270917373,245.6337144933641,7.228619629698292,36.44638540677089,False,32.11090409194356,35.1352995564531,-380.94677956961095,59.68942654425716,2026-03-22 07:16:47
2026-03-22 07:16:49.431996+00:00,4421860.455106059,3111911.7917435355,3370668.728191285,5,116.13720887879535,246.16606324911118,15.402851259544247,36.665867616265125,False,32.11150277693847,35.136205358062256,-454.95824961178005,65.55865480837801,2026-03-22 07:16:49
2026-03-22 07:16:51.431996+00:00,4421723.502452642,3111923.6530888714,3370684.4016477214,5,102.57627085017884,229.13278288021684,7.209028385460479,36.43561194459825,False,32.11212670837698,35.13714336042464,-535.7076230384409,69.17799149277744,2026-03-22 07:16:51
2026-03-22 07:16:53.431996+00:00,4421586.3536971845,3111934.3990875585,3370698.793392256,5,101.99492037193245,227.83118696138263,7.199301367664388,36.430245917465584,False,32.112744704105594,35.13807293002825,-617.8159100459889,69.15992322509194,2026-03-22 07:16:53
2026-03-22 07:16:55.431996+00:00,4421456.382210193,3111944.6414245297,3370711.8675033813,5,16.86036610151188,34.386498767882586,27.094237862820936,46.67351973062834,True,32.11332589313744,35.138954395687335,-695.8969740746543,65.51416884742258,2026-03-22 07:16:55
2026-03-22 07:16:57.431996+00:00,4421342.269587917,3111955.121965725,3370723.6386251207,5,162.16262040335695,362.20065677538514,28.63543913655575,44.47215629801195,False,32.11383429991957,35.13974122799329,-763.5685400543734,57.597941832679105,2026-03-22 07:16:57
2026-03-22 07:16:59.431996+00:00,4421249.556958381,3111966.595822217,3370734.1502980283,5,160.35308407100956,358.1489849202335,28.625722572100468,44.46944344994446,False,32.11424644428304,35.140406161579264,-816.6019626287743,47.00472403286514,2026-03-22 07:16:59
2026-03-22 07:17:01.431996+00:00,4421183.517707475,3111979.6393942134,3370743.4784453986,5,262.92727961394763,587.9012700729072,11.551589155975247,37.321940636446854,False,32.11454063593744,35.140922013797,-851.0240238476545,33.97915450672447,2026-03-22 07:17:01
2026-03-22 07:17:03.431996+00:00,4421131.844465186,3111993.5505459504,3370752.211376703,5,147.03305173655613,328.4897679761052,28.607093498428103,42.601418342461315,False,32.1147715598605,35.14135776260506,-875.3889955934137,27.110460160844394,2026-03-22 07:17:03
2026-03-22 07:17:05.431997+00:00,4421125.110108678,3112010.893661656,3370759.3698952356,5,164.2653359014792,366.9061963558197,28.59671191320137,44.46111982687693,False,32.11480478487373,35.1415491347283,-867.7925229612738,9.967186289924047,2026-03-22 07:17:05
2026-03-22 07:17:07.431997+00:00,4421148.886235991,3112030.792390727,3370765.6091450313,5,161.5870403020411,360.9102973639965,28.58720429682929,44.45836305210504,False,32.11470430697643,35.141576543133475,-838.3070226227865,15.812905225060414,2026-03-22 07:17:07
2026-03-22 07:17:09.431997+00:00,4421202.774443511,3112054.3412555526,3370770.6874549035,5,165.26242426238395,369.1374518983066,28.577588304962333,44.45559202711077,False,32.114466824392245,35.14145190524471,-786.8032438429072,29.51388307005234,2026-03-22 07:17:09
2026-03-22 07:17:11.431997+00:00,4421261.310407194,3112078.897971816,3370775.4622315005,5,159.7210765545706,356.73233023285866,28.568029888520133,44.45276965196398,False,32.11420602278132,35.141307653937325,-731.7502465555444,31.82879926077422,2026-03-22 07:17:11
2026-03-22 07:17:13.431997+00:00,4421329.32840608,3112105.434967304,3370779.6210389603,5,11.452619388458162,23.835744135081768,7.102787816439405,28.57758348891038,True,32.11389787919908,35.141122729893965,-669.4916905155405,36.56486011664184,2026-03-22 07:17:13
2026-03-22 07:17:15.431997+00:00,4421400.771885348,3112133.602423217,3370783.239086083,5,105.8378465044457,236.42949701473117,7.093494130029709,36.37196157267581,False,32.11356768110316,35.140931045868356,-604.3529244540259,38.44042978263848,2026-03-22 07:17:15
2026-03-22 07:17:17.431997+00:00,4421471.647548055,3112162.944018702,3370786.376760668,5,161.75153552940856,361.27665177360177,28.5389052420987,44.44448832474435,False,32.113232805972274,35.140753004784344,-539.2901252424344,38.386631109210136,2026-03-22 07:17:17
2026-03-22 07:17:19.431997+00:00,4421537.888122281,3112193.1101495884,3370789.0875688265,5,12.94696791252474,27.39184883236885,7.073981266423426,28.567240237574502,True,32.11291057304775,35.14061038389734,-477.26240222807974,36.418256435781274,2026-03-22 07:17:19
2026-03-22 07:17:21.431997+00:00,4421597.142493414,3112223.790203094,3370791.4192905584,5,111.39562012527104,248.86772520840168,7.0646925733443915,36.35601813580886,False,32.11261142103513,35.1405148298025,-420.0242897635326,33.38331584666356,2026-03-22 07:17:21
2026-03-22 07:17:23.431997+00:00,4421647.529769765,3112254.8966778712,3370793.420100085,5,265.0231082984448,586.6805586032569,7.048685526506363,35.54529138502927,False,32.112343331928486,35.14047705396491,-368.8956680679694,29.624709407624398,2026-03-22 07:17:23
2026-03-22 07:17:25.431997+00:00,4421688.062580263,3112286.4721544585,3370795.138266246,5,261.7042551158666,579.4071764312685,7.039180231730002,35.54423077706967,False,32.112110426259065,35.140503445293035,-324.51406589336693,25.704433195168914,2026-03-22 07:17:25
2026-03-22 07:17:27.431997+00:00,4421723.141108679,3112318.2721259035,3370796.715159566,5,260.8538837519365,577.4495645686984,7.029496336943429,35.54306821546401,False,32.11189720730661,35.14056504682985,-283.87584791798145,23.686641447433825,2026-03-22 07:17:27
2026-03-22 07:17:29.431997+00:00,4421743.405007758,3112351.154222426,3370797.988890557,5,99.55642526941627,222.15165078639984,7.026092173994747,36.334578718959655,False,32.111736765525414,35.140726377289106,-253.13229335471988,19.32278621379832,2026-03-22 07:17:29
2026-03-22 07:17:31.431997+00:00,4421755.149597947,3112384.863894034,3370799.1146629998,5,161.52238784861285,360.7609878219664,28.470123809900226,44.425058495842705,False,32.11160630832571,35.14094683519724,-227.96461838576943,17.85738448245155,2026-03-22 07:17:31
2026-03-22 07:17:33.431996+00:00,4421759.977228997,3112419.3364908607,3370800.122510124,5,43.173048562989486,95.95242803171277,24.29355220288438,37.06874238384804,False,32.11149996110571,35.14121608753903,-207.2785025993362,17.411798600608403,2026-03-22 07:17:33
2026-03-22 07:17:35.431996+00:00,4421759.27129274,3112454.4194278615,3370801.036016993,5,57.12934494074862,127.30346981808543,24.291481439847974,37.07203898226287,False,32.11141290127545,35.141524375054615,-190.1775778271258,17.550963715713372,2026-03-22 07:17:35
2026-03-22 07:17:37.431996+00:00,4421754.138502633,3112489.9906370007,3370801.874051659,5,50.30349448109693,111.98046254366636,24.289705085299694,37.075399386873144,False,32.1113412708297,35.14186389048827,-175.9447441417724,17.974695797152915,2026-03-22 07:17:37
2026-03-22 07:17:39.431996+00:00,4421745.46422945,3112525.952463852,3370802.6517085605,5,45.48334741032171,101.14912174269557,24.28779250528333,37.078849140490846,False,32.11128198341195,35.14222838812199,-164.0063189510256,18.500680771191853,2026-03-22 07:17:39
2026-03-22 07:17:41.431996+00:00,4421733.956769802,3112562.226784872,3370803.3810632518,5,44.57087109551636,99.0976168513298,24.285886894232508,37.08214990516545,False,32.11123256997159,35.14261287142817,-153.90335512720048,19.03142106678624,2026-03-22 07:17:41
2026-03-22 07:17:43.431996+00:00,4421720.182760985,3112598.7511012275,3370804.0717761754,5,126.89143321774853,283.5275171287358,15.19981161294326,37.94534859367549,False,32.111191055293446,35.1430133432077,-145.26869479287416,19.52066910019805,2026-03-22 07:17:43
2026-03-22 07:17:45.431996+00:00,4421704.595512832,3112635.475413851,3370804.7315756837,5,54.35492424920421,121.07817056775093,24.28177865630259,37.08880524691248,False,32.11115585922416,35.14342660571049,-137.8086119517684,19.950393342264846,2026-03-22 07:17:45
2026-03-22 07:17:47.431996+00:00,4421686.977436622,3112672.423722295,3370805.3567521675,5,51.985864173452526,115.75983616709709,24.279904748093575,37.09224589248619,False,32.11112773996188,35.14385419426217,-131.66406143084168,20.469275462602546,2026-03-22 07:17:47
2026-03-22 07:17:49.431996+00:00,4421668.895171141,3112709.423229784,3370805.974014817,5,56.5011810192267,125.89543593302369,24.27783105737843,37.095482039394916,False,32.11110123714172,35.14428505657198,-125.82000048737973,20.593159619688187,2026-03-22 07:17:49
2026-03-22 07:17:51.431996+00:00,4421649.861317658,3112746.5276953145,3370806.5750541072,5,126.94000331528392,239.1369571723044,22.762171901332707,42.95777874737391,False,32.1110780494307,35.144722631323326,-120.59220494423062,20.85299851925387,2026-03-22 07:17:51
2026-03-22 07:17:53.431996+00:00,4421630.066193772,3112783.716127278,3370807.1619232735,5,127.66018620216873,282.1706319451332,22.757803660113456,40.83903832580599,False,32.111057504343734,35.14516557596227,-115.85799193754792,21.066388020871848,2026-03-22 07:17:53
2026-03-22 07:17:55.431996+00:00,4421609.662053563,3112820.971732388,3370807.7350734714,5,110.70384410129894,247.09947238489985,22.750532350835524,36.801308668272824,False,32.11103905479687,35.1456128164405,-111.5198489818722,21.24051288764928,2026-03-22 07:17:55
2026-03-22 07:17:57.431996+00:00,4421588.770700296,3112858.281076015,3370808.2936741877,5,60.33526826499159,134.49790047854185,24.269859701974287,37.108908485855174,False,32.111022254025954,35.14606349351462,-107.5003998298198,21.381930443424526,2026-03-22 07:17:57
2026-03-22 07:17:59.431996+00:00,4421567.463087247,3112895.6464856,3370808.8358695786,5,107.63058821773603,240.2585307955742,22.739272575725682,36.80657269400653,False,32.11100680327113,35.146517194643444,-103.75034802034497,21.508615617835748,2026-03-22 07:17:59
2026-03-22 07:18:01.431996+00:00,4421545.784557663,3112933.0773111507,3370809.358983533,5,59.14391427624984,131.82596328482032,24.265822403263712,37.11553388030907,False,32.11099247851855,35.146973724324674,-100.23514703754336,21.629256774821304,2026-03-22 07:18:01
2026-03-22 07:18:03.431996+00:00,4421523.733477434,3112970.601595873,3370809.8620665977,5,152.2293349269371,340.21792978048325,15.129714798809124,37.89691010972042,False,32.110979201497244,35.14743333554907,-96.94275374803692,21.76335897640929,2026-03-22 07:18:03
2026-03-22 07:18:05.431997+00:00,4421501.3058049735,3113008.278918738,3370810.3455880405,5,99.33799211126781,170.42074666917324,15.120354310446256,34.54249807694123,False,32.11096682717762,35.14789656920684,-93.84666008222848,21.92494595460184,2026-03-22 07:18:05
2026-03-22 07:18:07.431997+00:00,4421478.425188377,3113046.149321282,3370810.8212451735,5,124.3077962480674,276.06359220668674,8.146621705737664,33.149106437201155,False,32.11095563363712,35.14836423799606,-90.97399561107159,22.124173738200387,2026-03-22 07:18:07
2026-03-22 07:18:09.431997+00:00,4421455.083949559,3113084.275726351,3370811.299819138,5,43.37076473037526,96.47875136882067,6.834285237092929,27.085704374748836,False,32.110945559620426,35.148836933955515,-88.29365537222475,22.35321691645895,2026-03-22 07:18:09
2026-03-22 07:18:11.431997+00:00,4421431.211216567,3113122.7054090956,3370811.8119416093,5,12.831750740078235,27.093585807830095,6.824639907476076,28.476693798971855,True,32.1109369863714,35.1493154990331,-85.81537756416947,22.621948224027363,2026-03-22 07:18:11
2026-03-22 07:18:13.431997+00:00,4421406.785670451,3113161.386547517,3370812.383106765,5,16.590957453394054,35.875708661973476,6.815142290972602,28.4732097476875,True,32.110930335139834,35.14979961437401,-83.56563424877822,22.875554650573957,2026-03-22 07:18:13
2026-03-22 07:18:15.431997+00:00,4421381.413082939,3113200.1900218003,3370813.0304953046,5,104.81164682973801,180.03978857398033,15.085290415648402,34.5455543496227,False,32.11092763863908,35.15029056628784,-81.87127434555441,23.183490491315442,2026-03-22 07:18:15
2026-03-22 07:18:17.431997+00:00,4421354.907676269,3113238.875216021,3370813.7585157035,5,12.146555135112077,25.461981557309628,6.7958934961433375,28.466178567194437,True,32.1109303226891,35.1507874036871,-80.97593994252384,23.450004521928964,2026-03-22 07:18:17
2026-03-22 07:18:19.431997+00:00,4421326.439321367,3113277.0929878377,3370814.55660077,5,10.400308439663656,21.245659612119198,6.786318113698327,28.462643832422106,True,32.110942523788054,35.15129216614889,-81.63040763977915,23.831083972583354,2026-03-22 07:18:19
2026-03-22 07:18:21.431997+00:00,4421295.494581072,3113314.441517826,3370815.3930985574,5,19.024804817465917,41.4760948009789,6.776789903526074,28.459183259359225,True,32.11096712148166,35.15180450528024,-84.40301943663508,24.25484164448229,2026-03-22 07:18:21
2026-03-22 07:18:23.431997+00:00,4421261.001957914,3113350.6366518745,3370816.2392784003,5,13.520436761943673,28.71356562897563,6.7670978329221345,28.455625703395054,True,32.11100888020676,35.15232849677491,-90.18966294173151,25.002723858664872,2026-03-22 07:18:23
2026-03-22 07:18:25.431997+00:00,4421222.269612843,3113385.3953095158,3370816.9026399553,5,17.85293834246947,38.78233103081584,6.7575916849338515,28.45211033823705,True,32.11106982243131,35.15286590994649,-99.70981239248067,26.02306133148422,2026-03-22 07:18:25
2026-03-22 07:18:27.431997+00:00,4421176.375821767,3113418.638666307,3370816.5139679657,5,13.797452243693298,29.363136645406485,6.747970586451168,28.448593442478852,True,32.11115497766482,35.15343388786147,-115.48730721790344,28.335101446702083,2026-03-22 07:18:27
2026-03-22 07:18:29.431997+00:00,4421121.491183409,3113450.279507505,3370814.2095658453,5,54.02429155470475,120.04795306175947,8.020704578749257,28.695777953055956,False,32.11126515942445,35.154042838252565,-139.2906183162704,31.69691084557926,2026-03-22 07:18:29
2026-03-22 07:18:31.431997+00:00,4421056.181701622,3113480.3579852423,3370809.2986789253,5,237.84089037474567,523.0672695972025,6.723182120664613,35.50622592778857,False,32.111400601017635,35.15470186113195,-172.46029763761908,36.035260664299464,2026-03-22 07:18:31
2026-03-22 07:18:33.431996+00:00,4420980.44487676,3113508.9614711353,3370801.233109547,5,24.290391226666213,53.417316399514675,22.644423007937384,38.785960931514815,True,32.111556883776764,35.155411733115976,-215.2467115642503,40.6794975204015,2026-03-22 07:18:33
2026-03-22 07:18:35.431996+00:00,4420896.534923456,3113536.355127977,3370790.4568127086,5,307.4881578351957,687.4632870145142,22.6472114831511,43.52846030281568,False,32.11172783197394,35.15616100269365,-265.72331528831273,44.4618411457889,2026-03-22 07:18:35
2026-03-22 07:18:37.431996+00:00,4420809.334504198,3113562.9346071035,3370778.052043696,5,8.708700116640658,17.013826724141836,6.699949184308958,28.430904460472526,True,32.11190148332779,35.15692331021557,-319.74046909529716,46.00070685203458,2026-03-22 07:18:37
2026-03-22 07:18:39.431996+00:00,4420722.961267242,3113589.33180957,3370765.0667932243,5,214.3090403063098,479.12814619392157,15.00280419464844,37.15528384300471,False,32.11206795990031,35.1576790072372,-373.58141098264605,45.622815263156824,2026-03-22 07:18:39
2026-03-22 07:18:41.431996+00:00,4420641.372813232,3113616.1360685416,3370752.3416341385,5,4.531574258685027,6.631319019943476,26.581296936128794,44.297443180698416,True,32.11221654388381,35.158409050248004,-423.77132533024997,43.40816110049339,2026-03-22 07:18:41
2026-03-22 07:18:43.431996+00:00,4420567.642982395,3113643.990297288,3370740.707218634,5,54.60165105502415,121.63850137218833,24.2226928050882,37.18565107440228,False,32.11233975747978,35.15910025002802,-467.42660628352314,39.83498976539022,2026-03-22 07:18:43
2026-03-22 07:18:45.431996+00:00,4420504.575545602,3113673.3541954756,3370730.830054277,5,63.673074068315735,141.98795214667916,24.220589742597703,37.18888296709618,False,32.11243043330464,35.15973947646781,-502.0273325163871,35.1329563096948,2026-03-22 07:18:45
2026-03-22 07:18:47.431996+00:00,4420454.626987951,3113704.6227411535,3370723.484777404,5,62.024140109808535,136.96997905150056,31.418618085145106,48.511006932905154,False,32.112483769987755,35.1603151569028,-525.2681920612231,29.692311515503253,2026-03-22 07:18:47
2026-03-22 07:18:49.431996+00:00,4420411.310228384,3113736.8417594014,3370717.4350920706,5,158.5254347693912,354.0359220057726,28.08109328835334,44.31522064275358,False,32.112518384041365,35.1608586068482,-542.7640050128102,27.161578971306596,2026-03-22 07:18:49
2026-03-22 07:18:51.431996+00:00,4420393.615846658,3113772.511931878,3370717.0997968353,5,53.405926571044176,110.93952412158251,31.439382118026188,48.51493645663337,False,32.112486693681,35.16127559975164,-537.795979803428,19.909575410308612,2026-03-22 07:18:51
2026-03-22 07:18:53.431996+00:00,4420391.501545918,3113810.462379731,3370720.451970674,5,114.31609015157383,255.05184112489223,22.591021046083128,45.940046972660426,False,32.11241580977084,35.16161726953249,-518.9667620388791,19.078416006619406,2026-03-22 07:18:53
2026-03-22 07:18:55.431996+00:00,4420407.571979813,3113850.8083900763,3370727.9523558556,5,116.15222110772103,259.1665802784264,22.585179344087287,45.93816744202563,False,32.112298726388296,35.16186871842256,-484.1716869622469,22.035852458250513,2026-03-22 07:18:55
2026-03-22 07:18:57.431996+00:00,4420425.164743284,3113891.273332224,3370735.43594998,5,43.524008742278696,96.82942513003945,6.604398160003288,26.980739580662764,False,32.11217522064634,35.16211190434634,-448.2732699662447,22.377002986222656,2026-03-22 07:18:57
2026-03-22 07:18:59.431996+00:00,4420448.272253603,3113931.918662305,3370743.7360718073,5,104.29370196508852,232.956241119653,6.595211205715078,36.09238636994191,False,32.112035841292375,35.162322996381455,-408.03401155304164,23.742851097053965,2026-03-22 07:18:59
2026-03-22 07:19:01.431996+00:00,4420473.876181743,3113971.8525903625,3370751.9272075812,5,13.147544602388818,27.813860584050417,6.585516519950601,28.388504505663036,True,32.11188781087682,35.162512688394266,-366.47095824498683,24.06955780435695,2026-03-22 07:19:01
2026-03-22 07:19:03.431996+00:00,4420501.47704146,3114010.191932587,3370759.955551007,5,7.711102517704857,14.557140957564116,6.576101589536426,28.38490099910921,True,32.11173511466226,35.16267637810639,-324.3894033655524,23.959167960572636,2026-03-22 07:19:03
2026-03-22 07:19:05.431997+00:00,4420530.025111442,3114046.202368959,3370767.575281359,5,53.615688460556925,119.48911346495152,6.566723398765726,26.963163548733007,False,32.1115820164472,35.16281411077016,-283.00511057674885,23.29056648232809,2026-03-22 07:19:05
2026-03-22 07:19:07.431997+00:00,4420558.84656997,3114079.59557179,3370774.6149432305,5,96.94799735271414,216.6895839162171,6.560081000850404,32.18494787497247,False,32.11143064335773,35.162927501295314,-243.0164688695222,22.334610508434615,2026-03-22 07:19:07
2026-03-22 07:19:09.431997+00:00,4420587.641150516,3114111.4902025927,3370781.338187025,5,73.64094501963339,164.3535128608346,6.550697348773552,26.779358102963965,False,32.11128109763383,35.16302807288397,-203.9455791087821,21.74624881443725,2026-03-22 07:19:09
2026-03-22 07:19:11.431997+00:00,4420614.588317069,3114139.372627661,3370786.6200736337,5,50.04242234241116,111.47109268978238,6.5386081710451585,26.95004070078337,False,32.111138860432135,35.16310516139047,-168.87721530813724,19.56704972055356,2026-03-22 07:19:11
2026-03-22 07:19:13.431997+00:00,4420639.929448302,3114165.0510006496,3370790.672559238,5,9.36591896489704,18.641756743192673,6.529264170650681,28.367175598264318,True,32.110999612642814,35.16317295716364,-136.6495547061786,18.151958648175647,2026-03-22 07:19:13
2026-03-22 07:19:15.431997+00:00,4420663.458444715,3114189.2725414676,3370793.394424785,5,9.988137906990676,20.190480280667543,6.519915102914518,28.363630033066357,True,32.11086132568989,35.16323919067464,-107.09462185390294,16.938899490810183,2026-03-22 07:19:15
2026-03-22 07:19:17.431997+00:00,4420686.752144108,3114212.8247951707,3370794.942939829,5,95.07471106320773,211.568463511765,6.510700934734466,36.0444890291948,False,32.11071684706427,35.16330106175484,-78.65276409778744,16.580884963956798,2026-03-22 07:19:17
2026-03-22 07:19:19.431997+00:00,4420710.740511434,3114235.8523306306,3370795.494322355,5,7.066498621014127,13.329199824482203,6.501251082098499,28.356534683512972,True,32.11056347932552,35.163354148019785,-50.51582845021039,16.628388218971086,2026-03-22 07:19:19
2026-03-22 07:19:21.431997+00:00,4420735.731812304,3114258.7745367475,3370795.17547703,5,89.52966366787003,199.3371963724494,6.492141239644742,36.03392978809258,False,32.11039982611557,35.163400201302125,-22.198310278356075,16.956520241233925,2026-03-22 07:19:21
2026-03-22 07:19:23.431997+00:00,4420762.221787151,3114282.3397601936,3370793.9442039044,5,52.632375135583295,116.15493626520038,27.91803190329174,45.946850820290344,False,32.110221556629206,35.16344267880672,6.985698054544628,17.73805624197504,2026-03-22 07:19:23
2026-03-22 07:19:25.431997+00:00,4420790.588112719,3114307.0975000844,3370791.6099144467,5,56.73756482621494,126.77507075294852,11.488499062612064,30.359841267544926,False,32.11002421835729,35.16348403566418,37.46448214445263,18.86162120568585,2026-03-22 07:19:25
2026-03-22 07:19:27.431997+00:00,4420820.249619492,3114332.9969308064,3370787.9697354957,5,56.23940306286662,123.96690735965967,27.899462540550832,45.941716325152626,False,32.109808679782084,35.16352737788321,68.70299889985472,19.772685696193157,2026-03-22 07:19:27
2026-03-22 07:19:29.431997+00:00,4420850.224746453,3114360.495597406,3370781.967396057,5,219.29812337820644,476.483509093523,6.449914530004216,35.47433432188664,False,32.10956945625641,35.163582657922625,99.68332860711962,20.559140180020623,2026-03-22 07:19:29
2026-03-22 07:19:31.431997+00:00,4420880.000304019,3114388.0361607727,3370775.2180634476,5,5.9743643758264815,11.212924037128687,6.445702495457859,27.046387874061462,True,32.10932519553372,35.16363951778354,130.1489633647725,20.558574547070826,2026-03-22 07:19:31
2026-03-22 07:19:33.431996+00:00,4420909.434404418,3114415.9131857855,3370767.020332644,5,149.41774185327503,327.85885045677423,27.87078242062156,44.251037157734075,False,32.10907028283025,35.16370137461116,159.77253414224833,20.680300353703867,2026-03-22 07:19:33
2026-03-22 07:19:35.431996+00:00,4420938.658097457,3114444.1941708773,3370757.360400107,5,8.103193467660272,15.37965651229024,6.4278132274446795,28.328093755954303,True,32.10880391290146,35.163768013292746,188.67039552237839,20.89947756067239,2026-03-22 07:19:35
2026-03-22 07:19:37.431996+00:00,4420968.015069587,3114473.291345806,3370746.4215266057,5,9.61824290393319,19.251880556344986,6.4187121863067675,28.32455358011804,True,32.108525000967504,35.163840907119074,217.3790612956509,21.378355613478014,2026-03-22 07:19:37
2026-03-22 07:19:39.431996+00:00,4420997.876432378,3114504.102378266,3370734.303283831,5,6.0623628493019215,11.422542907297611,6.409593851978592,28.320969852635518,True,32.108230375625155,35.16392556651653,246.64636819530278,22.29278199842626,2026-03-22 07:19:39
2026-03-22 07:19:41.431996+00:00,4421028.734129929,3114537.576409301,3370721.3453183863,5,8.061669472341805,15.263387352228165,6.40038970835344,28.3173653627264,True,32.10791808389313,35.16402721021367,277.4565510144457,23.66757866971221,2026-03-22 07:19:41
2026-03-22 07:19:43.431996+00:00,4421060.821350517,3114574.1924393578,3370707.8912093947,5,53.9883322919041,119.90918666869402,7.592257814697835,28.548309172028457,False,32.10758851469078,35.164148563530716,310.38741374760866,25.255377798301662,2026-03-22 07:19:43
2026-03-22 07:19:45.431996+00:00,4421094.301643749,3114614.046991111,3370694.4536176845,5,65.35030071286951,145.4558763578534,7.580408138655008,28.544184290092822,False,32.10724467719446,35.16428946383054,345.871822360903,26.878821594820597,2026-03-22 07:19:45
2026-03-22 07:19:47.431996+00:00,4421128.950677518,3114656.7817671895,3370681.224381263,5,54.22780511687275,120.44487078860402,7.568546267736367,28.540072663702727,False,32.10688990528775,35.16444817591023,383.68164263293147,28.29235463833802,2026-03-22 07:19:47
2026-03-22 07:19:49.431996+00:00,4421164.36558922,3114701.8115877314,3370668.2949617235,5,56.266885517179134,125.03237460553646,7.556734701587107,28.53598070140519,False,32.10652809179361,35.164622088938955,423.30107103381306,29.364394249401695,2026-03-22 07:19:49
2026-03-22 07:19:51.431996+00:00,4421199.325901255,3114748.3149623964,3370655.321519248,5,56.92158993500471,125.77437745779753,27.787391706395315,45.91091167057285,False,32.10616366005283,35.16481153431848,463.3014722978696,29.803932133519307,2026-03-22 07:19:51
2026-03-22 07:19:53.431996+00:00,4421232.650713593,3114795.3361569466,3370641.8214678466,5,41.21406635191234,91.77114428207278,7.534021228267511,26.597600983397285,True,32.1058001886588,35.165015439502135,502.1423737090081,29.596398607431475,2026-03-22 07:19:53
2026-03-22 07:19:55.431996+00:00,4421262.838287012,3114841.613898701,3370627.1691475343,5,207.60978917638295,448.039882119745,6.33103724984284,35.46154589861244,False,32.105442263265346,35.16523204368504,537.8360180873424,28.58150390265282,2026-03-22 07:19:55
2026-03-22 07:19:57.431996+00:00,4421289.003678316,3114885.6574617065,3370610.902977233,5,208.84296737770285,449.87630185857415,6.321853750632112,35.46052265367821,False,32.105093939133575,35.165453835943325,568.7970130480826,26.87494856095766,2026-03-22 07:19:57
2026-03-22 07:19:59.431996+00:00,4421310.464604495,3114925.980818726,3370592.6517662397,5,207.20536321870702,446.2568138614297,6.312604032828336,35.45947491492363,False,32.10475915467715,35.16567211007476,593.6306163817644,24.594974977108713,2026-03-22 07:19:59
2026-03-22 07:20:01.431996+00:00,4421329.557364847,3114964.3420236697,3370573.372551893,5,209.07224619088004,449.21577783674,6.303295066138811,35.4584011230299,False,32.10443121367164,35.16588783734195,615.3209724668413,23.49363556580178,2026-03-22 07:20:01
2026-03-22 07:20:03.431996+00:00,4421341.563345204,3114994.4846821697,3370550.8085969733,5,206.5335971453492,443.9112791419029,6.293972443034917,35.45732855654312,False,32.10412863184355,35.166075626755735,626.3488115305081,19.76015870005667,2026-03-22 07:20:03
2026-03-22 07:20:05.431997+00:00,4421349.240234585,3115019.386054147,3370526.1018282794,5,98.45681033257813,194.95482793822885,22.366164655586086,42.64057036934672,False,32.10384110914838,35.16624443754923,630.6831396101043,17.954359406331292,2026-03-22 07:20:05
2026-03-22 07:20:07.431997+00:00,4421353.453851184,3115040.0885265353,3370499.4849334406,5,4.302987169436679,9.237212218344212,11.47263890861236,33.45248740483978,True,32.10356415314083,35.166398015019446,629.5557057978585,16.991218457609392,2026-03-22 07:20:07
2026-03-22 07:20:09.431997+00:00,4421354.896849557,3115057.802531537,3370471.435073203,5,100.30570540852993,200.95210808888078,22.35405837159864,42.63084110341801,False,32.10329535355748,35.16654261600696,624.2902730414644,16.6031840083427,2026-03-22 07:20:09
2026-03-22 07:20:11.431997+00:00,4421354.76793204,3115073.4964149147,3370442.6249868115,5,97.17905234534575,194.0700427889824,22.347867383394505,42.62589116024317,False,32.103032480013226,35.16667931298694,616.5468719052151,16.40377756094369,2026-03-22 07:20:11
2026-03-22 07:20:13.431997+00:00,4421354.0299546,3115087.944853277,3370413.883876306,5,99.59127201444164,200.61203759908676,22.341784048180905,42.6209897107285,False,32.10277595597998,35.1668089400727,607.8108800277114,16.08845405018406,2026-03-22 07:20:13
2026-03-22 07:20:15.431997+00:00,4421353.441681366,3115101.693457456,3370385.9815065325,5,97.57452380604846,196.41723986715078,22.33573582020183,42.616135116560216,False,32.102527182909206,35.16693159279103,599.2829977590591,15.555645448208718,2026-03-22 07:20:15
2026-03-22 07:20:17.431997+00:00,4421352.9540242925,3115114.65178887,3370359.4272401235,5,98.69556507255182,199.78405209630728,22.329714951799144,42.61125605778476,False,32.10229049355148,35.16704678750262,591.1557846060023,14.775699873260438,2026-03-22 07:20:17
2026-03-22 07:20:19.431997+00:00,4421352.512298187,3115126.599235739,3370334.443959754,5,49.639366375195166,110.5090997852385,22.324233412544903,36.594674814158886,False,32.1020684136303,35.16715294743002,583.4021614100784,13.848293276323774,2026-03-22 07:20:19
2026-03-22 07:20:21.431997+00:00,4421349.825503325,3115137.2110477267,3370310.2672149865,5,79.49501734839335,177.48249796405435,22.3348070101376,36.015260861937826,False,32.10186497490393,35.167261238891975,573.8709241217002,13.26974385437011,2026-03-22 07:20:21
2026-03-22 07:20:23.431997+00:00,4421340.8077471955,3115145.9913184796,3370285.342688895,5,97.20286988597995,198.08205887675285,22.31185425716213,42.59668802064262,False,32.10168567896282,35.1673922977532,558.6646705651656,13.961062647615972,2026-03-22 07:20:23
2026-03-22 07:20:25.431997+00:00,4421319.95263782,3115151.969025326,3370257.6687787897,5,4.936435817111347,10.59563421830535,11.463765429130815,33.481062116547875,True,32.10153948624249,35.167571313186265,532.4328240342438,17.58204955862947,2026-03-22 07:20:25
2026-03-22 07:20:27.431997+00:00,4421267.620047351,3115151.9624576187,3370221.008798619,5,90.22795534490699,187.19585867598653,24.125592893669076,40.91128025442488,False,32.10146447442211,35.167890570620315,476.7082167463377,31.947825490870283,2026-03-22 07:20:27
2026-03-22 07:20:29.431997+00:00,4421199.677036902,3115149.3261379767,3370179.6550846905,5,98.16476028908873,202.1191921532154,22.294161367646407,42.58213164531073,False,32.10142201580989,35.1682823109216,406.3963976819068,39.79111868822984,2026-03-22 07:20:29
2026-03-22 07:20:31.431997+00:00,4421101.753770197,3115141.404113466,3370129.2560162977,5,3.787168686692759,8.128462627530098,11.460244681998741,33.49055956226634,True,32.10144249195856,35.168811222942885,307.9382646344602,55.208221148250075,2026-03-22 07:20:31
2026-03-22 07:20:33.431996+00:00,4420971.284515519,3115128.0615150444,3370069.0109113054,5,96.41034239073508,198.9678483568132,22.282520906613023,42.572483767412706,False,32.10153021126436,35.169491809845375,179.06613096222281,72.16256795280495,2026-03-22 07:20:33
2026-03-22 07:20:35.431996+00:00,4420808.06657174,3115109.382123228,3369998.8533308916,5,89.45256104343055,184.96318493783474,24.116835285872604,40.91451551552364,False,32.1016852319004,35.17032605502606,19.645673176273704,89.31839527689084,2026-03-22 07:20:35
2026-03-22 07:20:37.431996+00:00,4420615.314415646,3115086.0531905354,3369919.899777842,5,92.28302282972511,191.46959188207984,24.114663196740057,40.91533096976238,False,32.10190159729012,35.171300319110266,-167.16795728635043,104.79896984087796,2026-03-22 07:20:37
2026-03-22 07:20:39.431996+00:00,4420398.566404842,3115058.992655587,3369833.971309561,5,98.50933961037366,205.36687283217907,22.26519494293078,42.55803224710225,False,32.10216899274943,35.172388778032406,-376.1234457259998,117.36233893412465,2026-03-22 07:20:39
2026-03-22 07:20:41.431996+00:00,4420166.025283368,3115029.472101642,3369743.8946831403,5,96.36463253438464,200.72492821142077,22.259473738337434,42.55323404256354,False,32.102473371565104,35.17355240365001,-599.4176451070234,125.5593832701196,2026-03-22 07:20:41
2026-03-22 07:20:43.431996+00:00,4419927.613495851,3114998.7939361725,3369653.0594167514,5,144.8250478437762,323.6319947242737,27.540856102859433,41.83766203948586,False,32.102798162272265,35.17474192698124,-827.7427882440388,128.48382766299997,2026-03-22 07:20:43
2026-03-22 07:20:45.431996+00:00,4419693.910696307,3114968.5002522897,3369565.151746465,5,5.813156486540064,8.515820313245058,25.95794770584084,44.49963485902973,True,32.103125821336114,35.17590612809469,-1051.0617531621829,125.76015296286134,2026-03-22 07:20:45
2026-03-22 07:20:47.431996+00:00,4419474.495552823,3114940.028877534,3369483.474409426,5,45.39410027771509,100.97400789707899,22.242927633372496,36.650831681194994,False,32.103440082380736,35.17699897884159,-1260.2855587303638,117.92456461276842,2026-03-22 07:20:47
2026-03-22 07:20:49.431996+00:00,4419277.432180472,3114914.8208134174,3369410.857523827,5,60.7445366778026,135.4837965555489,24.097841347655645,36.780776850011506,False,32.1037269911696,35.17798371225416,-1447.6238016998395,105.76227032012892,2026-03-22 07:20:49
2026-03-22 07:20:51.431996+00:00,4419107.810502207,3114893.8633560836,3369348.9879245283,5,97.59460091057024,205.68108166009188,22.23105291158252,42.52925229391349,False,32.1039767629811,35.17883778210117,-1608.1745437597856,90.8825836899397,2026-03-22 07:20:51
2026-03-22 07:20:53.431996+00:00,4418967.627323015,3114877.821493292,3369298.4719999125,5,139.46324876550517,310.8703000023961,27.490810043584432,41.83289726377531,False,32.104184366928536,35.17955473380675,-1739.9089790154248,74.93417733259476,2026-03-22 07:20:53
2026-03-22 07:20:55.431996+00:00,4418856.575124642,3114867.0726659736,3369259.1239386415,5,49.149211292068536,109.41233128681779,22.22009292687128,36.66708794124047,False,32.10434854252121,35.180139694370176,-1842.955026006326,59.15318668073018,2026-03-22 07:20:55
2026-03-22 07:20:57.431996+00:00,4418772.502930235,3114861.661439446,3369230.149495881,5,114.78342548173526,256.1015001684427,22.21682830963688,45.81849335083406,False,32.104471523700184,35.180606168068465,-1919.2026470424607,44.54473475670967,2026-03-22 07:20:57
2026-03-22 07:20:59.431996+00:00,4418702.056047311,3114858.875440237,3369206.3540638587,5,76.24712184991263,169.91512827947736,14.47823233561368,34.1056804375516,False,32.10457343794814,35.181012195111414,-1981.9827512828633,37.204662646085,2026-03-22 07:20:59
2026-03-22 07:21:01.431996+00:00,4418664.484412194,3114863.954017551,3369195.3658145815,5,87.28703920980095,153.9414045251906,22.201852997978918,37.032412098567015,False,32.10462266994231,35.18128560905767,-2011.3566210959107,19.736776174599168,2026-03-22 07:21:01
2026-03-22 07:21:03.431996+00:00,4418644.5050533805,3114873.6574911913,3369191.1932926923,5,86.46326859029334,152.02306382358074,22.196093806068237,37.0349620898434,False,32.10464227189208,35.18149166309228,-2022.6709187757224,11.29980219083963,2026-03-22 07:21:03
2026-03-22 07:21:05.431997+00:00,4418639.483451029,3114887.5537451655,3369192.7619825564,5,48.685379675897956,108.37165929749608,22.19120426077666,36.68750259483269,False,32.10463555009272,35.181642699103534,-2018.5316653531045,7.4293830799640554,2026-03-22 07:21:05
2026-03-22 07:21:07.431997+00:00,4418647.311989271,3114905.29708668,3369199.2122716703,5,49.7313081772068,110.72104546427727,22.185314156776027,36.69156116685314,False,32.104605149849505,35.18174859138239,-2001.023660916835,10.219080300497595,2026-03-22 07:21:07
2026-03-22 07:21:09.431997+00:00,4418666.304575409,3114926.441804503,3369209.85647003,5,118.46940205289093,264.36127204820514,22.181897601803083,45.8069630073504,False,32.1045536549099,35.18181577463901,-1971.897293315269,15.174949577669253,2026-03-22 07:21:09
2026-03-22 07:21:11.431997+00:00,4418694.771993009,3114950.462172651,3369224.000110708,5,47.97968244025577,106.78708207979798,22.173379391813338,36.69965597813318,False,32.10448383059892,35.18185001004531,-1932.947755993344,19.9211854720957,2026-03-22 07:21:11
2026-03-22 07:21:13.431997+00:00,4418735.621001676,3114978.2614872544,3369242.813564383,5,117.44210406140188,262.05944019556046,22.169937725224468,45.80300740288517,False,32.10439073567375,35.181841373051085,-1881.0996952289715,26.43572129054285,2026-03-22 07:21:13
2026-03-22 07:21:15.431997+00:00,4418779.664740736,3115006.9728916185,3369262.849027017,5,113.43499128397275,253.07984464243054,22.1638289294361,45.80101086060675,False,32.104291942336566,35.181821129039186,-1825.9451549649239,28.13190117066258,2026-03-22 07:21:15
2026-03-22 07:21:17.431997+00:00,4418830.044963183,3115037.554079991,3369285.299411191,5,137.303597805156,284.3436074927449,27.367740698022175,44.09417831733741,False,32.104181610346465,35.18177838986181,-1764.2075506104156,31.533298454395325,2026-03-22 07:21:17
2026-03-22 07:21:19.431997+00:00,4418885.664543476,3115069.6310955714,3369309.753890058,5,162.19371176910172,362.2177934385836,27.357308446949745,44.09145911111999,False,32.10406193296721,35.18171661637069,-1697.0473146401346,34.35292628433343,2026-03-22 07:21:19
2026-03-22 07:21:21.431997+00:00,4418945.475610046,3115102.904772917,3369335.8116446803,5,52.51139447179878,116.96454999223351,22.14351042304331,36.71993342286487,False,32.103934780234944,35.18163961639923,-1625.5489576933905,36.61798691985994,2026-03-22 07:21:21
2026-03-22 07:21:23.431997+00:00,4419008.639865639,3115137.135779675,3369363.1520199054,5,49.89587177331676,111.0923505499959,22.137620618426954,36.724086207110716,False,32.103801648169984,35.18155043622998,-1550.5800877474248,38.43494869824625,2026-03-22 07:21:23
2026-03-22 07:21:25.431997+00:00,4419074.486672448,3115172.1326499637,3369391.518491614,5,51.37412906728704,114.41186759248376,22.13175553761764,36.72812074668475,False,32.1036637335769,35.181451512888174,-1472.8347910121083,39.89122589675703,2026-03-22 07:21:25
2026-03-22 07:21:27.431997+00:00,4419142.479520233,3115207.7422110764,3369420.705840509,5,103.91605000933374,231.61307840421796,22.124028898234936,37.06415892893507,False,32.10352199388683,35.18134479598459,-1392.868336477317,41.05779319479851,2026-03-22 07:21:27
2026-03-22 07:21:29.431997+00:00,4419212.019029658,3115243.75734635,3369450.4777336917,5,49.47342277171841,110.1432494558394,24.062065934720444,37.45534955824199,False,32.10337754402736,35.181232151632045,-1311.3223860720173,41.89032992083109,2026-03-22 07:21:29
2026-03-22 07:21:31.431997+00:00,4419282.455526125,3115279.927783954,3369480.572947382,5,102.93885079303674,229.87782817706466,5.885538108777917,35.68402225965603,False,32.10323162488199,35.18111537910293,-1228.9077168339863,42.35363761828698,2026-03-22 07:21:31
2026-03-22 07:21:33.431996+00:00,4419352.928927673,3115315.8841494275,3369510.638187632,5,145.9662676568186,324.9438873268664,27.29276745399379,41.813528584162825,False,32.10308592703584,35.18099653057636,-1146.5878455340862,42.318100082693554,2026-03-22 07:21:33
2026-03-22 07:21:35.431996+00:00,4419422.863069662,3115351.438078302,3369540.4413807644,5,43.616049275686194,96.98254654929042,22.102373857725333,36.74834632627602,False,32.102941454843055,35.180877492353474,-1064.976953016594,41.96157884009442,2026-03-22 07:21:35
2026-03-22 07:21:37.431996+00:00,4419491.456678102,3115386.292278603,3369569.652552914,5,45.70766756357999,101.68489737063646,22.096506912000685,36.7523797062551,False,32.10279964731331,35.180760581503044,-984.9502714648843,41.14969919632771,2026-03-22 07:21:37
2026-03-22 07:21:39.431996+00:00,4419558.350805857,3115420.4231869504,3369598.1304439288,5,48.92806496654248,108.92056991532445,22.090596025260083,36.756375279513136,False,32.102660896298566,35.18064778514132,-906.8428982859477,40.15822926070114,2026-03-22 07:21:39
2026-03-22 07:21:41.431996+00:00,4419623.068700682,3115453.7724873396,3369625.682689567,5,44.19638500653299,98.28816344588995,22.084674634666783,36.760428904712924,False,32.1025257606594,35.18054150847102,-831.1156168533489,38.92206310938007,2026-03-22 07:21:41
2026-03-22 07:21:43.431996+00:00,4419685.20953737,3115486.316083569,3369652.1481997743,5,47.398912469787945,105.48598987981677,22.078737476427793,36.764425765851975,False,32.10239464619347,35.18044398938332,-758.1433212962002,37.48663918762709,2026-03-22 07:21:43
2026-03-22 07:21:45.431996+00:00,4419743.9615657525,3115517.7809631797,3369677.1888287812,5,111.1595434168956,247.98046594113111,22.075395090246367,45.77158762274206,False,32.10226890314431,35.180357818546334,-688.8009986579418,35.598007630395244,2026-03-22 07:21:45
2026-03-22 07:21:47.431996+00:00,4419798.575566363,3115547.751354707,3369700.4978958173,5,39.89725152433746,88.61748968809843,22.066917601697103,36.772482936804934,True,32.102150271299486,35.180283968432846,-623.9732966907322,33.25742788094857,2026-03-22 07:21:47
2026-03-22 07:21:49.431996+00:00,4419848.177433384,3115575.7649492784,3369721.7722961223,5,115.43850241815507,257.57008781656623,22.063536657093874,45.76757982291442,False,32.102041135398345,35.18022377083582,-564.6521449862048,30.404386201373175,2026-03-22 07:21:49
2026-03-22 07:21:51.431996+00:00,4419892.200082815,3115601.401138696,3369740.8417033525,5,61.77902835785567,136.59898160398006,32.4003797839712,48.68813798049667,False,32.1019435765952,35.18017704443161,-511.52598558180034,27.197656897873433,2026-03-22 07:21:51
2026-03-22 07:21:53.431996+00:00,4419933.300800279,3115625.756595674,3369758.7536108256,5,49.214146700540354,104.99391274154186,32.410802613439586,48.69008370546406,False,32.10185215913495,35.18013706457543,-461.66307981777936,25.51124110051087,2026-03-22 07:21:53
2026-03-22 07:21:55.431996+00:00,4419953.818075407,3115644.371802334,3369770.4734421894,5,130.38785280404858,291.09222738072276,14.272682516276085,34.60219522162599,False,32.10180991985082,35.180173025095826,-432.1438634265214,15.0402704837506,2026-03-22 07:21:55
2026-03-22 07:21:57.431996+00:00,4419947.583960606,3115657.144098006,3369774.9187452137,5,44.12319756457385,98.1255613155663,22.03694284382212,36.79252357235888,False,32.10183303322129,35.180321688097735,-427.8642193218693,7.445744473664172,2026-03-22 07:21:57
2026-03-22 07:21:59.431996+00:00,4419894.013930012,3115660.654694109,3369766.868854112,5,56.04495372561734,123.6052508763969,32.44281704204238,48.695668365756276,False,32.10197169138328,35.180679107941366,-467.51920270361006,27.14255519297863,2026-03-22 07:21:59
2026-03-22 07:22:01.431996+00:00,4419828.976683564,3115661.685044187,3369755.6989455074,5,40.34960739265078,89.63754923641682,22.024861944201508,36.8006245974983,True,32.10213828426835,35.18108505789039,-517.9820883795619,32.998757192711466,2026-03-22 07:22:01
2026-03-22 07:22:03.431996+00:00,4419746.662949129,3115658.720483895,3369739.773519136,5,49.5712611424878,108.9055322855711,32.464078852786336,48.69935972341874,False,32.10234725798493,35.18156188927027,-584.8833051733673,41.94627128660428,2026-03-22 07:22:03
2026-03-22 07:22:05.431997+00:00,4419656.079754016,3115653.3606244186,3369721.3954386786,5,15.85523652761952,30.209609117358923,22.029340483255876,43.926659759087556,True,32.1025765062788,35.182068474129004,-659.9820436574519,46.29197716649012,2026-03-22 07:22:05
2026-03-22 07:22:07.431997+00:00,4419570.484143013,3115648.3197589633,3369703.9475097666,5,149.33156388273144,332.59541657567024,27.126715984027992,41.79765559233584,False,32.10279244449576,35.18254738606303,-730.9771596333012,43.750569055935124,2026-03-22 07:22:07
2026-03-22 07:22:09.431997+00:00,4419494.915762583,3115645.216265931,3369688.823113096,5,46.675183300407426,103.86283649131656,22.000845612883055,36.8166093861978,False,32.102981505009986,35.182981869914094,-792.849146633409,38.56474803663802,2026-03-22 07:22:09
2026-03-22 07:22:11.431997+00:00,4419427.794179911,3115643.6435391298,3369675.7009643847,5,44.10266816032885,98.08108003437519,21.994839341556624,36.82062816175916,False,32.10314854646655,35.183378049717376,-847.061516190879,34.205157201745806,2026-03-22 07:22:11
2026-03-22 07:22:13.431997+00:00,4419389.847038475,3115650.985715196,3369670.1841696687,5,43.08806405322559,95.79992976412177,21.98882837960643,36.824576599835325,False,32.103234780155276,35.18367331905905,-872.6819639354944,19.521322422448105,2026-03-22 07:22:13
2026-03-22 07:22:15.431997+00:00,4419381.538796102,3115668.076469441,3369672.7116408227,5,148.983226759827,330.5206543467939,27.087644534863298,41.79378369572033,False,32.10323943593339,35.1838720558021,-868.7489230362698,9.585260591483792,2026-03-22 07:22:15
2026-03-22 07:22:17.431997+00:00,4419422.243769648,3115702.051404937,3369688.8088789564,5,149.53645247378654,332.2101652249694,27.077781156768467,41.79285226131143,False,32.10310912272225,35.18391776334904,-815.4295991808176,27.705198920389556,2026-03-22 07:22:17
2026-03-22 07:22:19.431997+00:00,4419474.477737756,3115740.9766495912,3369708.396378231,5,8.776668899775178,12.860853880643845,25.489586599010398,44.656575289451624,True,32.10294664106454,35.18393595113463,-749.8571933945641,34.011881099126015,2026-03-22 07:22:19
2026-03-22 07:22:21.431997+00:00,4419544.318917103,3115788.430819761,3369733.474198322,5,42.11033825680857,93.6018986441195,21.965252602895458,36.84061271418189,True,32.10273357920688,35.18392050142541,-665.0138687919825,44.04141703996859,2026-03-22 07:22:21
2026-03-22 07:22:23.431997+00:00,4419622.694343664,3115842.6654168037,3369761.998133297,5,41.83669056382101,92.98658194765449,21.959407239768794,36.844639623142186,True,32.1024946940298,35.18391166626719,-569.1209410112351,49.74362740948884,2026-03-22 07:22:23
2026-03-22 07:22:25.431997+00:00,4419696.4423736185,3115900.2704170244,3369790.7148585413,5,24.935594314518184,54.88151594996452,21.950835695650753,38.676757496056915,True,32.10226610759067,35.183960268475694,-474.6840835241601,48.94322803356326,2026-03-22 07:22:25
2026-03-22 07:22:27.431997+00:00,4419760.615838898,3115959.290775731,3369818.516498223,5,149.1852377471946,331.2385609894991,27.028353276585488,41.78780960066347,False,32.102064133185316,35.1840795778556,-386.6714524421841,45.756331684527545,2026-03-22 07:22:27
2026-03-22 07:22:29.431997+00:00,4419811.2020052625,3116016.923657001,3369844.2939147535,5,99.90054327968419,216.23628355190158,21.941585516862276,42.28660389912678,False,32.10190375389521,35.18426981824292,-309.818736740388,40.45053903802382,2026-03-22 07:22:29
2026-03-22 07:22:31.431997+00:00,4419850.781834602,3116071.699766358,3369868.4960682914,5,99.03638092135444,214.30243837088346,21.935756293043212,42.28161242317499,False,32.10178234480786,35.18450250848811,-242.81760749872774,35.89125688354905,2026-03-22 07:22:31
2026-03-22 07:22:33.431996+00:00,4419881.315329392,3116121.6753341025,3369891.1162505466,5,153.71757742830633,340.9251956194639,26.99848852035617,41.784798683829976,False,32.10169754322509,35.18474885156605,-185.2634146483615,31.390795873466818,2026-03-22 07:22:33
2026-03-22 07:22:35.431996+00:00,4419904.337742649,3116165.765810525,3369912.115817985,5,39.541011379239784,87.82203977182508,21.924394602216843,36.8687846067848,True,32.10164603407206,35.18499008481362,-136.64317486993968,26.99529336720155,2026-03-22 07:22:35
2026-03-22 07:22:37.431996+00:00,4419923.706816832,3116206.596756483,3369932.3117892146,5,76.7613869298735,168.33493284508586,5.575976431422242,35.50199629699718,False,32.101611697132185,35.185225393201875,-92.57027904409915,24.749769879813368,2026-03-22 07:22:37
2026-03-22 07:22:39.431996+00:00,4419934.28703067,3116238.038094284,3369950.3789003426,5,47.60975571877227,105.96601267904043,21.912845897323155,36.87675999371127,False,32.10162145114839,35.185433049667715,-60.2967410935089,18.887291706957757,2026-03-22 07:22:39
2026-03-22 07:22:41.431996+00:00,4419940.128308215,3116265.680881691,3369968.144178696,5,100.33441723588004,217.56351210549474,21.906771762104242,42.25667969587405,False,32.10165795020196,35.185636743740844,-33.31862912140787,16.68719070103376,2026-03-22 07:22:41
2026-03-22 07:22:43.431996+00:00,4419942.562404725,3116290.0913956813,3369985.2534614853,5,1.8524486466427574,3.971273072063923,11.383518268379644,33.70273904462992,True,32.10171170852249,35.18583324920524,-10.625722865574062,14.954310220153042,2026-03-22 07:22:43
2026-03-22 07:22:45.431996+00:00,4419942.654724409,3116311.9160909383,3370001.423418477,5,23.298905305695257,49.231659937649965,14.086369351887532,35.918653465547195,True,32.10177460347951,35.18602165992402,8.684570458717644,13.581175898146219,2026-03-22 07:22:45
2026-03-22 07:22:47.431996+00:00,4419940.749298789,3116331.672131208,3370016.52488757,5,38.095153269691444,84.56801579892635,21.88965754739894,36.892773472755565,True,32.1018428727629,35.18620435398636,25.03423344064504,12.469825005706065,2026-03-22 07:22:47
2026-03-22 07:22:49.431996+00:00,4419936.681620814,3116348.629069747,3370029.372295412,5,113.04200380752647,252.19993779435754,21.886485830619417,45.70779759728829,False,32.10191012114263,35.186376011327866,37.32277067285031,10.829815983836598,2026-03-22 07:22:49
2026-03-22 07:22:51.431996+00:00,4419925.457661528,3116361.936660706,3370037.8927463116,5,101.059387741185,219.49023700505495,21.877878756314452,42.231734503597174,False,32.10198242194791,35.18655975864284,40.57607328053564,9.691069635502483,2026-03-22 07:22:51
2026-03-22 07:22:53.431996+00:00,4419898.637779061,3116371.64386604,3370040.3862384534,5,103.60436414269913,225.3781937994063,21.87194035613559,42.22666962096756,False,32.10207970956974,35.18680754473603,28.071703741326928,14.315668287033159,2026-03-22 07:22:53
2026-03-22 07:22:55.431996+00:00,4419827.494023265,3116375.3054648777,3370028.7138471524,5,3.319301771925099,7.115003850311041,11.37529152901037,33.72190143536901,True,32.10225908329624,35.18727358742975,-25.59790257550776,36.09392612827842,2026-03-22 07:22:55
2026-03-22 07:22:57.431996+00:00,4419735.661703188,3116376.0630444265,3370010.4040491413,5,145.8195917648401,316.9088840261102,26.875154192161688,43.93521581156241,False,32.102476806801775,35.18784080449214,-98.53491691593081,46.82146313595806,2026-03-22 07:22:57
2026-03-22 07:22:59.431996+00:00,4419605.200209966,3116371.8015442654,3369979.297048494,5,162.60412988118875,363.11528972908854,26.86494075532217,43.93229183494627,False,32.102761937655536,35.18860042907321,-207.4653346175328,67.09323193625424,2026-03-22 07:22:59
2026-03-22 07:23:01.431996+00:00,4419434.922922241,3116362.5131889563,3369934.50544562,5,40.99663936319379,91.10160702839494,21.848314008432578,36.92060403692702,True,32.10311237079323,35.189559665354885,-353.6853139065206,88.15741027770966,2026-03-22 07:23:01
2026-03-22 07:23:03.431996+00:00,4419228.433341796,3116348.9918756858,3369876.2250158843,5,173.98251335368184,388.8656647950411,26.850523880348728,41.77022469938543,False,32.10351329992207,35.19070341881815,-534.2077028276399,107.49114060597769,2026-03-22 07:23:03
2026-03-22 07:23:05.431997+00:00,4418990.998904089,3116332.708561836,3369805.675420058,5,137.64933991019322,307.48187977820635,26.836330097446417,43.12606353715945,False,32.10394935203157,35.192012298873834,-744.018763685599,124.11430454681842,2026-03-22 07:23:05
2026-03-22 07:23:07.431997+00:00,4418731.51296395,3116314.92068062,3369725.0414235983,5,8.774134097861154,12.856517609208822,25.248949606364377,44.73595084873089,True,32.104398911664624,35.1934429195149,-975.1861248221248,136.15359271188603,2026-03-22 07:23:07
2026-03-22 07:23:09.431997+00:00,4418459.518907325,3116296.9890495213,3369637.4775210205,5,105.11378058415559,229.20755575597286,21.824576581187195,42.18614592819161,False,32.10484493707152,35.19494880761877,-1218.761927910149,143.15179641510954,2026-03-22 07:23:09
2026-03-22 07:23:11.431997+00:00,4418186.826831492,3116280.0829898315,3369546.6880523385,5,8.139394453148382,11.926319159567356,25.228665229430575,44.742439254371014,True,32.10526623383244,35.19646797025427,-1464.0309494752437,143.9526924898063,2026-03-22 07:23:11
2026-03-22 07:23:13.431997+00:00,4417924.910894718,3116264.8573509995,3369456.4396000328,5,2.2965288494766876,3.4876566641032696,25.216955358968413,46.367690849021265,True,32.10564481768624,35.19793598922152,-1700.7291975906119,138.72325071653228,2026-03-22 07:23:13
2026-03-22 07:23:15.431997+00:00,4417685.043857922,3116251.8154304773,3369370.23398883,5,53.17350834792526,115.27498020231724,32.83958149429061,48.76627356340133,False,32.10596188720212,35.19928834332903,-1918.9473618268967,127.61043691166616,2026-03-22 07:23:15
2026-03-22 07:23:17.431997+00:00,4417473.825591583,3116241.346552836,3369290.9342142115,5,6.267315576772251,8.989001989364624,23.93581253446763,44.57940315007988,True,32.10621238091993,35.20048805548211,-2112.406223760918,112.92830434490753,2026-03-22 07:23:17
2026-03-22 07:23:19.431997+00:00,4417294.52654634,3116233.561816589,3369220.223086734,5,91.18213191674816,203.54875952377915,5.380975501936158,35.385824987566956,False,32.10639603304995,35.201516074582344,-2277.894321263768,96.44793063153907,2026-03-22 07:23:19
2026-03-22 07:23:21.431997+00:00,4417145.686606564,3116228.389425801,3369158.966460703,5,80.07494236606237,177.62859882041812,5.37168326348242,35.38022950278128,False,32.10652537594195,35.2023806699777,-2415.9979468155652,80.51778612815188,2026-03-22 07:23:21
2026-03-22 07:23:23.431997+00:00,4417024.0776788965,3116225.7222039034,3369107.476955813,5,81.91980966958889,181.8143918775022,5.362480699364308,35.3747019494442,False,32.10661574077359,35.20310061382519,-2528.838220236823,66.04357363670273,2026-03-22 07:23:23
2026-03-22 07:23:25.431997+00:00,4416924.914237468,3116225.740697504,3369065.513850596,5,145.4315802715744,324.8997634164989,26.73752380029132,43.15319567710899,False,32.10668353821308,35.203706693726396,-2619.7676271181554,53.83839396169674,2026-03-22 07:23:25
2026-03-22 07:23:27.431997+00:00,4416844.937959408,3116228.705061171,3369032.5777989393,5,83.99279526292345,187.69238429889083,5.346644266260047,31.811339904642978,False,32.10673699945368,35.20422106119723,-2691.180024618283,43.271745986470286,2026-03-22 07:23:27
2026-03-22 07:23:29.431997+00:00,4416783.669530146,3116235.8672171272,3369009.159058218,5,65.62807447014215,143.7012970522046,5.334911289830724,35.35809295993049,False,32.10677828843803,35.20465747979182,-2742.5354423997924,32.99073475696367,2026-03-22 07:23:29
2026-03-22 07:23:31.431997+00:00,4416730.402892744,3116244.8023674334,3368990.058780033,5,82.90233084466662,183.8537404537201,5.3258291168690075,35.35265826956534,False,32.10681632566182,35.205060364413654,-2785.1912673590705,28.644337127121336,2026-03-22 07:23:31
2026-03-22 07:23:33.431996+00:00,4416708.782173576,3116265.233289858,3368987.062571539,5,44.53326183822054,99.05910984054208,21.755410974249568,36.98369487023089,False,32.10682166012117,35.205369435440595,-2791.770861263387,14.948714390079141,2026-03-22 07:23:33
2026-03-22 07:23:35.431996+00:00,4416710.760621933,3116296.834643581,3368996.432398477,5,24.60825607994367,54.081685688346624,23.9138087390614,44.54355251098717,True,32.10679815291941,35.20563104166825,-2769.9893186353147,16.510250390919605,2026-03-22 07:23:35
2026-03-22 07:23:37.431996+00:00,4416757.1544952635,3116348.2216008063,3369026.24404945,5,118.56311077172778,264.77081380039454,23.911365084252743,40.98073620784081,False,32.10670214584403,35.205792589592996,-2696.9399000601843,37.688676645605554,2026-03-22 07:23:37
2026-03-22 07:23:39.431996+00:00,4416818.104509173,3116406.099816599,3369062.3040655497,6,32.66778579242309,78.2794942073524,23.909157608877187,41.3076595200736,True,32.10657891588535,35.20592140305842,-2607.3248652396724,45.730506284154345,2026-03-22 07:23:39
2026-03-22 07:23:41.431996+00:00,4416908.11699228,3116476.027999089,3369110.4153074715,5,3.7888467719321244,5.899251371622086,21.747476575105985,35.10618912722505,True,32.10640060995497,35.205976980656544,-2485.305310120806,61.86050723343095,2026-03-22 07:23:41
2026-03-22 07:23:43.431996+00:00,4417025.164092262,3116556.1252159174,3369168.8366743233,5,775.3602712983067,1733.2964589819312,26.636305861125837,43.191950989781084,False,32.10616707308102,35.205955427911,-2334.128645475954,76.69524734745707,2026-03-22 07:23:43
2026-03-22 07:23:45.431996+00:00,4417164.971717689,3116643.6661625425,3369235.0686874352,5,170.82057755432095,287.182972677052,23.907974401983093,44.348137384545936,False,32.10588348995995,35.20585926598092,-2159.412336099893,88.8766969238875,2026-03-22 07:23:45
2026-03-22 07:23:47.431996+00:00,4417322.23066877,3116735.3424920198,3369306.1657222183,5,0.2714070283253329,0.5637726150453091,11.337704384119107,32.2318411577351,True,32.10555730224264,35.20569229298872,-1968.012095653452,97.71094544170965,2026-03-22 07:23:47
2026-03-22 07:23:49.431996+00:00,4417490.041776101,3116827.5009790845,3369378.8206821615,5,97.93964346169892,213.65123914927244,21.70753434595022,42.08468790029549,False,32.105200369553735,35.20546503517344,-1768.2446343619376,102.38713015565948,2026-03-22 07:23:49
2026-03-22 07:23:51.431996+00:00,4417660.6858519595,3116916.4872672893,3369449.69726575,5,34.657806981866294,75.45852295309305,21.70405647315882,36.031363099716216,True,32.10482754063214,35.205193016930096,-1569.0103261480108,102.54444184740841,2026-03-22 07:23:51
2026-03-22 07:23:53.431996+00:00,4417823.892979104,3116998.549517527,3369515.2729939558,5,37.10812959000626,81.19449977949262,21.698051065596864,36.033538957030245,True,32.10446249852813,35.2049064979432,-1381.1216264059767,97.04503515717946,2026-03-22 07:23:53
2026-03-22 07:23:55.431996+00:00,4417971.899181116,3117070.876145114,3369573.1093186694,5,43.280116161388094,96.24449353292584,21.690087114059363,37.0268848492412,False,32.104124789203645,35.204628563950926,-1212.6213817307726,87.29550009678857,2026-03-22 07:23:55
2026-03-22 07:23:57.431996+00:00,4418099.262290714,3117132.1932637254,3369621.9474594053,5,101.93754220558182,222.94230648502707,21.68414276881669,42.0642921930054,False,32.10382962593129,35.20438142682599,-1068.5675557004288,74.7768592409623,2026-03-22 07:23:57
2026-03-22 07:23:59.431996+00:00,4418202.385668775,3117182.435121951,3369661.4628587393,5,103.43996851577222,226.40757237747312,21.678316585848567,42.05918962523201,False,32.103588791487454,35.20418648239805,-951.6542933639139,60.66329657455304,2026-03-22 07:23:59
2026-03-22 07:24:01.431996+00:00,4418282.969746188,3117222.8836356984,3369692.538770386,5,6.50250207666355,9.525711305439472,24.97375668123077,44.82268822000547,True,32.10339882599354,35.20404443637608,-859.6093272343278,47.68539630108607,2026-03-22 07:24:01
2026-03-22 07:24:03.431996+00:00,4418346.573091956,3117255.6383973984,3369716.8912362475,5,38.29490382498662,84.67276735976338,24.941214158200985,38.2312466706025,True,32.103245263749294,35.20393950827653,-786.6480116201565,37.78658029113601,2026-03-22 07:24:03
2026-03-22 07:24:05.431997+00:00,4418397.558202649,3117282.7190681775,3369735.921234209,5,38.40660936987464,85.28047912940383,23.882365118113178,37.70039012279837,True,32.1031161392186,35.20386253388659,-728.0200084196404,30.393179208611706,2026-03-22 07:24:05
2026-03-22 07:24:07.431997+00:00,4418440.949571086,3117306.0602901787,3369751.186710165,5,7.665597118313678,11.229197531938553,24.943597472583722,44.83263251360304,True,32.10299832954713,35.203799570417345,-678.474841715768,25.790784476009797,2026-03-22 07:24:07
2026-03-22 07:24:09.431997+00:00,4418480.663134301,3117327.2097771172,3369763.9340208312,5,7.895857555429399,11.566372267901897,24.933544941619463,44.83595260433635,True,32.102881743015246,35.20374009744563,-633.883865156211,23.382481851896706,2026-03-22 07:24:09
2026-03-22 07:24:11.431997+00:00,4418519.348466804,3117347.404628004,3369775.2869947115,5,24.226924302606704,52.682868000119925,23.871761683477928,35.800836656157045,True,32.10276117023657,35.20367864110004,-591.2117575723678,22.545936269883864,2026-03-22 07:24:11
2026-03-22 07:24:13.431997+00:00,4418559.021570971,3117367.634522046,3369786.1446946086,5,145.44272666544637,324.1101714372635,21.637638265328345,36.35526411578111,False,32.10263284993922,35.2036114556832,-548.1020044032484,22.91884298046001,2026-03-22 07:24:13
2026-03-22 07:24:15.431997+00:00,4418600.915730815,3117388.5037793065,3369797.2091535004,5,4.966553886632032,10.635840967297554,11.317568723579127,33.84842006112749,True,32.1024956459989,35.203536240344135,-503.0327556580305,24.047186832466775,2026-03-22 07:24:15
2026-03-22 07:24:17.431997+00:00,4418645.91391632,3117410.587796713,3369808.887110275,5,1.3850922085278927,2.9660894758999348,11.316088105718613,33.85159608351149,True,32.10234761832964,35.20345258371753,-454.89569020085037,25.73380654861624,2026-03-22 07:24:17
2026-03-22 07:24:19.431997+00:00,4418692.470610168,3117434.1009213785,3369821.2168951295,5,101.48878579901388,222.31710853427649,21.619834149556805,42.00792108534413,False,32.10219452058456,35.2033717818067,-404.6355222892016,26.797464283744233,2026-03-22 07:24:19
2026-03-22 07:24:21.431997+00:00,4418737.328686951,3117459.189992184,3369833.7920086347,5,52.30258936664475,116.26281383261085,24.85026220178828,38.24578135762734,False,32.10204559734813,35.20331499995195,-354.65107659623027,26.4567666495873,2026-03-22 07:24:21
2026-03-22 07:24:23.431997+00:00,4418777.989144437,3117485.8271072805,3369846.2715393268,5,19.985956980740408,43.67470305040479,21.608418036634685,35.33738737953829,True,32.101908107653955,35.203297259331244,-306.86691401712596,25.092565582073487,2026-03-22 07:24:23
2026-03-22 07:24:25.431997+00:00,4418812.790660679,3117513.73457958,3369858.2169434386,5,49.73275322554391,110.4829132296145,24.830175318463397,38.248993965650456,False,32.10178597395383,35.20332630182609,-262.80163815431297,23.09039422737968,2026-03-22 07:24:25
2026-03-22 07:24:27.431997+00:00,4418843.293637828,3117542.3398477747,3369869.8099800847,5,38.218000949768985,84.85868010669947,21.596883476204738,37.09036843850337,True,32.10167605548731,35.20338763907076,-221.55818933527917,21.6973009963373,2026-03-22 07:24:27
2026-03-22 07:24:29.431997+00:00,4418864.7668801425,3117571.488095333,3369879.8853350887,5,33.260104386625216,73.68268063664436,21.590994203691185,37.09429950222164,True,32.101588404641596,35.203508826907665,-187.10628111101687,18.789845992370385,2026-03-22 07:24:29
2026-03-22 07:24:31.431997+00:00,4418881.255573964,3117600.072050752,3369888.773899615,5,102.64245454575993,225.1472726725042,21.585043070933306,41.97715422477005,False,32.10151276667982,35.20365557219319,-157.0107908891514,17.087466976376973,2026-03-22 07:24:31
2026-03-22 07:24:33.431996+00:00,4418893.4659023285,3117627.725805667,3369896.403256769,5,103.22544970152332,226.50595541670918,21.579088186934804,41.97197190700514,False,32.10144683350782,35.20382039405067,-131.00007803179324,15.588700573600821,2026-03-22 07:24:33
2026-03-22 07:24:35.431996+00:00,4418901.668790015,3117653.9345041546,3369902.6908613704,5,8.54426970590054,18.56290626525879,11.30254956449333,33.88017324550283,True,32.1013903357313,35.20399718079384,-109.18190159741789,14.086493659104361,2026-03-22 07:24:35
2026-03-22 07:24:37.431996+00:00,4418905.987764873,3117678.102379718,3369907.858516462,5,101.35095113857462,222.30193630233407,21.567052708152506,41.96152733437597,False,32.101346129791544,35.204180020731684,-91.64382627699524,12.54436539054114,2026-03-22 07:24:37
2026-03-22 07:24:39.431996+00:00,4418903.461808644,3117699.6367540327,3369911.2548975376,5,103.62898047915976,227.51663703471422,21.56109686176612,41.95631178169357,False,32.10132247223416,35.20438186859076,-81.07095326296985,10.973207557600004,2026-03-22 07:24:39
2026-03-22 07:24:41.431996+00:00,4418889.872328498,3117718.1795495665,3369912.261800504,5,98.73194842977925,216.40108955278993,21.5551384814616,41.9511071601124,False,32.101332148899274,35.204625391375394,-80.88665568176657,11.505684360620473,2026-03-22 07:24:41
2026-03-22 07:24:43.431996+00:00,4418861.859905692,3117733.4443042935,3369910.3597971993,5,33.63493190778729,74.53071077913046,21.5493399127213,37.12185128494683,True,32.1013851380063,35.204928629417275,-93.83210529573262,15.979097165839557,2026-03-22 07:24:43
2026-03-22 07:24:45.431996+00:00,4418806.105676275,3117742.8508575168,3369902.3772738744,5,35.331414390215976,78.35734902694821,21.54349577524947,37.12571691793836,True,32.1015164944093,35.2053506000211,-132.0715804863721,28.551436128792226,2026-03-22 07:24:45
2026-03-22 07:24:47.431996+00:00,4418741.043564467,3117751.0344583797,3369892.684694783,5,34.61366450828381,76.73920439556241,21.537660716888837,37.12964288188764,True,32.1016746149548,35.20581884294861,-178.25932774599642,33.14361101873563,2026-03-22 07:24:47
2026-03-22 07:24:49.431996+00:00,4418658.385190558,3117756.7073388365,3369879.547216674,5,42.0716571578809,93.53365758061409,21.53191543944422,37.133543518826784,True,32.10188226199352,35.206372840640476,-239.68291412945837,41.94395570589633,2026-03-22 07:24:49
2026-03-22 07:24:51.431996+00:00,4418560.379173163,3117760.957477519,3369863.6066258405,5,92.25046250663972,175.18756118416786,21.524808355065886,34.193590977302804,False,32.1021325284803,35.207008284146156,-313.9132965048775,49.692417833202626,2026-03-22 07:24:51
2026-03-22 07:24:53.431996+00:00,4418450.363982252,3117765.1909939563,3369845.787805702,5,94.7914958521978,181.34692334756255,21.51896554310087,34.19315416792539,False,32.102415522927,35.207716961100374,-397.4612691933289,55.764628672309826,2026-03-22 07:24:53
2026-03-22 07:24:55.431996+00:00,4418332.5613282025,3117770.4114656327,3369826.8820785144,5,52.64368035834619,115.9604909941554,33.35863042647444,48.85761370405981,False,32.102717986259854,35.208481777287375,-486.49391269963235,59.71211172385986,2026-03-22 07:24:55
2026-03-22 07:24:57.431996+00:00,4418211.661473311,3117778.022082193,3369807.933956468,5,19.986002888053356,39.062410701066256,21.52426112002989,41.152275553430215,True,32.10302565350694,35.20928623263583,-576.5243694903329,61.3060513456899,2026-03-22 07:24:57
2026-03-22 07:24:59.431996+00:00,4418092.825790112,3117788.6123403506,3369789.8415185437,5,64.96619930157368,144.0535791926086,13.581214638001676,32.93187530053152,False,32.10332354345776,35.21010390086315,-663.2150600170717,60.33533268157329,2026-03-22 07:24:59
2026-03-22 07:25:01.431996+00:00,4417981.406311041,3117802.8070623046,3369773.7223356804,5,103.45310009547073,226.73015815392137,21.496697601264284,41.89931643941564,False,32.10359750658044,35.21090749212216,-741.9626977611333,56.73539130035731,2026-03-22 07:25:01
2026-03-22 07:25:03.431996+00:00,4417881.53963796,3117820.529865007,3369760.1200149283,5,28.94738981164846,63.941384602338076,21.490564917884242,37.160816052793066,True,32.103835705501346,35.211671067511084,-809.6528612412512,51.1675513821329,2026-03-22 07:25:03
2026-03-22 07:25:05.431997+00:00,4417795.303177378,3117841.617427404,3369749.418026408,5,27.996694065299792,61.78883766755462,21.48479074433976,37.16486282620287,True,32.10403338400104,35.21238051399806,-864.7239592047408,44.710001632210435,2026-03-22 07:25:05
2026-03-22 07:25:07.431997+00:00,4417723.1237271475,3117865.2148800353,3369741.499259389,5,17.30251708016004,33.920052502304316,21.49478793424125,44.30017164204294,True,32.10419033739224,35.213025816077206,-907.3606164306402,38.175318195755914,2026-03-22 07:25:07
2026-03-22 07:25:09.431997+00:00,4417663.925835084,3117890.202503617,3369735.8680742565,5,108.82972069624653,239.7516214363277,21.472576186610706,41.87823147375532,False,32.10431008488933,35.21360384491313,-939.117674828507,32.25089922387305,2026-03-22 07:25:09
2026-03-22 07:25:11.431997+00:00,4417615.341558642,3117914.942781723,3369731.7150403927,5,2.0081278418406687,4.297105260193348,11.274560463697217,33.9366917106245,True,32.10440024185694,35.21411488782436,-962.864136367105,27.33935335957056,2026-03-22 07:25:11
2026-03-22 07:25:13.431997+00:00,4417572.129204104,3117939.7431162996,3369728.454721411,5,108.82669362903334,239.79615193977952,21.460774589668954,41.86778916543669,False,32.10447601390563,35.214593631193,-982.3887283885852,24.9649447209918,2026-03-22 07:25:13
2026-03-22 07:25:15.431997+00:00,4417540.090447125,3117960.610213437,3369726.1362723582,5,117.60791963057818,262.43171483650804,21.45757684067422,45.5581859168018,False,32.104526093787115,35.214970051867176,-995.6008814712986,19.152629699972252,2026-03-22 07:25:15
2026-03-22 07:25:17.431997+00:00,4417513.552538176,3117977.5353584196,3369724.281513116,5,104.47281731366733,229.9724304303527,21.449008605250157,41.85736755658494,False,32.10456906890964,35.21527873529602,-1006.6850220244378,15.765161558876112,2026-03-22 07:25:17
2026-03-22 07:25:19.431997+00:00,4417491.596688324,3117989.8606995037,3369722.797705722,6,29.270441706225046,69.0825379267335,23.785388684581115,41.42112468607579,True,32.104609647840824,35.21551959975218,-1016.6477198656648,12.611255488269041,2026-03-22 07:25:19
2026-03-22 07:25:21.431997+00:00,4417473.487866422,3117997.716667461,3369721.6106598065,5,165.98087689741305,370.64522352069616,26.16568813266768,43.6956264148322,False,32.10464978215462,35.21569826529994,-1025.9734417749569,9.887552037982083,2026-03-22 07:25:21
2026-03-22 07:25:23.431997+00:00,4417458.6380475545,3118001.2939785183,3369720.6610230743,5,29.74174680235652,65.74227688089013,21.431012195811725,37.19967467127269,True,32.104690794322835,35.215819975780086,-1035.007561433129,7.652059930569858,2026-03-22 07:25:23
2026-03-22 07:25:25.431997+00:00,4417451.169046557,3118001.0487788934,3369720.0887974435,5,8.217970337206793,17.25794007629156,11.263353128370715,32.369687579669936,True,32.104716350987864,35.21586349305298,-1040.6003820998594,3.747450497870821,2026-03-22 07:25:25
2026-03-22 07:25:27.431997+00:00,4417454.3783153,3117998.014087199,3369721.164288587,5,15.539096978205698,25.482176292687654,21.434936903119556,44.3402036455571,True,32.10472038825035,35.21581761045759,-1039.2901860699058,2.2729628652400966,2026-03-22 07:25:27
2026-03-22 07:25:29.431997+00:00,4417470.954128208,3117993.0437454716,3369724.903741044,5,40.7815496817447,88.01063259691,33.536531510571365,48.88819395130999,True,32.10469778204765,35.2156732932723,-1028.259350668639,8.8521942918191,2026-03-22 07:25:29
2026-03-22 07:25:31.431997+00:00,4417504.432371548,3117986.7934001954,3369732.9665963813,5,32.187477798765926,71.2708441130817,21.40671246366795,37.215097128804736,True,32.104645550869506,35.21541461293283,-1003.8585838368163,17.49906589966552,2026-03-22 07:25:31
2026-03-22 07:25:33.431996+00:00,4417565.650056918,3117979.747045394,3369749.763524724,5,166.7469238908022,370.90907130017877,26.107602143415985,41.570572942870385,False,32.104553614416005,35.21497954455475,-956.0073674377054,31.935078672097656,2026-03-22 07:25:33
2026-03-22 07:25:35.431996+00:00,4417633.390231155,3117972.832705328,3369769.270528905,6,22.949107715093852,55.000791978091,23.764655259697747,42.427004290545376,True,32.104456474523225,35.2145057724042,-902.1370994308963,35.4156127868977,2026-03-22 07:25:35
2026-03-22 07:25:37.431996+00:00,4417714.3566990625,3117966.201090038,3369794.272292969,5,96.55239764384176,177.07537899538875,13.43469451658238,34.636490298002855,False,32.10434873608518,35.21395364282455,-836.0546316038817,42.49892778968931,2026-03-22 07:25:37
2026-03-22 07:25:39.431996+00:00,4417805.327415349,3117960.3467523092,3369823.733806655,5,0.4869344788294228,0.8984443359076977,24.448966023698283,40.705356557117526,True,32.10423374283985,35.21334712969368,-760.2981801778078,47.90074446336977,2026-03-22 07:25:39
2026-03-22 07:25:41.431996+00:00,4417901.312779585,3117955.812275754,3369856.7333198823,5,85.84964130624722,191.53595201298594,1.3990422672900455,28.474500922079166,False,32.10412249320393,35.21272142034422,-678.5456675309688,50.8003924649916,2026-03-22 07:25:41
2026-03-22 07:25:43.431996+00:00,4417998.321111435,3117953.001732028,3369891.7106981687,6,27.62046421950591,67.48851361498237,4.7192558636186455,34.69896545133732,True,32.10401758316514,35.21210440269116,-594.1914232447743,51.57987154932288,2026-03-22 07:25:43
2026-03-22 07:25:45.431996+00:00,4418090.747102439,3117952.3853198406,3369927.3240920533,5,189.48891330137693,423.657891985029,13.40008441906843,35.01420479596277,False,32.10392941286487,35.21153439242004,-511.598348159343,49.5258962591764,2026-03-22 07:25:45
2026-03-22 07:25:47.431996+00:00,4418174.106505832,3117954.181263325,3369961.6772875544,5,110.77601342698857,247.63117131963372,13.394671782314326,33.34322285742862,False,32.1038604534198,35.211040671214406,-434.7712701316923,45.08923815072242,2026-03-22 07:25:47
2026-03-22 07:25:49.431996+00:00,4418244.696077399,3117958.545857019,3369993.2533134855,5,0.5524740869718529,1.0205638781189919,24.397587745104342,40.67913024019505,True,32.10381318602244,35.21064721101039,-367.0032415445894,38.72655001987461,2026-03-22 07:25:49
2026-03-22 07:25:51.431996+00:00,4418301.9563234225,3117965.519237883,3370020.8630255098,5,121.38363879715527,271.3261502161622,3.727070196838432,35.70674047456971,False,32.10378060636891,35.210357771911326,-309.2940342593938,31.975224836630964,2026-03-22 07:25:51
2026-03-22 07:25:53.431996+00:00,4418350.825735325,3117973.8195515093,3370046.185908892,5,251.36828453182258,561.8725461512804,21.32575790306179,44.563143446859996,False,32.10375974814944,35.21013108397533,-257.95931822713464,27.831470715693076,2026-03-22 07:25:53
2026-03-22 07:25:55.431996+00:00,4418382.201444616,3117986.1675687563,3370064.9275706946,5,80.27834065046713,179.17195269837976,26.00098050230274,45.409573846057825,False,32.10374593288142,35.21004630581345,-220.25274191517383,19.288329052403874,2026-03-22 07:25:55
2026-03-22 07:25:57.431996+00:00,4418405.173384222,3118001.3445140235,3370080.312402576,5,163.67891063444185,365.4830594547093,25.990099276811232,43.63275533564708,False,32.103731565069175,35.21003735480484,-188.7647952446714,15.769771153693581,2026-03-22 07:25:57
2026-03-22 07:25:59.431996+00:00,4418423.19219639,3118019.16936235,3370094.028731524,5,45.3714185406519,98.80874602869153,33.69366456264614,48.91456672761777,False,32.103716530082,35.21008158335835,-160.29841395281255,14.409549694467334,2026-03-22 07:25:59
2026-03-22 07:26:01.431996+00:00,4418439.018394912,3118039.386768402,3370108.0848988807,5,37.51222985106971,80.6974775083363,33.703919702598036,48.9163120135101,True,32.103706065781296,35.21015991696004,-132.0003921892494,14.63546982415172,2026-03-22 07:26:01
2026-03-22 07:26:03.431996+00:00,4418453.261155555,3118061.5867063086,3370123.383108641,5,37.050019673051246,82.2409823462367,21.309944626130243,37.27785362245605,True,32.10370581177327,35.21026508446013,-103.16988751385361,15.245726414896778,2026-03-22 07:26:03
2026-03-22 07:26:05.431997+00:00,4418466.407818933,3118084.8646459198,3370140.6451240024,5,127.27608307675895,284.09158542752266,21.306714203492852,45.50503920851637,False,32.10372187274492,35.21038627845774,-73.52779910806566,15.911264815959845,2026-03-22 07:26:05
2026-03-22 07:26:07.431997+00:00,4418479.039910408,3118108.7589943325,3370160.82275899,5,447.45467955826945,1000.4787781275809,1.4960410388242034,37.76118215483951,False,32.10376051785349,35.210515950633834,-42.391245354898274,16.864508403634513,2026-03-22 07:26:07
2026-03-22 07:26:09.431997+00:00,4418491.4519972345,3118133.0519898036,3370184.432757704,6,25.370687325354286,61.96273673698306,4.598396029334538,34.62180012268934,True,32.10382514245612,35.210650416424,-9.388078292831779,18.039135009988247,2026-03-22 07:26:09
2026-03-22 07:26:11.431997+00:00,4418503.4741118,3118157.3048996767,3370210.443459574,5,38.23210371485773,84.90407422930002,21.286039929466185,37.29356531508181,True,32.10390974313318,35.210786916268624,24.601512470282614,18.77026563289311,2026-03-22 07:26:11
2026-03-22 07:26:13.431997+00:00,4418514.970280012,3118180.8295638715,3370238.0261778138,5,180.9136177082087,392.5675276517868,25.915972908757524,41.66894749378012,False,32.10401042329481,35.210920323943185,58.706907973624766,19.015638659560285,2026-03-22 07:26:13
2026-03-22 07:26:15.431997+00:00,4418526.023375474,3118203.0411174493,3370266.8923664615,5,148.82615303548187,332.1802986562252,21.275821473664728,43.71520507393918,False,32.104126270203686,35.21104507061239,92.54646220803261,19.03142715793553,2026-03-22 07:26:15
2026-03-22 07:26:17.431997+00:00,4418536.337391155,3118223.0797658777,3370296.1338822483,5,119.93111716908136,267.6365121304989,21.270679502401194,45.492287126742795,False,32.10425388150415,35.21115552220943,125.01273171138018,18.459364803643265,2026-03-22 07:26:17
2026-03-22 07:26:19.431997+00:00,4418545.483868557,3118240.225828702,3370324.3603002443,5,167.7702692897352,375.02101703733206,21.262363615908914,36.54117853349258,False,32.1043863024083,35.21124806673719,154.7187187736854,17.13458631052731,2026-03-22 07:26:19
2026-03-22 07:26:21.431997+00:00,4418553.5256623,3118254.3832870563,3370350.804468329,5,7.19463746542847,13.404487885534763,21.263980923935016,41.32663645653775,True,32.10451769215812,35.21132148939702,181.25330879166722,15.527379844609596,2026-03-22 07:26:21
2026-03-22 07:26:23.431997+00:00,4418560.513056079,3118265.836633061,3370374.8798596263,5,55.250657792258586,123.20469660311937,1.563681112036262,28.061264353250586,False,32.104642587591975,35.211377945852554,204.4785280097276,13.780668276952023,2026-03-22 07:26:23
2026-03-22 07:26:25.431997+00:00,4418565.911318228,3118274.6876406493,3370395.043401695,5,1.2850454520286934,2.3511023856699467,4.524544996110986,27.554774059432397,True,32.10475101451634,35.21142158377707,223.25389986950904,11.33633536800553,2026-03-22 07:26:25
2026-03-22 07:26:27.431997+00:00,4418569.271663578,3118281.1769531188,3370410.03849561,5,4.572992380308465,8.365101933479309,4.51543875429643,27.55083514020356,True,32.10483446685875,35.21145722781346,236.7185037098825,8.340502663597727,2026-03-22 07:26:27
2026-03-22 07:26:29.431997+00:00,4418570.426716867,3118285.8087543235,3370419.7019849643,5,39.549435282861445,87.91948421671987,3.8728215218923383,25.67410879129319,True,32.104890960817755,35.21149026470301,244.91602922976017,5.389126946939007,2026-03-22 07:26:29
2026-03-22 07:26:31.431997+00:00,4418569.050925014,3118288.890856856,3370424.084915377,5,225.72707424086798,498.72865883260965,13.227110465945326,37.8173681037782,False,32.104921310724286,35.211525347634925,247.79862806852907,2.765964490401432,2026-03-22 07:26:31
2026-03-22 07:26:33.431996+00:00,4418564.692192676,3118290.796890111,3370422.762098583,5,205.98048892118686,460.4486253038049,24.166634893736155,38.32583478297422,False,32.10492300659552,35.21156847252155,245.00992066785693,2.468875200229722,2026-03-22 07:26:33
2026-03-22 07:26:35.431996+00:00,4418557.372149328,3118292.1267184136,3370416.0866008746,5,607.8594111875854,1359.182339180261,23.71840427749403,37.16655116912028,False,32.1048970029749,35.21162469972967,237.04550945665687,4.997843224373359,2026-03-22 07:26:35
2026-03-22 07:26:37.431996+00:00,4418547.363078951,3118293.32838839,3370404.386029748,5,532.1303320218632,1189.7614659070969,21.194015351615306,42.68287432896539,False,32.10484349783581,35.211696244345504,224.4867956181988,7.722189864835506,2026-03-22 07:26:37
2026-03-22 07:26:39.431996+00:00,4418534.8194812015,3118294.3531336384,3370388.1441648304,5,266.86246899901886,596.2358402684331,21.194281440018084,35.60345020495482,False,32.10476571612614,35.21178174059532,207.67401428893209,10.273632796099612,2026-03-22 07:26:39
2026-03-22 07:26:41.431996+00:00,4418520.057492423,3118295.225630695,3370367.9788152226,5,103.36219438985675,180.17839886248112,21.19308777082509,41.20628679439845,False,32.10466707067811,35.211879471036944,187.1663727434352,12.503188479533277,2026-03-22 07:26:41
2026-03-22 07:26:43.431996+00:00,4418503.756701615,3118295.9019311294,3370345.083675675,5,104.37361883403544,230.65878964215517,21.187288546319266,41.62688744641788,False,32.10455413986963,35.21198490392653,164.047163403593,14.056676155389404,2026-03-22 07:26:43
2026-03-22 07:26:45.431996+00:00,4418486.671502453,3118296.272579589,3370320.680550082,5,29.981515636619726,66.29773302003741,21.181149429074985,37.3596864546437,True,32.10443360505109,35.212092483450284,139.43438685964793,14.895921835965632,2026-03-22 07:26:45
2026-03-22 07:26:47.431996+00:00,4418469.53373523,3118296.2500117933,3370296.210449877,6,27.10006931676125,46.04846116155386,21.19079789558881,41.03096396369115,True,32.10431385008166,35.21219698096546,114.55761885177344,14.937280364546199,2026-03-22 07:26:47
2026-03-22 07:26:49.431996+00:00,4418453.164782972,3118295.8852520427,3370272.68150978,5,598.679600265361,1338.5402909331024,13.15032852571439,38.93723268167415,False,32.1041992187299,35.212293820348975,90.54603009857237,14.332538764751549,2026-03-22 07:26:49
2026-03-22 07:26:51.431996+00:00,4418438.220868354,3118295.1235852847,3370250.8860559603,5,6.803792999368229,14.535686556249857,11.200369896028349,34.093124502027266,True,32.10409334529878,35.212378519058696,68.24813995044678,13.218760603650246,2026-03-22 07:26:51
2026-03-22 07:26:53.431996+00:00,4418424.991942469,3118294.05932721,3370231.153318091,5,1.6390009707810909,3.5014504604041576,11.198889462199428,34.09619989787177,True,32.10399734896976,35.212450122057945,48.08564846403897,11.8903119086382,2026-03-22 07:26:53
2026-03-22 07:26:55.431996+00:00,4418412.6459888695,3118292.4375006384,3370213.3905556956,5,25.25910177539695,55.59897322207689,21.150079385087942,37.37907793292484,True,32.10391448407855,35.21251150491627,29.30889181047678,10.846296829082798,2026-03-22 07:26:55
2026-03-22 07:26:57.431996+00:00,4418399.344323675,3118289.6579267187,3370196.997194721,5,24.000368664326036,52.73767739534378,21.143857217764523,37.38289889291887,True,32.103849021356474,35.21256870494862,10.033005815930665,10.646626369009848,2026-03-22 07:26:57
2026-03-22 07:26:59.431996+00:00,4418382.3977874,3118284.8505688575,3370180.9229812985,5,29.568255269914296,65.36529527232051,21.137685726630593,37.386709829465254,True,32.10380587233703,35.21263061929632,-12.586267542093992,11.923465503915741,2026-03-22 07:26:59
2026-03-22 07:27:01.431996+00:00,4418359.008262324,3118276.9550455017,3370164.05452575,5,26.370941279464997,58.12388576567173,21.13143973256094,37.39056239125982,True,32.103790418954276,35.212705163332046,-41.5951167633757,14.949531471772254,2026-03-22 07:27:01
2026-03-22 07:27:03.431996+00:00,4418326.91818467,3118264.9141151533,3370145.2279297523,5,57.641784234967794,122.42859016358852,25.68199664886977,43.52687026099336,False,32.10380553212579,35.21279697765206,-79.69092419929802,19.552479410509843,2026-03-22 07:27:03
2026-03-22 07:27:05.431997+00:00,4418280.467209129,3118245.9781384296,3370121.4393842192,5,16.21733086894709,34.87610902264714,21.119068716446858,37.39821126300039,True,32.10385802925804,35.212916841851865,-133.7305395565927,27.75858497661192,2026-03-22 07:27:05
2026-03-22 07:27:07.431997+00:00,4418229.926799224,3118224.965919392,3370095.7151869116,5,133.10004434302354,297.03391145542264,21.11300943050559,44.53066901880859,False,32.10391749164743,35.21304371922639,-192.6431923788041,30.23896786165024,2026-03-22 07:27:07
2026-03-22 07:27:09.431997+00:00,4418169.619509937,3118199.3750303285,3370066.065995534,5,78.34978062048684,148.19209208339453,21.105568642831397,34.15729110740316,False,32.10399787032834,35.213190634075104,-262.6376682939008,35.95461477163574,2026-03-22 07:27:09
2026-03-22 07:27:11.431997+00:00,4418101.675646981,3118170.069858566,3370032.863275514,5,58.53856871003238,117.53496596589684,23.66303302406353,45.097656523085234,False,32.10409127308338,35.21335205541753,-341.61998387333006,40.55114740098427,2026-03-22 07:27:11
2026-03-22 07:27:13.431997+00:00,4418026.857439911,3118137.5560658784,3369996.647024313,5,202.31748556632164,452.25935991480947,23.954083428262884,38.33831979911179,False,32.10419744365808,35.21352770496469,-428.52862522006035,44.62770349006158,2026-03-22 07:27:13
2026-03-22 07:27:15.431997+00:00,4417948.575617916,3118103.2583152726,3369958.5494218124,5,105.78618418722695,231.6009786427021,21.087946342529918,41.53915718722145,False,32.1043077382649,35.213709078284104,-519.705515448004,46.786233733249354,2026-03-22 07:27:15
2026-03-22 07:27:17.431997+00:00,4417870.3828450125,3118068.650153897,3369919.923749388,5,583.3981337289058,1304.508865762502,4.289960479630108,36.272786041228805,False,32.10441451067604,35.2138872259668,-611.2529791118577,46.9142226259135,2026-03-22 07:27:17
2026-03-22 07:27:19.431997+00:00,4417797.421873058,3118035.675701944,3369882.3938587224,5,80.0563394599449,149.32044830545783,23.9430927312619,40.20478013796658,False,32.10450465345538,35.214047555876434,-697.799255781807,44.212867480728995,2026-03-22 07:27:19
2026-03-22 07:27:21.431997+00:00,4417732.396544284,3118005.1703083264,3369847.168350064,5,198.3341441542696,443.3503887653351,23.911161407493346,38.34077897342978,False,32.10457450170064,35.2141807777199,-776.4227686235681,39.999090246446734,2026-03-22 07:27:21
2026-03-22 07:27:23.431997+00:00,4417679.301848181,3117978.156806838,3369815.4408228295,5,18.702093043407462,40.042734298855066,25.57328760034873,41.62756012614889,True,32.104614701079576,35.2142713346049,-843.2247819406912,33.746896158894224,2026-03-22 07:27:23
2026-03-22 07:27:25.431997+00:00,4417639.665842047,3117954.39970053,3369787.780482004,5,425.1781566753775,950.6341342106462,25.550492117788828,41.62172110709162,False,32.10462426594354,35.21430784903082,-896.9603213230148,26.928180113665412,2026-03-22 07:27:25
2026-03-22 07:27:27.431997+00:00,4417606.8121920135,3117932.3548593954,3369762.2588664107,5,141.3250150417211,315.7025384493172,25.55624446376474,43.47827636738595,False,32.10461887646182,35.214317745567975,-944.0290037719533,23.54086979942473,2026-03-22 07:27:27
2026-03-22 07:27:29.431997+00:00,4417601.376637846,3117914.876888134,3369743.100584569,5,221.94691065802746,492.5031952597201,25.551381688008725,41.62613680048037,False,32.104542102500645,35.21419964656059,-966.5099658137187,13.248249805610783,2026-03-22 07:27:29
2026-03-22 07:27:31.431997+00:00,4417616.546878204,3117899.7379467576,3369727.1899001324,5,256.5517644589443,573.5397369079292,25.542344463770327,41.625642521418044,False,32.10440297603315,35.21397589018744,-971.8617918733507,13.346100720293292,2026-03-22 07:27:31
2026-03-22 07:27:33.431996+00:00,4417661.786957169,3117887.1692078533,3369714.0300462213,5,93.75303288927397,202.64015082642436,23.623538597009652,45.07917127296728,False,32.1041599990991,35.21359065357642,-953.6856132009998,24.381458504382167,2026-03-22 07:27:33
2026-03-22 07:27:35.431996+00:00,4417715.895538661,3117875.2591654165,3369700.7903919606,5,442.23076336173494,967.950514819473,23.8271677620286,38.402438425800206,False,32.10387986060085,35.21315693686069,-929.0920769888908,28.481907181742944,2026-03-22 07:27:35
2026-03-22 07:27:37.431996+00:00,4417785.653883556,3117864.182155218,3369687.2787812636,5,100.71311601196963,218.20975498110056,23.618391764463084,45.0761274668669,False,32.10353405434343,35.2126348193374,-893.4047835841775,35.95653786547059,2026-03-22 07:27:37
2026-03-22 07:27:39.431996+00:00,4417869.154850813,3117854.156163958,3369672.2549032187,5,154.1754618348496,340.0789796486497,25.49865547703325,43.44909768891193,False,32.10311997223202,35.21203784660944,-848.4960149303079,42.716065318168575,2026-03-22 07:27:39
2026-03-22 07:27:41.431996+00:00,4417961.951933578,3117844.7960038264,3369654.2660899833,5,12.807887697984556,26.874502439051867,21.00620408478354,37.46684843620478,True,32.1026449955504,35.21138985670152,-798.4030069280416,47.49344315009504,2026-03-22 07:27:41
2026-03-22 07:27:43.431996+00:00,4418061.102217577,3117836.4262048667,3369632.0443865987,5,15.992780383076502,34.36439524963498,20.999981664745686,37.47060388774181,True,32.10211006660863,35.210711643307775,-745.6776058441028,50.977044964291125,2026-03-22 07:27:43
2026-03-22 07:27:45.431996+00:00,4418163.019832527,3117829.0661227033,3369604.583119778,5,125.59866680201021,255.13509169220924,23.606468577987417,45.07224274061126,False,32.10152148482159,35.2100252841248,-693.3269219659269,52.90437652483208,2026-03-22 07:27:45
2026-03-22 07:27:47.431996+00:00,4418264.426151492,3117822.1038880637,3369570.3052884014,5,219.7774847932963,491.07345477864146,20.986657079137085,39.43231534428467,False,32.100881732578955,35.20934551267955,-644.7568850303069,53.634606274706705,2026-03-22 07:27:47
2026-03-22 07:27:49.431996+00:00,4418362.402690087,3117814.710229344,3369528.3957496686,5,75.00085463021979,167.60614067316055,12.915862369972187,30.283015884409036,False,32.10019830214699,35.20868297803948,-602.8255352154374,53.40991888512627,2026-03-22 07:27:49
2026-03-22 07:27:51.431996+00:00,4418455.140686134,3117805.7634222824,3369477.869494264,5,868.5185045286772,1935.24654699862,12.896655966050426,42.9118719982923,False,32.099473849154016,35.208039016696645,-569.85597849451,52.99359336872073,2026-03-22 07:27:51
2026-03-22 07:27:53.431996+00:00,4418541.833503083,3117794.3066111235,3369418.5966658574,5,255.4262661074409,570.3951768502593,20.956731489728718,44.62048635425465,False,32.098713181712995,35.20741026996716,-546.9427563464269,52.82085577659298,2026-03-22 07:27:53
2026-03-22 07:27:55.431996+00:00,4418619.726420553,3117781.2722856915,3369355.3181723673,5,410.52034722647375,900.6150778010488,4.128532930585985,39.15124576145271,False,32.097960728611035,35.20682163417506,-533.0179114053026,50.599822059570805,2026-03-22 07:27:55
2026-03-22 07:27:57.431996+00:00,4418689.179831629,3117766.5817481764,3369289.4540647333,5,40.81818633369108,90.84306712076068,12.870998665403015,36.781700504230734,True,32.09722614299406,35.206270222812115,-527.1159994797781,48.419182347729034,2026-03-22 07:27:57
2026-03-22 07:27:59.431996+00:00,4418748.330892225,3117751.7260315204,3369226.5676524793,5,377.72529857012904,844.5384536497295,23.60041734319854,38.274817012927244,False,32.09655510282766,35.20578031844789,-526.8423754358664,43.801373075496855,2026-03-22 07:27:59
2026-03-22 07:28:01.431996+00:00,4418798.141396847,3117736.891640161,3369168.040102328,5,199.62366578725099,445.9614255093038,23.596140797007674,45.03536408584457,False,32.09595387850031,35.205347657367916,-530.7066974919289,39.1363630923029,2026-03-22 07:28:01
2026-03-22 07:28:03.431996+00:00,4418843.2012853045,3117722.116626769,3369111.8953373744,5,275.23180402136677,615.2639156728983,1.9830216564650662,34.01152335084083,False,32.09538929442891,35.20494453147091,-536.5634584249929,36.74550720936074,2026-03-22 07:28:03
2026-03-22 07:28:05.431997+00:00,4418860.371110895,3117716.4013135172,3369089.7836433095,5,557.3236781451465,1246.2039283961058,4.075020272950506,36.23521767561225,False,32.09516891183853,35.204790184574115,-539.2181320330128,14.286303881593268,2026-03-22 07:28:05
2026-03-22 07:28:09.431997+00:00,4418877.247270208,3117709.6107816324,3369066.5413849433,5,662.2700487949091,1389.7906148061156,2.007008074964597,35.374999240140696,False,32.094944010988236,35.204628323944306,-543.2017834754661,7.378679804015313,2026-03-22 07:28:09
