time,x,y,z,clock_bias_m,num_sats,satellites,rms_residual_m,state_vec,lat_deg,lon_deg,alt_m,velocity_mps,kept_measurement,utc_time
2026-03-22 06:45:08.416831+00:00,4436999.546441023,3085464.7839868204,3376469.934540847,-293.6470686814857,5,"E07,E15,E21,E29,E34",36.36990008824047,[ 4.43698789e+06  3.08546339e+06  3.37645422e+06 -2.93647069e+02],32.169019176871664,34.81453637661038,298.3469453556463,,True,2026-03-22 06:45:08
2026-03-22 06:45:24.416831+00:00,4437000.791240835,3085464.6580310157,3376470.903151938,-274.7013420017262,5,"E07,E15,E21,E29,E34",37.64508470399373,[ 4.43697845e+06  3.08545341e+06  3.37645942e+06 -2.74701342e+02],32.16902200903972,34.81452774577061,299.66687278077006,0.0988922804416129,True,2026-03-22 06:45:24
2026-03-22 06:45:32.416831+00:00,4437001.724840694,3085464.563564162,3376471.629610257,-268.6225078355958,5,"E07,E15,E21,E29,E34",31.37904878405706,[ 4.43699943e+06  3.08546935e+06  3.37646336e+06 -2.68622508e+02],32.16902413316461,34.81452127264277,300.65681843087077,0.1483384207931127,True,2026-03-22 06:45:32
2026-03-22 06:45:44.416831+00:00,4437002.450973917,3085464.375523196,3376471.475358816,-313.5218214395821,5,"E07,E15,E21,E29,E34",36.568999959645495,[ 4.43699459e+06  3.08545471e+06  3.37647317e+06 -3.13521821e+02],32.16902060894617,34.81451524078795,300.9884537914768,0.06381518285471542,True,2026-03-22 06:45:44
2026-03-22 06:45:48.416831+00:00,4437003.507167697,3085460.7906913143,3376470.899611251,-303.12223263966706,5,"E07,E15,E21,E29,E34",29.68151409663493,[ 4.43701889e+06  3.08547310e+06  3.37648572e+06 -3.03122233e+02],32.16902187714827,34.81447764511465,299.68347631953657,1.3713073197829038,True,2026-03-22 06:45:48
2026-03-22 06:45:54.416831+00:00,4437005.054578307,3085456.694849321,3376471.5286572245,-311.94473812877334,5,"E07,E15,E21,E29,E34",26.65469490882484,[ 4.43703439e+06  3.08547804e+06  3.37650506e+06 -3.11944738e+02],32.16903180620038,34.814432628309284,299.1143767060712,0.7372264100009911,True,2026-03-22 06:45:54
2026-03-22 06:45:56.416831+00:00,4437007.621173567,3085452.058473541,3376471.978555317,-335.0315863528507,5,"E07,E15,E21,E29,E34",31.045974144868886,[ 4.43702127e+06  3.08547033e+06  3.37647671e+06 -3.35031586e+02],32.169037832039685,34.814376737727706,298.8969717686996,2.6592198056004053,True,2026-03-22 06:45:56
2026-03-22 06:46:00.416831+00:00,4437019.008719481,3085437.056912947,3376471.5411913176,-367.5340919555824,5,"E07,E15,E21,E29,E34",36.90886198176041,[ 4.43699525e+06  3.08545541e+06  3.37646377e+06 -3.67534092e+02],32.169030726655954,34.81417723617906,299.3282524654642,5.178837174360683,True,2026-03-22 06:46:00
2026-03-22 06:46:12.416831+00:00,4437031.573127251,3085413.3312819423,3376469.9556260454,-408.7783306692735,5,"E07,E15,E21,E29,E34",35.90730918722403,[ 4.43699882e+06  3.08541239e+06  3.37645521e+06 -4.08778331e+02],32.16903413044892,34.813894675692005,295.75009027216583,7.230543816034815,True,2026-03-22 06:46:12
2026-03-22 06:46:14.416831+00:00,4437042.706684603,3085394.2695563887,3376468.3050599443,-397.06888038371824,5,"E07,E15,E21,E29,E34",31.46303499741065,[ 4.43702282e+06  3.08541400e+06  3.37646831e+06 -3.97068880e+02],32.16902989378768,34.81366137092949,293.396926285699,11.068308913853908,True,2026-03-22 06:46:14
2026-03-22 06:46:20.416831+00:00,4437055.265617977,3085374.7639533384,3376466.448823815,-398.57898754153194,5,"E07,E15,E21,E29,E34",36.33031893007565,[ 4.43705658e+06  3.08539159e+06  3.37647614e+06 -3.98578988e+02],32.169019684906395,34.81341557513656,291.7104263631627,3.878863559248637,True,2026-03-22 06:46:20
2026-03-22 06:46:30.416831+00:00,4437081.584600458,3085336.3814161895,3376462.079070753,-415.2507909920406,5,"E07,E15,E21,E29,E34",32.3176007793794,[ 4.43707369e+06  3.08535030e+06  3.37647978e+06 -4.15250791e+02],32.16898779082492,34.81292218562848,289.1262886142358,5.881096926340801,True,2026-03-22 06:46:30
2026-03-22 06:46:32.416831+00:00,4437095.356118134,3085319.5931208385,3376458.7307024673,-414.0135714596898,5,"E07,E15,E21,E29,E34",28.82718810167984,[ 4.43707952e+06  3.08532742e+06  3.37646768e+06 -4.14013571e+02],32.168953963015284,34.81269270278191,288.80147329717875,10.985366744863965,True,2026-03-22 06:46:32
2026-03-22 06:46:48.416831+00:00,4437109.929385944,3085304.387638606,3376454.725442545,-407.6201138232825,5,"E07,E15,E21,E29,E34",32.699526800756566,[ 4.43713073e+06  3.08524629e+06  3.37645630e+06 -4.07620114e+02],32.168907621894576,34.81247214483351,289.4490905571729,1.3399348917650946,True,2026-03-22 06:46:48
2026-03-22 06:46:50.416831+00:00,4437123.725305509,3085289.01863811,3376449.4041521475,-397.86765002741873,5,"E07,E15,E21,E29,E34",40.95141743547823,[ 4.43714641e+06  3.08524934e+06  3.37645856e+06 -3.97867650e+02],32.168854747228885,34.81225486868611,288.77683832868934,10.66360286656505,True,2026-03-22 06:46:50
2026-03-22 06:46:52.416831+00:00,4437135.620718611,3085275.541072765,3376443.5332476427,-388.1224956995996,5,"E07,E15,E21,E29,E34",30.01167751526948,[ 4.43715842e+06  3.08525422e+06  3.37645160e+06 -3.88122496e+02],32.16879998414929,34.81206555911752,287.4052340555936,9.455331038773279,True,2026-03-22 06:46:52
2026-03-22 06:46:54.416831+00:00,4437155.140639227,3085261.4928176473,3376431.003209925,-399.9867571181217,5,"E07,E15,E21,E29,E34",29.85187041524593,[ 4.43714761e+06  3.08524233e+06  3.37643888e+06 -3.99986757e+02],32.16866589979314,34.811825135858385,287.51144244521856,13.558969521094822,True,2026-03-22 06:46:54
2026-03-22 06:46:56.416831+00:00,4437174.5999826975,3085249.1623981567,3376417.6495556612,-392.9257341499303,5,"E07,E15,E21,E29,E34",26.049614685542036,[ 4.43715975e+06  3.08524674e+06  3.37643148e+06 -3.92925734e+02],32.16852105862784,34.81160003264675,287.9672921746969,13.313765201023347,True,2026-03-22 06:46:56
2026-03-22 06:46:58.416831+00:00,4437194.618692484,3085237.4466208722,3376402.929875013,-384.6019778983739,5,"E07,E15,E21,E29,E34",27.096512675872255,[ 4.43717458e+06  3.08525234e+06  3.37642425e+06 -3.84601978e+02],32.16836190033689,34.81137689482852,288.3817454269156,13.735694169504203,True,2026-03-22 06:46:58
2026-03-22 06:47:00.416831+00:00,4437210.916207995,3085231.887956116,3376387.32616038,-395.2104024039408,5,"E07,E15,E21,E29,E34",30.46214749164244,[ 4.43716857e+06  3.08524334e+06  3.37640977e+06 -3.95210402e+02],32.168193786612974,34.811229873293364,288.71477775182575,11.61877441970025,True,2026-03-22 06:47:00
2026-03-22 06:47:02.416831+00:00,4437227.58948055,3085225.893549444,3376371.769623545,-382.2470171945338,5,"E07,E15,E21,E29,E34",28.460882020279495,[ 4.43718743e+06  3.08524923e+06  3.37640373e+06 -3.82247017e+02],32.1680257459548,34.811076785287256,289.1235972130671,11.789155687907972,True,2026-03-22 06:47:02
2026-03-22 06:47:20.416831+00:00,4437244.247784423,3085219.8592080753,3376356.6396318953,-349.8462405090804,5,"E07,E15,E21,E29,E34",30.381376117114897,[ 4.43727985e+06  3.08521641e+06  3.37633048e+06 -3.49846241e+02],32.167861129523935,34.81092344084867,289.7298960732296,1.2943717325651014,True,2026-03-22 06:47:20
2026-03-22 06:47:22.416831+00:00,4437260.54193435,3085213.774873805,3376342.666516361,-338.71645373682674,5,"E07,E15,E21,E29,E34",24.26864660723076,[ 4.43729973e+06  3.08521467e+06  3.37632142e+06 -3.38716454e+02],32.16770691614409,34.81077186574209,290.67495229654014,11.155339563304203,True,2026-03-22 06:47:22
2026-03-22 06:47:24.416831+00:00,4437276.715659655,3085205.977040173,3376329.366299981,-355.8258199641873,5,"E07,E15,E21,E29,E34",34.95143499853011,[ 4.43728774e+06  3.08519855e+06  3.37630576e+06 -3.55825820e+02],32.167563009911476,34.81060610504351,291.0666173938662,11.172414190286007,True,2026-03-22 06:47:24
2026-03-22 06:47:28.416831+00:00,4437292.087634826,3085198.133475691,3376317.3463469134,-348.36756884356805,5,"E07,E15,E21,E29,E34",32.01004285301824,[ 4.43731000e+06  3.08518296e+06  3.37628692e+06 -3.48367569e+02],32.16743216177511,34.81044479907213,291.560642587021,5.257722868521091,True,2026-03-22 06:47:28
2026-03-22 06:47:30.416831+00:00,4437307.980413526,3085190.3264395837,3376306.919291677,-326.42195672145846,5,"E07,E15,E21,E29,E34",24.792828548504783,[ 4.43733856e+06  3.08519308e+06  3.37628517e+06 -3.26421957e+02],32.16731131957851,34.81028065962426,293.2824026532471,10.274406412291412,True,2026-03-22 06:47:30
2026-03-22 06:47:32.416831+00:00,4437323.731349492,3085179.5549484417,3376298.274656825,-333.3929743558623,5,"E07,E15,E21,E29,E34",30.145739537274064,[ 4.43733085e+06  3.08518340e+06  3.37628325e+06 -3.33392974e+02],32.16721276658994,34.81009157530696,294.4220764404163,10.47433431010435,True,2026-03-22 06:47:32
2026-03-22 06:47:34.416831+00:00,4437331.479780031,3085170.899366362,3376296.4573919727,-328.66712289579635,5,"E07,E15,E21,E29,E34",26.8540500055913,[ 4.43733766e+06  3.08517981e+06  3.37628501e+06 -3.28667123e+02],32.16719207400211,34.80996934013238,294.65723404474556,5.879194853401164,True,2026-03-22 06:47:34
2026-03-22 06:47:36.416831+00:00,4437338.8654581895,3085159.4926036517,3376295.849592686,-332.293952734186,5,"E07,E15,E21,E29,E34",30.437570706417844,[ 4.43732981e+06  3.08516346e+06  3.37628152e+06 -3.32293953e+02],32.16718958331623,34.80982535291398,293.9547570962459,6.801321514190319,True,2026-03-22 06:47:36
2026-03-22 06:47:40.416831+00:00,4437352.647961122,3085132.648565452,3376302.342033154,-307.61945209439335,5,"E07,E15,E21,E29,E34",35.88316925222273,[ 4.43736898e+06  3.08515746e+06  3.37630864e+06 -3.07619452e+02],32.167258383290246,34.809508279372345,294.0186773976311,8.346581898507672,True,2026-03-22 06:47:40
2026-03-22 06:47:42.416831+00:00,4437359.087686376,3085116.625814384,3376308.1775500732,-336.60943596562186,5,"E07,E15,E21,E29,E34",38.46683945186396,[ 4.43733148e+06  3.08512120e+06  3.37629203e+06 -3.36609436e+02],32.16732145524968,34.80932983694334,293.8586699189618,9.113888726202749,True,2026-03-22 06:47:42
2026-03-22 06:47:44.416831+00:00,4437366.41520325,3085099.061827285,3376315.05860253,-315.02545037708137,5,"E07,E15,E21,E29,E34",34.986390655454656,[ 4.43736508e+06  3.08512485e+06  3.37631049e+06 -3.15025450e+02],32.16739323221784,34.80913260573371,294.1276345225051,10.118485920053693,True,2026-03-22 06:47:44
2026-03-22 06:47:48.416831+00:00,4437374.075063317,3085080.360393489,3376322.6238013385,-323.5454724545376,5,"E07,E15,E21,E29,E34",31.930251818238546,[ 4.43736069e+06  3.08508919e+06  3.37631473e+06 -3.23545472e+02],32.167472038371365,34.808923461975205,294.4422552427277,5.394727259676887,True,2026-03-22 06:47:48
2026-03-22 06:47:58.416831+00:00,4437404.835040105,3085025.7287468705,3376350.8328485372,-318.4382577028402,5,"E07,E15,E21,E29,E34",33.34560784308065,[ 4.43740065e+06  3.08500715e+06  3.37634937e+06 -3.18438258e+02],32.16771583517472,34.808261762588636,304.4410975780338,11.703902752040557,True,2026-03-22 06:47:58
2026-03-22 06:48:00.416831+00:00,4437417.097702701,3085010.7553242473,3376362.695220988,-315.16115866814454,5,"E07,E15,E21,E29,E34",32.10251677742537,[ 4.43741145e+06  3.08498976e+06  3.37636087e+06 -3.15161159e+02],32.1677990807708,34.8080572139623,312.04430347587913,11.350023779207262,True,2026-03-22 06:48:00
2026-03-22 06:48:02.416831+00:00,4437432.973312317,3084997.6369203706,3376377.126699637,-312.5998357734629,5,"E07,E15,E21,E29,E34",32.22147452366867,[ 4.43742192e+06  3.08497409e+06  3.37636839e+06 -3.12599836e+02],32.16788261086019,34.807846948404816,324.42282816395164,12.573733305806455,True,2026-03-22 06:48:02
2026-03-22 06:48:04.416831+00:00,4437448.494367255,3084989.6607277542,3376391.172329266,-306.6843831491692,5,"E07,E15,E21,E29,E34",23.904085571472816,[ 4.43743885e+06  3.08496014e+06  3.37637541e+06 -3.06684383e+02],32.167950500467015,34.80768359020939,338.8342746216804,11.200474395086992,True,2026-03-22 06:48:04
2026-03-22 06:48:06.416831+00:00,4437463.558790647,3084984.211248807,3376404.1684969594,-294.47936950453055,5,"E07,E15,E21,E29,E34",24.75991705386534,[ 4.43745951e+06  3.08495877e+06  3.37639349e+06 -2.94479370e+02],32.16800525441279,34.8075449900855,353.5905518354848,10.314238309930433,True,2026-03-22 06:48:06
2026-03-22 06:48:08.416831+00:00,4437477.412141524,3084992.0229182434,3376416.1152027193,-287.9478536263696,5,"E07,E15,E21,E29,E34",27.97003471825633,[ 4.43746471e+06  3.08495399e+06  3.37641369e+06 -2.87947854e+02],32.168020429454444,34.8075291531451,373.354098088108,9.945618236359321,True,2026-03-22 06:48:08
2026-03-22 06:48:10.416831+00:00,4437488.35627967,3085010.993536267,3376426.091619029,-267.23478224588007,5,"E07,E15,E21,E29,E34",29.806709023926906,[ 4.43749558e+06  3.08495712e+06  3.37643912e+06 -2.67234782e+02],32.168001452037984,34.80762805597603,395.43861504644156,12.033156177213472,True,2026-03-22 06:48:10
2026-03-22 06:48:12.416831+00:00,4437495.049073183,3085033.5415971265,3376430.788790491,-232.06888983324333,5,"E07,E15,E21,E29,E34",39.76665166261998,[ 4.43753972e+06  3.08497690e+06  3.37647062e+06 -2.32068890e+02],32.16794913192257,34.80778382549561,413.4862611629069,11.992413781962812,True,2026-03-22 06:48:12
2026-03-22 06:48:14.416831+00:00,4437499.65398989,3085057.5138429594,3376433.4621168305,-201.9831887930702,5,"E07,E15,E21,E29,E34",41.70491648349114,[ 4.43757768e+06  3.08500145e+06  3.37649155e+06 -2.01983189e+02],32.16788569082058,34.807964625763695,429.69347975123674,12.278237881171757,True,2026-03-22 06:48:14
2026-03-22 06:48:16.416831+00:00,4437501.582831637,3085082.8603617684,3376434.1578428205,-213.38113785837885,5,"E07,E15,E21,E29,E34",39.38414041623445,[ 4.43756859e+06  3.08500190e+06  3.37647936e+06 -2.13381138e+02],32.16781393699468,34.808173581712374,443.6519829425961,12.714661624215692,True,2026-03-22 06:48:16
2026-03-22 06:48:46.416831+00:00,4437500.989328788,3085134.0762915877,3376429.1290480886,-71.83615782088997,5,"E07,E15,E21,E29,E34",5.6038799823490155,[ 4.43752104e+06  3.08523895e+06  3.37645911e+06 -7.18361578e+01],32.167637535462234,34.80862297828927,465.31005229149014,0.926341227695009,True,2026-03-22 06:48:46
2026-03-22 06:48:48.416831+00:00,4437496.820802313,3085159.6957211914,3376422.1041562054,-116.39602228466939,5,"E07,E15,E21,E29,E34",39.4219978116249,[ 4.43746007e+06  3.08521583e+06  3.37638306e+06 -1.16396022e+02],32.1675301355987,34.80887120524721,471.0524058826268,13.445081741621637,True,2026-03-22 06:48:48
2026-03-22 06:48:52.416831+00:00,4437478.480981334,3085205.252056746,3376400.2497478365,-68.78184941814818,5,"E07,E15,E21,E29,E34",9.604468652995873,[ 4.43748507e+06  3.08525975e+06  3.37641253e+06 -6.87818494e+01],32.1673107620829,34.809378727952456,468.6842545736581,12.946392719618927,True,2026-03-22 06:48:52
2026-03-22 06:48:54.416831+00:00,4437470.299621547,3085226.694813219,3376384.522680597,-75.9368000923709,5,"E07,E15,E21,E29,E34",47.962736607394206,[ 4.43745827e+06  3.08525178e+06  3.37638225e+06 -7.59368001e+01],32.16716419967758,34.80961488234547,464.98670098837465,13.911030668991714,True,2026-03-22 06:48:54
2026-03-22 06:48:56.416831+00:00,4437462.118261759,3085236.982203893,3376367.2018081006,-92.21544018394317,5,"E07,E15,E21,E29,E34",30.678954888592788,[ 4.43743311e+06  3.08523553e+06  3.37634634e+06 -9.22154402e+01],32.167036042303984,34.80975393772763,455.0501593928784,10.871725701174054,True,2026-03-22 06:48:56
2026-03-22 06:48:58.416831+00:00,4437460.95749836,3085238.5583645906,3376347.350938472,-67.67741934583208,5,"E07,E15,E21,E29,E34",28.941883616197014,[ 4.43745942e+06  3.08524521e+06  3.37636960e+06 -6.76774193e+01],32.16688477303868,34.809774681647006,444.4366798782721,9.973573572504543,True,2026-03-22 06:48:58
2026-03-22 06:49:00.416831+00:00,4437480.002736055,3085232.1121562063,3376320.466835912,-65.27222561416883,5,"E07,E15,E21,E29,E34",34.485242929218316,[ 4.43744972e+06  3.08524170e+06  3.37636185e+06 -6.52722256e+01],32.166622157922035,34.80960331521932,440.24587181583047,16.785631145798682,True,2026-03-22 06:49:00
2026-03-22 06:49:02.416831+00:00,4437502.693679721,3085225.4400990577,3376291.8014362156,-61.137330157804605,5,"E07,E15,E21,E29,E34",39.01461737446282,[ 4.43743885e+06  3.08524195e+06  3.37635173e+06 -6.11373302e+01],32.166332194166806,34.8094079209898,437.5316454079002,18.581579660927257,True,2026-03-22 06:49:02
2026-03-22 06:49:08.416831+00:00,4437552.463709301,3085211.083204573,3376233.707470772,-95.12669126389781,5,"E07,E15,E21,E29,E34",9.717056974978933,[ 4.43741097e+06  3.08523359e+06  3.37624075e+06 -9.51266913e+01],32.16573191878646,34.808981765019404,434.25807185284793,9.812352858557018,True,2026-03-22 06:49:08
2026-03-22 06:49:16.416831+00:00,4437578.026879995,3085203.511884704,3376205.045855181,-44.617056570734825,5,"E07,E15,E21,E29,E34",35.607107213576604,[ 4.43750827e+06  3.08523317e+06  3.37627871e+06 -4.46170566e+01],32.165433125563546,34.80876116543583,433.10829843208194,4.8930575639825875,True,2026-03-22 06:49:16
2026-03-22 06:49:44.416831+00:00,4437604.367305936,3085195.680352716,3376176.5551001024,28.634324071561316,5,"E07,E15,E21,E29,E34",29.859243212455922,[4.43769457e+06 3.08516120e+06 3.37611681e+06 2.86343241e+01],32.16513328556865,34.808533598723464,432.46421217825264,1.4137057148481957,True,2026-03-22 06:49:44
2026-03-22 06:49:50.416831+00:00,4437631.6962825805,3085187.611537996,3376148.4504315336,23.39730833098181,5,"E07,E15,E21,E29,E34",33.48341642061955,[4.43772217e+06 3.08516688e+06 3.37608248e+06 2.33973083e+01],32.16483314608446,34.80829798595125,432.5983392940834,6.6705220742732765,True,2026-03-22 06:49:50
2026-03-22 06:49:54.416831+00:00,4437659.10301549,3085179.9000891955,3376120.36037454,16.52659841767334,5,"E07,E15,E21,E29,E34",36.81976004879394,[4.43773149e+06 3.08516440e+06 3.37606608e+06 1.65265984e+01],32.16453183196286,34.80806501477857,432.96722774300724,9.998896043041098,True,2026-03-22 06:49:54
2026-03-22 06:50:04.416831+00:00,4437734.407723493,3085152.422533475,3376044.40542299,-22.152844589868128,5,"E07,E15,E21,E29,E34",44.53987869326522,[ 4.43774745e+06  3.08515295e+06  3.37604258e+06 -2.21528446e+01],32.16373051874445,34.80737015372001,431.5964927431196,5.282473560020713,True,2026-03-22 06:50:04
2026-03-22 06:50:06.416831+00:00,4437733.334681252,3085148.7062197267,3376036.8207550053,-38.38938909313651,5,"E07,E15,E21,E29,E34",37.87431421387602,[ 4.43774032e+06  3.08514886e+06  3.37603735e+06 -3.83893891e+01],32.16368703377631,34.80734429946276,425.01725297700614,4.25704110756881,True,2026-03-22 06:50:06
2026-03-22 06:50:08.416831+00:00,4437731.414756671,3085145.2501180973,3376030.727093807,-69.86155904818324,5,"E07,E15,E21,E29,E34",31.045313779380447,[ 4.43772073e+06  3.08513178e+06  3.37600916e+06 -6.98615590e+01],32.16365755520657,34.80732583478706,418.76883830782026,3.6319228953823415,True,2026-03-22 06:50:08
2026-03-22 06:50:10.416831+00:00,4437729.132117121,3085141.824535635,3376025.167548565,-73.9256034885678,5,"E07,E15,E21,E29,E34",34.35605636451403,[ 4.43772613e+06  3.08513558e+06  3.37601541e+06 -7.39256035e+01],32.16363349973574,34.80730983060192,412.56739276181906,3.458814891610812,True,2026-03-22 06:50:10
2026-03-22 06:50:12.416831+00:00,4437726.486762604,3085138.6286461246,3376020.142119279,-71.1665227678618,5,"E07,E15,E21,E29,E34",39.919345371451776,[ 4.43774618e+06  3.08515584e+06  3.37603508e+06 -7.11665228e+01],32.16361432162439,34.80729802056055,406.50915927719325,3.2583181931132548,True,2026-03-22 06:50:12
2026-03-22 06:50:14.416831+00:00,4437724.486394062,3085136.6349104242,3376016.8929097294,-67.98749083258654,5,"E07,E15,E21,E29,E34",41.52218076220397,[ 4.43775906e+06  3.08515482e+06  3.37604709e+06 -6.79874908e+01],32.163602866086954,34.807292771349715,402.42568490095437,2.1525461112999618,True,2026-03-22 06:50:14
2026-03-22 06:50:16.416831+00:00,4437723.871228939,3085136.298066634,3376015.723855631,-122.59890111668253,5,"E07,E15,E21,E29,E34",28.48126453745464,[ 4.43771037e+06  3.08512128e+06  3.37599601e+06 -1.22598901e+02],32.16359728970798,34.807293561894824,401.2130030589178,0.6816486177305564,True,2026-03-22 06:50:16
2026-03-22 06:50:22.416831+00:00,4437721.483165129,3085135.6593947113,3376013.848399597,-160.4970979580996,5,"E07,E15,E21,E29,E34",18.215796131228657,[ 4.43770293e+06  3.08512352e+06  3.37599905e+06 -1.60497098e+02],32.1635941357796,34.80730245348624,398.2461445471272,0.4338915405632639,True,2026-03-22 06:50:22
2026-03-22 06:50:24.416831+00:00,4437722.056264877,3085136.9016676936,3376015.1491331873,-127.96029894811082,5,"E07,E15,E21,E29,E34",37.36461405111795,[ 4.43775545e+06  3.08516623e+06  3.37604587e+06 -1.27960299e+02],32.163598402165064,34.80730979853915,399.9372037295252,0.9438741118918937,True,2026-03-22 06:50:24
2026-03-22 06:50:26.416831+00:00,4437723.144613134,3085138.6368780374,3376017.2551151128,-142.88676248832755,5,"E07,E15,E21,E29,E34",33.240584844967984,[ 4.43775141e+06  3.08516651e+06  3.37604312e+06 -1.42886762e+02],32.16360543391004,34.8073183163311,402.6532551571727,1.4688955659602514,True,2026-03-22 06:50:26
2026-03-22 06:50:28.416831+00:00,4437725.150461583,3085141.1230679005,3376020.2800620394,-182.6260348366758,5,"E07,E15,E21,E29,E34",31.300645763754407,[ 4.43771746e+06  3.08513388e+06  3.37601271e+06 -1.82626035e+02],32.16361380655893,34.807327818791364,406.8591166231781,2.199708614093483,True,2026-03-22 06:50:28
2026-03-22 06:50:32.416831+00:00,4437728.762379177,3085145.9613392646,3376025.7544484166,-177.299300150111,5,"E07,E15,E21,E29,E34",36.7321963484997,[ 4.43774794e+06  3.08516460e+06  3.37604672e+06 -1.77299300e+02],32.16362810185404,34.80734807553014,414.6217987416312,2.19970861353248,True,2026-03-22 06:50:32
2026-03-22 06:50:34.416831+00:00,4437731.997055828,3085149.1068279366,3376029.585227744,-235.31195339065465,5,"E07,E15,E21,E29,E34",19.892971948361538,[ 4.43769249e+06  3.08512102e+06  3.37599470e+06 -2.35311953e+02],32.16363597591779,34.80735588070186,420.429338041693,2.959396149407634,True,2026-03-22 06:50:34
2026-03-22 06:50:36.416831+00:00,4437734.586746505,3085151.3103749184,3376032.173903292,-228.75021204193223,5,"E07,E15,E21,E29,E34",23.585424583202013,[ 4.43771179e+06  3.08513373e+06  3.37601083e+06 -2.28750212e+02],32.16363949155858,34.80735938998365,424.67218759749085,2.1367825228504636,True,2026-03-22 06:50:36
2026-03-22 06:50:38.416831+00:00,4437735.998352412,3085152.117242108,3376033.216539345,-220.15092643367194,5,"E07,E15,E21,E29,E34",30.369828390437135,[ 4.43773243e+06  3.08515086e+06  3.37603232e+06 -2.20150926e+02],32.163639675888724,34.807357871162004,426.5982745690271,0.965758230219724,True,2026-03-22 06:50:38
2026-03-22 06:50:42.416831+00:00,4437738.504379613,3085153.106684388,3376032.972806562,-221.77232884496127,5,"E07,E15,E21,E29,E34",38.90158154158914,[ 4.43775947e+06  3.08516723e+06  3.37605502e+06 -2.21772329e+02],32.16362522691468,34.80735131892661,428.68849588837475,0.8152480171065336,True,2026-03-22 06:50:42
2026-03-22 06:50:44.416831+00:00,4437740.25751108,3085153.933624895,3376032.8509401707,-261.9298457426226,5,"E07,E15,E21,E29,E34",26.71181322861445,[ 4.43772790e+06  3.08514207e+06  3.37601850e+06 -2.61929846e+02],32.163615120950986,34.80734790818617,430.2417556941509,0.9711014312742369,True,2026-03-22 06:50:44
2026-03-22 06:50:46.416831+00:00,4437743.830655775,3085154.7605654015,3376030.721160071,-270.15981141329297,5,"E07,E15,E21,E29,E34",20.238637024845538,[ 4.43772803e+06  3.08514939e+06  3.37602599e+06 -2.70159811e+02],32.16358251422212,34.80733348416834,431.9911568313837,2.1205634206925716,True,2026-03-22 06:50:46
2026-03-22 06:50:48.416831+00:00,4437751.973689871,3085155.801853979,3376024.6290121973,-259.1629010050196,5,"E07,E15,E21,E29,E34",38.545376455557665,[ 4.43775172e+06  3.08516498e+06  3.37605400e+06 -2.59162901e+02],32.16350106177974,34.80729327258879,434.9112021718174,5.111446759563409,True,2026-03-22 06:50:48
2026-03-22 06:50:52.416831+00:00,4437782.90032396,3085159.3917572927,3376000.753820656,-286.0660090789016,5,"E07,E15,E21,E29,E34",31.87217226385411,[ 4.43774474e+06  3.08515125e+06  3.37602838e+06 -2.86066009e+02],32.163187080712625,34.80713737745308,445.4324747649953,10.59752729421669,True,2026-03-22 06:50:52
2026-03-22 06:50:54.416831+00:00,4437806.792885121,3085161.1196547677,3375978.976690413,-273.2137186746333,5,"E07,E15,E21,E29,E34",49.61245535978941,[ 4.43777174e+06  3.08515834e+06  3.37607114e+06 -2.73213719e+02],32.16292194155763,34.807007840604214,451.28187020588666,16.187058952529572,True,2026-03-22 06:50:54
2026-03-22 06:50:56.416831+00:00,4437831.365787555,3085162.1882534344,3375954.2907501864,-316.6219968696211,5,"E07,E15,E21,E29,E34",32.45031812290974,[ 4.43774323e+06  3.08514063e+06  3.37600629e+06 -3.16621997e+02],32.162633723290355,34.80686844936339,455.73730122298,17.423870709708076,True,2026-03-22 06:50:56
2026-03-22 06:51:10.416831+00:00,4437892.095635647,3085163.4176837294,3375886.8398420173,-342.24898289775047,5,"E07,E15,E21,E29,E34",45.82405576924669,[ 4.43790131e+06  3.08518400e+06  3.37592433e+06 -3.42248983e+02],32.16187611144776,34.806511674363534,462.6382576515898,23.391301119232462,True,2026-03-22 06:51:10
2026-03-22 06:51:12.416831+00:00,4437926.59691411,3085164.571934123,3375851.8935366166,-372.54198959550774,5,"E07,E15,E21,E29,E34",36.934771022387416,[ 4.43789934e+06  3.08516987e+06  3.37587136e+06 -3.72541990e+02],32.16147020578401,34.80631295690695,468.57520729489625,24.560714417024986,True,2026-03-22 06:51:12
2026-03-22 06:51:20.416831+00:00,4437963.396160711,3085165.045387848,3375815.3569953754,-402.43583113060754,5,"E07,E15,E21,E29,E34",46.92677035156085,[ 4.43799525e+06  3.08517839e+06  3.37579277e+06 -4.02435831e+02],32.161044969838414,34.80609441135312,474.9343858342618,6.482340861295748,True,2026-03-22 06:51:20
2026-03-22 06:51:22.416831+00:00,4438001.800871083,3085164.7934521628,3375773.651843988,-412.12444421517984,5,"E07,E15,E21,E29,E34",45.025852563908145,[ 4.43801625e+06  3.08517632e+06  3.37576964e+06 -4.12124444e+02],32.16057593890791,34.805859840248445,479.3082024520263,28.347420088071726,True,2026-03-22 06:51:22
2026-03-22 06:51:28.416831+00:00,4438043.650332211,3085161.4394177753,3375713.3989532683,-458.6010287533603,5,"E07,E15,E21,E29,E34",40.62188862510216,[ 4.43806672e+06  3.08516332e+06  3.37567895e+06 -4.58601029e+02],32.15996024258836,34.80557742832631,474.70532056503,12.23955085350687,True,2026-03-22 06:51:28
2026-03-22 06:51:34.416831+00:00,4438172.483969635,3085148.8055595127,3375553.7783855316,-468.2643580909638,5,"E07,E15,E21,E29,E34",49.32231615011125,[ 4.43815302e+06  3.08516519e+06  3.37562647e+06 -4.68264358e+02],32.15826860861322,34.80468795148043,473.1936578070745,32.62598162136016,True,2026-03-22 06:51:34
2026-03-22 06:51:38.416831+00:00,4438206.809027455,3085144.3087310926,3375510.7771182177,-501.6753110601836,5,"E07,E15,E21,E29,E34",43.44187224388224,[ 4.43817417e+06  3.08515557e+06  3.37556962e+06 -5.01675311e+02],32.15781738826932,34.804441131925785,471.9935004906729,13.801132314861768,True,2026-03-22 06:51:38
2026-03-22 06:51:50.416831+00:00,4438239.224915799,3085139.811902672,3375469.2137078685,-610.6657904200622,5,"E07,E15,E21,E29,E34",16.748639831300505,[ 4.43823208e+06  3.08510345e+06  3.37534351e+06 -6.10665790e+02],32.15738466753817,34.80420586572881,470.2319751372561,4.408426560786192,True,2026-03-22 06:51:50
2026-03-22 06:52:00.416831+00:00,4438292.496963743,3085131.8017622884,3375404.165914889,-593.8566763028501,5,"E07,E15,E21,E29,E34",42.51287146804846,[ 4.43836749e+06  3.08512144e+06  3.37533245e+06 -5.93856676e+02],32.15670010009862,34.803813838321936,468.77203707769513,6.808524854812727,True,2026-03-22 06:52:00
2026-03-22 06:52:02.416831+00:00,4438315.319200092,3085127.843574241,3375374.2916258783,-602.1757067135211,5,"E07,E15,E21,E29,E34",45.16993060054909,[ 4.43837300e+06  3.08511866e+06  3.37533474e+06 -6.02175707e+02],32.15639294385542,34.80364130873119,466.8241811944172,18.90102423465627,True,2026-03-22 06:52:02
2026-03-22 06:52:04.416831+00:00,4438335.526283689,3085123.723841661,3375346.0075727077,-609.3068411116242,5,"E07,E15,E21,E29,E34",40.004310393320296,[ 4.43837283e+06  3.08512207e+06  3.37530513e+06 -6.09306841e+02],32.1561086753317,34.80348319606236,463.8269164990634,17.50204336480984,True,2026-03-22 06:52:04
2026-03-22 06:52:08.416831+00:00,4438365.506621618,3085119.285383049,3375319.6330318395,-613.3868418142216,5,"E07,E15,E21,E29,E34",41.92714369496452,[ 4.43837756e+06  3.08512041e+06  3.37531976e+06 -6.13386842e+02],32.15580134306208,34.80326318142778,468.48609799705446,6.412771131478891,True,2026-03-22 06:52:08
2026-03-22 06:52:10.416831+00:00,4438372.371280638,3085118.9730652664,3375317.5760335447,-649.1885048451117,5,"E07,E15,E21,E29,E34",24.308698489362815,[ 4.43834170e+06  3.08510552e+06  3.37526501e+06 -6.49188505e+02],32.15575944351684,34.80321893165726,472.01244505494833,3.586513900690827,True,2026-03-22 06:52:10
2026-03-22 06:52:12.416831+00:00,4438372.543724505,3085118.6277750214,3375315.4987431993,-636.3064797314177,5,"E07,E15,E21,E29,E34",35.36658395724501,[ 4.43835618e+06  3.08511390e+06  3.37529806e+06 -6.36306480e+02],32.155743851544386,34.8032148830283,470.85989357717335,1.0564205389068926,True,2026-03-22 06:52:12
2026-03-22 06:52:14.416831+00:00,4438372.222924739,3085118.071519876,3375313.559345244,-623.258413152973,5,"E07,E15,E21,E29,E34",37.83780191170787,[ 4.43837839e+06  3.08512399e+06  3.37531535e+06 -6.23258413e+02],32.15573183386058,34.80321198233865,469.3359080692753,1.021469126535891,True,2026-03-22 06:52:14
2026-03-22 06:52:16.416831+00:00,4438371.661017243,3085117.255011652,3375312.702212158,-617.0566261128768,5,"E07,E15,E21,E29,E34",43.718375557273546,[ 4.43838669e+06  3.08512745e+06  3.37532759e+06 -6.17056626e+02],32.155729741317415,34.80320827516385,468.0945631088689,0.6551913538661486,True,2026-03-22 06:52:16
2026-03-22 06:52:22.416831+00:00,4438369.668743207,3085115.562103975,3375310.575576182,-647.7968527617747,5,"E07,E15,E21,E29,E34",36.12677255168232,[ 4.43836390e+06  3.08510856e+06  3.37531033e+06 -6.47796853e+02],32.155725994562836,34.803205593730716,464.7597414813936,1.2001935707417095,True,2026-03-22 06:52:22
2026-03-22 06:52:26.416831+00:00,4438366.400261687,3085113.733555651,3375306.5682080593,-649.2415080984614,5,"E07,E15,E21,E29,E34",38.59183984036338,[ 4.43836939e+06  3.08511429e+06  3.37531189e+06 -6.49241508e+02],32.155713290809146,34.80320945280134,459.4712393572554,1.415608654071166,True,2026-03-22 06:52:26
2026-03-22 06:52:28.416831+00:00,4438364.761351331,3085113.075205298,3375304.200258374,-635.8324120177296,5,"E07,E15,E21,E29,E34",40.226098394110956,[ 4.43838132e+06  3.08512412e+06  3.37532232e+06 -6.35832412e+02],32.15570347545128,34.80321363810489,456.7535365372896,1.477044181199601,True,2026-03-22 06:52:28
2026-03-22 06:52:36.416831+00:00,4438360.572457466,3085114.0636536255,3375295.3430845905,-649.3940748591567,5,"E07,E15,E21,E29,E34",26.992592703913218,[ 4.43834524e+06  3.08510409e+06  3.37527918e+06 -6.49394075e+02],32.15564965837618,34.80324758436295,449.60522509831935,1.0867028538996726,True,2026-03-22 06:52:36
2026-03-22 06:52:40.416831+00:00,4438356.226854899,3085119.0216545938,3375282.9946093247,-626.0354381576902,5,"E07,E15,E21,E29,E34",32.32373706801501,[ 4.43835366e+06  3.08510954e+06  3.37528930e+06 -6.26035438e+02],32.15555893218314,34.80331702902201,442.40796822309494,4.340819425716754,True,2026-03-22 06:52:40
2026-03-22 06:52:44.416831+00:00,4438345.3591023,3085137.4786538137,3375264.540318628,-596.19725239222,5,"E07,E15,E21,E29,E34",40.161650670906084,[ 4.43837892e+06  3.08511880e+06  3.37529441e+06 -5.96197252e+02],32.155410318152676,34.803543425792974,433.9500425159931,7.992142886801262,True,2026-03-22 06:52:44
2026-03-22 06:52:46.416831+00:00,4438338.147838146,3085151.526461318,3375254.27796102,-594.8397087334861,5,"E07,E15,E21,E29,E34",34.75848409067945,[ 4.43837432e+06  3.08512410e+06  3.37527245e+06 -5.94839709e+02],32.15532191081195,34.80370932367536,430.2633599312976,9.41619894188596,True,2026-03-22 06:52:46
2026-03-22 06:52:48.416831+00:00,4438330.228757911,3085168.121575272,3375243.2549975547,-598.950654259152,5,"E07,E15,E21,E29,E34",31.373238430179732,[ 4.43835508e+06  3.08512568e+06  3.37525258e+06 -5.98950654e+02],32.15522350814877,34.80390167491941,426.910785658285,10.71932090283636,True,2026-03-22 06:52:48
2026-03-22 06:53:02.416831+00:00,4438294.344692271,3085261.6346527543,3375196.626635187,-569.8958742455201,5,"E07,E15,E21,E29,E34",27.14869059999224,[ 4.43827794e+06  3.08526529e+06  3.37518067e+06 -5.69895874e+02],32.15475278681995,34.80493268771844,422.3375549884513,5.212495779036677,True,2026-03-22 06:53:02
2026-03-22 06:53:04.416831+00:00,4438284.087541963,3085288.5212125583,3375183.242917921,-568.6617153982528,5,"E07,E15,E21,E29,E34",29.12326534326904,[ 4.43827016e+06  3.08529331e+06  3.37517060e+06 -5.68661715e+02],32.154617381442655,34.80522875559523,421.0769032947719,15.868365687681274,True,2026-03-22 06:53:04
2026-03-22 06:53:08.416831+00:00,4438265.326396443,3085347.4939542576,3375158.877673398,-549.3300038365575,5,"E07,E15,E21,E29,E34",35.35728499159179,[ 4.43826302e+06  3.08535612e+06  3.37516778e+06 -5.49330004e+02],32.154343755861454,34.805855536538225,423.5659301802516,16.737076006001445,True,2026-03-22 06:53:08
2026-03-22 06:53:10.416831+00:00,4438258.5755563285,3085375.505845962,3375147.4890687843,-551.0290145752708,5,"E07,E15,E21,E29,E34",36.39679992757249,[ 4.43825754e+06  3.08539176e+06  3.37515917e+06 -5.51029015e+02],32.154206680482574,34.80614018145244,426.34878965560347,15.491451143764628,True,2026-03-22 06:53:10
2026-03-22 06:53:12.416831+00:00,4438253.764735568,3085400.3447932224,3375137.713704892,-560.3709314958711,5,"E07,E15,E21,E29,E34",31.9476971307828,[ 4.43824283e+06  3.08541054e+06  3.37514058e+06 -5.60370931e+02],32.15408296773582,34.80638547199776,429.805618962273,13.561665058293327,True,2026-03-22 06:53:12
2026-03-22 06:53:14.416831+00:00,4438251.399795208,3085422.010796039,3375125.629259965,-584.5591840831562,5,"E07,E15,E21,E29,E34",28.81347381688428,[ 4.43821824e+06  3.08541985e+06  3.37511283e+06 -5.84559184e+02],32.15394068041104,34.80658834773679,432.2005714289844,12.460361452900083,True,2026-03-22 06:53:14
2026-03-22 06:53:16.416831+00:00,4438252.073346734,3085441.1294924063,3375110.917467898,-593.0683119448616,5,"E07,E15,E21,E29,E34",27.64102217987544,[ 4.43821210e+06  3.08544215e+06  3.37510633e+06 -5.93068312e+02],32.15377333999878,34.80675066842788,434.0785456560552,12.066638391234987,True,2026-03-22 06:53:16
2026-03-22 06:53:18.416831+00:00,4438256.094679516,3085457.0583680035,3375092.7914216723,-579.3018212409887,5,"E07,E15,E21,E29,E34",37.70587084268768,[ 4.43824225e+06  3.08549282e+06  3.37512523e+06 -5.79301821e+02],32.153575480467836,34.80686497091798,434.925251939334,12.231657153834522,True,2026-03-22 06:53:18
2026-03-22 06:53:20.416831+00:00,4438263.463793555,3085469.76604834,3375071.2511212854,-611.5396254275017,5,"E07,E15,E21,E29,E34",31.21036650363385,[ 4.43822808e+06  3.08550362e+06  3.37509135e+06 -6.11539625e+02],32.15334718780512,34.80693098241898,434.7255401778966,13.036233371126594,True,2026-03-22 06:53:20
2026-03-22 06:53:22.416831+00:00,4438274.355024374,3085478.8683870686,3375046.9507286698,-606.8073300369017,5,"E07,E15,E21,E29,E34",39.21051191125123,[ 4.43825193e+06  3.08551576e+06  3.37509112e+06 -6.06807330e+02],32.15309382143244,34.80694430513889,433.76311556529254,14.071074588937,True,2026-03-22 06:53:22
2026-03-22 06:53:24.416831+00:00,4438289.606596155,3085485.8970129113,3375020.797825102,-642.4798869142036,5,"E07,E15,E21,E29,E34",27.95490947255816,[ 4.43824431e+06  3.08550799e+06  3.37504774e+06 -6.42479887e+02],32.15281481176991,34.806913197921574,433.8438889682293,15.540160778123772,True,2026-03-22 06:53:24
2026-03-22 06:53:50.416831+00:00,4438591.658659127,3085479.052031319,3374630.2213909356,-822.269903866267,5,"E07,E15,E21,E29,E34",30.696777068607297,[ 4.43857688e+06  3.08546772e+06  3.37465806e+06 -8.22269904e+02],32.14866157172038,34.805026165156356,432.6707357726991,14.922124517607383,True,2026-03-22 06:53:50
2026-03-22 06:54:02.416831+00:00,4438624.612692318,3085478.637434117,3374580.932463026,-915.3759427009993,5,"E07,E15,E21,E29,E34",35.29396389801412,[ 4.43864090e+06  3.08547216e+06  3.37457649e+06 -9.15375943e+02],32.14815656308956,34.80482319030898,429.15278383065015,4.940998134147544,True,2026-03-22 06:54:02
2026-03-22 06:54:06.416831+00:00,4438657.218172849,3085478.804014619,3374533.2067664266,-923.756676989255,5,"E07,E15,E21,E29,E34",35.94548780513425,[ 4.43868409e+06  3.08548426e+06  3.37455528e+06 -9.23756677e+02],32.147663270109355,34.80462738409188,426.5057296771556,14.45010213123709,True,2026-03-22 06:54:06
2026-03-22 06:54:10.416831+00:00,4438691.600468028,3085479.812930064,3374488.9670536635,-965.7223885337456,5,"E07,E15,E21,E29,E34",30.265088049119655,[ 4.43868967e+06  3.08547635e+06  3.37450407e+06 -9.65722389e+02],32.14718728436505,34.80442816142413,427.35642221197486,14.009622401955125,True,2026-03-22 06:54:10
2026-03-22 06:54:18.416831+00:00,4438723.853052015,3085481.8920185734,3374444.430221511,-1017.8686872896659,5,"E07,E15,E21,E29,E34",29.396739553570082,[ 4.43876101e+06  3.08548566e+06  3.37439791e+06 -1.01786869e+03],32.14671448959046,34.80425113844412,427.0860734945163,6.878500473673866,True,2026-03-22 06:54:18
2026-03-22 06:54:20.416831+00:00,4438755.111489475,3085484.105907312,3374400.9104496418,-1038.3607757017878,5,"E07,E15,E21,E29,E34",28.210727139221476,[ 4.43877013e+06  3.08548329e+06  3.37436581e+06 -1.03836078e+03],32.14625300716065,34.804081304586546,426.731348304078,26.8139970878253,True,2026-03-22 06:54:20
2026-03-22 06:54:22.416831+00:00,4438783.426911066,3085486.8629967705,3374356.2261381,-1071.0473781938233,5,"E07,E15,E21,E29,E34",22.48773420886443,[ 4.43877309e+06  3.08547081e+06  3.37431072e+06 -1.07104738e+03],32.14579273999378,34.80393400364741,423.9738874817267,26.486092294565804,True,2026-03-22 06:54:22
2026-03-22 06:54:24.416831+00:00,4438809.997266263,3085489.7350128638,3374318.036648609,-1076.7234051262128,5,"E07,E15,E21,E29,E34",22.18945151430138,[ 4.43880252e+06  3.08547899e+06  3.37428895e+06 -1.07672341e+03],32.14538862057651,34.80379826098186,423.5148687623441,23.305950738364928,True,2026-03-22 06:54:24
2026-03-22 06:54:26.416831+00:00,4438838.097761001,3085507.3448311,3374254.4179265546,-1063.238514777094,5,"E07,E15,E21,E29,E34",33.59747098614309,[ 4.43885532e+06  3.08550610e+06  3.37428833e+06 -1.06323851e+03],32.144743960041744,34.80378152296696,417.71244470309466,35.87159495598158,True,2026-03-22 06:54:26
2026-03-22 06:54:28.416831+00:00,4438865.691201824,3085528.707331108,3374195.454721463,-1089.2596969731442,5,"E07,E15,E21,E29,E34",27.85819033712063,[ 4.43886515e+06  3.08550013e+06  3.37424609e+06 -1.08925970e+03],32.144126565097274,34.80380051105904,415.84885116200894,34.257896672431784,True,2026-03-22 06:54:28
2026-03-22 06:54:30.416831+00:00,4438886.799083403,3085552.429604842,3374145.5982222557,-1101.369981582227,5,"E07,E15,E21,E29,E34",29.827537730979625,[ 4.43888835e+06  3.08550737e+06  3.37421831e+06 -1.10136998e+03],32.14359778859904,34.803879268760404,415.4625013023615,29.55486190579306,True,2026-03-22 06:54:30
2026-03-22 06:54:32.416831+00:00,4438907.07823933,3085579.2241153102,3374097.9774473268,-1133.9557588505563,5,"E07,E15,E21,E29,E34",23.581964393084224,[ 4.43888747e+06  3.08549090e+06  3.37416653e+06 -1.13395576e+03],32.143080934110145,34.80398977525467,417.17477558366954,29.141586097773587,True,2026-03-22 06:54:32
2026-03-22 06:54:34.416831+00:00,4438925.757517816,3085609.3375185463,3374056.0469724853,-1129.9997666850038,5,"E07,E15,E21,E29,E34",27.08818959004675,[ 4.43893318e+06  3.08549864e+06  3.37415641e+06 -1.12999977e+03],32.142604741056836,34.80413884140623,422.40664406027645,27.44948642337142,True,2026-03-22 06:54:34
2026-03-22 06:55:00.416831+00:00,4438936.724992319,3085640.4465049724,3374016.6401549247,-1327.712024256448,5,"E07,E15,E21,E29,E34",22.625976227967858,[ 4.43902190e+06  3.08567006e+06  3.37381247e+06 -1.32771202e+03],32.14217546977402,34.80434322110029,424.1011041328311,1.976545834889845,True,2026-03-22 06:55:00
2026-03-22 06:55:02.416831+00:00,4438940.145530335,3085673.8492829097,3373977.2899379875,-1317.0722783273789,5,"E07,E15,E21,E29,E34",24.401324114042268,[ 4.43901967e+06  3.08571134e+06  3.37382531e+06 -1.31707228e+03],32.141770078148,34.804613214351704,421.68761950265616,25.86447963544779,True,2026-03-22 06:55:02
2026-03-22 06:55:04.416831+00:00,4438942.371811426,3085710.7148554074,3373941.235120769,-1321.0829304342665,5,"E07,E15,E21,E29,E34",24.54271071976904,[ 4.43900043e+06  3.08573994e+06  3.37383530e+06 -1.32108293e+03],32.14138506954952,34.80492056431661,421.8710090480745,25.80686249687451,True,2026-03-22 06:55:04
2026-03-22 06:55:06.416831+00:00,4438941.138156539,3085751.810949249,3373907.0238343705,-1311.768857342504,5,"E07,E15,E21,E29,E34",29.757149295843448,[ 4.43899320e+06  3.08577803e+06  3.37385547e+06 -1.31176886e+03],32.1410161809646,34.80528565732922,422.674696537666,26.743330712924593,True,2026-03-22 06:55:06
2026-03-22 06:55:08.416831+00:00,4438933.542469289,3085802.6753471824,3373877.1887451094,-1308.2625473024082,5,"E07,E15,E21,E29,E34",33.9802352802515,[ 4.43897856e+06  3.08581454e+06  3.37386890e+06 -1.30826255e+03],32.14067901747761,34.8057742395881,426.10492752399296,29.72799183063172,True,2026-03-22 06:55:08
2026-03-22 06:55:10.416831+00:00,4438915.590258612,3085863.7363232924,3373846.243561856,-1340.76962433486,5,"E07,E15,E21,E29,E34",24.373559290646668,[ 4.43892316e+06  3.08582786e+06  3.37384949e+06 -1.34076962e+03],32.14034624894427,34.806414201112204,426.6730309696868,35.38477440322819,True,2026-03-22 06:55:10
2026-03-22 06:55:12.416831+00:00,4438886.787272754,3085920.5193272154,3373840.5095958114,-1350.3677167576802,5,"E07,E15,E21,E29,E34",24.736899009443892,[ 4.43889294e+06  3.08585833e+06  3.37384198e+06 -1.35036772e+03],32.14026043096116,34.807082574151956,431.0423995703459,31.964041888770495,True,2026-03-22 06:55:12
2026-03-22 06:55:14.416831+00:00,4438852.589782058,3085984.0622826936,3373832.629193191,-1337.506165571986,5,"E07,E15,E21,E29,E34",29.16764418623992,[ 4.43888964e+06  3.08590416e+06  3.37386079e+06 -1.33750617e+03],32.140160957424,34.807842404674965,433.78742766939104,36.2948905021647,True,2026-03-22 06:55:14
2026-03-22 06:55:16.416831+00:00,4438812.997786525,3086055.5180301373,3373823.146658124,-1337.2948862571855,5,"E07,E15,E21,E29,E34",23.83314459769661,[ 4.43887390e+06  3.08595218e+06  3.37386068e+06 -1.33729489e+03],32.140048825703175,34.80870372427339,435.7552125044167,41.11985051154284,True,2026-03-22 06:55:16
2026-03-22 06:55:28.416831+00:00,4438718.960543048,3086219.7224679533,3373798.424271622,-1368.295826212129,5,"E07,E15,E21,E29,E34",30.093809122119815,[ 4.43873570e+06  3.08617904e+06  3.37381601e+06 -1.36829583e+03],32.13978077575419,34.810701501334044,436.5974591486156,9.969990550764075,True,2026-03-22 06:55:28
2026-03-22 06:55:56.416831+00:00,4438474.523635257,3086654.5884359297,3373727.3707584064,-1431.6250577833462,5,"E07,E15,E21,E29,E34",30.04735445533396,[ 4.43843901e+06  3.08675723e+06  3.37369796e+06 -1.43162506e+03],32.13900999834333,34.815964338740145,439.087260232307,11.98080873293595,True,2026-03-22 06:55:56
2026-03-22 06:55:58.416831+00:00,4438429.481856713,3086729.544114019,3373715.2680450375,-1453.7448084447578,5,"E07,E15,E21,E29,E34",24.81359976721783,[ 4.43838772e+06  3.08678504e+06  3.37367894e+06 -1.45374481e+03],32.13888968199071,34.816889063297104,437.57471734378487,44.14065915650174,True,2026-03-22 06:55:58
2026-03-22 06:56:00.416831+00:00,4438387.662111535,3086798.2757890667,3373704.862095696,-1453.9516463286636,5,"E07,E15,E21,E29,E34",26.961714047717734,[ 4.43836206e+06  3.08683013e+06  3.37368548e+06 -1.45395165e+03],32.13878667271956,34.81774013565188,436.19673451129347,40.562353307500274,True,2026-03-22 06:56:00
2026-03-22 06:56:04.416831+00:00,4438314.068407932,3086917.277070306,3373687.864116645,-1449.6069149880063,5,"E07,E15,E21,E29,E34",29.400254299523116,[ 4.43831610e+06  3.08692543e+06  3.37369912e+06 -1.44960691e+03],32.138620765159075,34.81922085517022,433.5298382556066,33.42731330477222,True,2026-03-22 06:56:04
2026-03-22 06:56:06.416831+00:00,4438277.987199691,3086973.6985908793,3373679.8720127996,-1451.242322404797,5,"E07,E15,E21,E29,E34",29.904587067919664,[ 4.43829067e+06  3.08697329e+06  3.37370083e+06 -1.45124232e+03],32.138547290866036,34.81993009293475,431.47592416685075,33.72356481694019,True,2026-03-22 06:56:06
2026-03-22 06:56:08.416831+00:00,4438242.480550816,3087031.29659968,3373672.483280735,-1475.461667076445,5,"E07,E15,E21,E29,E34",27.392343257334304,[ 4.43824024e+06  3.08700355e+06  3.37367793e+06 -1.47546167e+03],32.138472934501756,34.820646088925564,430.71194342244416,34.032506863494994,True,2026-03-22 06:56:08
2026-03-22 06:56:10.416831+00:00,4438190.5610849,3087145.4870614945,3373641.247695531,-1475.797383673994,5,"E07,E15,E21,E29,E34",29.283386571975342,[ 4.43821635e+06  3.08705072e+06  3.37367636e+06 -1.47579738e+03],32.13812610538654,34.821953778053896,433.2176409419626,64.63504137354799,True,2026-03-22 06:56:10
2026-03-22 06:56:12.416831+00:00,4438119.899245742,3087314.69920283,3373586.165257189,-1461.7165996007272,5,"E07,E15,E21,E29,E34",29.85732233378314,[ 4.43821071e+06  3.08711163e+06  3.37368288e+06 -1.46171660e+03],32.13752026200319,34.8238535720444,436.6179114477709,95.73390113002985,True,2026-03-22 06:56:12
2026-03-22 06:56:14.416831+00:00,4438049.67385196,3087483.5769818197,3373529.5826004776,-1489.740517947896,5,"E07,E15,E21,E29,E34",25.976088981138243,[ 4.43815447e+06  3.08713365e+06  3.37365063e+06 -1.48974052e+03],32.13690213280469,34.82574778857643,439.36758152395487,95.72474498369667,True,2026-03-22 06:56:14
2026-03-22 06:56:24.416831+00:00,4437907.483257205,3087818.3962077363,3373409.7711722907,-1480.0904731947783,5,"E07,E15,E21,E29,E34",28.006817489270436,[ 4.43804843e+06  3.08739081e+06  3.37361668e+06 -1.48009047e+03],32.13562993634232,34.82952112703851,438.71947725024074,47.88887276917279,True,2026-03-22 06:56:24
2026-03-22 06:57:19.431997+00:00,4437771.593641295,3088154.5129744443,3373282.7593023092,1793026.0271381985,5,"E07,E15,E21,E29,E34",29.00669211647011,[4437584.77853054 3088691.46165326 3373092.05016557 1793026.0271382 ],32.13427428302766,34.833267507201434,439.2716355845332,19.207855417878672,True,2026-03-22 06:57:19
2026-03-22 06:57:21.431997+00:00,4437702.943233077,3088320.929431454,3373216.8741453458,1792997.2633203832,5,"E07,E15,E21,E29,E34",29.514191238065642,[4437566.60024426 3088735.43664442 3373069.89011053 1792997.26332038],32.13358552323697,34.83513064469752,437.00623679347336,95.84906053289352,True,2026-03-22 06:57:21
2026-03-22 06:57:25.431997+00:00,4437577.597063715,3088650.1495822896,3373086.446572929,1792923.4209175084,5,"E07,E15,E21,E29,E34",26.531175162066297,[4437506.25219617 3088809.34286094 3373012.06020601 1792923.42091751],32.13218101238978,34.83875304400764,439.76812770124525,91.80691667459119,True,2026-03-22 06:57:25
2026-03-22 06:57:35.431996+00:00,4437434.168386045,3089046.141967449,3372920.3651891244,1792811.468605215,5,"E07,E15,E21,E29,E34",20.732902267416023,[4437421.7527022  3089030.79471314 3372911.33507946 1792811.46860521],32.13039235393722,34.84306554461618,443.3276961389929,27.326045053726528,True,2026-03-22 06:57:35
2026-03-22 06:57:37.431996+00:00,4437418.8931595,3089095.921038354,3372901.0657342826,1792823.389060623,5,"E07,E15,E21,E29,E34",31.418396039441674,[4437438.46271433 3089091.1078793  3372918.09960615 1792823.38906062],32.13016870493661,34.8435909656787,446.5313862003386,27.76579461917668,True,2026-03-22 06:57:37
2026-03-22 06:57:53.431996+00:00,4437303.157507695,3089412.49146203,3372763.4808434057,1792660.9011665073,5,"E07,E15,E21,E29,E34",33.964472873017776,[4437318.17710216 3089410.07359321 3372776.09952207 1792660.90116651],32.12870613708106,34.847044890144446,446.09716115612537,32.19741660925966,True,2026-03-22 06:57:53
2026-03-22 06:57:59.431996+00:00,4437257.109769398,3089518.3822843577,3372710.725799923,1792566.0735574032,5,"E07,E15,E21,E29,E34",25.663655094608593,[4437253.37484961 3089523.37029034 3372709.20838008 1792566.0735574 ],32.12819434109093,34.8482445949915,437.27774962224066,15.725540615824844,True,2026-03-22 06:57:59
2026-03-22 06:58:07.431997+00:00,4437193.566468184,3089673.7870211722,3372636.293192294,1792433.0544530482,5,"E07,E15,E21,E29,E34",19.88447240269756,[4437166.21513308 3089680.45814268 3372612.8106118  1792433.05445305],32.12745016158325,34.84998081668013,428.73429043684155,30.298402580493363,True,2026-03-22 06:58:07
2026-03-22 06:58:11.431997+00:00,4437151.020807936,3089776.7342471494,3372586.9032062916,1792385.172436775,5,"E07,E15,E21,E29,E34",25.83881262346123,[4437151.43328985 3089777.51239322 3372585.65892404 1792385.17243677],32.126958316771606,34.85113369162357,422.71989484969527,30.86472861037088,True,2026-03-22 06:58:11
2026-03-22 06:58:15.431997+00:00,4437106.581227499,3089885.939699994,3372535.128472473,1792328.5567165671,5,"E07,E15,E21,E29,E34",28.338403368975793,[4437128.4715739  3089873.9219894  3372552.46287603 1792328.55671657],32.12643855206569,34.85235244616886,417.1521423533559,32.71529998539101,True,2026-03-22 06:58:15
2026-03-22 06:58:19.431997+00:00,4437059.334666663,3090002.572215467,3372480.610904957,1792251.5347610472,5,"E07,E15,E21,E29,E34",24.89948783072289,[4437086.36162513 3089968.21399053 3372507.56950461 1792251.53476105],32.12588852086208,34.853652771152646,411.7721769325435,34.80854013357423,True,2026-03-22 06:58:19
2026-03-22 06:58:47.431996+00:00,4436840.355128049,3090524.2099131076,3372229.548030801,1791792.8937121301,5,"E07,E15,E21,E29,E34",10.82765511111318,[4436792.18214562 3090550.51030792 3372190.16644783 1791792.89371213],32.12340327115561,34.8595147490637,378.5699328733608,36.25796341069596,True,2026-03-22 06:58:47
2026-03-22 06:58:49.431996+00:00,4436819.496641571,3090584.658302644,3372203.1517076762,1791803.3109339436,5,"E07,E15,E21,E29,E34",21.070704365694265,[4436823.04486053 3090627.09232988 3372203.88094854 1791803.31093394],32.123118082477156,34.860166670396566,379.2997394306585,34.58991952216497,True,2026-03-22 06:58:49
2026-03-22 06:58:51.431996+00:00,4436801.758811126,3090643.3321528267,3372179.840708898,1791773.3577347554,5,"E07,E15,E21,E29,E34",22.001808168381427,[4436802.83607639 3090660.43360252 3372178.97236805 1791773.35773476],32.1228490385679,34.86078425758473,382.9804802602157,32.789685833346034,True,2026-03-22 06:58:51
2026-03-22 06:58:53.431996+00:00,4436784.450298546,3090698.4696935955,3372157.9321257574,1791731.5286824135,5,"E07,E15,E21,E29,E34",17.836271046942645,[4436773.3025548  3090703.91040379 3372147.40963619 1791731.52868241],32.12259870516771,34.86136849327403,385.9940570984036,30.90193774267831,True,2026-03-22 06:58:53
2026-03-22 06:58:55.431996+00:00,4436769.737843949,3090752.069567142,3372139.495366731,1791718.8274061615,5,"E07,E15,E21,E29,E34",22.979729467431238,[4436777.82868966 3090758.57517225 3372139.69604375 1791718.82740616],32.12236888433054,34.86192363207205,391.9139743456617,29.280184629921905,True,2026-03-22 06:58:55
2026-03-22 06:58:59.431996+00:00,4436735.317309108,3090846.367066464,3372103.912370351,1791658.5333974662,5,"E07,E15,E21,E29,E34",22.900821029412878,[4436746.60096905 3090851.50739444 3372098.18380394 1791658.53339747],32.12197410856834,34.86295197940064,394.72393815685064,26.030464866537077,True,2026-03-22 06:58:59
2026-03-22 06:59:01.431996+00:00,4436718.54869025,3090890.4089483484,3372088.245551373,1791641.2548936312,5,"E07,E15,E21,E29,E34",27.466664092058906,[4436744.15575048 3090904.77450124 3372092.44698965 1791641.25489363],32.1217997217858,34.86343646223836,396.06213696021587,24.831044859253883,True,2026-03-22 06:59:01
2026-03-22 06:59:03.431996+00:00,4436699.479038436,3090934.3860017974,3372072.1066930834,1791599.255852315,5,"E07,E15,E21,E29,E34",24.097292604996934,[4436712.10581205 3090938.66213736 3372068.19817958 1791599.25585232],32.12163095851081,34.863934316893065,395.5193365281448,25.288809764693564,True,2026-03-22 06:59:03
2026-03-22 06:59:05.431997+00:00,4436680.554146771,3090979.5484655574,3372058.6357183997,1791575.7772069222,5,"E07,E15,E21,E29,E34",27.62497390391284,[4436703.89001495 3090994.53483758 3372066.71286274 1791575.77720692],32.121478749611015,34.864441599146105,397.0699832253158,25.39322861048737,True,2026-03-22 06:59:05
2026-03-22 06:59:07.431997+00:00,4436658.643365893,3091028.56593784,3372044.631134021,1791512.5330852116,5,"E07,E15,E21,E29,E34",18.25567801823377,[4436642.64645727 3091008.0362339  3372022.70341022 1791512.53308521],32.121323644127436,34.86500048146597,398.12876587267965,27.744023191039407,True,2026-03-22 06:59:07
2026-03-22 06:59:09.431997+00:00,4436634.343204033,3091082.183751132,3372031.077168608,1791487.360582104,5,"E07,E15,E21,E29,E34",18.85769963423306,[4436630.72710055 3091057.4698348  3372017.83143906 1791487.3605821 ],32.1211687684582,34.86561383036318,399.9944972312078,30.20379838301965,True,2026-03-22 06:59:09
2026-03-22 06:59:11.431997+00:00,4436607.58022201,3091138.6305506285,3372016.808421308,1791462.3923369201,5,"E07,E15,E21,E29,E34",23.218587523147644,[4436618.38126896 3091111.5530306  3372019.60640806 1791462.39233692],32.12101036562477,34.866266690082675,401.1390165761113,32.03941139317657,True,2026-03-22 06:59:11
2026-03-22 06:59:13.431997+00:00,4436579.538095026,3091194.1145994174,3372001.512725022,1791419.7864671934,5,"E07,E15,E21,E29,E34",21.10262256962171,[4436582.41597566 3091144.18119046 3371999.22891467 1791419.78646719],32.12085178744243,34.86691892566415,400.38314802292734,32.01093126041747,True,2026-03-22 06:59:13
2026-03-22 06:59:15.431997+00:00,4436552.908161254,3091250.397667563,3371986.872988455,1791396.1903643035,5,"E07,E15,E21,E29,E34",25.0642667825039,[4436569.65488135 3091200.69750515 3372001.44492687 1791396.1903643 ],32.12069047002706,34.867569551209456,401.3448752835393,31.981475182417764,True,2026-03-22 06:59:15
2026-03-22 06:59:23.431997+00:00,4436502.205358481,3091363.216872066,3371957.2189995702,1791268.184768036,5,"E07,E15,E21,E29,E34",24.317572440552766,[4436494.9130489  3091394.83722956 3371969.84630431 1791268.18476804],32.12035421246536,34.86885750493786,404.97050149552524,31.867475159433305,True,2026-03-22 06:59:23
2026-03-22 06:59:27.431997+00:00,4436478.46917672,3091420.338381088,3371942.3512641,1791192.6589148245,5,"E07,E15,E21,E29,E34",26.10434142125012,[4436452.2081668  3091472.4221889  3371941.22758365 1791192.65891482],32.120177462536475,34.86949788200308,408.2296804813668,15.90464294547452,True,2026-03-22 06:59:27
2026-03-22 06:59:39.431996+00:00,4436352.597727764,3091725.094990741,3371838.982276998,1790970.9817810496,5,"E07,E15,E21,E29,E34",22.349976361269245,[4436353.11328805 3091728.48328308 3371839.02806473 1790970.98178105],32.11904774621116,34.872909746201955,413.3766586454585,24.07835523654568,True,2026-03-22 06:59:39
2026-03-22 06:59:41.431996+00:00,4436335.653210949,3091767.286015132,3371822.286318145,1790938.081164604,5,"E07,E15,E21,E29,E34",25.84304520691619,[4436343.08809469 3091771.16996236 3371825.53239331 1790938.0811646 ],32.11887122807801,34.87337916733038,413.1568959020078,24.217525840162562,True,2026-03-22 06:59:41
2026-03-22 06:59:43.431996+00:00,4436318.544661421,3091809.8393469234,3371805.86032369,1790891.5604240003,5,"E07,E15,E21,E29,E34",24.344597233568823,[4436316.9121511  3091804.52591059 3371802.20030611 1790891.560424  ],32.11869642200475,34.8738527299563,413.1425078250468,24.358272759701702,True,2026-03-22 06:59:43
2026-03-22 06:59:49.431996+00:00,4436257.302748998,3091933.4302546997,3371754.76638551,1790772.9502486081,5,"E07,E15,E21,E29,E34",25.700235341787966,[4436267.62284168 3091932.5380758  3371754.60242788 1790772.95024861],32.11820828168095,34.875298113758035,403.2753005800769,24.671605207383333,True,2026-03-22 06:59:49
2026-03-22 06:59:53.431996+00:00,4436212.155505192,3092017.4694462116,3371727.0851905537,1790694.3874983233,5,"E07,E15,E21,E29,E34",22.02351531537201,[4436230.98249574 3092025.86253667 3371726.47513834 1790694.38749832],32.1179440605278,34.87630216772086,397.88740494288504,24.942518878974827,True,2026-03-22 06:59:53
2026-03-22 06:59:55.431996+00:00,4436187.991530589,3092060.0246956097,3371715.979131521,1790637.0678582133,5,"E07,E15,E21,E29,E34",15.906422738243581,[4436184.3429944  3092048.4103717  3371694.38274741 1790637.06785821],32.11783761818806,34.87681848492927,395.80228023044765,25.09079247038981,True,2026-03-22 06:59:55
2026-03-22 06:59:57.431996+00:00,4436161.189583924,3092106.926836997,3371708.220060022,1790599.4268684918,5,"E07,E15,E21,E29,E34",16.084565468160914,[4436163.5438976  3092097.01449474 3371682.83398897 1790599.42686849],32.11775519460202,34.87738856955548,395.7693200102076,27.287169156339424,True,2026-03-22 06:59:57
2026-03-22 06:59:59.431996+00:00,4436132.796743325,3092153.3818539525,3371702.6165635083,1790561.7508578552,5,"E07,E15,E21,E29,E34",16.125985950984195,[4436136.88681424 3092143.46387416 3371680.03365676 1790561.75085786],32.117696714339345,34.877964405696176,395.5609241882339,27.366134047401225,True,2026-03-22 06:59:59
2026-03-22 07:00:01.431996+00:00,4436102.664848954,3092198.983766234,3371699.468126713,1790526.7862161142,5,"E07,E15,E21,E29,E34",17.614145199603694,[4436113.02979504 3092190.17271499 3371678.41734149 1790526.78621611],32.117666160333165,34.8785433626267,395.03675296064466,27.374158052531214,True,2026-03-22 07:00:01
2026-03-22 07:00:03.431996+00:00,4436069.554650032,3092244.9199112267,3371699.587460698,1790493.5586644295,5,"E07,E15,E21,E29,E34",20.130820033209442,[4436086.55190584 3092233.91163708 3371676.31408683 1790493.55866443],32.11767135836643,34.879143270376055,394.34291384276,28.312669116827358,True,2026-03-22 07:00:03
2026-03-22 07:00:05.431997+00:00,4436033.466146559,3092291.1902889297,3371702.6066491734,1790453.7634049142,5,"E07,E15,E21,E29,E34",21.83554964056424,[4436051.10843046 3092272.63365397 3371675.36341954 1790453.76340491],32.11770949822116,34.87976412970404,393.2838539900258,29.378733729830692,True,2026-03-22 07:00:05
2026-03-22 07:00:09.431997+00:00,4435997.174215064,3092337.46484819,3371708.911244024,1790396.929583429,5,"E07,E15,E21,E29,E34",22.4110239524986,[4436005.66096797 3092363.12018758 3371700.98456021 1790396.92958343],32.11777351567615,34.88038625873371,393.83274129778147,14.78636838994956,True,2026-03-22 07:00:09
2026-03-22 07:00:11.431997+00:00,4435960.601103232,3092382.5322717135,3371719.3081861464,1790360.344308564,5,"E07,E15,E21,E29,E34",22.697123272911085,[4435971.73136489 3092400.87254057 3371708.82992564 1790360.34430856],32.117873200466796,34.880999599774974,395.77788317389786,29.482035113014955,True,2026-03-22 07:00:11
2026-03-22 07:00:13.431997+00:00,4435923.426233851,3092426.0230629668,3371731.430506684,1790322.629294958,5,"E07,E15,E21,E29,E34",23.945548455884495,[4435936.1720036  3092434.1591109  3371719.96962312 1790322.62929496],32.11799274902371,34.881602883980676,397.4591421140358,29.241966813705908,True,2026-03-22 07:00:13
2026-03-22 07:00:19.431997+00:00,4435843.1353839105,3092506.07909492,3371760.252568285,1790213.3314592433,5,"E07,E15,E21,E29,E34",22.688669172593432,[4435834.00895753 3092534.8366914  3371763.73329076 1790213.33145924],32.118309151372976,34.882785261059546,395.77466028928757,29.31331117864662,True,2026-03-22 07:00:19
2026-03-22 07:00:21.431997+00:00,4435803.753421017,3092545.061652899,3371779.31772303,1790166.5657836539,5,"E07,E15,E21,E29,E34",16.33281482149916,[4435785.13174798 3092557.43052355 3371759.68621157 1790166.56578365],32.11850275761037,34.8833627394452,397.4317232342437,29.30042215305717,True,2026-03-22 07:00:21
2026-03-22 07:00:23.431997+00:00,4435765.477649327,3092578.3261665716,3371799.4280539737,1790138.9755945988,5,"E07,E15,E21,E29,E34",20.452009154492274,[4435761.23966744 3092592.7561535  3371797.20035232 1790138.9755946 ],32.118715671667246,34.88388381611738,397.6438349056989,27.27630830491225,True,2026-03-22 07:00:23
2026-03-22 07:00:25.431997+00:00,4435727.041726665,3092610.9896913697,3371821.0188675537,1790105.122861886,5,"E07,E15,E21,E29,E34",19.98715971650289,[4435727.96325105 3092621.86257794 3371813.37918267 1790105.12286189],32.11894216824768,34.884400641993565,398.2411763826385,27.43350704074031,True,2026-03-22 07:00:25
2026-03-22 07:00:27.431997+00:00,4435687.919488638,3092643.0215683277,3371842.941414741,1790061.5175595505,5,"E07,E15,E21,E29,E34",19.638014288063527,[4435683.16005703 3092642.79315089 3371832.15652822 1790061.51755955],32.11917562743682,34.88491613929711,398.2325831921771,27.55534759743279,True,2026-03-22 07:00:27
2026-03-22 07:00:29.431997+00:00,4435649.108038663,3092672.6376634836,3371863.7950767768,1790012.5040128308,5,"E07,E15,E21,E29,E34",14.949315806115973,[4435633.2222945  3092661.90755266 3371844.95346291 1790012.50401283],32.11940632324331,34.885408758379185,396.70187497418374,26.543911551133718,True,2026-03-22 07:00:29
2026-03-22 07:00:31.431997+00:00,4435611.478597986,3092700.326166511,3371885.15822072,1789991.7427587416,5,"E07,E15,E21,E29,E34",22.6377761999998,[4435617.90683863 3092701.44179174 3371889.75035897 1789991.74275874],32.11964154537614,34.88587746275042,395.32995213009417,25.685657110196175,True,2026-03-22 07:00:31
2026-03-22 07:00:33.431996+00:00,4435572.115530671,3092731.4578090603,3371909.510783514,1789957.496611429,5,"E07,E15,E21,E29,E34",25.906686673916997,[4435584.62747939 3092729.02983798 3371922.19820058 1789957.49661143],32.11989697304284,34.8863866029121,396.01136671938,27.891220225076186,True,2026-03-22 07:00:33
2026-03-22 07:00:35.431996+00:00,4435531.422563351,3092762.590220819,3371931.6254773955,1789920.7980868197,5,"E07,E15,E21,E29,E34",25.619639154892425,[4435548.9362156  3092760.17131336 3371946.32887502 1789920.79808682],32.12014053575975,34.886903812278774,394.57985868956894,27.902528275638765,True,2026-03-22 07:00:35
2026-03-22 07:00:37.431996+00:00,4435490.392127473,3092794.4247372304,3371953.563493157,1789876.0625586298,5,"E07,E15,E21,E29,E34",22.88545206290674,[4435505.82738531 3092786.50975743 3371961.11764217 1789876.06255863],32.12038214895594,34.887429172320374,393.16056399419904,28.187806047137776,True,2026-03-22 07:00:37
2026-03-22 07:00:39.431996+00:00,4435450.072111917,3092827.70461752,3371975.088602145,1789826.560627311,5,"E07,E15,E21,E29,E34",17.829118302151212,[4435458.16453085 3092810.27494787 3371971.24173934 1789826.56062731],32.120613848858085,34.88796279231581,392.71592790912837,28.26917227074958,True,2026-03-22 07:00:39
2026-03-22 07:00:41.431996+00:00,4435410.929295635,3092862.594968159,3371996.744478074,1789786.7185284614,5,"E07,E15,E21,E29,E34",20.296055388582428,[4435420.08511009 3092839.41022471 3371994.68079494 1789786.71852846],32.12083749878811,34.88850327792268,393.93928728438914,28.365796289074797,True,2026-03-22 07:00:41
2026-03-22 07:00:45.431996+00:00,4435369.816196204,3092897.2394403024,3372015.622033547,1789711.6344746507,5,"E07,E15,E21,E29,E34",19.391749823235877,[4435352.1380075  3092899.87859159 3372031.6114815  1789711.63447465],32.12104835112831,34.88905357046005,392.19802132155746,14.245368755143373,True,2026-03-22 07:00:45
2026-03-22 07:00:47.431996+00:00,4435326.349076514,3092936.9702458903,3372031.918513885,1789669.5429704413,5,"E07,E15,E21,E29,E34",14.171040806606284,[4435313.61702692 3092935.21268285 3372040.46198501 1789669.54297044],32.12123479770094,34.88966234131453,389.9135657278821,30.551197514213236,True,2026-03-22 07:00:47
2026-03-22 07:00:55.431996+00:00,4435135.549766391,3093146.359854603,3372082.881071457,1789509.6931103605,5,"E07,E15,E21,E29,E34",16.48673541234364,[4435165.66274489 3093082.53098531 3372097.40346918 1789509.69311036],32.12180009787815,34.89263869641271,385.90680377278477,39.434728638258136,True,2026-03-22 07:00:55
2026-03-22 07:01:13.431997+00:00,4434906.721792731,3093448.28163521,3372099.2335412083,1789182.2860375973,5,"E07,E15,E21,E29,E34",18.486684052407487,[4434869.7948345  3093500.21955601 3372117.68354475 1789182.2860376 ],32.12199674085758,34.89664981128836,381.92698072083294,19.08535076083739,True,2026-03-22 07:01:13
2026-03-22 07:01:15.431997+00:00,4434861.276604865,3093509.8116369005,3372095.652450839,1789143.0528635753,5,"E07,E15,E21,E29,E34",18.74203817971994,[4434837.17196628 3093544.53010798 3372109.48056179 1789143.05286358],32.12197932545445,34.89746005109786,378.2682281890884,38.28847873877333,True,2026-03-22 07:01:15
2026-03-22 07:01:17.431997+00:00,4434816.382640517,3093578.7007327974,3372091.4662711145,1789093.7061598937,5,"E07,E15,E21,E29,E34",14.921000509036618,[4434794.39970127 3093583.60323739 3372089.76028068 1789093.70615989],32.12193492843626,34.898330905339265,378.2373177707195,41.16642949358239,True,2026-03-22 07:01:17
2026-03-22 07:01:19.431997+00:00,4434774.941814841,3093644.30600681,3372086.910164136,1789071.0716875908,5,"E07,E15,E21,E29,E34",18.692639418010376,[4434780.58972789 3093643.35563661 3372097.27910719 1789071.07168759],32.12188312918525,34.89915228599018,378.81817229650915,38.86564074425382,True,2026-03-22 07:01:19
2026-03-22 07:01:21.431997+00:00,4434734.262848768,3093705.2458046125,3372079.7116618124,1789024.0574963957,5,"E07,E15,E21,E29,E34",14.258726369298747,[4434736.61868978 3093679.32111571 3372082.04033544 1789024.0574964 ],32.12182094730058,34.899928501482336,376.26343819126487,36.81119283796052,True,2026-03-22 07:01:21
2026-03-22 07:01:23.431997+00:00,4434695.63752545,3093767.4976810035,3372072.295408355,1788995.5080599578,5,"E07,E15,E21,E29,E34",16.672965121911744,[4434718.78689667 3093732.03626566 3372080.18852994 1788995.50805996],32.121745422323514,34.900703668480276,375.65601826738566,36.81783715456344,True,2026-03-22 07:01:23
2026-03-22 07:01:25.431997+00:00,4434659.1547728665,3093825.603750283,3372063.964244375,1788941.421068045,5,"E07,E15,E21,E29,E34",13.14818207865157,[4434665.76567835 3093759.3610039  3372058.01147512 1788941.42106805],32.121665853575344,34.90142981603557,374.04220882151276,34.556890834033304,True,2026-03-22 07:01:25
2026-03-22 07:01:31.431997+00:00,4434622.816083365,3093883.02481672,3372054.504853809,1788862.4852615,5,"E07,E15,E21,E29,E34",15.274585960656376,[4434612.65555498 3093923.84875431 3372055.41150732 1788862.4852615 ],32.121578976989184,34.90214913642159,371.5973687078804,11.43479011044319,True,2026-03-22 07:01:31
2026-03-22 07:01:33.431996+00:00,4434589.145922248,3093941.387566777,3372045.945463987,1788837.1514316672,5,"E07,E15,E21,E29,E34",18.581069044213482,[4434591.4664983  3093971.26442773 3372055.39832264 1788837.15143167],32.12148589273868,34.90286046013026,371.94165684562176,33.9601167222086,True,2026-03-22 07:01:33
2026-03-22 07:01:35.431996+00:00,4434555.16236294,3093998.720253846,3372037.970659839,1788786.0737752288,5,"E07,E15,E21,E29,E34",15.360742982579957,[4434540.67337186 3094003.48190356 3372027.90177376 1788786.07377523],32.1214013274346,34.90356473115557,371.88064602948725,33.56157330584311,True,2026-03-22 07:01:35
2026-03-22 07:01:39.431996+00:00,4434519.746031497,3094060.0571078407,3372028.8459846643,1788737.7852295022,5,"E07,E15,E21,E29,E34",21.60199602969922,[4434504.08986008 3094101.45248217 3372030.29703623 1788737.7852295 ],32.12130262467985,34.90431248422109,372.1542622912675,17.853196296234383,True,2026-03-22 07:01:39
2026-03-22 07:01:41.431996+00:00,4434482.715570826,3094119.9478698685,3372019.182832454,1788698.7904163064,5,"E07,E15,E21,E29,E34",15.500331001614683,[4434468.48455608 3094139.38631808 3372017.83775801 1788698.79041631],32.12121011962261,34.905057456167015,370.32043194491416,35.5370753734413,True,2026-03-22 07:01:41
2026-03-22 07:01:43.431996+00:00,4434449.436153746,3094182.0951486723,3372011.078219591,1788664.231595165,5,"E07,E15,E21,E29,E34",15.609102328364653,[4434437.44638175 3094176.16183879 3372002.03743506 1788664.23159517],32.12110857229989,34.905799291648854,373.01499349810183,35.480588402518656,True,2026-03-22 07:01:43
2026-03-22 07:01:45.431996+00:00,4434417.627338265,3094232.3213788914,3372001.8099001064,1788642.1215236632,5,"E07,E15,E21,E29,E34",17.883709204996595,[4434424.02792899 3094225.59348803 3372003.12581915 1788642.12152366],32.121025058662184,34.90642861722279,370.33553203754127,30.084783073830884,True,2026-03-22 07:01:45
2026-03-22 07:01:47.431996+00:00,4434378.680318275,3094295.281019996,3371990.5520945075,1788621.5607833231,5,"E07,E15,E21,E29,E34",19.39196137163801,[4434406.7705755  3094274.01519437 3372005.42726556 1788621.56078332],32.12091947810403,34.907211874340504,367.812259927392,37.441704558757586,True,2026-03-22 07:01:47
2026-03-22 07:01:51.431996+00:00,4434342.662720534,3094359.863183902,3371981.5180269554,1788551.5242966106,5,"E07,E15,E21,E29,E34",14.64047082469226,[4434347.0390439  3094354.02650965 3371981.66890851 1788551.52429661],32.12081490544276,34.90799146607856,369.2932273671031,18.624140279384495,True,2026-03-22 07:01:51
2026-03-22 07:01:53.431996+00:00,4434308.498663634,3094420.351291874,3371972.327111402,1788511.0117642605,5,"E07,E15,E21,E29,E34",11.045167573667104,[4434311.45182929 3094390.83464796 3371968.86073363 1788511.01176426],32.12071307560528,34.90872424098909,369.9947396852076,35.03736191048934,True,2026-03-22 07:01:53
2026-03-22 07:01:55.431996+00:00,4434276.099219597,3094482.203229612,3371963.6765072364,1788491.0982908926,5,"E07,E15,E21,E29,E34",16.60534640049382,[4434299.69209048 3094442.98107074 3371973.89385562 1788491.09829089],32.12060468758751,34.90945816446005,372.8709107860923,35.17889682864081,True,2026-03-22 07:01:55
2026-03-22 07:01:57.431996+00:00,4434243.0182748325,3094543.967947254,3371953.7660705466,1788449.8055376995,5,"E07,E15,E21,E29,E34",12.914579013513793,[4434262.75858469 3094476.33728672 3371953.45999299 1788449.8055377 ],32.120489592677075,34.91019546029232,374.562405959703,35.381654876701646,True,2026-03-22 07:01:57
2026-03-22 07:02:05.431997+00:00,4434209.307373535,3094605.383763003,3371942.5868877713,1788321.2563029113,5,"E07,E15,E21,E29,E34",14.482896122831722,[4434163.04927841 3094663.82047988 3371931.56246106 1788321.25630291],32.12036823806555,34.910933542345546,374.9734616689384,8.868219381270364,True,2026-03-22 07:02:05
2026-03-22 07:02:07.431997+00:00,4434175.0547263175,3094666.4530525627,3371930.2577619418,1788293.1055388828,5,"E07,E15,E21,E29,E34",17.680835364322924,[4434144.47979671 3094713.88570652 3371930.92229315 1788293.10553888],32.12024117765357,34.91167189662247,374.22966727241874,35.54823945154951,True,2026-03-22 07:02:07
2026-03-22 07:02:11.431997+00:00,4434112.202418678,3094792.9912795792,3371902.865294558,1788235.7401867788,5,"E07,E15,E21,E29,E34",15.383899252537683,[4434112.09067167 3094819.75763321 3371922.68111219 1788235.74018678],32.11993186347268,34.913152545543035,377.3493640208617,36.20059861323791,True,2026-03-22 07:02:11
2026-03-22 07:02:13.431997+00:00,4434080.356238583,3094856.1852990612,3371887.877502762,1788186.4814101818,5,"E07,E15,E21,E29,E34",15.836070726994047,[4434073.55598936 3094855.57373285 3371896.41246197 1788186.48141018],32.119769193455404,34.91389476050099,377.8956093788147,36.16730978343365,True,2026-03-22 07:02:13
2026-03-22 07:02:15.431997+00:00,4434051.507309006,3094921.1191855846,3371873.621773394,1788151.5479651266,5,"E07,E15,E21,E29,E34",14.520105174914175,[4434053.20801471 3094901.16746127 3371880.15480863 1788151.54796513],32.11959555187347,34.914633912685616,381.75688284728676,36.23498370569794,True,2026-03-22 07:02:15
2026-03-22 07:02:17.431997+00:00,4434028.828384493,3094972.511547247,3371859.411019203,1788114.2201300736,5,"E07,E15,E21,E29,E34",15.10102545565524,[4434029.99145611 3094945.77737952 3371866.41705093 1788114.22013007],32.119435153000296,34.91521798456079,383.36352088022977,28.971770695715687,True,2026-03-22 07:02:17
2026-03-22 07:02:21.431997+00:00,4434007.220399614,3095024.2392564993,3371844.969711831,1788051.174153989,5,"E07,E15,E21,E29,E34",12.597634763753078,[4434006.38740777 3095050.33436864 3371845.85054912 1788051.17415399],32.119267860128815,34.91579847276747,385.75442369654775,14.472414003898448,True,2026-03-22 07:02:21
2026-03-22 07:02:23.431997+00:00,4433984.028223011,3095074.407347649,3371828.643168274,1787995.986664327,5,"E07,E15,E21,E29,E34",11.304197251210944,[4433960.72808139 3095086.44728615 3371808.39507379 1787995.98666433],32.119096674585656,34.916375015613,385.28724657651037,28.815232298752097,True,2026-03-22 07:02:23
2026-03-22 07:02:25.431997+00:00,4433959.739521948,3095123.9208354396,3371810.849872226,1787967.6986557352,5,"E07,E15,E21,E29,E34",13.40833388019046,[4433949.38410942 3095138.11528505 3371803.99502387 1787967.69865574],32.11892039151358,34.916952519284,382.9618935389444,28.974677982592926,True,2026-03-22 07:02:25
2026-03-22 07:02:27.431997+00:00,4433937.175024817,3095173.9353637993,3371793.8024627566,1787948.2881474253,5,"E07,E15,E21,E29,E34",18.62116553869839,[4433945.42035934 3095190.61003848 3371796.64696994 1787948.28814743],32.11874164893751,34.917523917038274,382.4739565514028,28.728138416161595,True,2026-03-22 07:02:27
2026-03-22 07:02:29.431997+00:00,4433915.763651455,3095224.627344825,3371778.046095082,1787906.1456403658,5,"E07,E15,E21,E29,E34",16.090840419567076,[4433913.58110877 3095229.13645817 3371775.24416495 1787906.14564037],32.11856637156199,34.91809420473423,383.80219160579145,28.61986622885785,True,2026-03-22 07:02:29
2026-03-22 07:02:31.431997+00:00,4433894.280891126,3095275.097159441,3371761.7874486153,1787883.6153371946,5,"E07,E15,E21,E29,E34",17.562686144292446,[4433906.79196304 3095282.89050829 3371772.06791206 1787883.61533719],32.11838814593031,34.91866299276651,384.70660929288715,28.605308789083292,True,2026-03-22 07:02:31
2026-03-22 07:02:33.431996+00:00,4433874.762710526,3095321.3821872147,3371747.232849161,1787839.5529653814,5,"E07,E15,E21,E29,E34",16.33999777408913,[4433873.17129154 3095318.67067251 3371747.20972355 1787839.55296538],32.11822669378876,34.91918350496153,385.85302279610187,26.149102615208214,True,2026-03-22 07:02:33
2026-03-22 07:02:35.431996+00:00,4433854.831211292,3095367.0668073324,3371733.5667598415,1787798.538078657,5,"E07,E15,E21,E29,E34",13.501970370774501,[4433844.91495997 3095364.40599891 3371726.95485567 1787798.53807866],32.1180752980162,34.919701305677535,386.89413022622466,25.841396896697375,True,2026-03-22 07:02:35
2026-03-22 07:02:37.431996+00:00,4433835.846479722,3095413.612057335,3371720.101471076,1787765.0213921587,5,"E07,E15,E21,E29,E34",13.256456808893814,[4433825.34652092 3095405.73354481 3371708.89095781 1787765.02139216],32.117919350048446,34.920220839142154,389.11716468818486,26.020157244646686,True,2026-03-22 07:02:37
2026-03-22 07:02:39.431996+00:00,4433815.324802928,3095459.8291706964,3371706.4963655877,1787742.7050217392,5,"E07,E15,E21,E29,E34",17.252232069261996,[4433817.68290773 3095458.77925256 3371706.8347642  1787742.70502174],32.11776927452088,34.92074684189816,390.0398518331349,26.183294680243698,True,2026-03-22 07:02:39
2026-03-22 07:02:41.431996+00:00,4433793.53377997,3095504.5950397197,3371692.0892526684,1787705.597716538,5,"E07,E15,E21,E29,E34",16.012092205790072,[4433793.68109249 3095500.9453403  3371687.5719398  1787705.59771654],32.11762204421593,34.921267933856434,388.9514470594004,25.915230143697865,True,2026-03-22 07:02:41
2026-03-22 07:02:43.431996+00:00,4433770.060673369,3095548.6495625586,3371676.676995371,1787689.1359569875,5,"E07,E15,E21,E29,E34",18.41365961453214,[4433791.68742117 3095559.46967414 3371685.74995513 1787689.13595699],32.1174756994148,34.92179304712148,385.8160506039858,26.121472924975937,True,2026-03-22 07:02:43
2026-03-22 07:02:45.431996+00:00,4433747.25338786,3095593.4488878543,3371662.659462136,1787632.643240079,5,"E07,E15,E21,E29,E34",14.482906378917946,[4433741.48158982 3095588.97810745 3371655.87684745 1787632.64324008],32.117335343054236,34.922320591201355,384.24609198980033,26.09426688581597,True,2026-03-22 07:02:45
2026-03-22 07:02:47.431996+00:00,4433724.63606598,3095638.727220568,3371649.59164606,1787616.3034406458,5,"E07,E15,E21,E29,E34",20.617833113976435,[4433740.55206216 3095650.11303507 3371658.06809128 1787616.30344065],32.11720017649462,34.922851143093744,383.5456517552957,26.136365849746646,True,2026-03-22 07:02:47
2026-03-22 07:02:49.431996+00:00,4433702.096555341,3095684.646487595,3371638.053252252,1787584.6223285736,5,"E07,E15,E21,E29,E34",18.143808078816704,[4433719.6819146  3095698.99828545 3371646.99080957 1787584.62232857],32.11707462367879,34.92338678970045,384.02356360759586,26.21899671920012,True,2026-03-22 07:02:49
2026-03-22 07:02:51.431996+00:00,4433678.287162522,3095730.699405307,3371626.649760382,1787536.8563203788,5,"E07,E15,E21,E29,E34",13.721103016120187,[4433673.87985624 3095721.56101743 3371616.76592284 1787536.85632038],32.11695472373744,34.92393129878174,383.75657749548554,26.54146775814814,True,2026-03-22 07:02:51
2026-03-22 07:02:53.431996+00:00,4433653.099943378,3095776.4498442914,3371616.003841159,1787505.7983203111,5,"E07,E15,E21,E29,E34",13.232833733058783,[4433648.58779042 3095767.49025952 3371602.53308179 1787505.79832031],32.11684685347898,34.92448153654225,382.78931856993586,26.649738608345107,True,2026-03-22 07:02:53
2026-03-22 07:02:55.431996+00:00,4433625.672751216,3095821.1176210414,3371605.3334991257,1787474.4745481906,5,"E07,E15,E21,E29,E34",12.619107696446177,[4433622.29115094 3095811.46325075 3371593.01685797 1787474.47454819],32.116750570472696,34.92503595543816,379.72904292400926,26.74564146159459,True,2026-03-22 07:02:55
2026-03-22 07:02:57.431996+00:00,4433600.388509676,3095867.3405446964,3371596.9896323876,1787442.470958807,5,"E07,E15,E21,E29,E34",13.368384613559115,[4433596.12441931 3095862.46765876 3371581.39635364 1787442.47095881],32.11665936184673,34.925590884344174,380.14828130137175,26.6714812751131,True,2026-03-22 07:02:57
2026-03-22 07:02:59.431996+00:00,4433572.767554787,3095912.2434794097,3371588.654911855,1787420.898542579,5,"E07,E15,E21,E29,E34",15.01234943095451,[4433577.41190388 3095910.84548211 3371583.20887882 1787420.89854258],32.11658102841737,34.92614851997155,378.3100934429094,26.686411622772507,True,2026-03-22 07:02:59
2026-03-22 07:03:01.431996+00:00,4433544.622670177,3095956.940032203,3371580.9379551653,1787395.612875379,5,"E07,E15,E21,E29,E34",13.18179239424341,[4433555.77958673 3095965.36134739 3371581.96862592 1787395.61287538],32.11651003651212,34.92670754039214,376.33687775116414,26.6902031739074,True,2026-03-22 07:03:01
2026-03-22 07:03:03.431996+00:00,4433518.220393189,3096003.8231592965,3371575.778657672,1787360.8023919456,5,"E07,E15,E21,E29,E34",13.661926247427477,[4433516.62168189 3096004.20016913 3371570.46682834 1787360.80239195],32.116445725230776,34.92727498399652,377.99426997825503,27.02649712241073,True,2026-03-22 07:03:03
2026-03-22 07:03:21.431997+00:00,4433264.432675418,3096428.6856314917,3371551.9810626716,1787147.4818143805,5,"E07,E15,E21,E29,E34",15.141723909110475,[4433276.92131137 3096423.73561251 3371551.65110806 1787147.48181438],32.11609523667583,34.932505330475024,395.1528363209218,29.034978386442265,True,2026-03-22 07:03:21
2026-03-22 07:03:23.431997+00:00,4433233.026610425,3096478.6867167237,3371550.2344741356,1787117.3415455807,5,"E07,E15,E21,E29,E34",14.127382334780334,[4433239.60934501 3096461.4146575  3371550.05929496 1787117.34154558],32.11606807128489,34.93313020702038,396.6669150562957,29.53599504960808,True,2026-03-22 07:03:23
2026-03-22 07:03:31.431997+00:00,4433117.93424043,3096661.8145289477,3371541.2514674943,1787028.7086148232,5,"E07,E15,E21,E29,E34",13.172591620765582,[4433134.48060774 3096631.67541738 3371543.58440451 1787028.70861482],32.11594906921557,34.93541921208832,400.7944768406451,42.12773390388549,True,2026-03-22 07:03:31
2026-03-22 07:03:39.431996+00:00,4432952.182953832,3096926.468154112,3371517.942882286,1786948.6407728293,5,"E07,E15,E21,E29,E34",18.015854949857427,[4433029.69189955 3096795.17074691 3371542.54551588 1786948.64077283],32.11569587355184,34.93872372242516,401.68433209788054,27.08912160686295,True,2026-03-22 07:03:39
2026-03-22 07:04:09.431997+00:00,4432737.9212412005,3097278.6449002475,3371468.065495233,1786694.4591688414,5,"E07,E15,E21,E29,E34",16.396445992665303,[4432650.18861425 3097435.9241974  3371472.30474759 1786694.45916884],32.11518998521696,34.94308276955494,397.24300790484995,25.30700895900872,True,2026-03-22 07:04:09
2026-03-22 07:04:11.431997+00:00,4432688.117683526,3097363.447178884,3371452.765868128,1786657.2205612427,5,"E07,E15,E21,E29,E34",11.842803888674107,[4432601.56813985 3097461.80067788 3371436.88802213 1786657.22056124],32.115035991982104,34.944121538323905,395.67129830643535,49.764192469403774,True,2026-03-22 07:04:11
2026-03-22 07:04:13.431997+00:00,4432640.619459647,3097447.191274312,3371437.1111496044,1786634.4011506434,5,"E07,E15,E21,E29,E34",10.081402573269523,[4432577.09022775 3097499.96746277 3371421.47939553 1786634.40115064],32.11487312484682,34.94513712285076,394.9995258450508,48.77044443815649,True,2026-03-22 07:04:13
2026-03-22 07:04:15.431997+00:00,4432600.511078718,3097519.7547652186,3371421.781306959,1786628.6875052915,5,"E07,E15,E21,E29,E34",13.181665381317965,[4432574.66913479 3097552.19775899 3371416.07049419 1786628.68750529],32.11471439389705,34.94601075202269,394.2081179264933,42.1578774039163,True,2026-03-22 07:04:15
2026-03-22 07:04:17.431997+00:00,4432567.370169374,3097581.188340206,3371406.998654914,1786614.8370283144,5,"E07,E15,E21,E29,E34",14.066995331944,[4432563.87705954 3097599.06648763 3371406.43859225 1786614.83702831],32.11456302052007,34.94674543035136,393.146093159914,35.675379498282865,True,2026-03-22 07:04:17
2026-03-22 07:04:19.431997+00:00,4432542.271909241,3097631.544724253,3371393.40987385,1786586.6401257769,5,"E07,E15,E21,E29,E34",13.865998782843263,[4432535.60633783 3097633.65185093 3371387.82647271 1786586.64012578],32.114419576710254,34.9473350911194,392.92883250582963,28.94107395556565,True,2026-03-22 07:04:19
2026-03-22 07:04:21.431997+00:00,4432522.993961478,3097669.9410767765,3371379.2512480635,1786564.7695741472,5,"E07,E15,E21,E29,E34",12.765038506700892,[4432516.78233453 3097673.49736873 3371374.59591393 1786564.76957415],32.11428175041333,34.94778555573764,390.64715606719255,22.618498188571234,True,2026-03-22 07:04:21
2026-03-22 07:04:23.431997+00:00,4432506.202963575,3097708.780086076,3371366.916556181,1786552.4486600936,5,"E07,E15,E21,E29,E34",15.073032476086214,[4432507.21143687 3097716.35579662 3371370.34361212 1786552.44866009],32.11414686558308,34.94822476944596,391.2767600575462,22.037189463337587,True,2026-03-22 07:04:23
2026-03-22 07:04:25.431997+00:00,4432491.471124015,3097748.4567867937,3371355.8751248945,1786535.601489435,5,"E07,E15,E21,E29,E34",14.931029447977286,[4432493.62388801 3097753.55750951 3371356.35705471 1786535.60148943],32.11401146549845,34.94865875888601,394.43018605560064,21.86996159987427,True,2026-03-22 07:04:25
2026-03-22 07:04:27.431997+00:00,4432475.201295308,3097786.4579215674,3371344.2625204893,1786513.9993530873,5,"E07,E15,E21,E29,E34",13.141720642398266,[4432475.39025412 3097791.31679701 3371344.81595923 1786513.99935309],32.11388234593598,34.949087529922366,395.3995449654758,21.468850407729114,True,2026-03-22 07:04:27
2026-03-22 07:04:29.431997+00:00,4432458.101747142,3097823.4396430193,3371331.6046627383,1786502.7011760538,5,"E07,E15,E21,E29,E34",17.452901448729975,[4432468.9835741  3097829.6560593  3371340.38834795 1786502.70117605],32.11375130111028,34.94951248257589,394.74288155231625,21.332273858326783,True,2026-03-22 07:04:29
2026-03-22 07:04:31.431997+00:00,4432441.419469647,3097860.2432600246,3371319.206350128,1786472.8052254077,5,"E07,E15,E21,E29,E34",12.590766235505443,[4432438.13118887 3097858.28407515 3371316.55986393 1786472.80522541],32.113621086744935,34.94993335471629,394.42774639930576,21.13363884112051,True,2026-03-22 07:04:31
2026-03-22 07:04:33.431996+00:00,4432424.961589209,3097897.207301144,3371306.534362383,1786450.9045625476,5,"E07,E15,E21,E29,E34",11.787266316731497,[4432416.86716291 3097889.02978017 3371301.20641142 1786450.90456255],32.11348745846285,34.95035425687312,394.2010317835957,21.200137001874594,True,2026-03-22 07:04:33
2026-03-22 07:04:35.431996+00:00,4432408.205338537,3097934.1106805564,3371293.773940168,1786444.7377979232,5,"E07,E15,E21,E29,E34",11.623666447159051,[4432415.03999259 3097936.41117067 3371300.02365139 1786444.73779792],32.113354492237214,34.95077644204431,393.69101336505264,21.245350807594495,True,2026-03-22 07:04:35
2026-03-22 07:04:37.431996+00:00,4432390.017994504,3097970.5870986744,3371280.2180527183,1786424.3064080374,5,"E07,E15,E21,E29,E34",13.624850421262808,[4432395.70101902 3097970.2102415  3371288.33184573 1786424.30640804],32.113222244337166,34.95120360460196,391.5577251361683,21.47714276977795,True,2026-03-22 07:04:37
2026-03-22 07:04:39.431996+00:00,4432372.710180424,3098007.8423771826,3371267.019209198,1786408.1177394325,5,"E07,E15,E21,E29,E34",11.547340585297928,[4432375.78202971 3098005.86542361 3371267.20215699 1786408.11773943],32.1130871273404,34.951632191396804,390.6030542384833,21.573859617764885,True,2026-03-22 07:04:39
2026-03-22 07:04:41.431996+00:00,4432354.307713444,3098044.824007358,3371253.1534382645,1786389.9745077211,5,"E07,E15,E21,E29,E34",9.867998909108563,[4432352.10128539 3098038.49163799 3371251.445034   1786389.97450772],32.11295196735186,34.95206504505459,388.40141768381,21.78618464162854,True,2026-03-22 07:04:41
2026-03-22 07:04:43.431996+00:00,4432338.295588915,3098083.226273997,3371240.9768105964,1786377.6784848303,5,"E07,E15,E21,E29,E34",8.647040525278536,[4432335.7456497  3098080.10182104 3371235.20404875 1786377.67848483],32.112816414242175,34.95249572543928,389.4468036759645,21.675980233530435,True,2026-03-22 07:04:43
2026-03-22 07:04:45.431996+00:00,4432322.306110491,3098122.4920962397,3371228.564077574,1786367.7863071116,5,"E07,E15,E21,E29,E34",11.935423845976947,[4432322.89267948 3098122.29297016 3371229.97896774 1786367.78630711],32.11267659585454,34.952933766061086,390.8017368996516,22.08814250760904,True,2026-03-22 07:04:45
2026-03-22 07:04:47.431996+00:00,4432305.534866915,3098161.4962806893,3371215.194386937,1786345.1383103528,5,"E07,E15,E21,E29,E34",9.193104819756297,[4432293.56310365 3098154.79810881 3371207.24229277 1786345.13831035],32.11253325688929,34.95337427845413,390.9785924721509,22.25617691439106,True,2026-03-22 07:04:47
2026-03-22 07:04:49.431996+00:00,4432289.573840303,3098201.47358368,3371201.823106472,1786340.5711400728,5,"E07,E15,E21,E29,E34",11.088233950226869,[4432285.00429924 3098201.1248606  3371199.62868051 1786340.57114007],32.11238404856841,34.953818321795396,392.1896006213501,22.537359351775102,True,2026-03-22 07:04:49
2026-03-22 07:04:51.431996+00:00,4432271.751677805,3098240.126309623,3371186.955999278,1786328.1048007444,5,"E07,E15,E21,E29,E34",10.936922115351152,[4432266.55643732 3098236.45399123 3371187.86486769 1786328.10480074],32.11223436353114,34.95426215851151,390.6709677865729,22.542701564270324,True,2026-03-22 07:04:51
2026-03-22 07:04:53.431996+00:00,4432255.096257303,3098279.8937642183,3371171.9314287333,1786329.6485842105,5,"E07,E15,E21,E29,E34",15.04176428880895,[4432261.99781905 3098280.70900818 3371182.61695958 1786329.64858421],32.112075828897495,34.954708591655134,390.41986888460815,22.828661793520606,True,2026-03-22 07:04:53
2026-03-22 07:04:55.431996+00:00,4432238.940463715,3098319.7670622016,3371156.183079931,1786314.515465276,5,"E07,E15,E21,E29,E34",12.284426872565264,[4432240.98290024 3098320.95382484 3371164.66634817 1786314.51546528],32.11190951093116,34.95515290953664,390.1825650334358,22.906876961480584,True,2026-03-22 07:04:55
2026-03-22 07:04:59.431996+00:00,4432209.015327255,3098400.545193635,3371121.1423205216,1786304.2216690176,5,"E07,E15,E21,E29,E34",14.696457784404737,[4432220.12972628 3098409.96057439 3371141.24776061 1786304.22166902],32.11153759238516,34.95603601132586,389.9823178863153,23.373239086290443,True,2026-03-22 07:04:59
2026-03-22 07:05:01.431996+00:00,4432194.873808927,3098440.966306256,3371101.5304842684,1786277.9276673074,5,"E07,E15,E21,E29,E34",9.80655065707128,[4432179.73824223 3098431.04540898 3371103.66397786 1786277.92766731],32.111332342712345,34.95647285371527,389.35648383852094,23.55033443174982,True,2026-03-22 07:05:01
2026-03-22 07:05:03.431996+00:00,4432182.239118766,3098483.011643337,3371081.65965851,1786272.5306555922,5,"E07,E15,E21,E29,E34",9.67688625211891,[4432168.89165986 3098475.93363853 3371086.174758   1786272.53065559],32.11111473287578,34.956914650908246,390.4276212165132,24.09510054992294,True,2026-03-22 07:05:03
2026-03-22 07:05:05.431997+00:00,4432168.326988638,3098524.071328545,3371059.0589384804,1786266.1888729192,5,"E07,E15,E21,E29,E34",9.217956346467329,[4432158.03192024 3098518.70809886 3371061.97221192 1786266.18887292],32.110883996074044,34.95735564182188,388.6828705770895,24.44501620816155,True,2026-03-22 07:05:05
2026-03-22 07:05:07.431997+00:00,4432155.624715273,3098565.729913142,3371035.789516182,1786266.2591098016,5,"E07,E15,E21,E29,E34",11.487413631169307,[4432153.5004961  3098564.33201272 3371043.28101336 1786266.2591098 ],32.110641752310784,34.95779448664524,387.7135809296742,24.689326810225403,True,2026-03-22 07:05:07
2026-03-22 07:05:09.431997+00:00,4432143.026237112,3098607.404676016,3371011.1756705986,1786252.1481938697,5,"E07,E15,E21,E29,E34",8.461908064079568,[4432133.77878598 3098601.31851202 3371008.49189365 1786252.14819387],32.11038878598457,34.958232839661655,386.1099484115839,25.00674362545765,True,2026-03-22 07:05:09
2026-03-22 07:05:11.431997+00:00,4432130.38375719,3098648.7223929497,3370985.529678823,1786249.3993122997,5,"E07,E15,E21,E29,E34",7.6901166549840445,[4432127.57484554 3098645.75709943 3370983.89848173 1786249.3993123 ],32.11012908785753,34.958668357316434,383.7542396709323,25.123211007695566,True,2026-03-22 07:05:11
2026-03-22 07:05:13.431997+00:00,4432120.513821934,3098692.612173264,3370960.64835809,1786254.3227922965,5,"E07,E15,E21,E29,E34",11.637543718901117,[4432129.44759763 3098698.95269912 3370969.28578434 1786254.3227923 ],32.109857273125314,34.95910937490009,384.97839335910976,25.70412690307769,True,2026-03-22 07:05:13
2026-03-22 07:05:15.431997+00:00,4432110.878339177,3098736.447101152,3370934.9897817434,1786240.8832111692,5,"E07,E15,E21,E29,E34",9.534207036676628,[4432108.96438765 3098732.36554547 3370934.00903926 1786240.88321117],32.10957874983558,34.959548490108915,385.9259512433782,25.849110096150206,True,2026-03-22 07:05:15
2026-03-22 07:05:17.431997+00:00,4432101.179263527,3098780.26445739,3370908.753170997,1786237.3474785257,5,"E07,E15,E21,E29,E34",9.606288347979525,[4432101.25789324 3098779.19825541 3370908.70270289 1786237.34747853],32.109296108050735,34.95998783600893,386.5140081644058,25.992270580092637,True,2026-03-22 07:05:17
2026-03-22 07:05:19.431997+00:00,4432090.51736935,3098828.53226584,3370880.0432805386,1786233.5282872946,5,"E07,E15,E21,E29,E34",8.976954723169069,[4432091.97305348 3098823.87959123 3370882.20475297 1786233.52828729],32.108986132435035,34.96047166689806,387.2795664574951,28.581966036766218,True,2026-03-22 07:05:19
2026-03-22 07:05:21.431997+00:00,4432081.545558039,3098877.850848481,3370852.917235352,1786229.5926927254,5,"E07,E15,E21,E29,E34",6.254456952028687,[4432081.06244714 3098864.45546066 3370859.14185107 1786229.59269273],32.10867872797749,34.96095435766278,390.5707409661263,28.498413637347063,True,2026-03-22 07:05:21
2026-03-22 07:05:23.431997+00:00,4432071.550753394,3098926.792665732,3370825.106255877,1786223.4672680027,5,"E07,E15,E21,E29,E34",7.677954712688088,[4432071.16895442 3098913.83299243 3370829.96944979 1786223.467268  ],32.10837114346032,34.96143998392788,392.60534564964473,28.586046312397812,True,2026-03-22 07:05:23
2026-03-22 07:05:25.431997+00:00,4432060.679872454,3098974.7929936964,3370796.282745255,1786220.853612023,5,"E07,E15,E21,E29,E34",8.91568926138397,[4432062.90134953 3098958.11784531 3370803.93041819 1786220.85361202],32.10806185033952,34.96192275073515,393.03714201413095,28.517548551948767,True,2026-03-22 07:05:25
2026-03-22 07:05:27.431997+00:00,4432049.786709789,3099022.5951692467,3370767.538880922,1786215.2400024487,5,"E07,E15,E21,E29,E34",7.893352320951549,[4432051.34208809 3099000.69901748 3370773.36949371 1786215.24000245],32.10775379551721,34.96240392903391,393.40013254247606,28.41618692308749,True,2026-03-22 07:05:27
2026-03-22 07:05:31.431997+00:00,4432038.8680238435,3099070.497641399,3370738.9133316264,1786213.5495552267,5,"E07,E15,E21,E29,E34",9.29420046850482,[4432036.21966016 3099095.27790566 3370727.47221832 1786213.54955523],32.10744646739588,34.96288612982128,393.8574815252796,14.215499053752461,True,2026-03-22 07:05:31
2026-03-22 07:05:33.431996+00:00,4432026.265195747,3099135.3017591955,3370702.52260221,1786219.8815982833,5,"E07,E15,E21,E29,E34",11.461908114380815,[4432035.08886155 3099143.82292107 3370710.10539659 1786219.88159828],32.1070400183427,34.96352529796832,397.2232300210744,37.6918287881494,True,2026-03-22 07:05:33
2026-03-22 07:05:35.431996+00:00,4432013.0666246805,3099200.117854212,3370665.5614885674,1786213.7963134765,5,"E07,E15,E21,E29,E34",8.111942438108414,[4432019.50474655 3099184.11708919 3370677.9777075  1786213.79631348],32.10663151668695,34.964168180681725,399.87897516041994,37.88618604802458,True,2026-03-22 07:05:35
2026-03-22 07:05:37.431996+00:00,4431999.179845771,3099264.145775324,3370628.585399732,1786212.9028663822,5,"E07,E15,E21,E29,E34",7.338265892422897,[4432007.99515519 3099226.95630673 3370652.2271675  1786212.90286638],32.106227765508926,34.964808392464136,401.66732270270586,37.615317544874976,True,2026-03-22 07:05:37
2026-03-22 07:05:39.431996+00:00,4431984.457051032,3099327.8484933437,3370591.309483917,1786207.2563166812,5,"E07,E15,E21,E29,E34",8.015147599576336,[4431989.13959834 3099258.18947653 3370617.82653159 1786207.25631668],32.105825897800095,34.96545085063002,402.5590004650876,37.63074164773438,True,2026-03-22 07:05:39
2026-03-22 07:05:41.431996+00:00,4431970.318261474,3099392.211295801,3370555.3610589965,1786208.154001037,5,"E07,E15,E21,E29,E34",8.041903990406515,[4431981.15234783 3099306.12544908 3370593.82166065 1786208.15400104],32.10543006023121,34.966095487999915,404.88293540570885,37.53253576768011,True,2026-03-22 07:05:41
2026-03-22 07:05:51.431996+00:00,4431955.483188419,3099452.161649938,3370521.482777275,1786233.4165076283,5,"E07,E15,E21,E29,E34",4.259448957658332,[4431953.34194442 3099536.724887   3370481.90672939 1786233.41650763],32.10506488628092,34.96670603890553,405.68257959745824,7.044048783272222,True,2026-03-22 07:05:51
2026-03-22 07:05:57.431996+00:00,4431910.151166902,3099632.9898111876,3370425.0196604584,1786218.1375463314,5,"E07,E15,E21,E29,E34",7.491227268266443,[4431900.95060741 3099658.84774351 3370393.89534423 1786218.13754633],32.10400941507396,34.96855116435695,410.7351734014228,34.91421225301515,True,2026-03-22 07:05:57
2026-03-22 07:05:59.431996+00:00,4431894.850102667,3099694.9416142446,3370395.8669366613,1786225.0170274177,5,"E07,E15,E21,E29,E34",7.965492486341748,[4431895.81540295 3099708.68984452 3370377.93681958 1786225.01702742],32.10367665901946,34.969181899940565,414.6975503200665,35.078589529555636,True,2026-03-22 07:05:59
2026-03-22 07:06:01.431996+00:00,4431878.543956338,3099756.718598747,3370367.407506122,1786217.487790962,5,"E07,E15,E21,E29,E34",6.200071710065136,[4431873.03385655 3099754.73180116 3370354.81111939 1786217.48779096],32.10335362323097,34.96981721526286,418.2465908713639,34.972222580729465,True,2026-03-22 07:06:01
2026-03-22 07:06:03.431996+00:00,4431861.987523101,3099800.5876256977,3370347.661306347,1786225.757849564,5,"E07,E15,E21,E29,E34",8.283417807213771,[4431869.48280237 3099801.1242001  3370340.5663617  1786225.75784956],32.103147312577626,34.97029858259013,417.558694280684,25.438747083249485,True,2026-03-22 07:06:03
2026-03-22 07:06:07.431997+00:00,4431825.529175132,3099886.994243512,3370312.5505944174,1786230.6348701303,5,"E07,E15,E21,E29,E34",10.074686065875758,[4431839.80821537 3099894.8798604  3370312.24429604 1786230.63487013],32.10278495052343,34.97127006676189,415.5440255096182,24.947100736103838,True,2026-03-22 07:06:07
2026-03-22 07:06:09.431997+00:00,4431807.68877032,3099931.605388413,3370297.9632124375,1786229.717110915,5,"E07,E15,E21,E29,E34",9.973487841536787,[4431820.82789175 3099939.65931015 3370297.14656982 1786229.71711092],32.10262104434199,34.97176566698314,417.06798397377133,25.10590571090895,True,2026-03-22 07:06:09
2026-03-22 07:06:11.431997+00:00,4431786.811150215,3099975.4533174764,3370284.089513212,1786229.736575975,5,"E07,E15,E21,E29,E34",7.80355967068507,[4431801.78473821 3099985.67227861 3370280.76792471 1786229.73657598],32.102476611035314,34.9722730823484,416.4927947605029,25.253690000722585,True,2026-03-22 07:06:11
2026-03-22 07:06:15.431997+00:00,4431744.064676965,3100064.8732814547,3370260.599150806,1786217.7425584868,5,"E07,E15,E21,E29,E34",7.286384053072758,[4431740.6576194  3100052.89608832 3370248.62913903 1786217.74255849],32.10221941302092,34.97330889430211,417.75503769982606,25.661283997434122,True,2026-03-22 07:06:15
2026-03-22 07:06:17.431997+00:00,4431714.883308238,3100117.6003974793,3370250.284585062,1786213.5020813236,5,"E07,E15,E21,E29,E34",6.909984346025241,[4431712.59310475 3100093.14933814 3370233.43414245 1786213.50208132],32.1021103774711,34.973943806847046,417.6200172295794,30.56996610851645,True,2026-03-22 07:06:17
2026-03-22 07:06:19.431997+00:00,4431678.341396716,3100177.9605659377,3370240.424361008,1786227.9677880695,5,"E07,E15,E21,E29,E34",12.49409696003791,[4431704.70615449 3100149.57033743 3370240.95510335 1786227.96778807],32.10201274463288,34.97468967488208,416.3243125388399,35.622623613357995,True,2026-03-22 07:06:19
2026-03-22 07:06:21.431997+00:00,4431640.713871063,3100238.72087208,3370231.902375868,1786212.1644974686,5,"E07,E15,E21,E29,E34",7.889967657724164,[4431666.16158178 3100191.01706422 3370219.09695763 1786212.16449747],32.101928493486305,34.97544560760451,415.1813370892778,35.98704530817554,True,2026-03-22 07:06:21
2026-03-22 07:06:23.431997+00:00,4431601.317281639,3100298.754732014,3370224.8382141036,1786210.142949969,5,"E07,E15,E21,E29,E34",7.597423564263561,[4431642.85173605 3100242.31670544 3370217.886537   1786210.14294997],32.10186431572967,34.97620597641493,413.2332186968997,36.076508902050136,True,2026-03-22 07:06:23
2026-03-22 07:06:25.431997+00:00,4431562.695460716,3100360.1695380243,3370219.0078096865,1786220.3678191486,5,"E07,E15,E21,E29,E34",9.77183533581828,[4431629.45371712 3100297.15889959 3370225.3261281  1786220.36781915],32.10180272199744,34.97697362670192,413.149922513403,36.39167852800151,True,2026-03-22 07:06:25
2026-03-22 07:06:37.431996+00:00,4431484.438346849,3100484.2973090275,3370210.5182847413,1786174.3615649766,5,"E07,E15,E21,E29,E34",5.852123278738957,[4431437.84718864 3100558.84171344 3370200.56408328 1786174.36156498],32.10170415836923,34.97852634745723,414.5980846770108,36.73916907214586,True,2026-03-22 07:06:37
2026-03-22 07:06:39.431996+00:00,4431443.294995486,3100545.2759180884,3370207.263325177,1786166.9779981533,5,"E07,E15,E21,E29,E34",7.8305655509061065,[4431406.92510955 3100608.02267771 3370203.0621453  1786166.97799815],32.101673322767105,34.97930552226945,413.92395886126906,36.81630374624648,True,2026-03-22 07:06:39
2026-03-22 07:06:41.431996+00:00,4431403.117357101,3100605.946885204,3370204.745457826,1786148.9030376587,5,"E07,E15,E21,E29,E34",7.361637895970818,[4431368.42225456 3100646.04473788 3370203.78183145 1786148.90303766],32.101645166229,34.98007616127935,414.1632670480758,36.405866741812616,True,2026-03-22 07:06:41
2026-03-22 07:06:43.431996+00:00,4431362.700169855,3100665.599393848,3370202.7247515293,1786142.5252075496,5,"E07,E15,E21,E29,E34",6.556576064421868,[4431346.38114865 3100694.84704958 3370203.40473327 1786142.52520755],32.10162454128411,34.980839414469,414.00673124939203,36.04183009493832,True,2026-03-22 07:06:43
2026-03-22 07:06:45.431996+00:00,4431318.872611336,3100727.9777462482,3370200.8140834724,1786125.3749002286,5,"E07,E15,E21,E29,E34",7.0434480314249885,[4431311.17283712 3100736.13390839 3370198.56988074 1786125.37490023],32.10161065363642,34.98164704045367,412.86629392392933,38.12992389938823,True,2026-03-22 07:06:45
2026-03-22 07:06:47.431996+00:00,4431279.1260674875,3100786.1729230615,3370199.4407199947,1786110.2533788297,5,"E07,E15,E21,E29,E34",7.016682430488408,[4431281.24963449 3100775.3169991  3370197.62958724 1786110.25337883],32.101596334885485,34.982393570582616,412.8131322618574,35.24327056156546,True,2026-03-22 07:06:47
2026-03-22 07:06:49.431996+00:00,4431238.764296872,3100842.7253813166,3370199.1237587575,1786095.1169123445,5,"E07,E15,E21,E29,E34",5.803773260189475,[4431252.12928948 3100820.3350371  3370196.61531348 1786095.11691234],32.101597010206056,34.98312957892354,412.0973148345947,34.73957946770059,True,2026-03-22 07:06:49
2026-03-22 07:06:51.431996+00:00,4431199.477569097,3100899.365035542,3370199.14057273,1786076.703471502,5,"E07,E15,E21,E29,E34",4.989538761712949,[4431224.20755957 3100858.39770249 3370192.34022087 1786076.7034715 ],32.101595770452,34.98385981456031,412.348108317703,34.465554154541515,True,2026-03-22 07:06:51
2026-03-22 07:06:53.431996+00:00,4431161.284610501,3100956.3045999557,3370200.422248076,1786062.4488661701,5,"E07,E15,E21,E29,E34",5.978851744027052,[4431198.26267633 3100898.49430052 3370192.08652788 1786062.44886617],32.101599070102495,34.984586009638306,414.17660575918853,34.28723805463545,True,2026-03-22 07:06:53
2026-03-22 07:07:01.431996+00:00,4431082.868476345,3101065.9382782592,3370208.809600814,1786001.91835004,5,"E07,E15,E21,E29,E34",11.133025989426992,[4431096.43847053 3101068.14725146 3370203.58968698 1786001.91835004],32.10166978102203,34.98601388272195,417.4597264043987,33.58401551937913,True,2026-03-22 07:07:01
2026-03-22 07:07:07.431997+00:00,4431042.6887508035,3101119.0354778008,3370215.883106272,1785949.4800093526,5,"E07,E15,E21,E29,E34",6.508139494245178,[4430993.86771187 3101180.91875425 3370196.86918837 1785949.48000935],32.10173566862686,34.98671879638985,419.1231541913003,11.160142283846975,True,2026-03-22 07:07:07
2026-03-22 07:07:09.431997+00:00,4431001.778238938,3101170.7309026364,3370224.6617537956,1785949.325197655,5,"E07,E15,E21,E29,E34",4.652221208143158,[4430974.77110403 3101231.05887419 3370200.29525784 1785949.32519766],32.10182129829304,34.987415983446525,420.5053831981495,33.25338923462766,True,2026-03-22 07:07:09
2026-03-22 07:07:11.431997+00:00,4430960.0757802185,3101221.308546589,3370236.166743647,1785942.8994621604,5,"E07,E15,E21,E29,E34",5.471085250245029,[4430948.29970999 3101272.37994643 3370217.16057411 1785942.89946216],32.10193393056773,34.98810828078214,422.2445940114558,33.27746205228077,True,2026-03-22 07:07:11
2026-03-22 07:07:15.431997+00:00,4430874.738473129,3101314.8833601074,3370266.654934242,1785927.1849631506,5,"E07,E15,E21,E29,E34",7.883447621424938,[4430880.55110338 3101333.84096406 3370255.20970472 1785927.18496315],32.10224472470853,34.989438826690524,424.6759682819247,31.60151854871001,True,2026-03-22 07:07:15
2026-03-22 07:07:17.431997+00:00,4430833.3249770375,3101353.8899803534,3370285.254092518,1785912.922759883,5,"E07,E15,E21,E29,E34",7.926096299964255,[4430839.27265354 3101359.38619406 3370275.43814729 1785912.92275988],32.10244219858105,34.99002894793767,424.7671478074044,29.927089610186105,True,2026-03-22 07:07:17
2026-03-22 07:07:19.431997+00:00,4430798.313189988,3101385.606282036,3370306.4665326173,1785903.437453106,5,"E07,E15,E21,E29,E34",5.246521704545517,[4430802.11365896 3101388.98471029 3370294.19471    1785903.43745311],32.10265453272433,34.99051690872974,427.1490017240867,25.89264683160386,True,2026-03-22 07:07:19
2026-03-22 07:07:21.431997+00:00,4430750.46852316,3101423.5679970547,3370335.3685303032,1785894.5624856967,5,"E07,E15,E21,E29,E34",8.343401851139275,[4430765.48051366 3101414.75178598 3370324.18447561 1785894.5624857 ],32.10295882147247,34.9911370358465,427.7459321273491,33.7843507460488,True,2026-03-22 07:07:21
2026-03-22 07:07:23.431997+00:00,4430690.461411659,3101468.5768570188,3370371.025862122,1785877.500904423,5,"E07,E15,E21,E29,E34",7.062406565315917,[4430716.71148962 3101438.57905654 3370345.1538596  1785877.50090442],32.10334309148255,34.9918922180816,426.9166715191677,41.527389209966174,True,2026-03-22 07:07:23
2026-03-22 07:07:25.431997+00:00,4430631.715688384,3101514.8932737987,3370406.8076336314,1785879.1639436032,5,"E07,E15,E21,E29,E34",11.12758908860707,[4430690.19138216 3101472.55896867 3370383.95461368 1785879.1639436 ],32.103719761838455,34.992651091584506,427.66515946015716,41.462650779770776,True,2026-03-22 07:07:25
2026-03-22 07:07:27.431997+00:00,4430572.015324608,3101561.2772725853,3370441.578230414,1785861.0118538658,5,"E07,E15,E21,E29,E34",8.803239105760532,[4430640.89001352 3101497.22007417 3370402.42884847 1785861.01185387],32.1040922658437,34.99341635759409,427.24768883828074,41.60710029252305,True,2026-03-22 07:07:27
2026-03-22 07:07:29.431997+00:00,4430512.033424565,3101608.200242363,3370475.228209083,1785859.4077324842,5,"E07,E15,E21,E29,E34",9.765666626848699,[4430608.73805433 3101529.79807275 3370433.63209893 1785859.40773248],32.10445582939189,34.99418801805016,426.3021962540224,41.62905983213398,True,2026-03-22 07:07:29
2026-03-22 07:07:45.431996+00:00,4430393.891917744,3101706.6629737276,3370537.7478110134,1785785.7147314462,5,"E07,E15,E21,E29,E34",5.160087009138761,[4430288.22148349 3101767.47740604 3370609.39122412 1785785.71473145],32.105126584039034,34.99576035360749,425.38124094251543,41.5014991243469,True,2026-03-22 07:07:45
2026-03-22 07:07:47.431996+00:00,4430336.143300649,3101758.093029365,3370566.7096399297,1785791.7610328067,5,"E07,E15,E21,E29,E34",7.318020848115618,[4430268.22245066 3101812.59103982 3370629.78462602 1785791.76103281],32.105433166971665,34.9965575784202,425.68666650541127,41.2878339629877,True,2026-03-22 07:07:47
2026-03-22 07:07:51.431996+00:00,4430220.526738527,3101863.777222091,3370617.568001678,1785765.3761268652,5,"E07,E15,E21,E29,E34",7.056916284417101,[4430179.47175304 3101875.53886161 3370645.58791264 1785765.37612687],32.105985055808276,34.99817727773144,423.83484433125705,41.09613701337958,True,2026-03-22 07:07:51
2026-03-22 07:07:53.431996+00:00,4430159.192242071,3101924.3989107846,3370641.1901911106,1785768.4283742772,5,"E07,E15,E21,E29,E34",5.5446832763010825,[4430152.00949905 3101923.7454813  3370648.47999117 1785768.42837428],32.10623964860195,34.99907607694492,423.28301854338497,44.707151075633725,True,2026-03-22 07:07:53
2026-03-22 07:07:55.431996+00:00,4430105.307106618,3101984.205153663,3370658.414591308,1785761.6061873606,5,"E07,E15,E21,E29,E34",4.928114495373477,[4430116.02809853 3101963.08105998 3370657.61481567 1785761.60618736],32.10641836222928,34.999922537367816,424.1047816677019,41.16149436131084,True,2026-03-22 07:07:55
2026-03-22 07:08:01.431996+00:00,4429952.311371563,3102180.0782820936,3370691.241987456,1785749.4738073265,5,"E07,E15,E21,E29,E34",3.1625265001198417,[4430012.3739077  3102086.7668857  3370675.97230169 1785749.47380733],32.106731285715476,35.00255210526465,430.5633150311187,45.60974451217822,True,2026-03-22 07:08:01
2026-03-22 07:08:55.431996+00:00,4429049.3896333575,3103687.9873307976,3370604.0713898125,1785732.3176143814,5,"E07,E15,E21,E29,E34",6.7501841311948745,[4429229.22076379 3103185.46451254 3370851.0111117  1785732.31761438],32.10546333293716,35.02112459516193,490.65260049980134,58.46170690795612,True,2026-03-22 07:08:55
2026-03-22 07:09:41.431996+00:00,4428951.401554807,3103888.698764001,3370559.898269767,1785787.3788119801,5,"E07,E15,E21,E29,E34",3.738241293380635,[4428707.60263664 3104247.5023806  3370571.49693258 1785787.37881198],32.10495846269317,35.02346168269734,496.77415230404586,4.9495568671415295,True,2026-03-22 07:09:41
2026-03-22 07:09:57.431996+00:00,4428858.98470929,3104082.746408738,3370511.7147335173,1785858.6548508527,5,"E07,E15,E21,E29,E34",2.425092414991704,[4428601.17803075 3104650.2805981  3370377.86660836 1785858.65485085],32.10441938212651,35.02570705432557,501.39723821915686,13.76661140463099,True,2026-03-22 07:09:57
2026-03-22 07:09:59.431996+00:00,4428771.434217424,3104269.585899477,3370459.257308423,1785860.2341728932,5,"E07,E15,E21,E29,E34",4.711491553707044,[4428577.43279132 3104689.83881614 3370344.53874295 1785860.23417289],32.10384834679725,35.02786027464426,503.62746163178235,106.44936046419049,True,2026-03-22 07:09:59
2026-03-22 07:10:01.431996+00:00,4428690.961137785,3104452.1577827004,3370405.7497386974,1785868.339189749,5,"E07,E15,E21,E29,E34",3.8975492866443027,[4428559.5325958  3104733.90989385 3370318.06354695 1785868.33918975],32.103253220167716,35.02993340901264,508.14082581177354,103.28536816555356,True,2026-03-22 07:10:01
2026-03-22 07:10:03.431996+00:00,4428602.656161947,3104656.792966448,3370345.2245185077,1785879.9174451795,5,"E07,E15,E21,E29,E34",3.214974625826144,[4428547.4856138  3104781.5883151  3370294.33428791 1785879.91744518],32.10257449455529,35.032245528393084,514.2275947313756,115.47362194890847,True,2026-03-22 07:10:03
2026-03-22 07:10:05.431997+00:00,4428520.132547076,3104855.1325187143,3370284.699298319,1785895.9441154476,5,"E07,E15,E21,E29,E34",4.801198559588163,[4428542.92847169 3104843.94146436 3370277.58738619 1785895.94411545],32.101890362392226,35.034467840627535,521.2712049148977,111.59298529883526,True,2026-03-22 07:10:05
2026-03-22 07:10:07.431997+00:00,4428481.363351858,3104960.106601444,3370244.810672322,1785906.8220144617,5,"E07,E15,E21,E29,E34",3.9440923221765773,[4428525.89672066 3104880.50955391 3370250.97668895 1785906.82201446],32.10144900468568,35.03561416983368,524.2320715812966,59.400570339686034,True,2026-03-22 07:10:07
2026-03-22 07:10:09.431997+00:00,4428449.1317936145,3105031.7085361066,3370222.524803072,1785910.6174326749,5,"E07,E15,E21,E29,E34",2.920147489696047,[4428500.64751654 3104911.08962262 3370221.46779266 1785910.61743267],32.10120825619776,35.036431261866085,524.8542840601876,40.81167223494774,True,2026-03-22 07:10:09
2026-03-22 07:10:11.431997+00:00,4428417.940421958,3105104.157366225,3370204.4716402176,1785931.820853232,5,"E07,E15,E21,E29,E34",4.393781901448052,[4428501.11129645 3104974.01570262 3370209.91620172 1785931.82085323],32.10099342369938,35.037249368972226,528.8602024363354,40.458779456272396,True,2026-03-22 07:10:11
2026-03-22 07:10:27.431997+00:00,4428385.239603955,3105175.7492058296,3370189.74901657,1786026.7877977116,5,"E07,E15,E21,E29,E34",2.1878275664392097,[4428336.18134397 3105326.58177108 3370125.37510776 1786026.78779771],32.10081230707428,35.038069218358935,533.1732925586402,5.004486519578648,True,2026-03-22 07:10:27
2026-03-22 07:10:29.431997+00:00,4428351.2857690435,3105246.335995183,3370178.7646541777,1786043.1026368719,5,"E07,E15,E21,E29,E34",3.787066074920959,[4428321.46100021 3105367.19958747 3370123.66683674 1786043.10263687],32.10066742197469,35.038887966976745,538.1160381045192,39.547483970497396,True,2026-03-22 07:10:29
2026-03-22 07:10:31.431997+00:00,4428305.389801285,3105322.765147881,3370175.2873656703,1786046.4555848583,5,"E07,E15,E21,E29,E34",2.671637421139201,[4428281.14148924 3105402.21729063 3370121.26399562 1786046.45558486],32.10061065559507,35.03983001929373,541.6077841585502,44.60926690163233,True,2026-03-22 07:10:31
2026-03-22 07:10:33.431996+00:00,4428256.382565458,3105400.325044209,3370176.6355501506,1786054.996195228,5,"E07,E15,E21,E29,E34",3.444732220653977,[4428246.63089008 3105437.90187939 3370132.72204662 1786054.99619523],32.10059983801002,35.0408008004827,546.0571507597342,45.87775251217286,True,2026-03-22 07:10:33
2026-03-22 07:10:35.431996+00:00,4428204.9689409435,3105479.5600497006,3370183.072680259,1786078.7681712976,5,"E07,E15,E21,E29,E34",5.141895951045842,[4428234.3277031  3105486.77594743 3370145.95395155 1786078.7681713 ],32.10063271788877,35.041800745475605,552.357915927656,47.3365174178699,True,2026-03-22 07:10:35
2026-03-22 07:10:37.431996+00:00,4428151.129849606,3105556.712590116,3370192.4629727337,1786088.9817173474,5,"E07,E15,E21,E29,E34",4.4205260199909,[4428199.82359778 3105521.42012951 3370156.11468683 1786088.98171735],32.100703393391214,35.04279738100016,557.5343055306002,47.27404108321818,True,2026-03-22 07:10:37
2026-03-22 07:10:39.431996+00:00,4428107.833983875,3105604.5166893587,3370209.982639022,1786103.8637748982,5,"E07,E15,E21,E29,E34",6.032969045819966,[4428173.99342977 3105558.04299798 3370173.5063016  1786103.8637749 ],32.10087554750297,35.043475344815555,560.0688644265756,33.416697176291024,True,2026-03-22 07:10:39
2026-03-22 07:10:47.431996+00:00,4428063.034075997,3105652.478684956,3370228.132034834,1786141.376562081,5,"E07,E15,E21,E29,E34",3.2724178130342105,[4428038.07282635 3105684.66214403 3370239.33721261 1786141.37656208],32.101057974280074,35.04416382894333,561.9724611807615,8.51174311604524,True,2026-03-22 07:10:47
2026-03-22 07:10:53.431996+00:00,4427966.35613474,3105768.763999288,3370264.4308264595,1786164.7381838881,5,"E07,E15,E21,E29,E34",3.655383323362842,[4427935.56142678 3105782.67468302 3370292.27622386 1786164.73818389],32.101394557039235,35.04576045191002,570.7774335248396,43.64040720248041,True,2026-03-22 07:10:53
2026-03-22 07:10:55.431996+00:00,4427911.462541495,3105834.818640022,3370281.377321823,1786178.0288340403,5,"E07,E15,E21,E29,E34",5.463784143141761,[4427908.41751183 3105822.69364719 3370313.20941893 1786178.02883404],32.10155759476658,35.04666725826305,573.8451111353934,43.77129723597926,True,2026-03-22 07:10:55
2026-03-22 07:10:57.431996+00:00,4427855.743259098,3105906.7796492535,3370295.8156260075,1786176.4319381113,5,"E07,E15,E21,E29,E34",4.084846640852961,[4427859.92682092 3105852.42686275 3370325.43837578 1786176.43193811],32.10168845281791,35.04763031390826,577.8816470466554,46.0746402812021,True,2026-03-22 07:10:57
2026-03-22 07:10:59.431996+00:00,4427800.176941786,3105979.560660179,3370307.705570938,1786186.7892316063,5,"E07,E15,E21,E29,E34",2.4829883851911805,[4427828.66201355 3105894.78153904 3370334.59335598 1786186.78923161],32.10179698096914,35.04859955202394,581.0702330470085,46.16833861377701,True,2026-03-22 07:10:59
2026-03-22 07:11:01.431996+00:00,4427755.457328733,3106045.3477185844,3370313.066990817,1786201.9232354735,5,"E07,E15,E21,E29,E34",1.3671225224001389,[4427803.60616583 3105947.45608644 3370338.67074909 1786201.92323547],32.10183232876335,35.04944214855664,584.9103678353131,39.86391121170353,True,2026-03-22 07:11:01
2026-03-22 07:11:11.431997+00:00,4427693.161859986,3106145.920044555,3370305.8404011894,1786226.609662078,5,"E07,E15,E21,E29,E34",21.350055049273628,[4427660.70885967 3106171.80154124 3370344.96335122 1786226.60966208],32.10174473595141,35.05069334349809,586.7961279610172,11.852315792951742,True,2026-03-22 07:11:11
2026-03-22 07:11:13.431997+00:00,4427633.405012395,3106246.0484455894,3370294.8258107663,1786225.6949820241,5,"E07,E15,E21,E29,E34",3.490443840428308,[4427630.49817742 3106213.37699551 3370332.36540055 1786225.69498202],32.101619459089925,35.05192524041964,588.2155380286276,58.56171686764964,True,2026-03-22 07:11:13
2026-03-22 07:11:17.431997+00:00,4427571.829472402,3106345.038028687,3370280.097244883,1786234.2334547795,5,"E07,E15,E21,E29,E34",3.622731888840222,[4427586.91149141 3106312.99123106 3370314.93603285 1786234.23345478],32.10147606941223,35.053158322890255,585.848161270842,29.376239697480965,True,2026-03-22 07:11:17
2026-03-22 07:11:19.431997+00:00,4427513.299840399,3106447.444820112,3370263.9060626402,1786237.0166309236,5,"E07,E15,E21,E29,E34",3.950018123491855,[4427562.76393933 3106358.63411815 3370304.29569583 1786237.01663092],32.101300142085876,35.054402503556176,586.4804817987606,59.529453077563936,True,2026-03-22 07:11:19
2026-03-22 07:11:21.431997+00:00,4427455.655277305,3106551.5346198324,3370246.400633959,1786244.5526171022,5,"E07,E15,E21,E29,E34",3.5216402678252683,[4427546.15708277 3106408.31978649 3370298.31283128 1786244.5526171 ],32.10110605959495,35.05565588854173,587.8492348017171,60.13323143945002,True,2026-03-22 07:11:21
2026-03-22 07:11:39.431996+00:00,4427397.503289602,3106654.9912226424,3370227.653921415,1786234.3567443104,5,"E07,E15,E21,E29,E34",5.435737408941024,[4427301.56697035 3106839.9639992  3370186.31423233 1786234.35674431],32.1009062162893,35.05690686442148,587.9006590088829,6.675078760827619,True,2026-03-22 07:11:39
2026-03-22 07:11:41.431996+00:00,4427349.271259356,3106742.2827839092,3370207.3786705877,1786234.0278619984,5,"E07,E15,E21,E29,E34",1.1265476644057315,[4427278.23610328 3106884.0870944  3370171.1157292  1786234.027862  ],32.10070026772793,35.057957298483835,586.1550779100507,50.88524149034724,True,2026-03-22 07:11:41
2026-03-22 07:11:43.431996+00:00,4427301.947731421,3106830.996425395,3370186.1878027637,1786223.227580497,5,"E07,E15,E21,E29,E34",2.951981600210263,[4427231.08657191 3106911.57906126 3370151.19519422 1786223.2275805 ],32.1004798384656,35.059014531447176,585.2465115059167,51.377717351476846,True,2026-03-22 07:11:43
2026-03-22 07:11:45.431996+00:00,4427257.174417761,3106915.93152255,3370165.927357644,1786228.533740042,5,"E07,E15,E21,E29,E34",3.1912830448016742,[4427216.10086888 3106978.90156843 3370147.33537111 1786228.53374004],32.100266905449196,35.06002347660357,584.7636768687516,49.06400406948563,True,2026-03-22 07:11:45
2026-03-22 07:11:47.431996+00:00,4427204.419761527,3107018.8905248004,3370141.926258135,1786225.7086919819,5,"E07,E15,E21,E29,E34",4.424922249258109,[4427194.57181953 3107039.76933597 3370139.80568505 1786225.70869198],32.10000708238039,35.06123727269811,585.5312447305769,59.07550820001902,True,2026-03-22 07:11:47
2026-03-22 07:11:49.431996+00:00,4427151.87738333,3107121.6334584337,3370117.9752702964,1786219.7444330722,5,"E07,E15,E21,E29,E34",2.7741397457588333,[4427163.93430108 3107085.47871735 3370126.15156257 1786219.74443307],32.099747392706455,35.06244789629947,586.3696717880666,58.92890151839827,True,2026-03-22 07:11:49
2026-03-22 07:11:51.431996+00:00,4427119.358931677,3107189.5490246355,3370103.1408080743,1786208.1788195025,5,"E07,E15,E21,E29,E34",2.799079931672077,[4427130.15652697 3107132.00871517 3370109.33764145 1786208.1788195 ],32.09957466566738,35.06323467436284,588.9899663319811,38.37328204560397,True,2026-03-22 07:11:51
2026-03-22 07:11:53.431996+00:00,4427086.701707938,3107257.165043546,3370088.4075996806,1786206.0711976732,5,"E07,E15,E21,E29,E34",3.950408583468961,[4427109.93937014 3107189.22705185 3370099.26585449 1786206.07119767],32.0994040761823,35.06401969606863,591.4229857493192,38.26057927308804,True,2026-03-22 07:11:53
2026-03-22 07:11:55.431996+00:00,4427056.651053294,3107326.184941445,3370074.240923054,1786205.0401821497,5,"E07,E15,E21,E29,E34",3.8720514258715375,[4427094.40504114 3107247.27729977 3370092.07113653 1786205.04018215],32.09922372206889,35.06480102356299,596.6485424842685,38.29974829286855,True,2026-03-22 07:11:55
2026-03-22 07:12:05.431997+00:00,4427026.205105025,3107393.3968070615,3370059.551052848,1786171.8555074849,5,"E07,E15,E21,E29,E34",3.5744360828905664,[4426982.46272075 3107491.18314291 3370040.28360124 1786171.85550748],32.09904589441151,35.06556907594733,600.4429637417197,7.523417973396809,True,2026-03-22 07:12:05
2026-03-22 07:12:07.431997+00:00,4426995.860143127,3107458.7128748223,3370044.211704671,1786171.2558279429,5,"E07,E15,E21,E29,E34",5.014095762057254,[4426968.1909226  3107538.49205646 3370034.85196504 1786171.25582794],32.098867923942315,35.06632007256817,603.0404879953712,36.81813759156005,True,2026-03-22 07:12:07
2026-03-22 07:12:09.431997+00:00,4426966.734994935,3107523.7460316014,3370029.500828298,1786159.9851099593,5,"E07,E15,E21,E29,E34",4.621567959295511,[4426943.86400218 3107587.03522742 3370023.13514789 1786159.98510996],32.09869074489353,35.06706118881024,606.6808954644948,36.37992448292197,True,2026-03-22 07:12:09
2026-03-22 07:12:11.431997+00:00,4426939.219108793,3107588.5677413587,3370015.4517488745,1786147.7724081357,5,"E07,E15,E21,E29,E34",3.83200035871405,[4426919.00664213 3107627.86330242 3370009.05043688 1786147.77240814],32.098512888038385,35.06779067374055,611.68667261675,35.90388098334457,True,2026-03-22 07:12:11
2026-03-22 07:12:13.431997+00:00,4426904.655584269,3107671.314807373,3369997.6280328287,1786139.0246571582,5,"E07,E15,E21,E29,E34",5.166376008042475,[4426900.52937082 3107670.79793816 3369995.36175132 1786139.02465716],32.098284483785356,35.068718462737436,618.525805702433,45.71487453549754,True,2026-03-22 07:12:13
2026-03-22 07:12:15.431997+00:00,4426862.036229539,3107769.0616365327,3369973.2154806424,1786129.9572488498,5,"E07,E15,E21,E29,E34",3.8858098499909373,[4426881.19543794 3107718.23209021 3369985.74679885 1786129.95724885],32.09799603896361,35.06982532313359,623.5807113209739,54.69649146114817,True,2026-03-22 07:12:15
2026-03-22 07:12:17.431997+00:00,4426827.841653532,3107848.5097316126,3369952.171268883,1786118.3274069475,5,"E07,E15,E21,E29,E34",4.21573979051196,[4426860.77723864 3107758.24608134 3369971.07285511 1786118.32740695],32.09775065546438,35.07072225099896,627.361454945989,44.50878477520128,True,2026-03-22 07:12:17
2026-03-22 07:12:19.431997+00:00,4426793.740746572,3107928.2496217494,3369930.8590072673,1786108.650960875,5,"E07,E15,E21,E29,E34",1.9025300042644653,[4426843.55767097 3107800.84344191 3369964.33192247 1786108.65096087],32.097502047638656,35.07162113262809,631.2079873122275,44.65292383972642,True,2026-03-22 07:12:19
2026-03-22 07:12:21.431997+00:00,4426759.412893776,3108007.000705566,3369909.2396310777,1786098.2656177015,5,"E07,E15,E21,E29,E34",0.4880149222942896,[4426827.48177941 3107845.04752251 3369954.79776779 1786098.2656177 ],32.097254700002125,35.07251281721106,634.253898830153,44.29314875535243,True,2026-03-22 07:12:21
2026-03-22 07:12:33.431996+00:00,4426726.2250641715,3108086.3254963737,3369887.8734887075,1786029.1378278127,5,"E07,E15,E21,E29,E34",6.065614328299057,[4426729.74060038 3108099.44477801 3369903.20497799 1786029.13782781],32.097003230850014,35.073402530573816,638.5052748005837,7.383525119192879,True,2026-03-22 07:12:33
2026-03-22 07:12:43.431996+00:00,4426690.359477104,3108169.1967837345,3369865.399897343,1785935.743001954,5,"E07,E15,E21,E29,E34",1.3657655359340388,[4426625.5921391  3108322.49242052 3369823.53306248 1785935.74300195],32.09674403174815,35.07433928307694,642.0393599933013,9.305403222519661,True,2026-03-22 07:12:43
2026-03-22 07:12:45.431996+00:00,4426654.418645835,3108251.593738088,3369842.5026270254,1785916.2832978794,5,"E07,E15,E21,E29,E34",2.418498904469272,[4426606.32238468 3108365.11218879 3369808.79727189 1785916.28329788],32.096483190566715,35.075272375219605,645.0665977746248,46.38234154028374,True,2026-03-22 07:12:45
2026-03-22 07:12:47.431996+00:00,4426618.938955969,3108334.855329458,3369820.0091636856,1785903.467458208,5,"E07,E15,E21,E29,E34",1.9875903563847135,[4426593.08094603 3108415.63084797 3369800.41708727 1785903.46745821],32.09622123860913,35.076210149611896,649.0503861866891,46.62954236173887,True,2026-03-22 07:12:47
2026-03-22 07:12:49.431996+00:00,4426582.773681254,3108418.44015682,3369796.7742945584,1785878.883058408,5,"E07,E15,E21,E29,E34",3.4771812506521256,[4426566.25762143 3108453.2971494  3369785.32200981 1785878.88305841],32.09595541463561,35.077154893022424,652.3236487647519,46.995238066538505,True,2026-03-22 07:12:49
2026-03-22 07:12:51.431996+00:00,4426546.186890447,3108502.1452072468,3369773.2610043604,1785865.6955022763,5,"E07,E15,E21,E29,E34",2.5404601254524906,[4426553.94051648 3108500.4360013  3369774.0228708  1785865.69550228],32.09568877872736,35.078103238176105,655.2166571645066,47.16461476690392,True,2026-03-22 07:12:51
2026-03-22 07:12:55.431996+00:00,4426517.701426992,3108567.661630544,3369753.7501249346,1785820.5052680594,5,"E07,E15,E21,E29,E34",2.164543129224004,[4426506.00791308 3108582.38209913 3369748.15224631 1785820.50526806],32.0954710279985,35.078844588305856,656.9987204642966,18.514348769646887,True,2026-03-22 07:12:55
2026-03-22 07:12:57.431996+00:00,4426496.08070007,3108616.2666579257,3369739.583743218,1785799.6262284978,5,"E07,E15,E21,E29,E34",1.822707566319691,[4426485.84629397 3108624.59858809 3369733.87682535 1785799.6262285 ],32.09531374974066,35.07939754641606,658.1467686155811,27.525401406644875,True,2026-03-22 07:12:57
2026-03-22 07:12:59.431996+00:00,4426465.930072327,3108688.37451455,3369720.4882715405,1785782.7365444729,5,"E07,E15,E21,E29,E34",2.733465100446376,[4426470.50065013 3108674.12358641 3369723.64475837 1785782.73654447],32.09508754400402,35.08020616456758,662.2058995459229,40.228225100043595,True,2026-03-22 07:12:59
2026-03-22 07:13:01.431996+00:00,4426435.097641626,3108760.211448313,3369701.017127687,1785757.6173821874,5,"E07,E15,E21,E29,E34",1.9458426142183458,[4426445.7396491  3108720.2765429  3369708.74836207 1785757.61738219],32.09486188273881,35.08101658001838,665.4618519721553,40.281227880925144,True,2026-03-22 07:13:01
2026-03-22 07:13:03.431996+00:00,4426405.11200803,3108832.9972042944,3369682.0245102197,1785735.0395295324,5,"E07,E15,E21,E29,E34",2.1582583890785703,[4426425.02708052 3108765.8030772  3369696.15157561 1785735.03952953],32.094633939375804,35.081830059944274,670.0221165455878,40.489578950090376,True,2026-03-22 07:13:03
2026-03-22 07:13:05.431997+00:00,4426373.771137158,3108905.667265683,3369662.5062604444,1785720.245519865,5,"E07,E15,E21,E29,E34",3.35415554689749,[4426416.40050239 3108820.12543427 3369688.5853043  1785720.24551987],32.09440760760736,35.08265078268114,673.3082594852895,40.75580768222511,True,2026-03-22 07:13:05
2026-03-22 07:13:07.431997+00:00,4426344.90762319,3108975.264159232,3369644.0056162234,1785693.3842835848,5,"E07,E15,E21,E29,E34",2.8522245195815428,[4426387.76414295 3108857.14772173 3369667.7028636  1785693.38428358],32.0941877943744,35.08342977953936,677.3571357009932,38.79144192613628,True,2026-03-22 07:13:07
2026-03-22 07:13:19.431997+00:00,4426314.557673586,3109049.8124426734,3369625.263674723,1785550.050710684,5,"E07,E15,E21,E29,E34",3.006824474716822,[4426274.66547951 3109158.29861165 3369598.74708344 1785550.05071068],32.09395832613596,35.08426073974253,682.6593087892979,6.886896967092578,True,2026-03-22 07:13:19
2026-03-22 07:13:21.431997+00:00,4426282.424734771,3109123.4895747374,3369605.3411431457,1785524.7162546376,5,"E07,E15,E21,E29,E34",2.3763206569319344,[4426253.92420832 3109205.83711937 3369586.23450488 1785524.71625464],32.09372922301165,35.085094999101564,685.6750320987776,41.40577499115512,True,2026-03-22 07:13:21
2026-03-22 07:13:23.431997+00:00,4426251.225479606,3109198.257469796,3369586.4757002885,1785499.2069861812,5,"E07,E15,E21,E29,E34",3.7733102702943793,[4426236.41565186 3109253.94046519 3369576.40321767 1785499.20698618],32.09350152582197,35.08593302308893,690.431892936118,41.59187597536414,True,2026-03-22 07:13:23
2026-03-22 07:13:25.431997+00:00,4426218.827215534,3109272.3914944623,3369567.565457536,1785468.1161677958,5,"E07,E15,E21,E29,E34",1.702661374723222,[4426209.1909369  3109299.80667658 3369559.32212327 1785468.1161678 ],32.093279927108554,35.08677284793231,694.0261568743736,41.542443383360464,True,2026-03-22 07:13:25
2026-03-22 07:13:27.431997+00:00,4426184.131216151,3109345.092028485,3369548.1530953287,1785441.0809195682,5,"E07,E15,E21,E29,E34",1.0718441267003993,[4426188.50925944 3109347.94792817 3369544.64515988 1785441.08091957],32.0930674423697,35.087614233485084,695.0637753102928,41.430724791088956,True,2026-03-22 07:13:27
2026-03-22 07:13:31.431997+00:00,4426148.956552484,3109417.9318054635,3369529.829022772,1785388.2645350103,5,"E07,E15,E21,E29,E34",0.4620949333827854,[4426151.99684831 3109444.62970595 3369527.71546885 1785388.26453501],32.09286475867139,35.08845973626763,696.4166590943933,20.734424439469255,True,2026-03-22 07:13:31
2026-03-22 07:13:33.431996+00:00,4426120.147210616,3109474.249137942,3369517.393809253,1785346.8848737404,5,"E07,E15,E21,E29,E34",3.5172765118413785,[4426117.03832317 3109484.57203911 3369504.49691102 1785346.88487374],32.092727605000206,35.089123272772085,697.26531890966,32.234526551253914,True,2026-03-22 07:13:33
2026-03-22 07:13:35.431996+00:00,4426089.968111452,3109529.8308342393,3369505.6242886647,1785324.14484631,5,"E07,E15,E21,E29,E34",0.8645460773254737,[4426102.54784228 3109542.72338855 3369501.22849064 1785324.14484631],32.09260292858316,35.0897887717946,697.1605018861592,32.16607142814452,True,2026-03-22 07:13:35
2026-03-22 07:13:41.431996+00:00,4425980.719047017,3109714.1773628113,3369477.1053551664,1785215.714086628,5,"E07,E15,E21,E29,E34",1.0061777892008494,[4426000.84284262 3109658.3852685  3369461.95973472 1785215.71408663],32.09230561708965,35.09205175104096,696.0588260460645,37.99053384554954,True,2026-03-22 07:13:41
2026-03-22 07:13:45.431996+00:00,4425941.548339883,3109773.8000980946,3369470.580996267,1785170.9128069747,5,"E07,E15,E21,E29,E34",1.277859507222915,[4425957.76271896 3109777.78926892 3369466.13806547 1785170.91280697],32.092245109920384,35.09280702050224,694.4787799445912,17.90911450758621,True,2026-03-22 07:13:45
2026-03-22 07:13:47.431996+00:00,4425902.042271566,3109833.927238856,3369466.2421660307,1785137.3265316451,5,"E07,E15,E21,E29,E34",0.6657158152591077,[4425921.95411751 3109817.23577863 3369452.56939365 1785137.32653165],32.092201219271374,35.093568703106996,694.0738813448697,36.03757739443724,True,2026-03-22 07:13:47
2026-03-22 07:13:51.431996+00:00,4425857.73152918,3109897.3671893864,3369462.6134799537,1785088.6520161717,5,"E07,E15,E21,E29,E34",1.164692252728584,[4425855.90073818 3109915.65069059 3369450.55155311 1785088.65201617],32.09217245766382,35.09438835521543,692.3301604008302,19.366912145327763,True,2026-03-22 07:13:51
2026-03-22 07:13:53.431996+00:00,4425812.321468575,3109961.14317161,3369460.5547879804,1785064.6278380314,5,"E07,E15,E21,E29,E34",4.346909162475528,[4425820.04535693 3109956.06104231 3369446.97727218 1785064.62783803],32.09215906772868,35.095217614198106,690.8231473378837,39.15893169303748,True,2026-03-22 07:13:53
2026-03-22 07:13:57.431996+00:00,4425767.307841779,3110026.448678763,3369459.7232369483,1785031.828537498,5,"E07,E15,E21,E29,E34",4.879987229311649,[4425756.43004432 3110057.79515133 3369456.76977842 1785031.8285375 ],32.09214928003156,35.0960577146148,690.9888692880049,19.830102336807574,True,2026-03-22 07:13:57
2026-03-22 07:13:59.431996+00:00,4425715.451315,3110100.6863599895,3369460.0210852134,1785010.461596692,5,"E07,E15,E21,E29,E34",0.8146726192643673,[4425721.11906984 3110100.47979408 3369455.94752096 1785010.46159669],32.09215033288726,35.09701689842971,691.3632989637554,45.27808906368201,True,2026-03-22 07:13:59
2026-03-22 07:14:01.431996+00:00,4425657.586293428,3110176.5062116133,3369460.698781729,1784994.716632173,5,"E07,E15,E21,E29,E34",0.5531630285707757,[4425682.47157168 3110145.97058747 3369455.35735569 1784994.71663217],32.0921734727132,35.098026387139804,688.5467398613691,47.690328931299064,True,2026-03-22 07:14:01
2026-03-22 07:14:05.431997+00:00,4425600.083036323,3110253.09979813,3369462.167577703,1784965.0596123962,5,"E07,E15,E21,E29,E34",2.6438234910465126,[4425615.12967603 3110240.56284439 3369465.49329362 1784965.0596124 ],32.0921990986639,35.099040379242616,686.7795647466555,23.947018143058777,True,2026-03-22 07:14:05
2026-03-22 07:14:07.431997+00:00,4425545.691068946,3110325.106355699,3369463.7220005575,1784947.2743944116,5,"E07,E15,E21,E29,E34",5.125132627028563,[4425569.13550907 3110282.81315299 3369461.3129438  1784947.27439441],32.09222581169774,35.099995671396115,684.9813194554299,45.12717218717067,True,2026-03-22 07:14:07
2026-03-22 07:14:09.431997+00:00,4425490.487260901,3110396.8794519636,3369465.3409510027,1784942.0781779478,5,"E07,E15,E21,E29,E34",2.2909731616883233,[4425539.59461442 3110338.1918872  3369465.90225868 1784942.07817795],32.09225683554572,35.100953886198255,682.542195096612,45.280952868319595,True,2026-03-22 07:14:09
2026-03-22 07:14:21.431997+00:00,4425384.751405226,3110528.1131981835,3369470.3834512588,1784874.4358196985,5,"E07,E15,E21,E29,E34",2.1528053035270975,[4425321.24748167 3110611.80763678 3369472.92653412 1784874.4358197 ],32.09234825599475,35.102735167123484,675.8662756150588,42.18267828097324,True,2026-03-22 07:14:21
2026-03-22 07:14:25.431997+00:00,4425282.955647632,3110654.3611271856,3369478.1246201517,1784842.053481324,5,"E07,E15,E21,E29,E34",4.1023711511627665,[4425257.58909704 3110707.72282385 3369473.16581059 1784842.05348132],32.09245856079948,35.10444924976149,670.9303579488769,39.20829854852602,True,2026-03-22 07:14:25
2026-03-22 07:14:27.431997+00:00,4425230.921185969,3110718.2195032616,3369484.19374197,1784812.4470335753,5,"E07,E15,E21,E29,E34",3.230089334013425,[4425212.80346843 3110745.56510122 3369467.45906765 1784812.44703358],32.092532930916406,35.10531958112124,669.2020630734041,41.29864294132881,True,2026-03-22 07:14:27
2026-03-22 07:14:29.431997+00:00,4425178.095416495,3110780.3905175286,3369491.8252428253,1784793.5348934995,5,"E07,E15,E21,E29,E34",1.5822969147568922,[4425179.37147073 3110782.36261605 3369482.28134672 1784793.5348935 ],32.09262698061644,35.106180112917166,666.9343694457784,40.9696129493815,True,2026-03-22 07:14:29
2026-03-22 07:14:31.431997+00:00,4425132.562422667,3110833.9142452967,3369501.000553228,1784763.6337391634,5,"E07,E15,E21,E29,E34",1.9902674912383727,[4425135.083231   3110819.48353778 3369484.49103274 1784763.63373916],32.09272806096987,35.10692128952507,666.3291760357097,35.43384428097813,True,2026-03-22 07:14:31
2026-03-22 07:14:35.431996+00:00,4425054.870572629,3110921.5114606153,3369524.677222565,1784727.957224071,5,"E07,E15,E21,E29,E34",0.05241020270895894,[4425073.53753245 3110910.34592133 3369507.32670912 1784727.95722407],32.09297207087401,35.10815363230818,667.7429879968986,29.754081703608353,True,2026-03-22 07:14:35
2026-03-22 07:14:39.431996+00:00,4425014.962708532,3110963.139384954,3369538.5560360625,1784674.7255828478,5,"E07,E15,E21,E29,E34",0.39035726337550347,[4424996.75643079 3110985.25528982 3369532.25363363 1784674.72558285],32.09311980168306,35.10875746582259,667.7412057453766,14.828484341077237,True,2026-03-22 07:14:39
2026-03-22 07:14:41.431996+00:00,4424976.3018528335,3111004.037464586,3369555.447505379,1784647.5400855993,5,"E07,E15,E21,E29,E34",0.5400382061090143,[4424958.5111502  3111022.07304414 3369549.84876808 1784647.5400856 ],32.09328766758384,35.10934738013838,669.8492122329772,29.37956950252965,True,2026-03-22 07:14:41
2026-03-22 07:14:45.431996+00:00,4424897.082276002,3111083.386625144,3369593.3097184286,1784602.690951586,5,"E07,E15,E21,E29,E34",1.5878930366920738,[4424900.60508168 3111105.44849073 3369590.83685356 1784602.69095159],32.09366873348981,35.11051757299021,673.7265770724043,29.567280176054243,True,2026-03-22 07:14:45
2026-03-22 07:14:47.431996+00:00,4424857.368768689,3111121.480495461,3369614.361603113,1784566.8236189766,5,"E07,E15,E21,E29,E34",3.0860925985170407,[4424855.45033894 3111129.69374487 3369611.94743967 1784566.82361898],32.0938802252362,35.11108960750496,675.9507612604648,29.459665084260767,True,2026-03-22 07:14:47
2026-03-22 07:14:49.431996+00:00,4424818.064189466,3111158.672862305,3369637.0361509784,1784541.888858283,5,"E07,E15,E21,E29,E34",0.8631595575525751,[4424818.60259197 3111165.62999157 3369625.71312083 1784541.88885828],32.09410499144096,35.11165134133528,678.8817453105003,29.335376341136996,True,2026-03-22 07:14:49
2026-03-22 07:14:51.431996+00:00,4424780.6353593785,3111191.1113247764,3369659.092662585,1784519.2793565071,5,"E07,E15,E21,E29,E34",3.5611212577659215,[4424787.53405575 3111195.44397718 3369658.97197307 1784519.27935651],32.09433078250653,35.11216045682565,680.4683431815356,27.109319769528476,True,2026-03-22 07:14:51
2026-03-22 07:14:53.431996+00:00,4424742.410005851,3111224.576914406,3369683.2295120736,1784489.1941217901,5,"E07,E15,E21,E29,E34",1.182780536342681,[4424742.7405143  3111224.01195929 3369679.30969074 1784489.19412179],32.09457275440382,35.112683327514766,683.109227870591,28.123437044619703,True,2026-03-22 07:14:53
2026-03-22 07:14:55.431996+00:00,4424702.543379216,3111258.6269067423,3369709.183162327,1784462.7029326719,5,"E07,E15,E21,E29,E34",3.009566855482829,[4424700.29884227 3111250.67496068 3369703.94703228 1784462.70293267],32.094833424355656,35.113221264222524,685.8632842646912,29.250392556254894,True,2026-03-22 07:14:55
2026-03-22 07:14:57.431996+00:00,4424660.998240831,3111291.1145654735,3369735.3783440148,1784442.4753678497,5,"E07,E15,E21,E29,E34",1.8036854542959992,[4424667.4618013  3111283.94730304 3369727.47960245 1784442.47536785],32.09510682059204,35.113755893080864,686.8216987904161,29.44331009300983,True,2026-03-22 07:14:57
2026-03-22 07:14:59.431996+00:00,4424620.132424857,3111324.129869468,3369761.8919552434,1784430.0033127326,5,"E07,E15,E21,E29,E34",2.3556960273738916,[4424641.18716099 3111319.46195661 3369756.74673563 1784430.00331273],32.095378530492546,35.114290957825986,688.6777291912585,29.42361633756205,True,2026-03-22 07:14:59
2026-03-22 07:15:01.431996+00:00,4424576.16260877,3111359.3910757094,3369791.478755073,1784397.1875204144,5,"E07,E15,E21,E29,E34",0.9762685843419316,[4424585.03929982 3111342.07837701 3369774.87526131 1784397.18752041],32.095679689265424,35.11486439860254,691.11061881762,31.827959864190642,True,2026-03-22 07:15:01
2026-03-22 07:15:07.431997+00:00,4424487.421320126,3111429.463804682,3369849.6491720127,1784360.371709582,5,"E07,E15,E21,E29,E34",2.8098924663621276,[4424491.02522296 3111438.31068313 3369855.83296361 1784360.37170958],32.09627871623479,35.11601227847239,694.670610807836,31.76511348569211,True,2026-03-22 07:15:07
2026-03-22 07:15:09.431997+00:00,4424443.807398928,3111464.9026302267,3369878.5898450585,1784336.8566342953,5,"E07,E15,E21,E29,E34",2.2607657681959252,[4424443.60855945 3111462.81273676 3369878.98385213 1784336.8566343 ],32.096573046543284,35.116585099734145,697.0952620189637,31.6055653114189,True,2026-03-22 07:15:09
2026-03-22 07:15:11.431997+00:00,4424399.802349168,3111499.7128221216,3369907.574635942,1784324.8606694846,5,"E07,E15,E21,E29,E34",2.1272852634152715,[4424405.92636321 3111492.86208881 3369903.5971632  1784324.86066948],32.09687097653214,35.11715486068403,698.9666002066806,31.576541794258635,True,2026-03-22 07:15:11
2026-03-22 07:15:15.431997+00:00,4424354.809588968,3111533.6905338913,3369936.082220755,1784302.8199392853,5,"E07,E15,E21,E29,E34",1.2252538049676425,[4424334.93461502 3111553.50326022 3369951.16791895 1784302.81993929],32.09717142396069,35.11772343058954,699.4948775889352,15.794610946856928,True,2026-03-22 07:15:15
2026-03-22 07:15:17.431997+00:00,4424311.544865679,3111568.0083321887,3369965.125200179,1784292.7493900717,5,"E07,E15,E21,E29,E34",2.223987594057763,[4424297.8844233  3111581.11126077 3369977.3610002  1784292.74939007],32.09746824873691,35.11828442068624,701.6714240424335,31.197124126492948,True,2026-03-22 07:15:17
2026-03-22 07:15:19.431997+00:00,4424269.177195416,3111600.3480594996,3369992.6717264433,1784281.349863518,5,"E07,E15,E21,E29,E34",2.0821365226511808,[4424256.23597169 3111609.14469439 3370000.79524995 1784281.34986352],32.09775557635677,35.11882280847097,702.7110194498673,29.998702285718487,True,2026-03-22 07:15:19
2026-03-22 07:15:21.431997+00:00,4424227.714307838,3111630.987196006,3370018.5469544237,1784273.6740651312,5,"E07,E15,E21,E29,E34",0.5305315602367173,[4424220.54570908 3111640.50204167 3370022.29443578 1784273.67406513],32.09803127653544,35.119340950992466,702.6612739982083,28.842048970052502,True,2026-03-22 07:15:21
2026-03-22 07:15:29.431997+00:00,4424073.371447182,3111749.3044318184,3370117.83077533,1784237.1268806898,5,"E07,E15,E21,E29,E34",1.5779793390795753,[4424071.9878885  3111745.93153049 3370118.36590137 1784237.12688069],32.099068424887314,35.12130668408365,706.1348739592358,26.007654007685563,True,2026-03-22 07:15:29
2026-03-22 07:15:31.431997+00:00,4424037.8291695295,3111777.89440594,3370141.9497938086,1784225.9844697644,5,"E07,E15,E21,E29,E34",0.03593862163581315,[4424034.93345962 3111775.34118471 3370140.4604714  1784225.98446976],32.09931314470973,35.12177100422442,708.2580469567329,25.799065745698755,True,2026-03-22 07:15:31
2026-03-22 07:15:33.431996+00:00,4424002.123005024,3111806.287332883,3370166.2098524855,1784211.4873625678,5,"E07,E15,E21,E29,E34",2.436131579400283,[4423994.34559943 3111804.26879395 3370157.95132848 1784211.48736257],32.09956012550682,35.12223461804414,710.2469943379983,25.83428729768631,True,2026-03-22 07:15:33
2026-03-22 07:15:37.431996+00:00,4423926.648686671,3111861.9895633548,3370213.7246245737,1784192.8519367715,5,"E07,E15,E21,E29,E34",1.1843565444829187,[4423932.6950317  3111864.00175325 3370217.19833019 1784192.85193677],32.10006530915584,35.12317721968346,710.3493163986132,26.416872202170545,True,2026-03-22 07:15:37
2026-03-22 07:15:39.431996+00:00,4423889.589154325,3111890.0260368404,3370238.6490015476,1784176.6795069308,5,"E07,E15,E21,E29,E34",2.6522424952322736,[4423894.02154707 3111889.3731197  3370240.50747642 1784176.67950693],32.1003236456562,35.12364600044874,711.5811178311706,26.366064129376433,True,2026-03-22 07:15:39
2026-03-22 07:15:41.431996+00:00,4423852.7493567765,3111918.3857324985,3370263.541093087,1784165.1864225408,5,"E07,E15,E21,E29,E34",3.5888706623280178,[4423865.2709175  3111923.63440973 3370266.10445322 1784165.18642254],32.1005799814201,35.12411624491157,713.1059792181477,26.36787459421031,True,2026-03-22 07:15:41
2026-03-22 07:15:43.431996+00:00,4423814.968212412,3111945.938686682,3370288.363576035,1784149.682850358,5,"E07,E15,E21,E29,E34",4.269061674338746,[4423827.77789953 3111952.82423805 3370289.15508122 1784149.68285036],32.1008416970823,35.12458523938004,713.5488671250641,26.470435458527646,True,2026-03-22 07:15:43
2026-03-22 07:15:45.431996+00:00,4423778.017727235,3111972.914307378,3370314.4573449995,1784118.039916483,5,"E07,E15,E21,E29,E34",1.0934767887914456,[4423770.25696296 3111972.81942681 3370304.94906607 1784118.03991648],32.10111145781072,35.12504417150194,714.9619077835232,26.33394788812284,True,2026-03-22 07:15:45
2026-03-22 07:15:47.431996+00:00,4423740.846633965,3111999.5360899866,3370340.217345966,1784101.0100916806,5,"E07,E15,E21,E29,E34",4.401353995886414,[4423729.19858788 3111999.98130834 3370334.35589765 1784101.01009168],32.10138050745004,35.125501385022396,715.8727044379339,26.239222234754504,True,2026-03-22 07:15:47
2026-03-22 07:15:49.431996+00:00,4423703.410334888,3112025.521959525,3370365.472065549,1784085.6169792914,5,"E07,E15,E21,E29,E34",2.8698953261218776,[4423701.47248784 3112027.97536662 3370368.51618169 1784085.61697929],32.101648488498945,35.12595470791559,716.0217228168622,26.05063706265582,True,2026-03-22 07:15:49
2026-03-22 07:15:51.431996+00:00,4423665.984073649,3112051.190301384,3370390.8337849746,1784069.5721076566,5,"E07,E15,E21,E29,E34",3.1387338953247945,[4423666.75011546 3112057.88818273 3370392.17890829 1784069.57210766],32.10191812134499,35.12640522115478,716.0802184082568,25.99425713653839,True,2026-03-22 07:15:51
2026-03-22 07:15:53.431996+00:00,4423627.6657725135,3112075.732940693,3370416.094519645,1784040.1850153608,5,"E07,E15,E21,E29,E34",1.9302321770824744,[4423619.3408716  3112078.42368072 3370413.50778383 1784040.18501536],32.102193581140355,35.12685142108542,714.9187600743026,26.022769175590962,True,2026-03-22 07:15:53
2026-03-22 07:15:55.431996+00:00,4423589.70388157,3112099.8316727993,3370441.967519422,1784020.9158717575,5,"E07,E15,E21,E29,E34",0.5722949907755827,[4423587.8902625  3112101.00062161 3370444.98278709 1784020.91587176],32.10247354325446,35.127291605352326,714.1136666862294,25.938707420548212,True,2026-03-22 07:15:55
2026-03-22 07:15:57.431996+00:00,4423554.36609884,3112124.5504502673,3370469.0108674546,1784001.5846081781,5,"E07,E15,E21,E29,E34",0.028857287296233807,[4423554.63828958 3112126.97488229 3370470.93483997 1784001.58460818],32.1027504491729,35.127721169356775,716.0512109417468,25.451520193378006,True,2026-03-22 07:15:57
2026-03-22 07:15:59.431996+00:00,4423519.087057465,3112149.172423087,3370495.472987238,1783977.1020872393,5,"E07,E15,E21,E29,E34",0.8045655347679009,[4423520.89574185 3112149.84631817 3370495.0002456  1783977.10208724],32.10302295057447,35.12814953891321,717.6737829996273,25.25418821356274,True,2026-03-22 07:15:59
2026-03-22 07:16:03.431996+00:00,4423446.272073605,3112197.7826226978,3370546.8020601957,1783925.901563333,5,"E07,E15,E21,E29,E34",0.3311146599182138,[4423443.76960501 3112193.60344213 3370543.97253459 1783925.90156333],32.1035663572781,35.12901455165328,718.1998871741816,25.383198844136157,True,2026-03-22 07:16:03
2026-03-22 07:16:05.431997+00:00,4423410.428833682,3112223.003276447,3370572.3020921205,1783902.9997106213,5,"E07,E15,E21,E29,E34",1.4568183226935194,[4423410.19709914 3112217.91029122 3370573.75807877 1783902.99971062],32.1038320657159,35.12945155457986,719.2133015003055,25.352851322908734,True,2026-03-22 07:16:05
2026-03-22 07:16:07.431997+00:00,4423374.50457437,3112248.9937600926,3370597.234723568,1783879.5499945632,5,"E07,E15,E21,E29,E34",1.2355863811592258,[4423381.54135292 3112244.72597896 3370602.42589442 1783879.54999456],32.10409163331311,35.1298957235489,720.2446849299595,25.434689688424378,True,2026-03-22 07:16:07
2026-03-22 07:16:11.431997+00:00,4423301.505217635,3112302.729684685,3370646.002709943,1783815.9646049615,5,"E07,E15,E21,E29,E34",0.18410087635580888,[4423300.71691259 3112296.92003974 3370648.45253611 1783815.96460496],32.104602053270504,35.13080628893003,721.7836798019707,25.920157017224238,True,2026-03-22 07:16:11
2026-03-22 07:16:13.431997+00:00,4423265.169498234,3112330.5565686445,3370670.5205773013,1783786.674890474,5,"E07,E15,E21,E29,E34",0.8887531705664414,[4423266.54086825 3112323.65570533 3370676.86235641 1783786.67489047],32.104854996183285,35.13126888371118,723.2059642970562,25.96028599174972,True,2026-03-22 07:16:13
2026-03-22 07:16:15.431997+00:00,4423228.517130964,3112359.389912696,3370694.3930709735,1783751.2005049717,5,"E07,E15,E21,E29,E34",0.09624915298179292,[4423225.06523246 3112355.85087195 3370694.008135   1783751.20050497],32.10510147330384,35.13174213100229,724.5569148343056,26.194721366118774,True,2026-03-22 07:16:15
2026-03-22 07:16:17.431997+00:00,4423190.745306689,3112388.4727121233,3370717.133965462,1783721.0555408401,5,"E07,E15,E21,E29,E34",1.0828568485445158,[4423192.72341005 3112386.89594172 3370719.241733   1783721.05554084],32.10534300484512,35.13222436642677,724.6529627982527,26.408654896330518,True,2026-03-22 07:16:17
2026-03-22 07:16:19.431997+00:00,4423152.893921908,3112418.358972134,3370739.3821509033,1783689.9493195694,5,"E07,E15,E21,E29,E34",0.1804343026268926,[4423157.45289775 3112418.99773805 3370740.82388873 1783689.94931957],32.10557886716911,35.13271405041557,724.8241261718795,26.55606156194205,True,2026-03-22 07:16:19
2026-03-22 07:16:21.431997+00:00,4423115.031172304,3112448.663138548,3370761.5027642255,1783652.0931246232,5,"E07,E15,E21,E29,E34",0.25057179824689596,[4423115.0882096  3112448.91863293 3370761.55904697 1783652.09312462],32.10581264516277,35.13320742681805,725.1237732023001,26.651697147312145,True,2026-03-22 07:16:21
2026-03-22 07:16:23.431997+00:00,4423077.589883491,3112479.3791507203,3370783.7864652085,1783618.3888506247,5,"E07,E15,E21,E29,E34",2.0463454787322877,[4423082.63976002 3112477.8206037  3370789.18293104 1783618.38885062],32.106044879169325,35.133701804334734,726.003272083588,26.654675205563834,True,2026-03-22 07:16:23
2026-03-22 07:16:25.431997+00:00,4423039.753086603,3112510.190684585,3370805.468064079,1783583.282349502,5,"E07,E15,E21,E29,E34",0.14984432585390062,[4423040.59356506 3112510.7702267  3370806.56996499 1783583.2823495 ],32.106273798989236,35.134199423069795,726.3357873186469,26.697685046774982,True,2026-03-22 07:16:25
2026-03-22 07:16:27.431997+00:00,4423002.974990989,3112541.199680421,3370827.4300082396,1783543.543632613,5,"E07,E15,E21,E29,E34",0.4849499985526875,[4422994.7070321  3112537.82108491 3370823.90791814 1783543.54363261],32.10650016409332,35.13469230033147,727.6474034180865,26.44103407149475,True,2026-03-22 07:16:27
2026-03-22 07:16:29.431997+00:00,4422965.724575687,3112572.1258012424,3370848.8445971953,1783517.6069980979,5,"E07,E15,E21,E29,E34",0.7906166941948193,[4422965.17612034 3112573.47483908 3370847.15593428 1783517.6069981 ],32.1067244262538,35.13518734148566,728.3009524662048,26.469808317038822,True,2026-03-22 07:16:29
2026-03-22 07:16:31.431997+00:00,4422928.840776543,3112602.6064120163,3370869.9515818325,1783483.9827773066,5,"E07,E15,E21,E29,E34",1.1581068888144583,[4422924.63888712 3112604.1688399  3370868.76596181 1783483.98277731],32.10694612888073,35.13567629000684,728.8282263306901,26.14855193373659,True,2026-03-22 07:16:31
2026-03-22 07:16:33.431996+00:00,4422893.38420719,3112632.911954334,3370891.6501190457,1783454.7806503307,5,"E07,E15,E21,E29,E34",1.0039056158348836,[4422888.86273564 3112634.79617364 3370893.57324692 1783454.78065033],32.10716723692325,35.13615502224233,730.5736534781754,25.72169983243485,True,2026-03-22 07:16:33
2026-03-22 07:16:35.431996+00:00,4422856.519202408,3112662.369884761,3370911.372164184,1783421.4401846332,5,"E07,E15,E21,E29,E34",0.4099401284488904,[4422850.33610247 3112662.58257784 3370915.35994398 1783421.44018463],32.107381104844734,35.136635000597664,729.8801305210218,25.57223742185383,True,2026-03-22 07:16:35
2026-03-22 07:16:37.431996+00:00,4422821.318273184,3112691.6852882938,3370931.240788413,1783392.486042136,5,"E07,E15,E21,E29,E34",1.7579638800751411,[4422820.50618071 3112696.94982616 3370935.58952076 1783392.48604214],32.10758996164372,35.13710360032132,730.3481470299885,24.966279915645185,True,2026-03-22 07:16:37
2026-03-22 07:16:39.431996+00:00,4422788.436765889,3112721.223600687,3370950.910328122,1783359.290649747,5,"E07,E15,E21,E29,E34",1.7678576772401913,[4422782.96884173 3112727.08327075 3370954.80221152 1783359.29064975],32.10778759068795,35.13755999111931,732.4260585298762,24.189854347400637,True,2026-03-22 07:16:39
2026-03-22 07:16:41.431996+00:00,4422756.38780587,3112750.20274049,3370969.843504858,1783327.6135010591,5,"E07,E15,E21,E29,E34",0.4438957444873937,[4422751.73110716 3112754.28445657 3370973.00071973 1783327.61350106],32.10797787315524,35.138006462898915,734.4170373268425,23.5870280204158,True,2026-03-22 07:16:41
2026-03-22 07:16:43.431996+00:00,4422726.610412217,3112779.6787659675,3370988.07053008,1783301.2947296074,5,"E07,E15,E21,E29,E34",1.8184318418865193,[4422725.06594672 3112782.27959841 3371000.24295632 1783301.29472961],32.10815248686147,35.13844339025913,737.8487503128126,22.845971740922216,True,2026-03-22 07:16:43
2026-03-22 07:16:45.431996+00:00,4422696.846095524,3112808.5899168,3371004.1450406257,1783259.607461729,5,"E07,E15,E21,E29,E34",0.22091125225806874,[4422677.12470743 3112801.85783841 3371006.12542757 1783259.60746173],32.10831216534218,35.13887534536188,739.8703481666744,22.249489207386087,True,2026-03-22 07:16:45
2026-03-22 07:16:47.431996+00:00,4422668.090932629,3112837.19445931,3371018.341635409,1783237.6566443618,5,"E07,E15,E21,E29,E34",4.342435105439837,[4422653.38334359 3112833.23966556 3371025.1248315  1783237.65664436],32.10845438974187,35.139298492057065,741.4436330208555,21.48617316278323,True,2026-03-22 07:16:47
2026-03-22 07:16:51.431996+00:00,4422616.52944886,3112889.0557792736,3371043.245900154,1783187.8847932077,5,"E07,E15,E21,E29,E34",1.411799591989019,[4422612.63756012 3112892.24537692 3371055.42087838 1783187.88479321],32.10870362374626,35.14006218534783,744.2499280944467,18.40717813784941,True,2026-03-22 07:16:51
2026-03-22 07:16:53.431996+00:00,4422594.363903067,3112911.357209523,3371053.206202717,1783167.8208403932,5,"E07,E15,E21,E29,E34",0.7660126231962804,[4422597.08755694 3112928.40512016 3371069.26323925 1783167.82084039],32.10880504975807,35.14039054780885,745.0636556539685,16.491458688020398,True,2026-03-22 07:16:53
2026-03-22 07:16:59.431996+00:00,4422558.419627365,3112950.590945624,3371067.652335524,1783083.225320446,5,"E07,E15,E21,E29,E34",2.3755246211727323,[4422525.8229471  3112977.23254544 3371071.5224866  1783083.22532045],32.10894802818858,35.14094961929359,746.9732417659834,12.787767918564468,True,2026-03-22 07:16:59
2026-03-22 07:17:05.431997+00:00,4422543.650666764,3112967.4755490627,3371072.959282497,1783033.0236997332,5,"E07,E15,E21,E29,E34",0.11860923821612697,[4422534.02931064 3113010.39170474 3371097.87104149 1783033.02369973],32.10899986509058,35.14118595286473,747.7963124429807,3.841930719637942,True,2026-03-22 07:17:05
2026-03-22 07:17:07.431997+00:00,4422529.721073337,3112983.3951382427,3371076.926953855,1782998.3881133383,5,"E07,E15,E21,E29,E34",5.28093423130924,[4422510.47575388 3112999.60018932 3371081.77459655 1782998.38811334],32.10904084503352,35.14140880818017,748.0184923224151,10.761148971076976,True,2026-03-22 07:17:07
2026-03-22 07:17:11.431997+00:00,4422502.978085148,3113010.978446236,3371081.0403498155,1782958.5273578065,5,"E07,E15,E21,E29,E34",2.575306495907371,[4422505.344453   3112996.47168123 3371083.50124821 1782958.52735781],32.10910097904063,35.14181084369594,745.1297316215932,9.327578567017625,True,2026-03-22 07:17:11
2026-03-22 07:17:13.431997+00:00,4422491.782865945,3113023.194098948,3371082.514659356,1782941.5619899961,5,"E07,E15,E21,E29,E34",0.7179521259693108,[4422501.45916842 3113007.85426696 3371082.56404793 1782941.56199   ],32.10912241596613,35.141984937754714,744.1148746423423,8.317582172808802,True,2026-03-22 07:17:13
2026-03-22 07:17:15.431997+00:00,4422480.981608014,3113035.695879528,3371084.4618527447,1782922.4344692584,5,"E07,E15,E21,E29,E34",0.21953900672367194,[4422490.92477698 3113018.97030339 3371081.22421188 1782922.43446926],32.10914513102608,35.14215910830626,743.7637943979353,8.317951260142834,True,2026-03-22 07:17:15
2026-03-22 07:17:19.431997+00:00,4422454.742173453,3113074.7619311004,3371086.4204512243,1782887.9461698395,5,"E07,E15,E21,E29,E34",1.6876191109148266,[4422468.64507134 3113056.74570106 3371086.61026787 1782887.94616984],32.10915515257498,35.14265755015467,745.677492951043,14.735190033783283,True,2026-03-22 07:17:19
2026-03-22 07:17:21.431997+00:00,4422432.3914408395,3113110.2551474925,3371087.090835559,1782867.6650993465,5,"E07,E15,E21,E29,E34",5.744469697096407,[4422446.90717564 3113067.32118394 3371084.60642487 1782867.66509935],32.10914994954458,35.143101326364715,747.85824954696,20.974824631971714,True,2026-03-22 07:17:21
2026-03-22 07:17:23.431997+00:00,4422403.499378526,3113155.780325173,3371087.754504033,1782854.4831077275,5,"E07,E15,E21,E29,E34",3.5698600066740624,[4422438.3078408  3113087.19101263 3371096.10178322 1782854.48310773],32.10914265310643,35.14367189907518,750.3963398681954,26.961702113482318,True,2026-03-22 07:17:23
2026-03-22 07:17:25.431997+00:00,4422368.185953252,3113212.087834838,3371088.1451417566,1782832.3143043227,5,"E07,E15,E21,E29,E34",3.844007955079557,[4422415.21547339 3113114.75213181 3371085.32504833 1782832.31430432],32.10912868712344,35.1443750367072,753.5994749274105,33.23298905850894,True,2026-03-22 07:17:25
2026-03-22 07:17:27.431997+00:00,4422327.055629278,3113278.1671277196,3371088.457295313,1782822.1077361966,5,"E07,E15,E21,E29,E34",3.6272496829065237,[4422411.09259898 3113152.81426599 3371098.94829042 1782822.1077362 ],32.10910995445004,35.14519829818435,757.4973757313564,38.91745732263882,True,2026-03-22 07:17:27
2026-03-22 07:18:09.431997+00:00,4421951.251878807,3113877.3616368086,3371087.4505531,1782339.8857145617,5,"E07,E15,E21,E29,E34",8.33640766894763,[4421889.45065898 3113983.05382873 3371077.92492251 1782339.88571456],32.10892167478509,35.15268074958036,788.8782829036936,49.61505550302137,True,2026-03-22 07:18:09
2026-03-22 07:18:11.431997+00:00,4421901.557640804,3113954.9067890053,3371087.7679069415,1782308.6586051423,5,"E07,E15,E21,E29,E34",3.6858005879439713,[4421861.79032445 3114020.94995518 3371089.54862096 1782308.65860514],32.108904846409494,35.15365555006335,792.4494636626914,46.051244916388626,True,2026-03-22 07:18:11
2026-03-22 07:18:13.431997+00:00,4421856.396193439,3114024.870605977,3371088.616788937,1782276.4211289051,5,"E07,E15,E21,E29,E34",5.949277915722902,[4421829.05187504 3114063.79809141 3371081.81126326 1782276.42112891],32.10889522957599,35.15453703268654,795.7461274955422,41.63896196458605,True,2026-03-22 07:18:13
2026-03-22 07:18:17.431997+00:00,4421777.852664837,3114144.612476276,3371091.069300613,1782214.7691560537,5,"E07,E15,E21,E29,E34",3.3517886764082174,[4421773.89090211 3114151.73680756 3371091.75507108 1782214.76915605],32.1088912914707,35.156053300573774,801.056180940941,33.8103953156689,True,2026-03-22 07:18:17
2026-03-22 07:18:19.431997+00:00,4421744.693609162,3114194.2605436235,3371092.865848951,1782180.0472241838,5,"E07,E15,E21,E29,E34",2.7288152059271207,[4421743.05806569 3114187.48750616 3371088.32800186 1782180.04722418],32.10889793139882,35.15668560025211,803.2626417865977,29.865034532521257,True,2026-03-22 07:18:19
2026-03-22 07:18:21.431997+00:00,4421714.481397069,3114236.6811119025,3371095.3147599874,1782153.40962098,5,"E07,E15,E21,E29,E34",7.242548531895007,[4421715.41542666 3114243.0222438  3371093.42916786 1782153.40962098],32.10891794998755,35.15723732300917,804.3319790996611,26.068561227748532,True,2026-03-22 07:18:21
2026-03-22 07:18:23.431997+00:00,4421680.464817167,3114287.5650743917,3371099.030622518,1782122.361786873,5,"E07,E15,E21,E29,E34",4.3436145788980465,[4421690.75584654 3114278.23320813 3371103.69363078 1782122.36178687],32.108939192361696,35.15788555788928,807.5686230855063,30.659880059962482,True,2026-03-22 07:18:23
2026-03-22 07:18:25.431997+00:00,4421643.014283668,3114345.56009474,3371103.4756284477,1782086.4205089838,5,"E07,E15,E21,E29,E34",7.053245284775267,[4421660.14166976 3114324.67468939 3371099.27597754 1782086.42050898],32.108959830274905,35.158616331594004,812.2838717680424,34.589459818897,True,2026-03-22 07:18:25
2026-03-22 07:18:27.431997+00:00,4421601.66089085,3114410.564243688,3371107.780194861,1782050.1403852152,5,"E07,E15,E21,E29,E34",4.698139662687624,[4421627.38221928 3114365.56528226 3371101.57152556 1782050.14038522],32.10897533935881,35.15943162124668,817.6413323106244,38.58163996650701,True,2026-03-22 07:18:27
2026-03-22 07:18:29.431997+00:00,4421556.404638711,3114481.9599146824,3371111.973795901,1782015.818009093,5,"E07,E15,E21,E29,E34",2.876293478059329,[4421599.2213237  3114410.57691773 3371110.86962046 1782015.81800909],32.108987647688664,35.16032607718591,823.3557023815811,42.31742101108587,True,2026-03-22 07:18:29
2026-03-22 07:18:31.431997+00:00,4421510.724237077,3114550.7231287225,3371115.9668105664,1781972.3032475268,5,"E07,E15,E21,E29,E34",11.862372491694083,[4421557.11632597 3114449.6800798  3371092.76112551 1781972.30324753],32.10900734529805,35.1612003199023,827.3867642423138,41.32500110321221,True,2026-03-22 07:18:31
2026-03-22 07:18:37.431996+00:00,4421467.469128125,3114614.5287746903,3371119.3023343263,1781877.7147828732,5,"E07,E15,E21,E29,E34",2.1677380307574206,[4421487.60794553 3114580.67354256 3371124.8060869  1781877.71478287],32.10902619578367,35.16201682856021,830.3305639224127,12.859597162960526,True,2026-03-22 07:18:37
2026-03-22 07:18:57.431996+00:00,4421352.53511462,3114794.2302444843,3371123.018267532,1781568.2972886353,5,"E07,E15,E21,E29,E34",4.842612767779367,[4421276.07212859 3114943.8828606  3371157.4225234  1781568.29728864],32.10900889737115,35.1642743988415,840.3787560695782,8.412092301364446,True,2026-03-22 07:18:57
2026-03-22 07:18:59.431996+00:00,4421319.667756936,3114848.554197276,3371120.9638144793,1781514.1850205003,5,"E07,E15,E21,E29,E34",4.076259400667821,[4421228.0786137  3114937.0891885  3371135.78979325 1781514.1850205 ],32.10897203397335,35.164945408997355,843.0285983607173,31.763091101988376,True,2026-03-22 07:18:59
2026-03-22 07:19:01.431996+00:00,4421290.628126318,3114900.160344198,3371117.496593276,1781483.5917258407,5,"E07,E15,E21,E29,E34",5.336389198925663,[4421215.73367396 3114944.88434945 3371129.7841695  1781483.59172584],32.10891688181892,35.165569525887385,846.2527714986354,29.658540799492616,True,2026-03-22 07:19:01
2026-03-22 07:19:03.431996+00:00,4421267.907439375,3114940.133853525,3371111.2121115294,1781470.1618236252,5,"E07,E15,E21,E29,E34",1.9548459483833724,[4421240.5736477  3114968.52447453 3371130.11992921 1781470.16182363],32.10884756226398,35.16605434312326,846.6805410794914,23.20347912423065,True,2026-03-22 07:19:03
2026-03-22 07:19:11.431997+00:00,4421239.834336679,3114998.2992113675,3371082.4289157586,1781355.9652450222,5,"E07,E15,E21,E29,E34",2.1685603602512087,[4421237.68038917 3115008.14039845 3371081.0946472  1781355.96524502],32.10857715751592,35.16672936487681,840.3188063222915,7.34738829586743,True,2026-03-22 07:19:11
2026-03-22 07:19:13.431997+00:00,4421242.415130131,3115006.9087632224,3371068.954539506,1781327.3075731378,5,"E07,E15,E21,E29,E34",3.4936204502570964,[4421233.28375315 3115020.38214516 3371072.73018722 1781327.30757314],32.108440367719766,35.16678817893732,839.1441587759182,8.09851365023925,True,2026-03-22 07:19:13
2026-03-22 07:19:15.431997+00:00,4421247.517145224,3115015.4654682535,3371051.1421303893,1781293.7285177074,5,"E07,E15,E21,E29,E34",4.159615366152816,[4421225.81043851 3115017.34769594 3371055.67678768 1781293.72851771],32.10826071330733,35.166831151611575,837.3838119348511,10.204529356431719,True,2026-03-22 07:19:15
2026-03-22 07:19:17.431997+00:00,4421255.76881981,3115022.11554442,3371031.3547852323,1781264.205339275,5,"E07,E15,E21,E29,E34",3.338618286067529,[4421231.55821715 3115028.62456675 3371045.64642403 1781264.20533928],32.1080588978212,35.166838394261625,835.8245973000303,11.223331444568366,True,2026-03-22 07:19:17
2026-03-22 07:19:19.431997+00:00,4421265.00684774,3115027.680635378,3371010.142267978,1781237.9941561462,5,"E07,E15,E21,E29,E34",1.759393654935276,[4421241.52119029 3115038.58793101 3371032.52332931 1781237.99415615],32.10784532769933,35.166830222337786,833.6616293517873,11.898343221691754,True,2026-03-22 07:19:19
2026-03-22 07:19:21.431997+00:00,4421275.681693331,3115032.226261842,3370988.167410651,1781212.977962357,5,"E07,E15,E21,E29,E34",2.5678021220894554,[4421251.74649359 3115039.00810478 3371012.24979038 1781212.97796236],32.107623119713864,35.16680445480738,831.5911136232316,12.42486823741702,True,2026-03-22 07:19:21
2026-03-22 07:19:23.431997+00:00,4421288.164803772,3115035.716242707,3370965.267631386,1781187.8832112278,5,"E07,E15,E21,E29,E34",2.6911518409847797,[4421268.96237567 3115041.67531236 3370987.46009362 1781187.88321123],32.107389676705296,35.166758512044126,829.7662060884759,13.156822404316188,True,2026-03-22 07:19:23
2026-03-22 07:19:27.431997+00:00,4421301.433138061,3115038.768778633,3370939.84540288,1781129.1946099598,5,"E07,E15,E21,E29,E34",6.175489111181765,[4421295.73139422 3115034.25203017 3370934.18342892 1781129.19460996],32.10713509871834,35.16670399006067,826.9310280485079,7.209613255010503,True,2026-03-22 07:19:27
2026-03-22 07:19:29.431997+00:00,4421316.906239235,3115041.8286531423,3370913.3053469453,1781113.4775835723,5,"E07,E15,E21,E29,E34",3.3311775794239824,[4421329.41322912 3115044.93698158 3370912.12337277 1781113.47758357],32.106863324710424,35.16663607945378,825.0321327680722,15.436598240565102,True,2026-03-22 07:19:29
2026-03-22 07:19:31.431997+00:00,4421334.2087623775,3115044.1970342626,3370885.760464053,1781082.105859745,5,"E07,E15,E21,E29,E34",3.8452296631290466,[4421339.2986964  3115038.47504511 3370880.44047875 1781082.10585975],32.10657861727799,35.16655101857887,823.5287619121373,16.307261494317107,True,2026-03-22 07:19:31
2026-03-22 07:19:33.431996+00:00,4421353.295547276,3115046.2581199394,3370857.2591102645,1781056.2945551828,5,"E07,E15,E21,E29,E34",3.380910651377415,[4421355.10369068 3115042.94578305 3370855.71297728 1781056.29455518],32.10628046222753,35.166452410380096,822.6028106361628,17.18198024522121,True,2026-03-22 07:19:33
2026-03-22 07:19:35.431996+00:00,4421373.017120364,3115047.9797105226,3370828.365933129,1781032.9432291726,5,"E07,E15,E21,E29,E34",3.1968152429323187,[4421374.99460401 3115050.92559113 3370829.19707528 1781032.94322917],32.105977764462025,35.166346989620244,821.7427336880937,17.512281434686287,True,2026-03-22 07:19:35
2026-03-22 07:19:37.431996+00:00,4421393.176274242,3115049.8141297163,3370799.327302419,1781000.5579843502,5,"E07,E15,E21,E29,E34",4.294755372947601,[4421383.63206635 3115046.53018796 3370793.08567366 1781000.55798435],32.10567192983893,35.166239876785305,821.1635990841314,17.69886050255799,True,2026-03-22 07:19:37
2026-03-22 07:19:39.431996+00:00,4421411.991932442,3115051.697012205,3370772.544084881,1780978.637094979,5,"E07,E15,E21,E29,E34",1.4451649059901266,[4421407.88450207 3115054.04076476 3370763.7361724  1780978.63709498],32.10538845134044,35.16614138147614,820.8766788234934,16.392948039339934,True,2026-03-22 07:19:39
2026-03-22 07:19:41.431996+00:00,4421430.159760133,3115053.5927308383,3370745.7738777306,1780956.3933093445,5,"E07,E15,E21,E29,E34",3.7253829149906315,[4421428.00814375 3115054.67675908 3370742.65271222 1780956.39330934],32.105107574608226,35.16604695054774,820.1545002888888,16.204225552446733,True,2026-03-22 07:19:41
2026-03-22 07:19:43.431996+00:00,4421448.172601534,3115055.5332585503,3370719.1408689613,1780937.059176771,5,"E07,E15,E21,E29,E34",3.391898614878249,[4421451.47582416 3115059.71981216 3370719.00843763 1780937.05917677],32.10482822914498,35.16595385384028,819.4199406811967,16.105474684329156,True,2026-03-22 07:19:43
2026-03-22 07:19:45.431996+00:00,4421465.916178024,3115057.339157015,3370692.9972349326,1780913.3679576754,5,"E07,E15,E21,E29,E34",5.220130039946513,[4421468.68379756 3115056.92397261 3370694.42484189 1780913.36795768],32.10455404783216,35.16586123463863,818.6934884609655,15.823916836241498,True,2026-03-22 07:19:45
2026-03-22 07:19:47.431996+00:00,4421482.698496353,3115059.1821667324,3370667.15867303,1780890.0872071153,5,"E07,E15,E21,E29,E34",2.7949713759342796,[4421490.71306833 3115062.52821734 3370668.03515582 1780890.08720712],32.10428585985439,35.16577480220421,817.4817809704691,15.432710184052667,True,2026-03-22 07:19:47
2026-03-22 07:19:49.431996+00:00,4421498.69559083,3115060.7842014614,3370643.3771307427,1780863.518849873,5,"E07,E15,E21,E29,E34",5.051569163113316,[4421502.70363442 3115057.52542743 3370639.568036   1780863.51884987],32.10403712457227,35.16569107420269,816.7021236261353,14.353007529382369,True,2026-03-22 07:19:49
2026-03-22 07:19:51.431996+00:00,4421512.487918426,3115062.3779233764,3370621.112902515,1780845.4237375802,5,"E07,E15,E21,E29,E34",4.67594904857859,[4421529.25933372 3115066.80329486 3370617.65109412 1780845.42373758],32.103808638618695,35.16562072630218,815.1981549095362,13.11929979669982,True,2026-03-22 07:19:51
2026-03-22 07:19:53.431996+00:00,4421524.450824051,3115063.917883299,3370600.0371508137,1780818.7461392698,5,"E07,E15,E21,E29,E34",5.13354215104182,[4421537.43995182 3115058.76654214 3370587.47738229 1780818.74613927],32.10359654529404,35.16556107471684,813.032830921933,12.141559798171668,True,2026-03-22 07:19:53
2026-03-22 07:19:55.431996+00:00,4421492.769646556,3115145.896148276,3370581.1108786208,1780797.1835485043,5,"E07,E15,E21,E29,E34",3.4564775914196284,[4421550.28303207 3115064.80186468 3370568.13300296 1780797.1835485 ],32.10334983608619,35.16646429278456,821.0312283569947,44.950908542739896,True,2026-03-22 07:19:55
2026-03-22 07:19:57.431996+00:00,4421457.486848544,3115228.4230281976,3370564.419478767,1780773.3092792868,5,"E07,E15,E21,E29,E34",3.944639270074966,[4421559.60010562 3115064.29158788 3370544.97289435 1780773.30927929],32.10313278578596,35.16739422943506,827.992226771079,45.64582284887286,True,2026-03-22 07:19:57
2026-03-22 07:19:59.431996+00:00,4421410.845419437,3115321.4643353713,3370550.1271412834,1780757.6490881578,5,"E07,E15,E21,E29,E34",4.512611491294622,[4421576.11411469 3115071.57170582 3370531.4887085  1780757.64908816],32.10294952737869,35.168484515093375,833.4940983429551,52.52708506222404,True,2026-03-22 07:19:59
2026-03-22 07:20:01.431996+00:00,4421322.791539762,3115469.6133360383,3370543.524348925,1780731.621974121,5,"E07,E15,E21,E29,E34",3.2524285215227278,[4421571.45178146 3115068.54797315 3370518.8296619  1780731.62197412],32.10283510604144,35.17030468182117,841.2966273436323,86.23399705352034,True,2026-03-22 07:20:01
2026-03-22 07:20:03.431996+00:00,4421214.557038533,3115640.5391371907,3370538.9140058276,1780710.729971768,5,"E07,E15,E21,E29,E34",3.516079526284923,[4421576.7440709  3115071.61631822 3370510.8194435  1780710.72997177],32.10275205415234,35.172445210597736,847.3030104869977,101.18249851070054,True,2026-03-22 07:20:03
2026-03-22 07:21:17.431997+00:00,4421105.093429199,3115812.8986550514,3370537.0467274426,1780351.3647174796,5,"E07,E15,E21,E29,E34",5.349076819746677,[4421102.98287172 3115958.68488736 3370393.53080691 1780351.36471748],32.10269077473282,35.17460564637104,854.6221505180001,2.759324809667306,True,2026-03-22 07:21:17
2026-03-22 07:21:19.431997+00:00,4420994.462267117,3116010.5746939126,3370538.4451107313,1780339.9540005473,5,"E07,E15,E21,E29,E34",4.359482363604166,[4421080.57301943 3115965.32110657 3370401.81314869 1780339.95400055],32.10258908610368,35.17699240531746,875.229739593342,113.26630769947843,True,2026-03-22 07:21:19
2026-03-22 07:21:31.431997+00:00,4420867.102174579,3116211.7311241645,3370540.441876705,1780315.710792379,5,"E07,E15,E21,E29,E34",2.6116462976243273,[4420977.65734815 3116082.22092105 3370478.6326576  1780315.71079238],32.10254783604649,35.17951137618564,886.2791611067951,19.841120613582675,True,2026-03-22 07:21:31
2026-03-22 07:22:37.431996+00:00,4420738.233475388,3116416.1790475626,3370542.8894780083,1780238.9240216906,5,"E07,E15,E21,E29,E34",5.979010898234116,[4420534.110958   3116689.3588195  3370583.51521915 1780238.92402169],32.102506800381626,35.182068041592686,898.1390458475798,3.6619079919128286,True,2026-03-22 07:22:37
2026-03-22 07:22:57.431996+00:00,4420608.236718393,3116632.9541393416,3370546.1143146213,1780267.6018951805,5,"E07,E15,E21,E29,E34",7.9280414579536655,[4420338.6798202  3116942.71203001 3370603.76597759 1780267.60189518],32.10244203100786,35.18473830563632,915.657131976448,12.639323242978286,True,2026-03-22 07:22:57
2026-03-22 07:22:59.431996+00:00,4420472.142581368,3116891.0156372134,3370545.838193863,1780274.1190673949,5,"E07,E15,E21,E29,E34",7.155575953716796,[4420333.34024915 3116960.24628435 3370615.70994837 1780274.11906739],32.102260339740795,35.18780320167992,947.2571872742847,145.87445549091942,True,2026-03-22 07:22:59
2026-03-22 07:23:19.431997+00:00,4420353.467494218,3117109.7249996574,3370542.735938176,1780303.0886502904,5,"E07,E15,E21,E29,E34",5.832231160948356,[4420158.63908771 3117239.23829215 3370566.93732005 1780303.08865029],32.10209744682016,35.19042104812793,970.21638408117,12.442586078504378,True,2026-03-22 07:23:19
2026-03-22 07:23:21.431997+00:00,4420212.738058615,3117369.1215312113,3370536.8075475604,1780305.8102305343,5,"E07,E15,E21,E29,E34",7.0465482665557655,[4420142.04441451 3117279.52402763 3370558.41232284 1780305.81023053],32.10188691315602,35.19352572279759,996.2800497515127,147.5859753183562,True,2026-03-22 07:23:21
2026-03-22 07:23:23.431997+00:00,4420057.2729853755,3117617.890806904,3370530.8791569457,1780308.1768034385,5,"E07,E15,E21,E29,E34",9.55385972126696,[4420129.63577867 3117317.47513052 3370554.30286464 1780308.17680344],32.101763355153054,35.196628334864485,1006.9678518762812,146.70607293258612,True,2026-03-22 07:23:23
2026-03-22 07:23:29.431997+00:00,4419941.350762685,3117812.3669985314,3370519.8491411884,1781125.396216374,5,"E07,E15,E21,E29,E34",16.960929404624732,[4421667.75569543 3119844.72609858 3371473.60845258 1781125.39621637],32.101595883582455,35.19901952592696,1015.8192396992818,37.7788197829807,True,2026-03-22 07:23:29
2026-03-22 07:23:31.431997+00:00,4419841.04524674,3117985.302921024,3370508.819125433,1780296.8032628994,5,"E07,E15,E21,E29,E34",8.119174864258383,[4420062.56459835 3117456.09771539 3370507.78211516 1780296.8032629 ],32.10142671894773,35.201128897169916,1024.9700807975605,100.11205105402125,True,2026-03-22 07:23:31
2026-03-22 07:25:37.431996+00:00,4419552.481355412,3118445.754874024,3370483.0320005626,1779932.8285665014,5,"E07,E15,E21,E29,E34",14.602774170510878,[4419267.54154251 3118818.68295366 3370414.51966252 1779932.8285665 ],32.10108764325509,35.2068764208761,1036.3906163489446,41.79168495043397,True,2026-03-22 07:25:37
2026-03-22 07:25:39.431996+00:00,4419464.239202062,3118585.534298244,3370483.4244717252,1779928.1483877609,5,"E07,E15,E21,E29,E34",13.0494075652271,[4419258.96650841 3118828.5969274  3370418.84150444 1779928.14838776],32.10104996516144,35.208625110214925,1043.7903861179948,82.65155639299836,True,2026-03-22 07:25:39
2026-03-22 07:25:43.431996+00:00,4419375.276097794,3118713.037371536,3370484.3063115645,1779917.9411163991,5,"E07,E15,E21,E29,E34",15.131156219989453,[4419235.3191448  3118845.00717743 3370436.67448184 1779917.9411164 ],32.10105273913875,35.210271949778736,1044.9593864092603,38.8685647899579,True,2026-03-22 07:25:43
2026-03-22 07:25:45.431996+00:00,4419283.413006536,3118798.9242808195,3370497.4529980156,1779920.0966771813,5,"E07,E15,E21,E29,E34",6.6673843384572775,[4419231.19505381 3118847.14247605 3370469.58758936 1779920.09667718],32.101275501794426,35.211576333198686,1030.3156173285097,63.222274726722745,True,2026-03-22 07:25:45
2026-03-22 07:25:47.431996+00:00,4419215.6415230315,3118843.3315327344,3370515.1299244715,1779914.0765321648,5,"E07,E15,E21,E29,E34",16.568816350118077,[4419215.80668836 3118858.6315216  3370466.18136022 1779914.07653216],32.10155314393136,35.21237459359197,1014.494781576097,41.46520145835869,True,2026-03-22 07:25:47
2026-03-22 07:25:49.431996+00:00,4419171.961647279,3118846.4483228833,3370535.6329858555,1779914.8830225628,5,"E07,E15,E21,E29,E34",9.62251337142483,[4419204.11503924 3118855.04879694 3370497.9625361  1779914.88302256],32.10187213691497,35.212668361879324,996.6820823997259,24.176545724806186,True,2026-03-22 07:25:49
2026-03-22 07:25:55.431996+00:00,4419150.948615317,3118849.565113033,3370556.1360472394,1779908.9967217022,5,"E07,E15,E21,E29,E34",10.941022920289608,[4419171.38072766 3118849.69513502 3370564.00310287 1779908.9967217 ],32.102102392269224,35.21282368386594,994.557314212434,4.920584368986346,True,2026-03-22 07:25:55
2026-03-22 07:25:57.431996+00:00,4419129.572874143,3118847.875667475,3370578.221765125,1779898.7363508001,5,"E07,E15,E21,E29,E34",14.161784628182122,[4419151.04163173 3118845.66507446 3370562.72950563 1779898.7363508 ],32.10235943555236,35.21293962628956,990.6751124290749,15.39119449213951,True,2026-03-22 07:25:57
2026-03-22 07:26:09.431997+00:00,4419111.489151064,3118840.789415638,3370598.72482651,1779896.3506625032,5,"E07,E15,E21,E29,E34",19.349635004441197,[4419052.07059452 3118905.40551941 3370652.39566612 1779896.3506625 ],32.10260641415086,35.212988754392406,985.5942697040737,2.3535012314648545,True,2026-03-22 07:26:09
2026-03-22 07:26:25.431997+00:00,4419098.086124588,3118832.917864633,3370612.210723877,1779880.7176484738,5,"E07,E15,E21,E29,E34",7.598675298745557,[4418955.06122557 3118967.50644606 3370750.80025054 1779880.71764847],32.10278364111838,35.213002496160826,979.6402238113806,1.2861519972186422,True,2026-03-22 07:26:25
2026-03-22 07:26:27.431997+00:00,4419086.31406821,3118831.4954034905,3370626.4730373286,1779862.9905354907,5,"E07,E15,E21,E29,E34",16.666646624481707,[4418941.67104768 3118951.88286785 3370740.77770807 1779862.99053549],32.10294259416914,35.2130620903751,978.3776929862797,9.273865052506691,True,2026-03-22 07:26:27
2026-03-22 07:27:27.431997+00:00,4419060.9556144,3118826.276262868,3370650.5047914446,1779817.7124332187,5,"E07,E15,E21,E29,E34",28.265552698411348,[4419131.1253342  3118754.05242277 3370671.14082196 1779817.71243322],32.10323984740272,35.2131718137546,971.0497061144561,0.6665069161117586,True,2026-03-22 07:27:27
2026-03-22 07:27:55.431996+00:00,4419048.086183353,3118821.6540830485,3370662.8621755266,1779856.956965631,5,"E07,E15,E21,E29,E34",31.149965433136508,[4419228.90825556 3118767.05840722 3370557.91164056 1779856.95696563],32.10339738837374,35.21321041913195,966.452580451034,0.6582403174504657,True,2026-03-22 07:27:55
2026-03-22 07:27:59.431996+00:00,4419047.422114827,3118816.088297401,3370664.60659376,1779786.0486986379,5,"E13,E19,E26,E29,E34",25.615615610000276,[4419011.26852003 3118335.72458073 3370504.62877695 1779786.04869864],32.10342869090652,35.21316630529446,964.2014539279044,1.4676075738746057,True,2026-03-22 07:27:59
