time,x,y,z,clock_bias_m,num_sats,satellites,rms_residual_m,state_vec,lat_deg,lon_deg,alt_m,velocity_mps
2026-03-22 06:45:08.416831+00:00,4436987.88575211,3085463.3944070623,3376454.2181211114,-293.6470686814857,5,"E07,E15,E21,E29,E34",36.36990008824047,[ 4.43698789e+06  3.08546339e+06  3.37645422e+06 -2.93647069e+02],32.168948982632244,34.814594861342194,281.20392104797065,
2026-03-22 06:45:24.416831+00:00,4436978.445654704,3085453.406105746,3376459.4186148224,-274.7013420017262,5,"E07,E15,E21,E29,E34",37.64508470399373,[ 4.43697845e+06  3.08545341e+06  3.37645942e+06 -2.74701342e+02],32.1690532680843,34.814565061018214,272.58512778766453,0.9184028618215402
2026-03-22 06:45:32.416831+00:00,4436999.433449412,3085469.353918033,3376463.3598681926,-268.6225078355958,5,"E07,E15,E21,E29,E34",31.37904878405706,[ 4.43699943e+06  3.08546935e+06  3.37646336e+06 -2.68622508e+02],32.168956910141425,34.814576837674515,296.9764785422012,3.331557728654274
2026-03-22 06:45:44.416831+00:00,4436994.591293866,3085454.707652906,3376473.1657095402,-313.5218214395821,5,"E07,E15,E21,E29,E34",36.568999959645495,[ 4.43699459e+06  3.08545471e+06  3.37647317e+06 -3.13521821e+02],32.169090992677106,34.81447866347213,291.7539979610592,1.5232323020926533
2026-03-22 06:45:46.416831+00:00,4433729.190419421,3083516.416859694,3373531.887078158,-3243.926567609917,5,"E07,E15,E21,E29,E34",316.8110823014499,[ 4.43372919e+06  3.08351642e+06  3.37353189e+06 -3.24392657e+03],32.16482079030011,34.81737434485544,-4480.280244759284,2401.610608388867
2026-03-22 06:45:48.416831+00:00,4437018.894643198,3085473.096939465,3376485.724347642,-303.12223263966706,5,"E07,E15,E21,E29,E34",29.68151409663493,[ 4.43701889e+06  3.08547310e+06  3.37648572e+06 -3.03122233e+02],32.16904065152903,34.81449162305491,324.21749256178737,2417.4317688977217
2026-03-22 06:45:54.416831+00:00,4437034.389494191,3085478.042635911,3376505.0641708835,-311.94473812877334,5,"E07,E15,E21,E29,E34",26.65469490882484,[ 4.43703439e+06  3.08547804e+06  3.37650506e+06 -3.11944738e+02],32.16911364222703,34.814440884355015,347.6728932596743,4.211687058530337
2026-03-22 06:45:56.416831+00:00,4437021.2748989,3085470.3285516393,3376476.7148184874,-335.0315863528507,5,"E07,E15,E21,E29,E34",31.045974144868886,[ 4.43702127e+06  3.08547033e+06  3.37647671e+06 -3.35031586e+02],32.16897008640085,34.81445311968316,319.73695880454034,16.087149274207306
2026-03-22 06:45:58.416831+00:00,4434242.865651152,3083818.927873514,3373932.3152510934,-2836.3618733339376,5,"E07,E15,E21,E29,E34",457.5091304626439,[ 4.43424287e+06  3.08381893e+06  3.37393232e+06 -2.83636187e+03],32.16502397432633,34.81689767140121,-3763.9060699408874,2056.7359642305178
2026-03-22 06:46:00.416831+00:00,4436995.24518051,3085455.413839301,3376463.7678760807,-367.5340919555824,5,"E07,E15,E21,E29,E34",36.90886198176041,[ 4.43699525e+06  3.08545541e+06  3.37646377e+06 -3.67534092e+02],32.169014744113575,34.814480852370686,287.5461211837828,2040.951480462077
2026-03-22 06:46:10.416831+00:00,4436858.154470694,3085352.0515445843,3376416.422502649,-505.6263951986569,5,"E07,E15,E21,E29,E34",779.6148577874726,[ 4.43685815e+06  3.08535205e+06  3.37641642e+06 -5.05626395e+02],32.169477057903556,34.81441095274572,117.11318636778742,17.809888004218845
2026-03-22 06:46:12.416831+00:00,4436998.8161831675,3085412.3942734813,3376455.2077978556,-408.7783306692735,5,"E07,E15,E21,E29,E34",35.90730918722403,[ 4.43699882e+06  3.08541239e+06  3.37645521e+06 -4.08778331e+02],32.16905324605539,34.81408478850286,264.6801733765751,78.9481814402782
2026-03-22 06:46:14.416831+00:00,4437022.823841722,3085413.9967680615,3376468.3087472115,-397.06888038371824,5,"E07,E15,E21,E29,E34",31.46303499741065,[ 4.43702282e+06  3.08541400e+06  3.37646831e+06 -3.97068880e+02],32.16905422304211,34.81395342501839,289.1143795354292,13.698271169764434
2026-03-22 06:46:20.416831+00:00,4437056.576049909,3085391.5884868195,3376476.1385650085,-398.57898754153194,5,"E07,E15,E21,E29,E34",36.33031893007565,[ 4.43705658e+06  3.08539159e+06  3.37647614e+06 -3.98578988e+02],32.16904236718094,34.813554087991115,305.91079695522785,6.877193937757884
2026-03-22 06:46:26.416831+00:00,4436924.189674421,3085284.897433998,3376430.6687968196,-516.3070576528637,5,"E07,E15,E21,E29,E34",786.2633615021152,[ 4.43692419e+06  3.08528490e+06  3.37643067e+06 -5.16307058e+02],32.169509577221035,34.813426709556374,138.13731777109206,29.333633041128156
2026-03-22 06:46:30.416831+00:00,4437073.689502455,3085350.301502095,3376479.7751711155,-415.2507909920406,5,"E07,E15,E21,E29,E34",32.3176007793794,[ 4.43707369e+06  3.08535030e+06  3.37647978e+06 -4.15250791e+02],32.16911583497982,34.813091135468156,299.7880797749385,42.60232292841111
2026-03-22 06:46:32.416831+00:00,4437079.521991268,3085327.4243929232,3376467.679671756,-414.0135714596898,5,"E07,E15,E21,E29,E34",28.82718810167984,[ 4.43707952e+06  3.08532742e+06  3.37646768e+06 -4.14013571e+02],32.16906322244826,34.81285670508949,286.3461614465341,13.263494586307756
2026-03-22 06:46:48.416831+00:00,4437130.729170576,3085246.288768645,3376456.2962210756,-407.6201138232825,5,"E07,E15,E21,E29,E34",32.699526800756566,[ 4.43713073e+06  3.08524629e+06  3.37645630e+06 -4.07620114e+02],32.16899686530887,34.811840541261304,276.664893258363,6.038531126073859
2026-03-22 06:46:50.416831+00:00,4437146.408306818,3085249.3406626293,3376458.5585913737,-397.86765002741873,5,"E07,E15,E21,E29,E34",40.95141743547823,[ 4.43714641e+06  3.08524934e+06  3.37645856e+06 -3.97867650e+02],32.16894396455634,34.81177221005479,290.2410364598036,8.066407031260464
2026-03-22 06:46:52.416831+00:00,4437158.422063308,3085254.2233150965,3376451.6042240392,-388.1224956995996,5,"E07,E15,E21,E29,E34",30.01167751526948,[ 4.43715842e+06  3.08525422e+06  3.37645160e+06 -3.88122496e+02],32.168830141414624,34.81174199899751,297.247347202152,7.357544854158115
2026-03-22 06:46:54.416831+00:00,4437147.60682339,3085242.3317169063,3376438.878586769,-399.9867571181217,5,"E07,E15,E21,E29,E34",29.85187041524593,[ 4.43714761e+06  3.08524233e+06  3.37643888e+06 -3.99986757e+02],32.16880822913879,34.81170394746561,277.20901997294277,10.250870279159644
2026-03-22 06:46:56.416831+00:00,4437159.746734145,3085246.7364635016,3376431.476696067,-392.9257341499303,5,"E07,E15,E21,E29,E34",26.049614685542036,[ 4.43715975e+06  3.08524674e+06  3.37643148e+06 -3.92925734e+02],32.16869180243287,34.8116688131394,283.83382799476385,7.442566957502346
2026-03-22 06:46:58.416831+00:00,4437174.57895694,3085252.3448211877,3376424.2508880696,-384.6019778983739,5,"E07,E15,E21,E29,E34",27.096512675872255,[ 4.43717458e+06  3.08525234e+06  3.37642425e+06 -3.84601978e+02],32.16856280852809,34.811627860923046,293.0051848916337,8.712933062324849
2026-03-22 06:47:00.416831+00:00,4437168.565985609,3085243.3352680258,3376409.7745528403,-395.2104024039408,5,"E07,E15,E21,E29,E34",30.46214749164244,[ 4.43716857e+06  3.08524334e+06  3.37640977e+06 -3.95210402e+02],32.16850070292754,34.811585830718855,276.76505261287093,9.040079563833816
2026-03-22 06:47:02.416831+00:00,4437187.42559403,3085249.232807529,3376403.728797654,-382.2470171945338,5,"E07,E15,E21,E29,E34",28.460882020279495,[ 4.43718743e+06  3.08524923e+06  3.37640373e+06 -3.82247017e+02],32.168364048981594,34.81152302098736,289.50349051784724,10.332194318754675
2026-03-22 06:47:20.416831+00:00,4437279.85190296,3085216.4141881643,3376330.4783323123,-349.8462405090804,5,"E07,E15,E21,E29,E34",30.381376117114897,[ 4.43727985e+06  3.08521641e+06  3.37633048e+06 -3.49846241e+02],32.16753053121007,34.81067797311033,298.88197407498956,6.80080674050315
2026-03-22 06:47:22.416831+00:00,4437299.727798917,3085214.666887701,3376321.41855032,-338.71645373682674,5,"E07,E15,E21,E29,E34",24.26864660723076,[ 4.43729973e+06  3.08521467e+06  3.37632142e+06 -3.38716454e+02],32.16738781817743,34.810542473387066,307.0281708193943,10.956549967594302
2026-03-22 06:47:24.416831+00:00,4437287.742280625,3085198.5508427867,3376305.763184626,-355.8258199641873,5,"E07,E15,E21,E29,E34",34.95143499853011,[ 4.43728774e+06  3.08519855e+06  3.37630576e+06 -3.55825820e+02],32.167359728135715,34.81047473039538,282.5754433935508,12.732537329906991
2026-03-22 06:47:28.416831+00:00,4437310.0018412,3085182.962907574,3376286.9177304097,-348.36756884356805,5,"E07,E15,E21,E29,E34",32.01004285301824,[ 4.43731000e+06  3.08518296e+06  3.37628692e+06 -3.48367569e+02],32.16717085356202,34.81020433070859,280.48035141732544,8.267492462188024
2026-03-22 06:47:30.416831+00:00,4437338.560385455,3085193.078002782,3376285.1743158894,-326.42195672145846,5,"E07,E15,E21,E29,E34",24.792828548504783,[ 4.43733856e+06  3.08519308e+06  3.37628517e+06 -3.26421957e+02],32.167017253740006,34.81011954013872,304.28876506816596,15.173538605621902
2026-03-22 06:47:32.416831+00:00,4437330.848166001,3085183.4021892375,3376283.245632551,-333.3929743558623,5,"E07,E15,E21,E29,E34",30.145739537274064,[ 4.43733085e+06  3.08518340e+06  3.37628325e+06 -3.33392974e+02],32.16705944844285,34.81008199233399,293.2261724518612,6.261379961316269
2026-03-22 06:47:34.416831+00:00,4437337.657712499,3085179.8087865342,3376285.0145682236,-328.66712289579635,5,"E07,E15,E21,E29,E34",26.8540500055913,[ 4.43733766e+06  3.08517981e+06  3.37628501e+06 -3.28667123e+02],32.16705595801366,34.81000950269532,297.1642481973395,3.950050629581935
2026-03-22 06:47:36.416831+00:00,4437329.81430492,3085163.456637565,3376281.516076192,-332.293952734186,5,"E07,E15,E21,E29,E34",30.437570706417844,[ 4.43732981e+06  3.08516346e+06  3.37628152e+06 -3.32293953e+02],32.167104984175324,34.809914634850905,281.94853596854955,9.23514029203175
2026-03-22 06:47:38.416831+00:00,4437179.768411919,3085069.8870652514,3376223.4314886713,-449.9291717317825,5,"E07,E15,E21,E29,E34",785.3532576044828,[ 4.43717977e+06  3.08506989e+06  3.37622343e+06 -4.49929172e+02],32.16750949571889,34.81000824149893,101.52487248089164,93.0629547362517
2026-03-22 06:47:40.416831+00:00,4437368.9847403625,3085157.457870848,3376308.6378142834,-307.61945209439335,5,"E07,E15,E21,E29,E34",35.88316925222273,[ 4.43736898e+06  3.08515746e+06  3.37630864e+06 -3.07619452e+02],32.16717405349115,34.80962536204881,320.7133458936587,112.61836314181026
2026-03-22 06:47:42.416831+00:00,4437331.477860553,3085121.2027852847,3376292.0314043295,-336.60943596562186,5,"E07,E15,E21,E29,E34",38.46683945186396,[ 4.43733148e+06  3.08512120e+06  3.37629203e+06 -3.36609436e+02],32.16729449495038,34.80953676954408,268.284856364131,27.372294906477574
2026-03-22 06:47:44.416831+00:00,4437365.084638889,3085124.8488654587,3376310.488418934,-315.02545037708137,5,"E07,E15,E21,E29,E34",34.986390655454656,[ 4.43736508e+06  3.08512485e+06  3.37631049e+06 -3.15025450e+02],32.167292920271514,34.809365121552545,303.23052164539695,19.257276799003716
2026-03-22 06:47:48.416831+00:00,4437360.685889656,3085089.192497892,3376314.732758176,-323.5454724545376,5,"E07,E15,E21,E29,E34",31.930251818238546,[ 4.43736069e+06  3.08508919e+06  3.37631473e+06 -3.23545472e+02],32.16744037641746,34.809081370795724,285.203122776933,9.044127785768474
2026-03-22 06:47:52.416831+00:00,4437196.985714583,3084965.8410222046,3376256.070021357,-453.51372638173933,5,"E07,E15,E21,E29,E34",777.514995027877,[ 4.43719699e+06  3.08496584e+06  3.37625607e+06 -4.53513726e+02],32.1679759325779,34.808998340110314,80.59077252913266,53.30024071489845
2026-03-22 06:47:56.416831+00:00,4437195.621926601,3084924.239533794,3376258.06426689,-468.8784478870479,5,"E07,E15,E21,E29,E34",771.9657194843346,[ 4.43719562e+06  3.08492424e+06  3.37625806e+06 -4.68878448e+02],32.16811054853597,34.808644455886395,60.60238156002015,10.417895573462278
2026-03-22 06:47:58.416831+00:00,4437400.6512827175,3085007.1519274814,3376349.3650020026,-318.4382577028402,5,"E07,E15,E21,E29,E34",33.34560784308065,[ 4.43740065e+06  3.08500715e+06  3.37634937e+06 -3.18438258e+02],32.167772032836034,34.80812537678157,291.775386037305,119.63206732373409
2026-03-22 06:48:00.416831+00:00,4437411.450851611,3084989.7590494896,3376360.8658929127,-315.16115866814454,5,"E07,E15,E21,E29,E34",32.10251677742537,[ 4.43741145e+06  3.08498976e+06  3.37636087e+06 -3.15161159e+02],32.167864916970906,34.807908621249766,297.00021139811724,11.741096465484663
2026-03-22 06:48:02.416831+00:00,4437421.916173237,3084974.0930147823,3376368.3915027813,-312.5998357734629,5,"E07,E15,E21,E29,E34",32.22147452366867,[ 4.43742192e+06  3.08497409e+06  3.37636839e+06 -3.12599836e+02],32.167924041361985,34.80770892007922,300.71076263766736,10.143746892689895
2026-03-22 06:48:04.416831+00:00,4437438.851674513,3084960.141216605,3376375.408420184,-306.6843831491692,5,"E07,E15,E21,E29,E34",23.904085571472816,[ 4.43743885e+06  3.08496014e+06  3.37637541e+06 -3.06684383e+02],32.16794907943733,34.807484985664495,309.4758399743587,11.518474352910227
2026-03-22 06:48:06.416831+00:00,4437459.510248644,3084958.766180307,3376393.488381415,-294.47936950453055,5,"E07,E15,E21,E29,E34",24.75991705386534,[ 4.43745951e+06  3.08495877e+06  3.37639349e+06 -2.94479370e+02],32.16800942144603,34.807347998603014,332.79564719088376,13.743656792072967
2026-03-22 06:48:08.416831+00:00,4437464.712769148,3084953.993372629,3376413.6853830414,-287.9478536263696,5,"E07,E15,E21,E29,E34",27.97003471825633,[ 4.43746471e+06  3.08495399e+06  3.37641369e+06 -2.87947854e+02],32.168156161068296,34.80727496910368,344.8583683865145,10.697719236067435
2026-03-22 06:48:10.416831+00:00,4437495.57517822,3084957.120834822,3376439.1239112373,-267.23478224588007,5,"E07,E15,E21,E29,E34",29.806709023926906,[ 4.43749558e+06  3.08495712e+06  3.37643912e+06 -2.67234782e+02],32.168220108939536,34.80711542718228,381.3635545372963,20.058589371337323
2026-03-22 06:48:12.416831+00:00,4437539.716344669,3084976.9003426363,3376470.62220503,-232.06888983324333,5,"E07,E15,E21,E29,E34",39.76665166261998,[ 4.43753972e+06  3.08497690e+06  3.37647062e+06 -2.32068890e+02],32.16823233302581,34.80702048120382,438.37029272690415,28.860933875939967
2026-03-22 06:48:14.416831+00:00,4437577.684744153,3085001.454379115,3376491.5548725664,-201.9831887930702,5,"E07,E15,E21,E29,E34",41.70491648349114,[ 4.43757768e+06  3.08500145e+06  3.37649155e+06 -2.01983189e+02],32.168175157489046,34.80700445098013,487.7685364075005,24.91323261302924
2026-03-22 06:48:16.416831+00:00,4437568.5908797085,3085001.901372667,3376479.363786753,-213.38113785837885,5,"E07,E15,E21,E29,E34",39.38414041623445,[ 4.43756859e+06  3.08500190e+06  3.37647936e+06 -2.13381138e+02],32.168116724515095,34.80706337262413,475.1733629666269,7.607902915504453
2026-03-22 06:48:18.416831+00:00,4437563.047014849,3085009.286344269,3376471.97932914,-216.86537455025956,5,"E07,E15,E21,E29,E34",893.4414311943253,[ 4.43756305e+06  3.08500929e+06  3.37647198e+06 -2.16865375e+02],32.16806197404213,34.807161203907214,470.9570050705224,5.91190445996228
2026-03-22 06:48:46.416831+00:00,4437521.03680233,3085238.952923508,3376459.1055814144,-71.83615782088997,5,"E07,E15,E21,E29,E34",5.6038799823490155,[ 4.43752104e+06  3.08523895e+06  3.37645911e+06 -7.18361578e+01],32.1674999145165,34.809414532281025,545.8809205461293,8.351137109102684
2026-03-22 06:48:48.416831+00:00,4437460.068933739,3085215.828725739,3376383.061406067,-116.39602228466939,5,"E07,E15,E21,E29,E34",39.4219978116249,[ 4.43746007e+06  3.08521583e+06  3.37638306e+06 -1.16396022e+02],32.16722315016254,34.80958221506653,451.84743575006723,50.08624094301744
2026-03-22 06:48:50.416831+00:00,4437475.6347432835,3085242.431802738,3376409.859396416,-86.6780625533218,5,"E07,E15,E21,E29,E34",50.90737667527248,[ 4.43747563e+06  3.08524243e+06  3.37640986e+06 -8.66780626e+01],32.16729344117342,34.809719573481004,489.788292074576,20.42149859422608
2026-03-22 06:48:52.416831+00:00,4437485.071580253,3085259.74671215,3376412.534778986,-68.78184941814818,5,"E07,E15,E21,E29,E34",9.604468652995873,[ 4.43748507e+06  3.08525975e+06  3.37641253e+06 -6.87818494e+01],32.16722921428349,34.809813175971314,506.1384375402704,9.95009612798624
2026-03-22 06:48:54.416831+00:00,4437458.27119474,3085251.7798354425,3376382.25218073,-75.9368000923709,5,"E07,E15,E21,E29,E34",47.962736607394206,[ 4.43745827e+06  3.08525178e+06  3.37638225e+06 -7.59368001e+01],32.16712553463393,34.80990602087365,467.5396690471098,20.608053918485687
2026-03-22 06:48:56.416831+00:00,4437433.109593315,3085235.5259966436,3376346.343002718,-92.21544018394317,5,"E07,E15,E21,E29,E34",30.678954888592788,[ 4.43743311e+06  3.08523553e+06  3.37634634e+06 -9.22154402e+01],32.166995156061766,34.8099168174495,423.07988348789513,23.381416378621303
2026-03-22 06:48:58.416831+00:00,4437459.423291704,3085245.2080591363,3376369.6048416803,-67.67741934583208,5,"E07,E15,E21,E29,E34",28.941883616197014,[ 4.43745942e+06  3.08524521e+06  3.37636960e+06 -6.76774193e+01],32.16704246458246,34.809841846624714,458.4314120672643,18.215832460457758
2026-03-22 06:49:00.416831+00:00,4437449.721387006,3085241.702718974,3376361.8501005233,-65.27222561416883,5,"E07,E15,E21,E29,E34",34.485242929218316,[ 4.43744972e+06  3.08524170e+06  3.37636185e+06 -6.52722256e+01],32.16703111927669,34.80987004941397,445.8659789701924,6.4527198687877965
2026-03-22 06:49:02.416831+00:00,4437438.847329284,3085241.954942246,3376351.7278733924,-61.137330157804605,5,"E07,E15,E21,E29,E34",39.01461737446282,[ 4.43743885e+06  3.08524195e+06  3.37635173e+06 -6.11373302e+01],32.166996024958635,34.809938052628915,433.04121987428516,7.429135717166412
2026-03-22 06:49:04.416831+00:00,4437490.0932816835,3085274.037304966,3376394.0709521566,-19.366751412980534,5,"E07,E15,E21,E29,E34",50.36404625906379,[ 4.43749009e+06  3.08527404e+06  3.37639407e+06 -1.93667514e+01],32.1670293212048,34.80990717314722,506.704256972298,36.906510110817415
2026-03-22 06:49:08.416831+00:00,4437410.968165985,3085233.588445498,3376240.7460154938,-95.12669126389781,5,"E07,E15,E21,E29,E34",9.717056974978933,[ 4.43741097e+06  3.08523359e+06  3.37624075e+06 -9.51266913e+01],32.16628168856673,34.81003394920354,350.53674038220197,44.303943369311476
2026-03-22 06:49:16.416831+00:00,4437508.268404944,3085233.1664934186,3376278.7050866294,-44.617056570734825,5,"E07,E15,E21,E29,E34",35.607107213576604,[ 4.43750827e+06  3.08523317e+06  3.37627871e+06 -4.46170566e+01],32.16618907955319,34.809441436483176,438.1676380140707,13.055414122614083
2026-03-22 06:49:44.416831+00:00,4437694.569194892,3085161.197046159,3376116.8096508337,28.634324071561316,5,"E07,E15,E21,E29,E34",29.859243212455922,[4.43769457e+06 3.08516120e+06 3.37611681e+06 2.86343241e+01],32.1644161891031,34.80768760208617,446.69031551945955,9.181955866143399
2026-03-22 06:49:50.416831+00:00,4437722.170637336,3085166.8794267178,3376082.4786958587,23.39730833098181,5,"E07,E15,E21,E29,E34",33.48341642061955,[4.43772217e+06 3.08516688e+06 3.37608248e+06 2.33973083e+01],32.16402976681137,34.80757003850818,450.3447742732242,7.402596284893697
2026-03-22 06:49:54.416831+00:00,4437731.486343087,3085164.3950903066,3376066.0776212206,16.52659841767334,5,"E07,E15,E21,E29,E34",36.81976004879394,[4.43773149e+06 3.08516440e+06 3.37606608e+06 1.65265984e+01],32.163874660659616,34.80749204282244,446.8882894376293,4.756242939084254
2026-03-22 06:49:56.416831+00:00,4437721.850496949,3085139.3464167044,3376028.846333435,-0.2292765047011702,5,"E07,E15,E21,E29,E34",883.9132980798182,[ 4.43772185e+06  3.08513935e+06  3.37602885e+06 -2.29276505e-01],32.1636970719947,34.80733232330774,408.2670799838379,22.948062936872276
2026-03-22 06:49:58.416831+00:00,4437743.262819119,3085154.6302267727,3376048.7548034973,9.244590018541256,5,"E07,E15,E21,E29,E34",891.119611131825,[4.43774326e+06 3.08515463e+06 3.37604875e+06 9.24459002e+00],32.163722768689034,34.807335785776345,441.1335091497749,16.49567800329649
2026-03-22 06:50:02.416831+00:00,4437695.993563366,3085115.9383321023,3375984.706777944,-58.28298297558321,5,"E07,E15,E21,E29,E34",873.1775354726835,[ 4.43769599e+06  3.08511594e+06  3.37598471e+06 -5.82829830e+01],32.163526185303986,34.807285040510465,355.4864309085533,22.12689939566769
2026-03-22 06:50:04.416831+00:00,4437747.445801647,3085152.945757062,3376042.5765191386,-22.152844589868128,5,"E07,E15,E21,E29,E34",44.53987869326522,[ 4.43774745e+06  3.08515295e+06  3.37604258e+06 -2.21528446e+01],32.16366373576893,34.80729581178851,439.93805014155805,42.912088250933294
2026-03-22 06:50:06.416831+00:00,4437740.321391288,3085148.8553031567,3376037.3523757793,-38.38938909313651,5,"E07,E15,E21,E29,E34",37.87431421387602,[ 4.43774032e+06  3.08514886e+06  3.37603735e+06 -3.83893891e+01],32.163663145875326,34.807303319022395,430.228522375226,4.867769251882157
2026-03-22 06:50:08.416831+00:00,4437720.727425201,3085131.7764137946,3376009.15596303,-69.86155904818324,5,"E07,E15,E21,E29,E34",31.045313779380447,[ 4.43772073e+06  3.08513178e+06  3.37600916e+06 -6.98615590e+01],32.1635719344228,34.8072732283155,393.3465738296509,19.174525162251623
2026-03-22 06:50:10.416831+00:00,4437726.127408392,3085135.575472565,3376015.408854571,-73.9256034885678,5,"E07,E15,E21,E29,E34",34.35605636451403,[ 4.43772613e+06  3.08513558e+06  3.37601541e+06 -7.39256035e+01],32.16358797256844,34.80727361962211,402.2643439024687,4.546738353642104
2026-03-22 06:50:12.416831+00:00,4437746.180578104,3085155.8357618605,3376035.076036971,-71.1665227678618,5,"E07,E15,E21,E29,E34",39.919345371451776,[ 4.43774618e+06  3.08515584e+06  3.37603508e+06 -7.11665228e+01],32.16360354895129,34.807328622995215,436.462330811657,17.31622794812959
2026-03-22 06:50:14.416831+00:00,4437759.059382477,3085154.8197860937,3376047.09222417,-67.98749083258654,5,"E07,E15,E21,E29,E34",41.52218076220397,[ 4.43775906e+06  3.08515482e+06  3.37604709e+06 -6.79874908e+01],32.16364729740812,34.80724184767037,451.31971316132694,8.821629152638007
2026-03-22 06:50:16.416831+00:00,4437710.367172682,3085121.2792559084,3375996.0061790263,-122.59890111668253,5,"E07,E15,E21,E29,E34",28.48126453745464,[ 4.43771037e+06  3.08512128e+06  3.37599601e+06 -1.22598901e+02],32.163541152564676,34.80724455090949,374.07297926489264,39.06943328312153
2026-03-22 06:50:18.416831+00:00,4441727.12679098,3088948.043208919,3380014.161364635,3091.9742584811006,5,"E07,E15,E21,E29,E34",934.5285115262051,[4.44172713e+06 3.08894804e+06 3.38001416e+06 3.09197426e+03],32.1678914420056,34.81623814961936,7154.2351977508515,3425.056615549786
2026-03-22 06:50:20.416831+00:00,4441733.668098109,3088951.1239180868,3380016.402073537,3083.11171489469,5,"E07,E15,E21,E29,E34",933.4620170349847,[4.44173367e+06 3.08895112e+06 3.38001640e+06 3.08311171e+03],32.167874337198924,34.81622538293837,7161.463006943464,3.784846242428963
2026-03-22 06:50:22.416831+00:00,4437702.93306476,3085123.5156390737,3375999.0473480346,-160.4970979580996,5,"E07,E15,E21,E29,E34",18.215796131228657,[ 4.43770293e+06  3.08512352e+06  3.37599905e+06 -1.60497098e+02],32.163587540618686,34.80730900262458,371.6053566802293,3429.1598474390994
2026-03-22 06:50:24.416831+00:00,4437755.446759012,3085166.2298556096,3376045.8736436656,-127.96029894811082,5,"E07,E15,E21,E29,E34",37.36461405111795,[ 4.43775545e+06  3.08516623e+06  3.37604587e+06 -1.27960299e+02],32.16362096964038,34.80736302326839,453.673522063531,41.15487316460779
2026-03-22 06:50:26.416831+00:00,4437751.409827373,3085166.508348821,3376043.1163180526,-142.88676248832755,5,"E07,E15,E21,E29,E34",33.240584844967984,[ 4.43775141e+06  3.08516651e+06  3.37604312e+06 -1.42886762e+02],32.163615069748126,34.80738987558214,449.5343276588246,2.4483269828324348
2026-03-22 06:50:28.416831+00:00,4437717.4620184,3085133.876997667,3376012.710489614,-182.6260348366758,5,"E07,E15,E21,E29,E34",31.300645763754407,[ 4.43771746e+06  3.08513388e+06  3.37601271e+06 -1.82626035e+02],32.1636061825295,34.80731127202342,393.98414225969464,28.025761431387135
2026-03-22 06:50:30.416831+00:00,4437758.523546681,3085167.597462786,3376047.7720912695,-158.88880773386336,5,"E07,E15,E21,E29,E34",892.1785455712006,[ 4.43775852e+06  3.08516760e+06  3.37604777e+06 -1.58888808e+02],32.16361958716449,34.80735630887849,457.48356146737933,31.829368448080785
2026-03-22 06:50:32.416831+00:00,4437747.936493647,3085164.6039530844,3376046.7233584947,-177.299300150111,5,"E07,E15,E21,E29,E34",36.7321963484997,[ 4.43774794e+06  3.08516460e+06  3.37604672e+06 -1.77299300e+02],32.16366151192554,34.80739431729603,448.1200646208599,5.525998387175465
2026-03-22 06:50:34.416831+00:00,4437692.488230504,3085121.0167381126,3375994.6995322774,-235.31195339065465,5,"E07,E15,E21,E29,E34",19.892971948361538,[ 4.43769249e+06  3.08512102e+06  3.37599470e+06 -2.35311953e+02],32.16360236632092,34.807350456049654,360.8234792239964,43.82018281821735
2026-03-22 06:50:36.416831+00:00,4437711.788588727,3085133.7294706325,3376010.8347127186,-228.75021204193223,5,"E07,E15,E21,E29,E34",23.585424583202013,[ 4.43771179e+06  3.08513373e+06  3.37601083e+06 -2.28750212e+02],32.16361462939551,34.807344319235334,388.9708934109658,14.093096213414224
2026-03-22 06:50:38.416831+00:00,4437732.431505625,3085150.863727568,3376032.321764219,-220.15092643367194,5,"E07,E15,E21,E29,E34",30.369828390437135,[ 4.43773243e+06  3.08515086e+06  3.37603232e+06 -2.20150926e+02],32.16365033880155,34.80736854412791,423.0370373595506,17.18579472260159
2026-03-22 06:50:40.416831+00:00,4437747.517784905,3085162.0076694256,3376044.085320157,-220.9295482385668,5,"E07,E15,E21,E29,E34",891.6567772580047,[ 4.43774752e+06  3.08516201e+06  3.37604409e+06 -2.20929548e+02],32.16365013893733,34.807374252546346,445.17013601306826,11.069829616189361
2026-03-22 06:50:42.416831+00:00,4437759.465726066,3085167.2340538315,3376055.0202347455,-221.77232884496127,5,"E07,E15,E21,E29,E34",38.90158154158914,[ 4.43775947e+06  3.08516723e+06  3.37605502e+06 -2.21772329e+02],32.163672197720445,34.80734744441362,461.82130497600883,8.509417562607899
2026-03-22 06:50:44.416831+00:00,4437727.896457736,3085142.071108181,3376018.497223416,-261.9298457426226,5,"E07,E15,E21,E29,E34",26.71181322861445,[ 4.43772790e+06  3.08514207e+06  3.37601850e+06 -2.61929846e+02],32.16358677639934,34.80731945407395,408.2768020769581,27.22004267669042
2026-03-22 06:50:46.416831+00:00,4437728.03393327,3085149.3885355843,3376025.991182007,-270.15981141329297,5,"E07,E15,E21,E29,E34",20.238637024845538,[ 4.43772803e+06  3.08514939e+06  3.37602599e+06 -2.70159811e+02],32.16362338918676,34.807382314498824,415.8975799307227,5.237438751160928
2026-03-22 06:50:48.416831+00:00,4437751.7159517715,3085164.9832275617,3376053.9954475258,-259.1629010050196,5,"E07,E15,E21,E29,E34",38.545376455557665,[ 4.43775172e+06  3.08516498e+06  3.37605400e+06 -2.59162901e+02],32.16370108745076,34.80737474828873,454.8015305874869,19.926560826155676
2026-03-22 06:50:50.416831+00:00,4437749.420484281,3085156.309516348,3376040.724223705,-271.72578634906125,5,"E07,E15,E21,E29,E34",890.4230066904751,[ 4.43774942e+06  3.08515631e+06  3.37604072e+06 -2.71725786e+02],32.1636325963092,34.807313141309464,441.94995696190745,8.009803663620781
2026-03-22 06:50:52.416831+00:00,4437744.737890245,3085151.2488013697,3376028.376393748,-286.0660090789016,5,"E07,E15,E21,E29,E34",31.87217226385411,[ 4.43774474e+06  3.08515125e+06  3.37602838e+06 -2.86066009e+02],32.163570662270395,34.80729742731097,429.67659674212337,7.071181436692351
2026-03-22 06:50:54.416831+00:00,4437771.736097257,3085158.3368209484,3376071.1392061566,-273.2137186746333,5,"E07,E15,E21,E29,E34",49.61245535978941,[ 4.43777174e+06  3.08515834e+06  3.37607114e+06 -2.73213719e+02],32.16377125744646,34.80719575153219,474.63153482601047,25.533318078864358
2026-03-22 06:50:56.416831+00:00,4437743.230586734,3085140.6330685825,3376006.2893429673,-316.6219968696211,5,"E07,E15,E21,E29,E34",32.45031812290974,[ 4.43774323e+06  3.08514063e+06  3.37600629e+06 -3.16621997e+02],32.16343708967322,34.80721414701046,411.74147268384695,36.50853233723673
2026-03-22 06:51:08.416831+00:00,4437917.856142628,3085200.0557880295,3375969.1675860547,-303.07658628301493,5,"E07,E15,E21,E29,E34",905.2148874042666,[ 4.43791786e+06  3.08520006e+06  3.37596917e+06 -3.03076586e+02],32.162302649375945,34.80667469773846,542.0724695883691,15.679774922686617
2026-03-22 06:51:10.416831+00:00,4437901.314675433,3085184.002735264,3375924.3269322305,-342.24898289775047,5,"E07,E15,E21,E29,E34",45.82405576924669,[ 4.43790131e+06  3.08518400e+06  3.37592433e+06 -3.42248983e+02],32.162069536035666,34.80663506340449,498.9482174376026,25.20914950687264
2026-03-22 06:51:12.416831+00:00,4437899.343738433,3085169.8705997984,3375871.3589070416,-372.54198959550774,5,"E07,E15,E21,E29,E34",36.934771022387416,[ 4.43789934e+06  3.08516987e+06  3.37587136e+06 -3.72541990e+02],32.161711689577366,34.80652398301577,462.55378775205463,27.428149490486433
2026-03-22 06:51:20.416831+00:00,4437995.2496784,3085178.387571205,3375792.773331545,-402.43583113060754,5,"E07,E15,E21,E29,E34",46.92677035156085,[ 4.43799525e+06  3.08517839e+06  3.37579277e+06 -4.02435831e+02],32.160710480442454,34.80601780259386,491.50160992331803,15.535333114752301
2026-03-22 06:51:22.416831+00:00,4438016.250542623,3085176.324597264,3375769.640578157,-412.12444421517984,5,"E07,E15,E21,E29,E34",45.025852563908145,[ 4.43801625e+06  3.08517632e+06  3.37576964e+06 -4.12124444e+02],32.160456778256744,34.8058727757882,492.7890572156757,15.655801152363392
2026-03-22 06:51:28.416831+00:00,4438066.718592795,3085163.3240054417,3375678.9522228204,-458.6010287533603,5,"E07,E15,E21,E29,E34",40.62188862510216,[ 4.43806672e+06  3.08516332e+06  3.37567895e+06 -4.58601029e+02],32.159601208521345,34.805454253932034,473.3156093163416,17.432741600446416
2026-03-22 06:51:30.416831+00:00,4442046.240864838,3086817.9579363693,3381711.371156383,3088.0569230430747,5,"E07,E15,E21,E29,E34",2012.7298717583722,[4.44204624e+06 3.08681796e+06 3.38171137e+06 3.08805692e+03],32.18540682253168,34.795785036249356,7250.720348950475,3706.9019797219357
2026-03-22 06:51:32.416831+00:00,4438147.5266547855,3085179.839897785,3375672.1024008673,-442.3936091977655,5,"E07,E15,E21,E29,E34",52.91415834622687,[ 4.43814753e+06  3.08517984e+06  3.37567210e+06 -4.42393609e+02],32.15918520726141,34.80510907316191,533.821308337152,3686.3318590892013
2026-03-22 06:51:34.416831+00:00,4438153.0186336115,3085165.1886562165,3375626.4744401015,-468.2643580909638,5,"E07,E15,E21,E29,E34",49.32231615011125,[ 4.43815302e+06  3.08516519e+06  3.37562647e+06 -4.68264358e+02],32.15885538842619,34.804948321771754,506.2728024236858,24.11810271642312
2026-03-22 06:51:38.416831+00:00,4438174.167765874,3085155.5655284123,3375569.6197284902,-501.6753110601836,5,"E07,E15,E21,E29,E34",43.44187224388224,[ 4.43817417e+06  3.08515557e+06  3.37556962e+06 -5.01675311e+02],32.15836438476918,34.804736601769044,486.06233480758965,15.354862048818523
2026-03-22 06:51:50.416831+00:00,4438232.080169655,3085103.4471476143,3375343.5075450484,-610.6657904200622,5,"E07,E15,E21,E29,E34",16.748639831300505,[ 4.43823208e+06  3.08510345e+06  3.37534351e+06 -6.10665790e+02],32.1565527932671,34.80393257849967,380.78754681441933,19.929893033238173
2026-03-22 06:51:54.416831+00:00,4442191.764638945,3086718.6474964786,3381320.336534046,2892.6384204579117,5,"E07,E15,E21,E29,E34",1980.9985213460868,[4.44219176e+06 3.08671865e+06 3.38132034e+06 2.89263842e+03],32.18212423420848,34.79404162724468,7095.619828323834,1837.2951931275238
2026-03-22 06:52:00.416831+00:00,4438367.490438268,3085121.4424426802,3375332.4461278934,-593.8566763028501,5,"E07,E15,E21,E29,E34",42.51287146804846,[ 4.43836749e+06  3.08512144e+06  3.37533245e+06 -5.93856676e+02],32.155885433050315,34.80326995388892,477.72691354714334,1213.706085851021
2026-03-22 06:52:02.416831+00:00,4438373.002571193,3085118.662902409,3375334.7447674023,-602.1757067135211,5,"E07,E15,E21,E29,E34",45.16993060054909,[ 4.43837300e+06  3.08511866e+06  3.37533474e+06 -6.02175707e+02],32.155888872958805,34.8032124127358,481.4390275189653,3.2936756478443603
2026-03-22 06:52:04.416831+00:00,4438372.825314404,3085122.071974388,3375305.12673754,-609.3068411116242,5,"E07,E15,E21,E29,E34",40.004310393320296,[ 4.43837283e+06  3.08512207e+06  3.37530513e+06 -6.09306841e+02],32.15565412654735,34.80324315703081,467.1997011778876,14.907052732191241
2026-03-22 06:52:06.416831+00:00,4438401.931232447,3085133.7705577607,3375349.7473455872,-584.4699570580643,5,"E07,E15,E21,E29,E34",53.98200383491514,[ 4.43840193e+06  3.08513377e+06  3.37534975e+06 -5.84469957e+02],32.15584802096263,34.803168887936195,516.8339561456814,27.271826032166594
2026-03-22 06:52:08.416831+00:00,4438377.562329712,3085120.4054871737,3375319.7593910885,-613.3868418142216,5,"E07,E15,E21,E29,E34",41.92714369496452,[ 4.43837756e+06  3.08512041e+06  3.37531976e+06 -6.13386842e+02],32.155751731316926,34.803199993208175,477.47525187116116,20.443494975767248
2026-03-22 06:52:10.416831+00:00,4438341.696781564,3085105.5162982624,3375265.0133023546,-649.1885048451117,5,"E07,E15,E21,E29,E34",24.308698489362815,[ 4.43834170e+06  3.08510552e+06  3.37526501e+06 -6.49188505e+02],32.155515912808504,34.80328738855143,416.2112857233733,33.560243302553914
2026-03-22 06:52:12.416831+00:00,4438356.182769379,3085113.8982457914,3375298.0618140604,-636.3064797314177,5,"E07,E15,E21,E29,E34",35.36658395724501,[ 4.43835618e+06  3.08511390e+06  3.37529806e+06 -6.36306480e+02],32.15568816515139,34.80327270251204,447.9207215383649,18.522317709510563
2026-03-22 06:52:14.416831+00:00,4438378.386344554,3085123.9891875475,3375315.349855225,-623.258413152973,5,"E07,E15,E21,E29,E34",37.83780191170787,[ 4.43837839e+06  3.08512399e+06  3.37531535e+06 -6.23258413e+02],32.155705004845935,34.80322619969589,477.43289397098124,14.947426395511231
2026-03-22 06:52:16.416831+00:00,4438386.691763284,3085127.452781294,3375327.5881736376,-617.0566261128768,5,"E07,E15,E21,E29,E34",43.718375557273546,[ 4.43838669e+06  3.08512745e+06  3.37532759e+06 -6.17056626e+02],32.15575621649918,34.80320609818117,491.3936437126249,7.595276484193566
2026-03-22 06:52:20.416831+00:00,4442155.474624785,3086642.2314261934,3381129.793118321,2740.4743975374013,5,"E07,E15,E21,E29,E34",2798.4021367811956,[4.44215547e+06 3.08664223e+06 3.38112979e+06 2.74047440e+03],32.1810237041725,34.79359627520242,6932.006822369061,1770.6612610175703
2026-03-22 06:52:22.416831+00:00,4438363.90134307,3085108.561112841,3375310.3309271494,-647.7968527617747,5,"E07,E15,E21,E29,E34",36.12677255168232,[ 4.43836390e+06  3.08510856e+06  3.37531033e+06 -6.47796853e+02],32.1557660317732,34.80317955131453,457.23732735961676,3556.483965068065
2026-03-22 06:52:24.416831+00:00,4442134.002851768,3086629.374828804,3381092.5856348914,2706.12684900109,5,"E07,E15,E21,E29,E34",1928.107214580447,[4.44213400e+06 3.08662937e+06 3.38109259e+06 2.70612685e+03],32.180859820099656,34.79361422112986,6891.057159525342,3534.155105882986
2026-03-22 06:52:26.416831+00:00,4438369.387320811,3085114.2866805745,3375311.8945736093,-649.2415080984614,5,"E07,E15,E21,E29,E34",38.59183984036338,[ 4.43836939e+06  3.08511429e+06  3.37531189e+06 -6.49241508e+02],32.15574066658017,34.80319619529639,464.64981306530535,3531.4377857615373
2026-03-22 06:52:28.416831+00:00,4438381.324494711,3085124.1159829795,3375322.315622186,-635.8324120177296,5,"E07,E15,E21,E29,E34",40.226098394110956,[ 4.43838132e+06  3.08512412e+06  3.37532232e+06 -6.35832412e+02],32.155746256413984,34.80320952743899,483.2439878322184,9.323485935071124
2026-03-22 06:52:30.416831+00:00,4441973.025118181,3088647.596158333,3378776.208328419,2170.897668987579,5,"E07,E15,E21,E29,E34",794.7532165253821,[4.44197303e+06 3.08864760e+06 3.37877621e+06 2.17089767e+03],32.15830545836536,34.812139121856596,6520.930099606514,3051.4177336490025
2026-03-22 06:52:32.416831+00:00,4442016.86634558,3088667.386061381,3378835.4825933683,2214.395883474823,5,"E07,E15,E21,E29,E34",813.8340758295375,[4.44201687e+06 3.08866739e+06 3.37883548e+06 2.21439588e+03],32.15853075000535,34.812046136969286,6592.516580840573,38.167826660039594
2026-03-22 06:52:36.416831+00:00,4438345.240561532,3085104.0896483003,3375279.177510702,-649.3940748591567,5,"E07,E15,E21,E29,E34",26.992592703913218,[ 4.43834524e+06  3.08510409e+06  3.37527918e+06 -6.49394075e+02],32.15561398767044,34.8032535310848,425.5238908054307,1557.7472329167583
2026-03-22 06:52:38.416831+00:00,4442093.515918174,3086597.0168417674,3381050.960031911,2700.3477544937955,5,"E07,E15,E21,E29,E34",1921.3870982610922,[4.44209352e+06 3.08659702e+06 3.38105096e+06 2.70034775e+03],32.180790556160716,34.7935774652,6825.119610938244,3521.0748794343212
2026-03-22 06:52:40.416831+00:00,4438353.656611019,3085109.537887913,3375289.302408686,-626.0354381576902,5,"E07,E15,E21,E29,E34",32.32373706801501,[ 4.43835366e+06  3.08510954e+06  3.37528930e+06 -6.26035438e+02],32.15564319346457,34.80325003409352,439.3957276754081,3514.108700749687
2026-03-22 06:52:42.416831+00:00,4438343.4126487225,3085097.594236888,3375255.249885291,-636.7716061123486,5,"E07,E15,E21,E29,E34",875.1825431993603,[ 4.43834341e+06  3.08509759e+06  3.37525525e+06 -6.36771606e+02],32.155456315418995,34.803208054945124,408.3798053804785,18.756091763139686
2026-03-22 06:52:44.416831+00:00,4438378.9153945325,3085118.795420192,3375294.409461502,-596.19725239222,5,"E07,E15,E21,E29,E34",40.161650670906084,[ 4.43837892e+06  3.08511880e+06  3.37529441e+06 -5.96197252e+02],32.155557285479574,34.80317779344318,464.14608513284475,28.475461113824597
2026-03-22 06:52:46.416831+00:00,4438374.318807775,3085124.102730786,3375272.4483482116,-594.8397087334861,5,"E07,E15,E21,E29,E34",34.75848409067945,[ 4.43837432e+06  3.08512410e+06  3.37527245e+06 -5.94839709e+02],32.15539320737222,34.80325179664462,451.8271347815171,11.52808150246811
2026-03-22 06:52:48.416831+00:00,4438355.083457807,3085125.6814202163,3375252.5750623923,-598.950654259152,5,"E07,E15,E21,E29,E34",31.373238430179732,[ 4.43835508e+06  3.08512568e+06  3.37525258e+06 -5.98950654e+02],32.15531296759595,34.80338191197706,428.6413638321683,13.851339628064355
2026-03-22 06:52:50.416831+00:00,4441933.593240481,3088665.6910758284,3378690.778525778,2207.428882321741,5,"E07,E15,E21,E29,E34",787.678308227575,[4.44193359e+06 3.08866569e+06 3.37869078e+06 2.20742888e+03],32.15775961488063,34.81253485449981,6456.797131635249,3047.8945061368518
2026-03-22 06:52:52.416831+00:00,4441903.250165989,3088673.505860262,3378654.313363236,2193.4055867407496,5,"E07,E15,E21,E29,E34",776.511462972788,[4.44190325e+06 3.08867351e+06 3.37865431e+06 2.19340559e+03],32.15757956501738,34.812786255321335,6420.075018979609,24.038932508593344
2026-03-22 06:52:56.416831+00:00,4438331.768156398,3085229.6989050657,3375230.886743455,-560.4815421676558,5,"E07,E15,E21,E29,E34",884.7108356012134,[ 4.43833177e+06  3.08522970e+06  3.37523089e+06 -5.60481542e+02],32.154954345878544,34.804428311060185,451.15393105056137,1506.9659068495846
2026-03-22 06:53:02.416831+00:00,4438277.94463356,3085265.290975739,3375180.670947505,-569.8958742455201,5,"E07,E15,E21,E29,E34",27.14869059999224,[ 4.43827794e+06  3.08526529e+06  3.37518067e+06 -5.69895874e+02],32.15468558676717,34.805063735901456,404.21211166866124,13.627375703555588
2026-03-22 06:53:04.416831+00:00,4438270.158656675,3085293.3113466846,3375170.6033369796,-568.6617153982528,5,"E07,E15,E21,E29,E34",29.12326534326904,[ 4.43827016e+06  3.08529331e+06  3.37517060e+06 -5.68661715e+02],32.154562653203506,34.805354720992945,406.98212539125234,15.387652563710871
2026-03-22 06:53:06.416831+00:00,4438281.880404131,3085338.140800752,3375182.094389768,-547.2633097868513,5,"E07,E15,E21,E29,E34",886.4417907226241,[ 4.43828188e+06  3.08533814e+06  3.37518209e+06 -5.47263310e+02],32.15448138858358,34.8056739740024,442.90958251431584,23.870083837234475
2026-03-22 06:53:08.416831+00:00,4438263.022293402,3085356.123709226,3375167.780070373,-549.3300038365575,5,"E07,E15,E21,E29,E34",35.35728499159179,[ 4.43826302e+06  3.08535612e+06  3.37516778e+06 -5.49330004e+02],32.15439715891606,34.805944585895055,430.8724177610129,14.865337846601967
2026-03-22 06:53:10.416831+00:00,4438257.536421025,3085391.755500311,3375159.1726558344,-551.0290145752708,5,"E07,E15,E21,E29,E34",36.39679992757249,[ 4.43825754e+06  3.08539176e+06  3.37515917e+06 -5.51029015e+02],32.15425545801843,34.806287895837144,439.6971234390512,18.532450706103816
2026-03-22 06:53:12.416831+00:00,4438242.830082616,3085410.539375446,3375140.5818472384,-560.3709314958711,5,"E07,E15,E21,E29,E34",31.9476971307828,[ 4.43824283e+06  3.08541054e+06  3.37514058e+06 -5.60370931e+02],32.154120024810744,34.80654035872664,428.6574429413304,15.12223957241123
2026-03-22 06:53:14.416831+00:00,4438218.235381387,3085419.854888627,3375112.828056629,-584.5591840831562,5,"E07,E15,E21,E29,E34",28.81347381688428,[ 4.43821824e+06  3.08541985e+06  3.37511283e+06 -5.84559184e+02],32.15397953857706,34.80677024496249,401.29185190983117,19.117733963203843
2026-03-22 06:53:16.416831+00:00,4438212.102452501,3085442.1483133486,3375106.3283496723,-593.0683119448616,5,"E07,E15,E21,E29,E34",27.64102217987544,[ 4.43821210e+06  3.08544215e+06  3.37510633e+06 -5.93068312e+02],32.15389301438913,34.80700137965032,404.34302520472556,12.008911202459997
2026-03-22 06:53:18.416831+00:00,4438242.2548044175,3085492.8170746653,3375125.2274582866,-579.3018212409887,5,"E07,E15,E21,E29,E34",37.70587084268768,[ 4.43824225e+06  3.08549282e+06  3.37512523e+06 -5.79301821e+02],32.15377968614905,34.80725992544789,459.84767575003207,30.958294550472882
2026-03-22 06:53:20.416831+00:00,4438228.081248159,3085503.617006722,3375091.3483542055,-611.5396254275017,5,"E07,E15,E21,E29,E34",31.21036650363385,[ 4.43822808e+06  3.08550362e+06  3.37509135e+06 -6.11539625e+02],32.15354730635625,34.80743967707674,437.18412525206804,19.139761772206
2026-03-22 06:53:22.416831+00:00,4438251.930289602,3085515.7552854344,3375091.117973414,-606.8073300369017,5,"E07,E15,E21,E29,E34",39.21051191125123,[ 4.43825193e+06  3.08551576e+06  3.37509112e+06 -6.06807330e+02],32.15341832475599,34.80740101914907,459.50609475560486,13.380654535345723
2026-03-22 06:53:24.416831+00:00,4438244.310311265,3085507.9890927332,3375047.7420533067,-642.4798869142036,5,"E07,E15,E21,E29,E34",27.95490947255816,[ 4.43824431e+06  3.08550799e+06  3.37504774e+06 -6.42479887e+02],32.153138476944505,34.80737953353506,427.37186449579895,22.35983152922807
2026-03-22 06:53:26.416831+00:00,4438278.567977003,3085513.683596325,3375029.9379326077,-647.778201667156,5,"E07,E15,E21,E29,E34",885.4961851070416,[ 4.43827857e+06  3.08551368e+06  3.37502994e+06 -6.47778202e+02],32.15285197103533,34.80722181775013,444.4629755979404,19.512827491196404
2026-03-22 06:53:28.416831+00:00,4438290.513489214,3085506.4913598937,3374984.967945892,-671.9760359145782,5,"E07,E15,E21,E29,E34",878.7397944122538,[ 4.43829051e+06  3.08550649e+06  3.37498497e+06 -6.71976036e+02],32.152481285398345,34.80708694687533,425.3591202022508,23.541045176925785
2026-03-22 06:53:30.416831+00:00,4438374.411292716,3085546.7844845126,3375022.3072493332,-638.9859139662685,5,"E07,E15,E21,E29,E34",895.9555585606402,[ 4.43837441e+06  3.08554678e+06  3.37502231e+06 -6.38985914e+02],32.152325404703596,34.8069300077645,523.0245880391449,50.141302599575845
2026-03-22 06:53:32.416831+00:00,4438360.07405065,3085515.286378431,3374950.612589424,-688.444537436256,5,"E07,E15,E21,E29,E34",886.1447727870702,[ 4.43836007e+06  3.08551529e+06  3.37495061e+06 -6.88444537e+02],32.15192082954289,34.80674262302172,459.68213968910277,39.805186396622325
2026-03-22 06:53:34.416831+00:00,4441148.4800110655,3087925.0984511683,3380421.0425094133,1450.188911344842,5,"E07,E15,E21,E29,E34",2374.352157323013,[4.44114848e+06 3.08792510e+06 3.38042104e+06 1.45018891e+03],32.17607393698563,34.81084189245437,6474.418416718952,3298.029924648373
2026-03-22 06:53:40.416831+00:00,4434310.460317404,3083195.7698991196,3371684.600453745,-4308.283900551658,5,"E07,E15,E21,E29,E34",105.90380113792942,[ 4.43431046e+06  3.08319577e+06  3.37168460e+06 -4.30828390e+03],32.149293821734005,34.81106084946963,-5214.446564896032,2010.0475510971066
2026-03-22 06:53:42.416831+00:00,4434369.469531474,3083221.0764868893,3371672.9203046975,-4298.180056030149,5,"E07,E15,E21,E29,E34",958.1143880004677,[ 4.43436947e+06  3.08322108e+06  3.37167292e+06 -4.29818006e+03],32.14890250420046,34.810923903757725,-5167.410184209235,32.63026437006365
2026-03-22 06:53:44.416831+00:00,4438496.648466746,3085468.824280518,3374743.0439835824,-792.255270577052,5,"E07,E15,E21,E29,E34",881.5818999892745,[ 4.43849665e+06  3.08546882e+06  3.37474304e+06 -7.92255271e+02],32.14992528605021,34.8055119599638,421.71351501718163,2806.7612790889116
2026-03-22 06:53:46.416831+00:00,4438555.866485143,3085492.7428752356,3374740.2440836485,-777.2689641348693,5,"E07,E15,E21,E29,E34",890.2690108580217,[ 4.43855587e+06  3.08549274e+06  3.37474024e+06 -7.77268964e+02],32.149605081229076,34.805361855816116,472.95032235141844,31.963699393761587
2026-03-22 06:53:50.416831+00:00,4438576.884433159,3085467.7194267083,3374658.057762693,-822.269903866267,5,"E07,E15,E21,E29,E34",30.696777068607297,[ 4.43857688e+06  3.08546772e+06  3.37465806e+06 -8.22269904e+02],32.148963341996925,34.80501691969262,431.73533243872225,22.111250624921944
2026-03-22 06:54:02.416831+00:00,4438640.903802839,3085472.158798562,3374576.4923992,-915.3759427009993,5,"E07,E15,E21,E29,E34",35.29396389801412,[ 4.43864090e+06  3.08547216e+06  3.37457649e+06 -9.15375943e+02],32.1480762230551,34.804668249097176,434.98496397584677,8.648657666609774
2026-03-22 06:54:06.416831+00:00,4438684.091241674,3085484.2600100846,3374555.27976578,-923.756676989255,5,"E07,E15,E21,E29,E34",35.94548780513425,[ 4.43868409e+06  3.08548426e+06  3.37455528e+06 -9.23756677e+02],32.14771097670047,34.80451229254527,459.5700179161504,12.403552943611105
2026-03-22 06:54:10.416831+00:00,4438689.668834741,3085476.3541970034,3374504.069079182,-965.7223885337456,5,"E07,E15,E21,E29,E34",30.265088049119655,[ 4.43868967e+06  3.08547635e+06  3.37450407e+06 -9.65722389e+02],32.147319668837646,34.804409746099815,432.37777015194297,13.029164033858228
2026-03-22 06:54:18.416831+00:00,4438761.009986418,3085485.659678639,3374397.9079690264,-1017.8686872896659,5,"E07,E15,E21,E29,E34",29.396739553570082,[ 4.43876101e+06  3.08548566e+06  3.37439791e+06 -1.01786869e+03],32.146202590117056,34.80405914349476,429.9854651102796,16.03040724908687
2026-03-22 06:54:20.416831+00:00,4438770.125968605,3085483.2936904966,3374365.813075019,-1038.3607757017878,5,"E07,E15,E21,E29,E34",28.210727139221476,[ 4.43877013e+06  3.08548329e+06  3.37436581e+06 -1.03836078e+03],32.145928111814925,34.80398340499352,418.10271303076297,16.724093790574113
2026-03-22 06:54:22.416831+00:00,4438773.091737319,3085470.8121371814,3374310.7217010004,-1071.0473781938233,5,"E07,E15,E21,E29,E34",22.48773420886443,[ 4.43877309e+06  3.08547081e+06  3.37431072e+06 -1.07104738e+03],32.145529984246856,34.80385683808023,384.81994195561856,28.28269987328637
2026-03-22 06:54:24.416831+00:00,4438802.515070245,3085478.994941,3374288.9488163465,-1076.7234051262128,5,"E07,E15,E21,E29,E34",22.18945151430138,[ 4.43880252e+06  3.08547899e+06  3.37428895e+06 -1.07672341e+03],32.145225421515995,34.803750055280446,397.64590847864747,18.753328404250254
2026-03-22 06:54:26.416831+00:00,4438855.317443564,3085506.101343956,3374288.3262094804,-1063.238514777094,5,"E07,E15,E21,E29,E34",33.59747098614309,[ 4.43885532e+06  3.08550610e+06  3.37428833e+06 -1.06323851e+03],32.14493841990219,34.803666532091256,447.12460942287,29.67842376471469
2026-03-22 06:54:28.416831+00:00,4438865.148032636,3085500.1261360403,3374246.08946714,-1089.2596969731442,5,"E07,E15,E21,E29,E34",27.85819033712063,[ 4.43886515e+06  3.08550013e+06  3.37424609e+06 -1.08925970e+03],32.14459357403854,34.803555062163376,428.59911078959703,21.88770199614912
2026-03-22 06:54:30.416831+00:00,4438888.354070669,3085507.365536943,3374218.30870119,-1101.369981582227,5,"E07,E15,E21,E29,E34",29.827537730979625,[ 4.43888835e+06  3.08550737e+06  3.37421831e+06 -1.10136998e+03],32.14427022044241,34.80347768313346,433.45068796444684,18.45738391104504
2026-03-22 06:54:32.416831+00:00,4438887.469833018,3085490.8983964063,3374166.530335738,-1133.9557588505563,5,"E07,E15,E21,E29,E34",23.581964393084224,[ 4.43888747e+06  3.08549090e+06  3.37416653e+06 -1.13395576e+03],32.14392346089474,34.80333972271822,397.32911864388734,27.170515833312287
2026-03-22 06:54:34.416831+00:00,4438933.17771,3085498.6433335217,3374156.408014805,-1129.9997666850038,5,"E07,E15,E21,E29,E34",27.08818959004675,[ 4.43893318e+06  3.08549864e+06  3.37415641e+06 -1.12999977e+03],32.14364490285773,34.80313062450426,427.4650047197938,23.725805835652302
2026-03-22 06:55:00.416831+00:00,4439021.8976888135,3085670.0621976005,3373812.4699000777,-1327.712024256448,5,"E07,E15,E21,E29,E34",22.625976227967858,[ 4.43902190e+06  3.08567006e+06  3.37381247e+06 -1.32771202e+03],32.140199945683655,34.804085715515555,389.0117085268721,15.169120004905135
2026-03-22 06:55:02.416831+00:00,4439019.669471892,3085711.3416970917,3373825.313733614,-1317.0722783273789,5,"E07,E15,E21,E29,E34",24.401324114042268,[ 4.43901967e+06  3.08571134e+06  3.37382531e+06 -1.31707228e+03],32.14019376331204,34.80445842154302,414.24582302290946,21.64443397738839
2026-03-22 06:55:04.416831+00:00,4439000.427704914,3085739.9399520676,3373835.30144512,-1321.0829304342665,5,"E07,E15,E21,E29,E34",24.54271071976904,[ 4.43900043e+06  3.08573994e+06  3.37383530e+06 -1.32108293e+03],32.14026751132663,34.80482368945941,420.00278080347925,17.94338433259325
2026-03-22 06:55:06.416831+00:00,4438993.196683795,3085778.033305648,3373855.473823174,-1311.768857342504,5,"E07,E15,E21,E29,E34",29.757149295843448,[ 4.43899320e+06  3.08577803e+06  3.37385547e+06 -1.31176886e+03],32.14034571332235,34.805198928247336,444.1178522510454,21.853581455624905
2026-03-22 06:55:08.416831+00:00,4438978.563800662,3085814.5411260948,3373868.90439848,-1308.2625473024082,5,"E07,E15,E21,E29,E34",33.9802352802515,[ 4.43897856e+06  3.08581454e+06  3.37386890e+06 -1.30826255e+03],32.140405934214954,34.80560514405035,458.7339969687164,20.78053521709177
2026-03-22 06:55:10.416831+00:00,4438923.157289775,3085827.858529325,3373849.486477744,-1340.76962433486,5,"E07,E15,E21,E29,E34",24.373559290646668,[ 4.43892316e+06  3.08582786e+06  3.37384949e+06 -1.34076962e+03],32.14043944706708,34.806056212240364,416.31858974229544,30.101039530041184
2026-03-22 06:55:12.416831+00:00,4438892.943361734,3085858.3289537136,3373841.9845508034,-1350.3677167576802,5,"E07,E15,E21,E29,E34",24.736899009443892,[ 4.43889294e+06  3.08585833e+06  3.37384198e+06 -1.35036772e+03],32.14041774080292,34.80650414944392,406.0484361099079,21.780766273860735
2026-03-22 06:55:14.416831+00:00,4438889.637124639,3085904.164631001,3373860.7900236286,-1337.506165571986,5,"E07,E15,E21,E29,E34",29.16764418623992,[ 4.43888964e+06  3.08590416e+06  3.37386079e+06 -1.33750617e+03],32.14044884021497,34.80692301515669,435.90803758241236,24.826831877603276
2026-03-22 06:55:16.416831+00:00,4438873.899629267,3085952.1831682976,3373860.6777086975,-1337.2948862571855,5,"E07,E15,E21,E29,E34",23.83314459769661,[ 4.43887390e+06  3.08595218e+06  3.37386068e+06 -1.33729489e+03],32.14037848037103,34.80743607724249,448.1160105196759,25.265892519957085
2026-03-22 06:55:18.416831+00:00,4434848.187030749,3083801.925871965,3370937.1062352206,-4742.3156120141875,5,"E07,E15,E21,E29,E34",910.5966766778873,[4434848.18703075 3083801.92587197 3370937.10623522   -4742.31561201],32.139799985441265,34.81308367319672,-4945.3431232003495,2710.0386771604685
2026-03-22 06:55:28.416831+00:00,4438735.703392566,3086179.036274151,3373816.0109990183,-1368.295826212129,5,"E07,E15,E21,E29,E34",30.093809122119815,[ 4.43873570e+06  3.08617904e+06  3.37381601e+06 -1.36829583e+03],32.13996053416527,34.81024617117852,437.9264833321795,538.9947120945739
2026-03-22 06:55:30.416831+00:00,4437979.6120957965,3087331.2006260157,3373877.976460607,-2306.8417672225164,5,"E07,E15,E21,E29,E34",277.2724152832997,[ 4.43797961e+06  3.08733120e+06  3.37387798e+06 -2.30684177e+03],32.14025562604218,34.8248461692747,502.3177918922156,689.7456888572359
2026-03-22 06:55:36.416831+00:00,4434720.9944748245,3084174.5090075196,3370866.623863928,-4743.374372400902,5,"E07,E15,E21,E29,E34",898.4770335348371,[4434720.99447482 3084174.50900752 3370866.62386393   -4743.3743724 ],32.13874142996924,34.817098512122286,-4891.139612462372,907.5537210226876
2026-03-22 06:55:38.416831+00:00,4434696.007831371,3084207.829985609,3370839.3633566224,-4754.21841122463,5,"E07,E15,E21,E29,E34",901.9770395042901,[4434696.00783137 3084207.82998561 3370839.36335662   -4754.21841122],32.13854025092203,34.81753999413057,-4906.901740377769,24.88852742950442
2026-03-22 06:55:48.416831+00:00,4434590.972988104,3084427.0065783975,3370795.7490076167,-4770.962404766301,5,"E07,E15,E21,E29,E34",897.7749189804334,[4434590.9729881  3084427.0065784  3370795.74900762   -4770.96240477],32.13802011114922,34.820084672583405,-4897.149784616195,24.692692960823752
2026-03-22 06:55:56.416831+00:00,4438439.005626498,3086757.231107158,3373697.9569873447,-1431.6250577833462,5,"E07,E15,E21,E29,E34",30.04735445533396,[ 4.43843901e+06  3.08675723e+06  3.37369796e+06 -1.43162506e+03],32.13864416408866,34.81707233310079,448.3720950940624,669.1892564207723
2026-03-22 06:55:58.416831+00:00,4438387.719634787,3086785.040348651,3373678.936266325,-1453.7448084447578,5,"E07,E15,E21,E29,E34",24.81359976721783,[ 4.43838772e+06  3.08678504e+06  3.37367894e+06 -1.45374481e+03],32.13862473778169,34.81762462971089,416.0459552993998,30.681405958061738
2026-03-22 06:56:00.416831+00:00,4438362.058761287,3086830.128098575,3373685.4805371678,-1453.9516463286636,5,"E07,E15,E21,E29,E34",26.961714047717734,[ 4.43836206e+06  3.08683013e+06  3.37368548e+06 -1.45395165e+03],32.13865227214478,34.818172203112866,423.48755810037255,26.144851801513997
2026-03-22 06:56:02.416831+00:00,4434413.904674334,3084743.6151015614,3370864.4115775875,-4777.671727664269,5,"E07,E15,E21,E29,E34",890.0213344041151,[4434413.90467433 3084743.61510156 3370864.41157759   -4777.67172766],32.13837472510384,34.823913983279375,-4830.621246644296,2641.0171930399365
2026-03-22 06:56:04.416831+00:00,4438316.10039041,3086925.434052494,3373699.1181315463,-1449.6069149880063,5,"E07,E15,E21,E29,E34",29.400254299523116,[ 4.43831610e+06  3.08692543e+06  3.37369912e+06 -1.44960691e+03],32.138676351860916,34.81927952898375,444.8730240026489,2646.838991526682
2026-03-22 06:56:06.416831+00:00,4438290.674568302,3086973.2870760434,3373700.8262096597,-1451.242322404797,5,"E07,E15,E21,E29,E34",29.904587067919664,[ 4.43829067e+06  3.08697329e+06  3.37370083e+06 -1.45124232e+03],32.138658451878804,34.8198497355283,451.2435876587406,27.1076641540025
2026-03-22 06:56:08.416831+00:00,4438240.243828588,3087003.5487331296,3373677.934753927,-1475.461667076445,5,"E07,E15,E21,E29,E34",27.392343257334304,[ 4.43824024e+06  3.08700355e+06  3.37367793e+06 -1.47546167e+03],32.13859937261303,34.820418206922234,418.64076007250696,31.555689436501357
2026-03-22 06:56:10.416831+00:00,4438216.346642389,3087050.7236662824,3373676.361856678,-1475.797383673994,5,"E07,E15,E21,E29,E34",29.283386571975342,[ 4.43821635e+06  3.08705072e+06  3.37367636e+06 -1.47579738e+03],32.13855225281195,34.820973263595555,424.00160924810916,26.4529007481239
2026-03-22 06:56:12.416831+00:00,4438210.706990173,3087111.632945156,3373682.881151957,-1461.7165996007272,5,"E07,E15,E21,E29,E34",29.85732233378314,[ 4.43821071e+06  3.08711163e+06  3.37368288e+06 -1.46171660e+03],32.13845740085879,34.82153732224525,453.00004255305976,30.758117387848834
2026-03-22 06:56:14.416831+00:00,4438154.4712892575,3087133.6485297806,3373650.6283601285,-1489.740517947896,5,"E07,E15,E21,E29,E34",25.976088981138243,[ 4.43815447e+06  3.08713365e+06  3.37365063e+06 -1.48974052e+03],32.13837228063109,34.82206918741436,407.39622099138796,34.23223117381144
2026-03-22 06:56:20.416831+00:00,4441219.37649785,3090504.8319587773,3376472.3311249255,851.5827788333536,5,"E07,E15,E21,E29,E34",614.8200766632738,[4.44121938e+06 3.09050483e+06 3.37647233e+06 8.51582779e+02],32.13861328285087,34.832842275453544,5669.112633842975,893.1922796361965
2026-03-22 06:56:24.416831+00:00,4438048.432488874,3087390.8092039595,3373616.6809346355,-1480.0904731947783,5,"E07,E15,E21,E29,E34",28.006817489270436,[ 4.43804843e+06  3.08739081e+06  3.37361668e+06 -1.48009047e+03],32.137826200431945,34.82494824374646,439.97667410131544,1320.6712695370227
2026-03-22 06:57:09.431997+00:00,4437662.036343773,3088467.5291512543,3373197.774875365,1793153.779767007,5,"E07,E15,E21,E29,E34",860.2265860943872,[4437662.03634377 3088467.52915125 3373197.77487537 1793153.77976701],32.133199072059355,34.83665343751748,469.32850171253085,27.062892107314592
2026-03-22 06:57:19.431997+00:00,4437584.778530544,3088691.4616532647,3373092.050165573,1793026.0271381985,5,"E07,E15,E21,E29,E34",29.00669211647011,[4437584.77853054 3088691.46165326 3373092.05016557 1793026.0271382 ],32.13208234270667,34.83906889288031,467.72531260643154,25.940749685042412
2026-03-22 06:57:21.431997+00:00,4437566.600244261,3088735.4366444233,3373069.8901105346,1792997.2633203832,5,"E07,E15,E21,E29,E34",29.514191238065642,[4437566.60024426 3088735.43664442 3373069.89011053 1792997.26332038],32.13186419656587,34.83956142627703,464.5782715175301,26.24556142888977
2026-03-22 06:57:23.431997+00:00,4433727.269086719,3086723.910440059,3370361.6194502143,1789749.5181397318,5,"E07,E15,E21,E29,E34",853.5587978939275,[4433727.26908672 3086723.91044006 3370361.61945021 1789749.51813973],32.131807768962204,34.84531354928946,-4617.448757518083,2555.456484548062
2026-03-22 06:57:25.431997+00:00,4437506.252196172,3088809.3428609394,3373012.0602060067,1792923.4209175084,5,"E07,E15,E21,E29,E34",26.531175162066297,[4437506.25219617 3088809.34286094 3373012.06020601 1792923.42091751],32.13145765134478,34.84056958779955,427.63105350825936,2532.5174196617822
2026-03-22 06:57:27.431997+00:00,4433684.842882093,3086801.3286036085,3370319.7834666995,1789696.0483614458,5,"E07,E15,E21,E29,E34",852.0133114961716,[4433684.84288209 3086801.32860361 3370319.7834667  1789696.04836145],32.131442853658484,34.84624448574742,-4631.726594090462,2543.7985594574034
2026-03-22 06:57:29.431997+00:00,4437614.05255214,3088972.8722169856,3373075.657185637,1792994.157323839,5,"E07,E15,E21,E29,E34",58.881708771421515,[4437614.05255214 3088972.87221699 3373075.65718564 1792994.15732384],32.13107090191122,34.84133923881845,615.4949746094644,2633.87216141565
2026-03-22 06:57:31.431997+00:00,4433675.39128938,3086909.4071986573,3370304.830218346,1789670.8222734283,5,"E07,E15,E21,E29,E34",849.1009754289532,[4433675.39128938 3086909.40719866 3370304.83021835 1789670.82227343],32.1310693984148,34.84724245669621,-4593.952799228951,2619.5621059299997
2026-03-22 06:57:33.431996+00:00,4436663.987218575,3090089.9671351057,3372964.008160748,1791866.0790340216,5,"E07,E15,E21,E29,E34",303.92868322451267,[4436663.98721857 3090089.96713511 3372964.00816075 1791866.07903402],32.13089625404441,34.85680702604492,436.4102169452235,2555.333666354058
2026-03-22 06:57:35.431996+00:00,4437421.752702202,3089030.7947131414,3372911.3350794604,1792811.468605215,5,"E07,E15,E21,E29,E34",20.732902267416023,[4437421.7527022  3089030.79471314 3372911.33507946 1792811.46860521],32.13041431853195,34.84300723575577,422.470530834049,651.6957114172939
2026-03-22 06:57:37.431996+00:00,4437438.462714334,3089091.107879304,3372918.099606154,1792823.389060623,5,"E07,E15,E21,E29,E34",31.418396039441674,[4437438.46271433 3089091.1078793  3372918.09960615 1792823.38906062],32.130234942480804,34.843430621630326,466.86316308379173,31.47483653409262
2026-03-22 06:57:39.431996+00:00,4433613.395086301,3087086.9841342145,3370230.690794399,1789600.6426314197,5,"E07,E15,E21,E29,E34",848.3838632074153,[4433613.3950863  3087086.98413421 3370230.6907944  1789600.64263142],32.130259984108925,34.84916370800079,-4590.542607169598,2543.119170731051
2026-03-22 06:57:41.431996+00:00,4433601.295908073,3087124.5774162845,3370218.828707538,1789587.1067305093,5,"E07,E15,E21,E29,E34",845.2764410294615,[4433601.29590807 3087124.57741628 3370218.82870754 1789587.10673051],32.130113882747494,34.8495642202071,-4587.068420117721,20.61767491301306
2026-03-22 06:57:43.431996+00:00,4433598.65501376,3087179.7583412477,3370208.6255391715,1789576.7086048627,5,"E07,E15,E21,E29,E34",843.2309792388996,[4433598.65501376 3087179.75834125 3370208.62553917 1789576.70860486],32.12989496741084,34.85006048179431,-4567.627650535665,28.089203652318975
2026-03-22 06:57:45.431996+00:00,4433592.820167909,3087227.690680827,3370206.1522085634,1789566.1541879694,5,"E07,E15,E21,E29,E34",842.9493798014738,[4433592.82016791 3087227.69068083 3370206.15220856 1789566.15418797],32.129767586043876,34.850513008425466,-4549.802827631123,24.174738715969347
2026-03-22 06:57:51.431996+00:00,4433543.469577018,3087336.9450111473,3370153.236328665,1789499.3956325313,5,"E07,E15,E21,E29,E34",839.6671690932677,[4433543.46957702 3087336.94501115 3370153.23632867 1789499.39563253],32.129257910453966,34.85176294142567,-4559.370629106648,21.840380453321362
2026-03-22 06:57:53.431996+00:00,4437318.177102155,3089410.0735932095,3372776.099522071,1792660.9011665073,5,"E07,E15,E21,E29,E34",33.964472873017776,[4437318.17710216 3089410.07359321 3372776.09952207 1792660.90116651],32.12875001131209,34.84693292059693,462.07669314183295,2521.1946746240687
2026-03-22 06:57:55.431996+00:00,4433510.993394289,3087418.407189253,3370119.1936153998,1789449.627167967,5,"E07,E15,E21,E29,E34",839.6305213155916,[4433510.99339429 3087418.40718925 3370119.1936154  1789449.62716797],32.12890222435435,34.85266872434392,-4560.621781306341,2525.8925079560277
2026-03-22 06:57:59.431996+00:00,4437253.374849612,3089523.3702903446,3372709.2083800784,1792566.0735574032,5,"E07,E15,E21,E29,E34",25.663655094608593,[4437253.37484961 3089523.37029034 3372709.20838008 1792566.0735574 ],32.128183784186376,34.84831058830398,436.28872450534254,1253.6064248637538
2026-03-22 06:58:01.431996+00:00,4433471.17527415,3087545.0500987372,3370071.593396958,1789375.5622682006,5,"E07,E15,E21,E29,E34",838.4536365739788,[4433471.17527415 3087545.05009874 3370071.59339696 1789375.5622682 ],32.128347913843136,34.85401219311037,-4552.317972955294,2508.774462178877
2026-03-22 06:58:05.431997+00:00,4433454.7406507665,3087640.6668041307,3370049.5852805064,1789333.1285771106,5,"E07,E15,E21,E29,E34",831.7774016391746,[4433454.74065077 3087640.66680413 3370049.58528051 1789333.12857711],32.12798218573254,34.85494391332573,-4529.167106689885,24.870921069225094
2026-03-22 06:58:07.431997+00:00,4437166.215133081,3089680.4581426843,3372612.810611799,1792433.0544530482,5,"E07,E15,E21,E29,E34",19.88447240269756,[4437166.21513308 3089680.45814268 3372612.8106118  1792433.05445305],32.127360193527664,34.85020445159943,400.4658183325082,2475.1725008921535
2026-03-22 06:58:09.431997+00:00,4433410.540021284,3087720.0219743527,3369999.0038160933,1789264.1755745483,5,"E07,E15,E21,E29,E34",836.6977690472175,[4433410.54002128 3087720.02197435 3369999.00381609 1789264.17557455],32.1275520335096,34.85590239253144,-4548.376251745038,2488.995353589262
2026-03-22 06:58:11.431997+00:00,4437151.433289848,3089777.512393218,3372585.658924038,1792385.172436775,5,"E07,E15,E21,E29,E34",25.83881262346123,[4437151.43328985 3089777.51239322 3372585.65892404 1792385.17243677],32.126945059049554,34.851137960677704,422.7214318625629,2495.9133557663868
2026-03-22 06:58:13.431997+00:00,4433393.526260533,3087820.939981147,3369977.057055474,1789212.7806579222,5,"E07,E15,E21,E29,E34",830.3201189937063,[4433393.52626053 3087820.93998115 3369977.05705547 1789212.78065792],32.12717450337161,34.856883733015415,-4523.026314392686,2487.7120288192477
2026-03-22 06:58:15.431997+00:00,4437128.471573901,3089873.9219894027,3372552.4628760256,1792328.5567165671,5,"E07,E15,E21,E29,E34",28.338403368975793,[4437128.4715739  3089873.9219894  3372552.46287603 1792328.55671657],32.12651771831414,34.852115382542614,435.76749593857676,2489.842703897306
2026-03-22 06:58:17.431997+00:00,4433362.372533551,3087916.6415466988,3369939.6190647515,1789149.6536712698,5,"E07,E15,E21,E29,E34",829.7160507300438,[4433362.37253355 3087916.6415467  3369939.61906475 1789149.65367127],32.1267485681496,34.85790536812546,-4518.26395112928,2492.057457966676
2026-03-22 06:58:19.431997+00:00,4437086.361625126,3089968.2139905305,3372507.56950461,1792251.5347610472,5,"E07,E15,E21,E29,E34",24.89948783072289,[4437086.36162513 3089968.21399053 3372507.56950461 1792251.53476105],32.12608219709841,34.853190332755666,428.26256624795496,2483.516343212862
2026-03-22 06:58:21.431997+00:00,4433324.492881368,3088003.7080492857,3369903.2128169867,1789077.76369496,5,"E07,E15,E21,E29,E34",830.4691200687473,[4433324.49288137 3088003.70804929 3369903.21281699 1789077.76369496],32.12638068246288,34.858892618203406,-4521.804771628231,2489.659303740891
2026-03-22 06:58:23.431997+00:00,4433315.670050314,3088053.239391003,3369894.872141827,1789050.0720278234,5,"E07,E15,E21,E29,E34",828.5987885361532,[4433315.67005031 3088053.239391   3369894.87214183 1789050.07202782],32.126215818920016,34.85937711272522,-4508.396085760556,25.498838317805607
2026-03-22 06:58:31.431997+00:00,4433258.332639915,3088240.501737289,3369830.0035235626,1788934.5752993484,5,"E07,E15,E21,E29,E34",825.5278511147923,[4433258.33263991 3088240.50173729 3369830.00352356 1788934.57529935],32.1254321744002,34.86135416148733,-4492.089973027818,25.788412672718383
2026-03-22 06:58:35.431996+00:00,4433224.942082542,3088322.3592554913,3369795.981187335,1788879.80176721,5,"E07,E15,E21,E29,E34",826.0268506139051,[4433224.94208254 3088322.35925549 3369795.98118734 1788879.80176721],32.125079094252875,34.86226884438095,-4493.759566809982,23.681620585398633
2026-03-22 06:58:41.431996+00:00,4433178.4031388005,3088454.9765751082,3369740.638099951,1788806.7107279615,5,"E07,E15,E21,E29,E34",823.6855955277166,[4433178.4031388  3088454.97657511 3369740.63809995 1788806.71072796],32.124475590514166,34.863704897707656,-4491.329016204923,25.174989831263336
2026-03-22 06:58:43.431996+00:00,4433175.57143143,3088510.5459774868,3369737.4708419703,1788794.2614161053,5,"E07,E15,E21,E29,E34",818.229324318671,[4433175.57143143 3088510.54597749 3369737.47084197 1788794.26141611],32.124310099255425,34.86420558133435,-4468.079207189381,27.865788031451977
2026-03-22 06:58:45.431996+00:00,4433150.865540351,3088550.9496165295,3369708.9898932464,1788759.9325170883,5,"E07,E15,E21,E29,E34",820.9769743987944,[4433150.86554035 3088550.94961653 3369708.98989325 1788759.93251709],32.12407887123434,34.86470690212448,-4480.831757728942,27.63150168796602
2026-03-22 06:58:47.431996+00:00,4436792.1821456235,3090550.5103079183,3372190.166447828,1791792.8937121301,5,"E07,E15,E21,E29,E34",10.82765511111318,[4436792.18214562 3090550.51030792 3372190.16644783 1791792.89371213],32.123219972799816,34.86003519197297,336.88325405400246,2419.3835306430556
2026-03-22 06:58:49.431996+00:00,4436823.044860534,3090627.092329876,3372203.880948539,1791803.3109339436,5,"E07,E15,E21,E29,E34",21.070704365694265,[4436823.04486053 3090627.09232988 3372203.88094854 1791803.31093394],32.122993392905705,34.860514134539315,402.69447400420904,41.849136157607205
2026-03-22 06:58:51.431996+00:00,4436802.836076392,3090660.4336025165,3372178.9723680518,1791773.3577347554,5,"E07,E15,E21,E29,E34",22.001808168381427,[4436802.83607639 3090660.43360252 3372178.97236805 1791773.35773476],32.12279129858613,34.86092642497232,391.5458674421534,23.132621985471857
2026-03-22 06:58:53.431996+00:00,4436773.302554796,3090703.910403794,3372147.409636188,1791731.5286824135,5,"E07,E15,E21,E29,E34",17.836271046942645,[4436773.3025548  3090703.91040379 3372147.40963619 1791731.52868241],32.12254729265045,34.86148331742973,375.2858788454905,30.653985017747964
2026-03-22 06:58:55.431996+00:00,4436777.828689655,3090758.575172246,3372139.696043753,1791718.8274061615,5,"E07,E15,E21,E29,E34",22.979729467431238,[4436777.82868966 3090758.57517225 3372139.69604375 1791718.82740616],32.12232075471397,34.86193119059476,400.79251838382334,27.695768245806626
2026-03-22 06:58:57.431996+00:00,4433076.821700858,3088838.52419762,3369602.175330908,1788607.568734832,5,"E07,E15,E21,E29,E34",815.73168684619,[4433076.82170086 3088838.52419762 3369602.17533091 1788607.56873483],32.12276516206972,34.86765789815588,-4449.853956669569,2440.4435992461945
2026-03-22 06:58:59.431996+00:00,4436746.600969055,3090851.5073944433,3372098.183803943,1791658.5333974662,5,"E07,E15,E21,E29,E34",22.900821029412878,[4436746.60096905 3090851.50739444 3372098.18380394 1791658.53339747],32.12187187816124,34.86292832705413,402.0076073817909,2436.669834294467
2026-03-22 06:59:01.431996+00:00,4436744.155750479,3090904.7745012403,3372092.4469896504,1791641.2548936312,5,"E07,E15,E21,E29,E34",27.466664092058906,[4436744.15575048 3090904.77450124 3372092.44698965 1791641.25489363],32.121691692633654,34.86340625922409,423.04541677981615,26.815456357502597
2026-03-22 06:59:03.431996+00:00,4436712.105812054,3090938.6621373584,3372068.198179579,1791599.255852315,5,"E07,E15,E21,E29,E34",24.097292604996934,[4436712.10581205 3090938.66213736 3372068.19817958 1791599.25585232],32.12153971317972,34.86389501362856,404.28575978055596,26.284858876215043
2026-03-22 06:59:05.431997+00:00,4436703.890014947,3090994.534837582,3372066.7128627403,1791575.7772069222,5,"E07,E15,E21,E29,E34",27.62497390391284,[4436703.89001495 3090994.53483758 3372066.71286274 1791575.77720692],32.121407554630615,34.86443054512242,424.8363501690328,28.246508310920984
2026-03-22 06:59:07.431997+00:00,4436642.646457274,3091008.036233904,3372022.7034102194,1791512.5330852116,5,"E07,E15,E21,E29,E34",18.25567801823377,[4436642.64645727 3091008.0362339  3372022.70341022 1791512.53308521],32.12127538160805,34.86491889011982,365.41396594885737,38.307613376004426
2026-03-22 06:59:09.431997+00:00,4436630.727100551,3091057.4698347994,3372017.8314390625,1791487.360582104,5,"E07,E15,E21,E29,E34",18.85769963423306,[4436630.72710055 3091057.4698348  3372017.83143906 1791487.3605821 ],32.121149573238526,34.86542087006234,378.47359960060567,25.541574271930656
2026-03-22 06:59:11.431997+00:00,4436618.381268963,3091111.553030601,3372019.606408062,1791462.3923369201,5,"E07,E15,E21,E29,E34",23.218587523147644,[4436618.38126896 3091111.5530306  3372019.60640806 1791462.39233692],32.12106346059208,34.86596585339518,397.02261569630355,27.751406003273594
2026-03-22 06:59:13.431997+00:00,4436582.415975662,3091144.181190457,3371999.228914667,1791419.7864671934,5,"E07,E15,E21,E29,E34",21.10262256962171,[4436582.41597566 3091144.18119046 3371999.22891467 1791419.78646719],32.12095988970415,34.86646737684368,376.99275946523994,26.33126171932388
2026-03-22 06:59:15.431997+00:00,4436569.654881347,3091200.6975051532,3372001.444926873,1791396.1903643035,5,"E07,E15,E21,E29,E34",25.0642667825039,[4436569.65488135 3091200.69750515 3372001.44492687 1791396.1903643 ],32.12087210588501,34.867036023781864,396.6665823450312,28.99073155784486
2026-03-22 06:59:21.431997+00:00,4432850.115591819,3089397.5641639507,3369502.8844102095,1788246.115109175,5,"E07,E15,E21,E29,E34",802.0219224019135,[4432850.11559182 3089397.56416395 3369502.88441021 1788246.11510917],32.12136513356343,34.87389607236785,-4389.485215273686,805.0028817740775
2026-03-22 06:59:23.431997+00:00,4436494.913048902,3091394.837229557,3371969.846304308,1791268.184768036,5,"E07,E15,E21,E29,E34",24.317572440552766,[4436494.9130489  3091394.83722956 3371969.84630431 1791268.18476804],32.12039266199382,34.86917657371322,421.9275599466637,2416.585876225148
2026-03-22 06:59:27.431997+00:00,4436452.208166798,3091472.4221889004,3371941.2275836472,1791192.6589148245,5,"E07,E15,E21,E29,E34",26.10434142125012,[4436452.2081668  3091472.4221889  3371941.22758365 1791192.65891482],32.1201294164404,34.8701097561671,414.60341860353947,23.267686880251507
2026-03-22 06:59:29.431997+00:00,4432776.596914882,3089570.8042908846,3369445.8805828793,1788105.3362741254,5,"E07,E15,E21,E29,E34",804.0870468306516,[4432776.59691488 3089570.80429088 3369445.88058288 1788105.33627413],32.12074356714267,34.87584894601269,-4386.983605583198,2416.248401939749
2026-03-22 06:59:31.431997+00:00,4432761.861412474,3089612.9745729836,3369434.375171914,1788073.646822763,5,"E07,E15,E21,E29,E34",799.7440949406225,[4432761.86141247 3089612.97457298 3369434.37517191 1788073.64682276],32.12059793705411,34.87630514886405,-4382.917388347909,23.064270013330418
2026-03-22 06:59:33.431996+00:00,4432751.1953643905,3089661.881835815,3369422.22444114,1788039.9552572512,5,"E07,E15,E21,E29,E34",801.5002428610711,[4432751.19536439 3089661.88183582 3369422.22444114 1788039.95525725],32.12041287043421,34.87679528160277,-4373.103827241808,25.755231755219032
2026-03-22 06:59:35.431996+00:00,4432741.268460922,3089709.27349704,3369414.7481835587,1788008.916569459,5,"E07,E15,E21,E29,E34",797.7192813941721,[4432741.26846092 3089709.27349704 3369414.74818356 1788008.91656946],32.12026477798048,34.87726774452731,-4361.024892106652,24.49697631111789
2026-03-22 06:59:37.431996+00:00,4432733.265302489,3089758.5776442215,3369404.3323315172,1787976.3466139173,5,"E07,E15,E21,E29,E34",797.5853210261994,[4432733.26530249 3089758.57764422 3369404.33233152 1787976.34661392],32.12008139756213,34.87774517631958,-4348.24572922755,25.51195527571571
2026-03-22 06:59:39.431996+00:00,4436353.1132880505,3091728.4832830764,3371839.0280647343,1790970.9817810496,5,"E07,E15,E21,E29,E34",22.349976361269245,[4436353.11328805 3091728.48328308 3371839.02806473 1790970.98178105],32.11903677987581,34.872936077351916,415.4000150170177,2393.301640930092
2026-03-22 06:59:41.431996+00:00,4436343.088094692,3091771.169962361,3371825.532393312,1790938.081164604,5,"E07,E15,E21,E29,E34",25.84304520691619,[4436343.08809469 3091771.16996236 3371825.53239331 1790938.0811646 ],32.1188561281614,34.87336788764817,421.9297097623348,22.938996476304666
2026-03-22 06:59:43.431996+00:00,4436316.912151096,3091804.525910591,3371802.2003061147,1790891.5604240003,5,"E07,E15,E21,E29,E34",24.344597233568823,[4436316.9121511  3091804.52591059 3371802.20030611 1790891.560424  ],32.11868945610329,34.873816431068725,407.48913325741887,24.198066030159378
2026-03-22 06:59:45.431996+00:00,4432663.109933403,3089913.218860001,3369339.442306561,1787820.8630455628,5,"E07,E15,E21,E29,E34",798.6378040928065,[4432663.1099334  3089913.21886    3369339.44230656 1787820.86304556],32.11943729517836,34.879515798675314,-4356.596228119917,2397.5242423172845
2026-03-22 06:59:47.431996+00:00,4432657.075011281,3089965.063686256,3369331.1255163276,1787790.0840356506,5,"E07,E15,E21,E29,E34",795.8236081289285,[4432657.07501128 3089965.06368626 3369331.12551633 1787790.08403565],32.11925523296496,34.8800033825751,-4340.101192580536,26.426668794113983
2026-03-22 06:59:49.431996+00:00,4436267.622841677,3091932.5380757954,3371754.6024278766,1790772.9502486081,5,"E07,E15,E21,E29,E34",25.700235341787966,[4436267.62284168 3091932.5380758  3371754.60242788 1790772.95024861],32.11816888394127,34.87522783356145,409.926871442236,2386.433083593486
2026-03-22 06:59:51.431996+00:00,4432616.687272907,3090047.4427773627,3369299.9015125716,1787710.0128983266,5,"E07,E15,E21,E29,E34",793.5984183826264,[4432616.68727291 3090047.44277736 3369299.90151257 1787710.01289833],32.11894952197192,34.880964882739775,-4344.86389916949,2393.1397470205416
2026-03-22 06:59:53.431996+00:00,4436230.982495739,3092025.8625366664,3371726.4751383383,1790694.3874983233,5,"E07,E15,E21,E29,E34",22.02351531537201,[4436230.98249574 3092025.86253667 3371726.47513834 1790694.38749832],32.117842343281524,34.87626105862536,414.7094072122127,2390.895975521286
2026-03-22 06:59:55.431996+00:00,4436184.342994403,3092048.410371697,3371694.382747411,1790637.0678582133,5,"E07,E15,E21,E29,E34",15.906422738243581,[4436184.3429944  3092048.4103717  3371694.38274741 1790637.06785821],32.117718867264,34.87673963253644,376.16037179064006,30.46953193307634
2026-03-22 06:59:57.431996+00:00,4436163.543897601,3092097.014494736,3371682.8339889655,1790599.4268684918,5,"E07,E15,E21,E29,E34",16.084565468160914,[4436163.5438976  3092097.01449474 3371682.83398897 1790599.42686849],32.11757922461102,34.877288142376486,379.1077711926773,27.057055576246164
2026-03-22 06:59:59.431996+00:00,4436136.886814239,3092143.46387416,3371680.0336567615,1790561.7508578552,5,"E07,E15,E21,E29,E34",16.125985950984195,[4436136.88681424 3092143.46387416 3371680.03365676 1790561.75085786],32.11753534231758,34.87785341315863,381.5929513256997,26.81411383315879
2026-03-22 07:00:01.431996+00:00,4436113.029795036,3092190.1727149854,3371678.4173414875,1790526.7862161142,5,"E07,E15,E21,E29,E34",17.614145199603694,[4436113.02979504 3092190.17271499 3371678.41734149 1790526.78621611],32.11748877639243,34.878403972710295,386.77927033696324,26.23683313408017
2026-03-22 07:00:03.431996+00:00,4436086.551905839,3092233.9116370818,3371676.3140868293,1790493.5586644295,5,"E07,E15,E21,E29,E34",20.130820033209442,[4436086.55190584 3092233.91163708 3371676.31408683 1790493.55866443],32.117456939162004,34.87894459548595,388.44769601430744,25.58610757144959
2026-03-22 07:00:05.431997+00:00,4436051.108430463,3092272.633653971,3371675.363419542,1790453.7634049142,5,"E07,E15,E21,E29,E34",21.83554964056424,[4436051.10843046 3092272.63365397 3371675.36341954 1790453.76340491],32.117482918008356,34.87949593341879,382.07007214520127,26.251359728774794
2026-03-22 07:00:09.431997+00:00,4436005.660967973,3092363.120187579,3371700.984560209,1790396.929583429,5,"E07,E15,E21,E29,E34",22.4110239524986,[4436005.66096797 3092363.12018758 3371700.98456021 1790396.92958343],32.11760926033449,34.880557834308654,407.94110550917685,26.11241019644039
2026-03-22 07:00:11.431997+00:00,4435971.731364891,3092400.872540567,3371708.8299256405,1790360.344308564,5,"E07,E15,E21,E29,E34",22.697123272911085,[4435971.73136489 3092400.87254057 3371708.82992564 1790360.34430856],32.11769911579137,34.881091572018626,406.82339532021433,25.68077043328387
2026-03-22 07:00:13.431997+00:00,4435936.1720036045,3092434.159110901,3371719.969623123,1790322.629294958,5,"E07,E15,E21,E29,E34",23.945548455884495,[4435936.1720036  3092434.1591109  3371719.96962312 1790322.62929496],32.11783278284408,34.881596369825665,404.16218593064696,24.98277806655656
2026-03-22 07:00:17.431997+00:00,4438579.369507616,3093184.223883917,3375995.2894503954,1792506.6084702152,5,"E07,E15,E21,E29,E34",1495.9361938526101,[4438579.36950762 3093184.22388392 3375995.2894504  1792506.60847022],32.13801861900478,34.872104090421615,4877.410086467862,1270.5178529443324
2026-03-22 07:00:19.431997+00:00,4435834.00895753,3092534.8366914014,3371763.733290763,1790213.3314592433,5,"E07,E15,E21,E29,E34",22.688669172593432,[4435834.00895753 3092534.8366914  3371763.73329076 1790213.33145924],32.11829277835727,34.88309052346778,405.21386418771,2542.871202395721
2026-03-22 07:00:21.431997+00:00,4435785.131747975,3092557.4305235543,3371759.6862115692,1790166.5657836539,5,"E07,E15,E21,E29,E34",16.33281482149916,[4435785.13174798 3092557.43052355 3371759.68621157 1790166.56578365],32.11839214678127,34.8835830924413,380.047690381296,26.999267190393507
2026-03-22 07:00:23.431997+00:00,4435761.239667435,3092592.7561534997,3371797.2003523167,1790138.9755945988,5,"E07,E15,E21,E29,E34",20.452009154492274,[4435761.23966744 3092592.7561535  3371797.20035232 1790138.9755946 ],32.1186757587673,34.884034921220135,400.5046817064285,28.399130266533806
2026-03-22 07:00:25.431997+00:00,4435727.963251051,3092621.8625779403,3371813.379182672,1790105.122861886,5,"E07,E15,E21,E29,E34",19.98715971650289,[4435727.96325105 3092621.86257794 3371813.37918267 1790105.12286189],32.11885038362966,34.884489562751995,400.0862597655505,23.538576755983808
2026-03-22 07:00:27.431997+00:00,4435683.160057027,3092642.7931508934,3371832.1565282196,1790061.5175595505,5,"E07,E15,E21,E29,E34",19.638014288063527,[4435683.16005703 3092642.79315089 3371832.15652822 1790061.51755955],32.119112604623375,34.884942996504456,389.0811966629699,26.4480801981682
2026-03-22 07:00:29.431997+00:00,4435633.222294501,3092661.9075526614,3371844.9534629113,1790012.5040128308,5,"E07,E15,E21,E29,E34",14.949315806115973,[4435633.2222945  3092661.90755266 3371844.95346291 1790012.50401283],32.11935432455901,34.88541176508664,370.44989637471735,27.490462066600813
2026-03-22 07:00:31.431997+00:00,4435617.906838629,3092701.4417917356,3371889.7503589736,1789991.7427587416,5,"E07,E15,E21,E29,E34",22.6377761999998,[4435617.90683863 3092701.44179174 3371889.75035897 1789991.74275874],32.11964827591499,34.88584820269475,402.7778997728601,30.839427461254836
2026-03-22 07:00:33.431996+00:00,4435584.627479392,3092729.029837978,3371922.1982005793,1789957.496611429,5,"E07,E15,E21,E29,E34",25.906686673916997,[4435584.62747939 3092729.02983798 3371922.19820058 1789957.49661143],32.119951319601924,34.8862896729891,410.27351377811283,27.025364905340425
2026-03-22 07:00:35.431996+00:00,4435548.936215597,3092760.171313356,3371946.328875024,1789920.7980868197,5,"E07,E15,E21,E29,E34",25.619639154892425,[4435548.9362156  3092760.17131336 3371946.32887502 1789920.79808682],32.12019058258504,34.886776647574216,413.3930598311126,26.57981964362957
2026-03-22 07:00:37.431996+00:00,4435505.827385305,3092786.509757427,3371961.1176421735,1789876.0625586298,5,"E07,E15,E21,E29,E34",22.88545206290674,[4435505.82738531 3092786.50975743 3371961.11764217 1789876.06255863],32.12040084168357,34.88726683217536,404.0661544576287,26.319158986411153
2026-03-22 07:00:39.431996+00:00,4435458.164530845,3092810.274947871,3371971.2417393443,1789826.560627311,5,"E07,E15,E21,E29,E34",17.829118302151212,[4435458.16453085 3092810.27494787 3371971.24173934 1789826.56062731],32.12060044196054,34.887762254837774,387.84916506242007,27.106407524985524
2026-03-22 07:00:41.431996+00:00,4435420.085110087,3092839.410224707,3371994.680794938,1789786.7185284614,5,"E07,E15,E21,E29,E34",20.296055388582428,[4435420.08511009 3092839.41022471 3371994.68079494 1789786.71852846],32.1208493120477,34.88824627451033,387.97134751919657,26.684714579339076
2026-03-22 07:00:45.431996+00:00,4435352.138007497,3092899.8785915934,3372031.611481505,1789711.6344746507,5,"E07,E15,E21,E29,E34",19.391749823235877,[4435352.1380075  3092899.87859159 3372031.6114815  1789711.63447465],32.121232753278285,34.88918365373882,389.6972468281165,24.54219294722351
2026-03-22 07:00:47.431996+00:00,4435313.617026919,3092935.212682849,3372040.4619850065,1789669.5429704413,5,"E07,E15,E21,E29,E34",14.171040806606284,[4435313.61702692 3092935.21268285 3372040.46198501 1789669.54297044],32.12135493924007,34.889724233844376,384.75993568543345,26.5079957835062
2026-03-22 07:00:49.431996+00:00,4437978.333963668,3093629.2442130577,3376276.7026167274,1791870.0652498854,5,"E07,E15,E21,E29,E34",1484.149364286448,[4437978.33396367 3093629.24421306 3376276.70261673 1791870.06524989],32.14130976393815,34.87961048602445,4825.063070457429,2526.2685332208357
2026-03-22 07:00:51.431996+00:00,4437926.928329499,3093660.5009327256,3376279.680485516,1791817.2067587613,5,"E07,E15,E21,E29,E34",1480.1545817635076,[4437926.9283295  3093660.50093273 3376279.68048552 1791817.20675876],32.14144896288893,34.8801934009543,4806.074701671489,30.118057088687923
2026-03-22 07:00:53.431996+00:00,4437874.915056422,3093687.115931998,3376279.717997483,1791763.1527042005,5,"E07,E15,E21,E29,E34",1475.662127130416,[4437874.91505642 3093687.115932   3376279.71799748 1791763.1527042 ],32.14158084014931,34.880739672351766,4782.852831707336,29.213610567716287
2026-03-22 07:00:55.431996+00:00,4435165.662744887,3093082.5309853074,3372097.403469176,1789509.6931103605,5,"E07,E15,E21,E29,E34",16.48673541234364,[4435165.66274489 3093082.53098531 3372097.40346918 1789509.69311036],32.1219676466449,34.891901414302446,383.6241820156574,2509.846900660025
2026-03-22 07:01:01.431996+00:00,4439021.036393064,3094533.392987754,3377157.271752136,1792675.7397710227,5,"E07,E15,E21,E29,E34",1762.8767748266166,[4439021.03639306 3094533.39298775 3377157.27175214 1792675.73977102],32.14144910066087,34.88115056347515,6455.62307324633,1087.4431474041307
2026-03-22 07:01:05.431997+00:00,4431457.041624504,3091438.97375446,3369808.5166560346,1786393.7992297607,5,"E07,E15,E21,E29,E34",771.764921994486,[4431457.0416245  3091438.97375446 3369808.51665603 1786393.79922976],32.123581539581075,34.90010194431083,-4205.890543417074,2747.6534115024265
2026-03-22 07:01:07.431997+00:00,4431425.834185453,3091487.211723301,3369807.6241108244,1786358.487803456,5,"E07,E15,E21,E29,E34",771.893877551459,[4431425.83418545 3091487.2117233  3369807.62411082 1786358.48780346],32.12356509870985,34.90071080115847,-4204.667345890775,28.729786489764667
2026-03-22 07:01:09.431997+00:00,4431403.799748365,3091543.085967274,3369819.2382807485,1786332.9078095825,5,"E07,E15,E21,E29,E34",766.9397627714426,[4431403.79974836 3091543.08596727 3369819.23828075 1786332.90780958],32.12358717165199,34.90133041354693,-4186.7215601261705,30.587319678084835
2026-03-22 07:01:13.431997+00:00,4434869.794834502,3093500.219556012,3372117.683544754,1789182.2860375973,5,"E07,E15,E21,E29,E34",18.486684052407487,[4434869.7948345  3093500.21955601 3372117.68354475 1789182.2860376 ],32.12214039207873,34.897325049493716,391.25202413089573,1149.0850831456203
2026-03-22 07:01:15.431997+00:00,4434837.171966281,3093544.5301079843,3372109.4805617896,1789143.0528635753,5,"E07,E15,E21,E29,E34",18.74203817971994,[4434837.17196628 3093544.53010798 3372109.48056179 1789143.05286358],32.12208448646778,34.897907908047785,385.69961274042726,27.816206951034694
2026-03-22 07:01:17.431997+00:00,4434794.399701268,3093583.6032373942,3372089.7602806846,1789093.7061598937,5,"E07,E15,E21,E29,E34",14.921000509036618,[4434794.39970127 3093583.60323739 3372089.76028068 1789093.70615989],32.12199490005245,34.898506779452504,364.4359935093671,30.59847048070674
2026-03-22 07:01:19.431997+00:00,4434780.589727887,3093643.3556366083,3372097.2791071925,1789071.0716875908,5,"E07,E15,E21,E29,E34",18.692639418010376,[4434780.58972789 3093643.35563661 3372097.27910719 1789071.07168759],32.121942714274894,34.89910978663004,387.7941631888971,30.89335417485448
2026-03-22 07:01:21.431997+00:00,4434736.618689778,3093679.3211157057,3372082.040335442,1789024.0574963957,5,"E07,E15,E21,E29,E34",14.258726369298747,[4434736.61868978 3093679.32111571 3372082.04033544 1789024.0574964 ],32.121900586874254,34.89968892019979,366.5759808598086,29.40743121866926
2026-03-22 07:01:23.431997+00:00,4434718.786896671,3093732.0362656605,3372080.188529937,1788995.5080599578,5,"E07,E15,E21,E29,E34",16.672965121911744,[4434718.78689667 3093732.03626566 3372080.18852994 1788995.50805996],32.12181195265436,34.900255147413596,378.74903001915663,27.840119718711986
2026-03-22 07:01:25.431997+00:00,4434665.76567835,3093759.3610038985,3372058.011475118,1788941.421068045,5,"E07,E15,E21,E29,E34",13.14818207865157,[4434665.76567835 3093759.3610039  3372058.01147512 1788941.42106805],32.12177612504582,34.90081406116248,343.36927896458656,31.818676404362858
2026-03-22 07:01:31.431997+00:00,4434612.655554978,3093923.8487543147,3372055.4115073225,1788862.4852615,5,"E07,E15,E21,E29,E34",15.274585960656376,[4434612.65555498 3093923.84875431 3372055.41150732 1788862.4852615 ],32.12151385669302,34.90256550715456,384.8050377778709,28.811487424512645
2026-03-22 07:01:33.431996+00:00,4434591.466498304,3093971.2644277276,3372055.3983226395,1788837.1514316672,5,"E07,E15,E21,E29,E34",18.581069044213482,[4434591.4664983  3093971.26442773 3372055.39832264 1788837.15143167],32.121466993073696,34.903106024229636,393.05803068261594,25.967407836502105
2026-03-22 07:01:35.431996+00:00,4434540.673371855,3094003.481903561,3372027.901773762,1788786.0737752288,5,"E07,E15,E21,E29,E34",15.360742982579957,[4434540.67337186 3094003.48190356 3372027.90177376 1788786.07377523],32.12136834037277,34.9036939584123,358.77070948202163,33.067989218098326
2026-03-22 07:01:39.431996+00:00,4434504.089860084,3094101.4524821714,3372030.2970362282,1788737.7852295022,5,"E07,E15,E21,E29,E34",21.60199602969922,[4434504.08986008 3094101.45248217 3372030.29703623 1788737.7852295 ],32.1212616974715,34.9047671347974,382.11252582538873,26.15139203882173
2026-03-22 07:01:41.431996+00:00,4434468.484556082,3094139.386318083,3372017.8377580117,1788698.7904163064,5,"E07,E15,E21,E29,E34",15.500331001614683,[4434468.48455608 3094139.38631808 3372017.83775801 1788698.79041631],32.12120247356036,34.90531266123359,369.14130592066795,26.748584979894513
2026-03-22 07:01:43.431996+00:00,4434437.446381751,3094176.1618387895,3372002.037435061,1788664.231595165,5,"E07,E15,E21,E29,E34",15.609102328364653,[4434437.44638175 3094176.16183879 3372002.03743506 1788664.23159517],32.12110295046483,34.90582043117962,357.0048158345744,25.32517223210628
2026-03-22 07:01:45.431996+00:00,4434424.027928989,3094225.593488028,3372003.1258191476,1788642.1215236632,5,"E07,E15,E21,E29,E34",17.883709204996595,[4434424.02792899 3094225.59348803 3372003.12581915 1788642.12152366],32.121028400305384,34.906331343706526,372.2201533410698,25.616046732810126
2026-03-22 07:01:47.431996+00:00,4434406.770575498,3094274.015194366,3372005.427265565,1788621.5607833231,5,"E07,E15,E21,E29,E34",19.39196137163801,[4434406.7705755  3094274.01519437 3372005.42726556 1788621.56078332],32.12098097847207,34.90685675422548,384.9250805256888,25.72826534112789
2026-03-22 07:01:51.431996+00:00,4434347.039043901,3094354.026509651,3371981.668908512,1788551.5242966106,5,"E07,E15,E21,E29,E34",14.64047082469226,[4434347.0390439  3094354.02650965 3371981.66890851 1788551.52429661],32.12081486479875,34.907914211203334,369.58417532686144,25.658972566195963
2026-03-22 07:01:53.431996+00:00,4434311.451829286,3094390.834647959,3371968.8607336334,1788511.0117642605,5,"E07,E15,E21,E29,E34",11.045167573667104,[4434311.45182929 3094390.83464796 3371968.86073363 1788511.01176426],32.12075597929536,34.90844984895479,355.89686372317374,26.388151855698556
2026-03-22 07:01:55.431996+00:00,4434299.692090477,3094442.981070745,3371973.89385562,1788491.0982908926,5,"E07,E15,E21,E29,E34",16.60534640049382,[4434299.69209048 3094442.98107074 3371973.89385562 1788491.09829089],32.12069757521756,34.90897428287389,375.6793816210702,26.846197045137917
2026-03-22 07:01:57.431996+00:00,4434262.75858469,3094476.337286724,3371953.4599929894,1788449.8055376995,5,"E07,E15,E21,E29,E34",12.914579013513793,[4434262.75858469 3094476.33728672 3371953.45999299 1788449.8055377 ],32.120595211151745,34.909488089758966,355.3301419476047,26.899180917527545
2026-03-22 07:02:05.431997+00:00,4434163.049278407,3094663.8204798796,3371931.562461057,1788321.2563029113,5,"E07,E15,E21,E29,E34",14.482896122831722,[4434163.04927841 3094663.82047988 3371931.56246106 1788321.25630291],32.12030556799392,34.91172182587336,365.30936639383435,26.684318893315236
2026-03-22 07:02:07.431997+00:00,4434144.479796708,3094713.885706522,3371930.9222931536,1788293.1055388828,5,"E07,E15,E21,E29,E34",17.680835364322924,[4434144.47979671 3094713.88570652 3371930.92229315 1788293.10553888],32.120236308411144,34.91226945707632,376.33961797785014,26.700947475219458
2026-03-22 07:02:09.431997+00:00,4430664.960619869,3092951.066617775,3369696.641463426,1785410.7531278909,5,"E07,E15,E21,E29,E34",747.634503867437,[4430664.96061987 3092951.06661777 3369696.64146343 1785410.75312789],32.12169116024997,34.918057317264996,-4082.632230537012,2247.5873546833495
2026-03-22 07:02:11.431997+00:00,4434112.090671666,3094819.7576332055,3371922.681112192,1788235.7401867788,5,"E07,E15,E21,E29,E34",15.383899252537683,[4434112.09067167 3094819.75763321 3371922.68111219 1788235.74018678],32.12001019170313,34.91338579305474,400.7822154276073,2254.438079823565
2026-03-22 07:02:13.431997+00:00,4434073.555989358,3094855.5737328483,3371896.4124619695,1788186.4814101818,5,"E07,E15,E21,E29,E34",15.836070726994047,[4434073.55598936 3094855.57373285 3371896.41246197 1788186.48141018],32.11986279108284,34.91393068710868,377.4143495373428,29.401346562446765
2026-03-22 07:02:15.431997+00:00,4434053.208014707,3094901.1674612723,3371880.154808625,1788151.5479651266,5,"E07,E15,E21,E29,E34",14.520105174914175,[4434053.20801471 3094901.16746127 3371880.15480863 1788151.54796513],32.119693510689096,34.91445024330031,376.7399744717404,26.2542350690957
2026-03-22 07:02:17.431997+00:00,4434029.991456108,3094945.777379522,3371866.4170509335,1788114.2201300736,5,"E07,E15,E21,E29,E34",15.10102545565524,[4434029.99145611 3094945.77737952 3371866.41705093 1788114.22013007],32.11955745086692,34.91497864673044,374.9367090649903,26.06616286405833
2026-03-22 07:02:21.431997+00:00,4434006.387407774,3095050.3343686373,3371845.850549124,1788051.174153989,5,"E07,E15,E21,E29,E34",12.597634763753078,[4434006.38740777 3095050.33436864 3371845.85054912 1788051.17415399],32.119206251675415,34.91603025295166,398.29432584811,27.28586638177297
2026-03-22 07:02:23.431997+00:00,4433960.728081387,3095086.4472861513,3371808.3950737934,1787995.986664327,5,"E07,E15,E21,E29,E34",11.304197251210944,[4433960.72808139 3095086.44728615 3371808.39507379 1787995.98666433],32.119000594099404,34.91662093705109,364.17683274578303,34.611520949681164
2026-03-22 07:02:25.431997+00:00,4433949.38410942,3095138.115285046,3371803.99502387,1787967.6986557352,5,"E07,E15,E21,E29,E34",13.40833388019046,[4433949.38410942 3095138.11528505 3371803.99502387 1787967.69865574],32.11886979582306,34.91713865138073,379.0069252671674,26.540668082596973
2026-03-22 07:02:27.431997+00:00,4433945.42035934,3095190.610038481,3371796.6469699414,1787948.2881474253,5,"E07,E15,E21,E29,E34",18.62116553869839,[4433945.42035934 3095190.61003848 3371796.64696994 1787948.28814743],32.118685198684474,34.91761878374945,397.7962427660823,26.57726636367102
2026-03-22 07:02:29.431997+00:00,4433913.581108774,3095229.136458171,3371775.24416495,1787906.1456403658,5,"E07,E15,E21,E29,E34",16.090840419567076,[4433913.58110877 3095229.13645817 3371775.24416495 1787906.14564037],32.11854117786168,34.918146618345624,382.98277318291366,27.1850278286892
2026-03-22 07:02:31.431997+00:00,4433906.791963042,3095282.890508291,3371772.0679120617,1787883.6153371946,5,"E07,E15,E21,E29,E34",17.562686144292446,[4433906.79196304 3095282.89050829 3371772.06791206 1787883.61533719],32.11839609071194,34.91865482107899,402.63926430791616,27.137054862613645
2026-03-22 07:02:33.431996+00:00,4433873.171291541,3095318.6706725066,3371747.209723549,1787839.5529653814,5,"E07,E15,E21,E29,E34",16.33999777408913,[4433873.17129154 3095318.67067251 3371747.20972355 1787839.55296538],32.11824021464801,34.91916959936186,383.4209610372782,27.515914795264045
2026-03-22 07:02:35.431996+00:00,4433844.914959972,3095364.4059989057,3371726.954855668,1787798.538078657,5,"E07,E15,E21,E29,E34",13.501970370774501,[4433844.91495997 3095364.40599891 3371726.95485567 1787798.53807866],32.11807108433133,34.91973833355847,375.20231030974537,28.72455407607663
2026-03-22 07:02:37.431996+00:00,4433825.346520918,3095405.7335448093,3371708.8909578105,1787765.0213921587,5,"E07,E15,E21,E29,E34",13.256456808893814,[4433825.34652092 3095405.73354481 3371708.89095781 1787765.02139216],32.11789662851151,34.92021607700585,372.0454121446237,24.582484939513883
2026-03-22 07:02:39.431996+00:00,4433817.68290773,3095458.779252556,3371706.834764204,1787742.7050217392,5,"E07,E15,E21,E29,E34",17.252232069261996,[4433817.68290773 3095458.77925256 3371706.8347642  1787742.70502174],32.11776547069126,34.92072341741279,391.34833370056003,26.817932478150713
2026-03-22 07:02:41.431996+00:00,4433793.681092486,3095500.945340302,3371687.571939799,1787705.597716538,5,"E07,E15,E21,E29,E34",16.012092205790072,[4433793.68109249 3095500.9453403  3371687.5719398  1787705.59771654],32.11759698087172,34.921235332395426,384.88255371525884,26.10135290970653
2026-03-22 07:02:43.431996+00:00,4433791.687421167,3095559.469674142,3371685.749955125,1787689.1359569875,5,"E07,E15,E21,E29,E34",18.41365961453214,[4433791.68742117 3095559.46967414 3371685.74995513 1787689.13595699],32.11743028486415,34.921755871095705,410.9045960875228,29.2933098374075
2026-03-22 07:02:45.431996+00:00,4433741.481589824,3095588.978107447,3371655.8768474474,1787632.643240079,5,"E07,E15,E21,E29,E34",14.482906378917946,[4433741.48158982 3095588.97810745 3371655.87684745 1787632.64324008],32.117318499493024,34.92231676014688,374.46418502461165,32.725279598886296
2026-03-22 07:02:47.431996+00:00,4433740.552062157,3095650.1130350744,3371658.0680912794,1787616.3034406458,5,"E07,E15,E21,E29,E34",20.617833113976435,[4433740.55206216 3095650.11303507 3371658.06809128 1787616.30344065],32.11717110294481,34.92285351673551,404.6255144663155,30.590623347895633
2026-03-22 07:02:49.431996+00:00,4433719.681914596,3095698.998285454,3371646.99080957,1787584.6223285736,5,"E07,E15,E21,E29,E34",18.143808078816704,[4433719.6819146  3095698.99828545 3371646.99080957 1787584.62232857],32.11703437003622,34.9234048024506,407.94597766455263,27.147913980492515
2026-03-22 07:02:51.431996+00:00,4433673.879856241,3095721.5610174304,3371616.765922836,1787536.8563203788,5,"E07,E15,E21,E29,E34",13.721103016120187,[4433673.87985624 3095721.56101743 3371616.76592284 1787536.85632038],32.116921641159934,34.923878643262846,371.0102506335825,29.666686711965557
2026-03-22 07:02:53.431996+00:00,4433648.58779042,3095767.4902595226,3371602.5330817914,1787505.7983203111,5,"E07,E15,E21,E29,E34",13.232833733058783,[4433648.58779042 3095767.49025952 3371602.53308179 1787505.79832031],32.11678629706743,34.92443107131151,368.14987186715007,27.16504020262821
2026-03-22 07:02:55.431996+00:00,4433622.2911509415,3095811.463250755,3371593.016857973,1787474.4745481906,5,"E07,E15,E21,E29,E34",12.619107696446177,[4433622.29115094 3095811.46325075 3371593.01685797 1787474.47454819],32.11669629172346,34.92497259732254,366.15134451072663,26.056168758836975
2026-03-22 07:02:57.431996+00:00,4433596.124419307,3095862.467658756,3371581.3963536355,1787442.470958807,5,"E07,E15,E21,E29,E34",13.368384613559115,[4433596.12441931 3095862.46765876 3371581.39635364 1787442.47095881],32.116570402823356,34.925574418599595,366.53425199445337,29.245442384237297
2026-03-22 07:02:59.431996+00:00,4433577.411903879,3095910.845482107,3371583.2088788208,1787420.898542579,5,"E07,E15,E21,E29,E34",15.01234943095451,[4433577.41190388 3095910.84548211 3371583.20887882 1787420.89854258],32.1165250159904,34.9261082018174,377.9619854511693,25.95119107763199
2026-03-22 07:03:01.431996+00:00,4433555.779586728,3095965.3613473857,3371581.968625922,1787395.612875379,5,"E07,E15,E21,E29,E34",13.18179239424341,[4433555.77958673 3095965.36134739 3371581.96862592 1787395.61287538],32.116450940591555,34.926713016832224,388.71599166933447,29.332042801678732
2026-03-22 07:03:03.431996+00:00,4433516.621681891,3096004.2001691274,3371570.466828343,1787360.8023919456,5,"E07,E15,E21,E29,E34",13.661926247427477,[4433516.62168189 3096004.20016913 3371570.46682834 1787360.80239195],32.11641040488733,34.92728795744991,374.24293562956154,28.16951780299828
2026-03-22 07:03:05.431997+00:00,4430094.934976312,3094279.870583008,3369424.1882963604,1784551.7361239975,5,"E07,E15,E21,E29,E34",730.1308047994816,[4430094.93497631 3094279.87058301 3369424.18829636 1784551.736124  ],32.11820125552547,34.93306975552052,-3979.007739275694,2195.890746474128
2026-03-22 07:03:07.431997+00:00,4430064.038196843,3094325.446674282,3369416.9248601813,1784523.207838042,5,"E07,E15,E21,E29,E34",732.7021430999282,[4430064.03819684 3094325.44667428 3369416.92486018 1784523.20783804],32.11814205824846,34.93365351808864,-3982.218858677894,27.76935623366028
2026-03-22 07:03:09.431997+00:00,4430032.555175899,3094374.0516085844,3369409.2215854777,1784496.0534401701,5,"E07,E15,E21,E29,E34",733.8314861994286,[4430032.5551759  3094374.05160858 3369409.22158548 1784496.05344017],32.118073481376484,34.93426716799079,-3984.6014166167006,29.21027510769619
2026-03-22 07:03:11.431997+00:00,4430000.06228956,3094414.1684181774,3369408.259420209,1784469.7327393366,5,"E07,E15,E21,E29,E34",733.4321846184221,[4430000.06228956 3094414.16841818 3369408.25942021 1784469.73273934],32.11808371293277,34.93481316708778,-3988.2173863695934,25.817009105084406
2026-03-22 07:03:13.431997+00:00,4429982.510779617,3094469.899774347,3369414.50628102,1784453.267684792,5,"E07,E15,E21,E29,E34",730.254227735774,[4429982.51077962 3094469.89977435 3369414.50628102 1784453.26768479],32.11804737438089,34.93540417204321,-3970.052660671994,29.381383696846328
2026-03-22 07:03:15.431997+00:00,4429953.041385842,3094515.721986796,3369409.7370434226,1784427.501144355,5,"E07,E15,E21,E29,E34",730.1866982822813,[4429953.04138584 3094515.7219868  3369409.73704342 1784427.50114435],32.118000938518655,34.93598140487245,-3970.8253395222127,27.344405051481864
2026-03-22 07:03:17.431997+00:00,4429923.813308057,3094560.057414211,3369406.3751570573,1784401.9511976356,5,"E07,E15,E21,E29,E34",730.1714860326232,[4429923.81330806 3094560.05741421 3369406.37515706 1784401.95119764],32.11796839163598,34.93654424860308,-3971.40288828779,26.604571669970642
2026-03-22 07:03:19.431997+00:00,4429904.160962345,3094609.8654904985,3369414.218115672,1784386.2669985367,5,"E07,E15,E21,E29,E34",729.4884588037851,[4429904.16096235 3094609.8654905  3369414.21811567 1784386.26699854],32.11796878018675,34.937096516385296,-3956.7197683611885,27.058137201684854
2026-03-22 07:03:21.431997+00:00,4433276.921311367,3096423.7356125065,3371551.6511080596,1787147.4818143805,5,"E07,E15,E21,E29,E34",15.141723909110475,[4433276.92131137 3096423.73561251 3371551.65110806 1787147.48181438],32.116057221258366,34.93238656263716,401.2484906502068,2192.843872029925
2026-03-22 07:03:23.431997+00:00,4433239.609345011,3096461.4146575043,3371550.0592949577,1787117.3415455807,5,"E07,E15,E21,E29,E34",14.127382334780334,[4433239.60934501 3096461.4146575  3371550.05929496 1787117.34154558],32.11608827590979,34.93294023606863,392.767798114568,26.525587336756427
2026-03-22 07:03:25.431997+00:00,4429821.126611067,3094739.9118407676,3369405.0394161916,1784314.401627031,5,"E07,E15,E21,E29,E34",731.7030763889328,[4429821.12661107 3094739.91184077 3369405.03941619 1784314.40162703],32.11786789418173,34.93873107852728,-3956.173542363569,2193.7813490985163
2026-03-22 07:03:29.431997+00:00,4429768.469402909,3094825.301948148,3369407.1613239422,1784272.1197129833,5,"E07,E15,E21,E29,E34",728.47811374408,[4429768.46940291 3094825.30194815 3369407.16132394 1784272.11971298],32.11785658612406,34.93979303059504,-3950.1861416017637,25.085795908581865
2026-03-22 07:03:31.431997+00:00,4433134.480607744,3096631.675417384,3371543.5844045077,1787028.7086148232,5,"E07,E15,E21,E29,E34",13.172591620765582,[4433134.48060774 3096631.67541738 3371543.58440451 1787028.70861482],32.1159845984042,34.93505702364149,398.9056375697255,2188.453798953062
2026-03-22 07:03:33.431996+00:00,4429723.831236108,3094908.7865136443,3369412.275332698,1784235.2103112026,5,"E07,E15,E21,E29,E34",727.6042347146212,[4429723.83123611 3094908.78651364 3369412.2753327  1784235.2103112 ],32.11784183568483,34.9407897216546,-3937.963196452707,2187.6570122974745
2026-03-22 07:03:35.431996+00:00,4429704.960205969,3094952.03040442,3369420.324994232,1784220.870347831,5,"E07,E15,E21,E29,E34",723.3165219226387,[4429704.96020597 3094952.03040442 3369420.32499423 1784220.87034783],32.117858749581266,34.94128017815757,-3925.8086340008304,23.931918637785643
2026-03-22 07:03:39.431996+00:00,4433029.691899549,3096795.1707469122,3371542.5455158777,1786948.6407728293,5,"E07,E15,E21,E29,E34",18.015854949857427,[4433029.69189955 3096795.17074691 3371542.54551588 1786948.64077283],32.11593964106745,34.937112974922485,404.8942798245698,1088.4285432135052
2026-03-22 07:03:57.431996+00:00,4429394.086835174,3095407.087282385,3369390.2966277874,1784012.8597976083,5,"E07,E15,E21,E29,E34",726.5032625295095,[4429394.08683517 3095407.08728239 3369390.29662779 1784012.85979761],32.11760132938674,34.94712316890402,-3936.8436726816,247.0603412879468
2026-03-22 07:04:03.431996+00:00,4431831.347901901,3098373.4109713444,3371419.167832927,1785688.1759918397,5,"E07,E15,E21,E29,E34",357.75579647914446,[4431831.3479019  3098373.41097134 3371419.16783293 1785688.17599184],32.115372192925214,34.95809309384799,273.0733538037166,723.7179488606347
2026-03-22 07:04:05.431997+00:00,4435134.424085304,3100143.399583265,3373475.968840796,1788387.4152461062,5,"E07,E15,E21,E29,E34",362.96220805497205,[4435134.4240853  3100143.39958327 3373475.9688408  1788387.41524611],32.11324306148316,34.95341352690918,4518.379997590557,2137.380644157452
2026-03-22 07:04:09.431997+00:00,4432650.188614252,3097435.9241973986,3371472.304747585,1786694.4591688414,5,"E07,E15,E21,E29,E34",16.396445992665303,[4432650.18861425 3097435.9241974  3371472.30474759 1786694.45916884],32.11513525650824,34.94498119352574,414.8866148935631,1046.3185054970525
2026-03-22 07:04:11.431997+00:00,4432601.568139855,3097461.8006778844,3371436.8880221313,1786657.2205612427,5,"E07,E15,E21,E29,E34",11.842803888674107,[4432601.56813985 3097461.80067788 3371436.88802213 1786657.22056124],32.11498475814932,34.94550100726003,374.8564011165872,32.740980493941024
2026-03-22 07:04:13.431997+00:00,4432577.090227746,3097499.967462772,3371421.479395533,1786634.4011506434,5,"E07,E15,E21,E29,E34",10.081402573269523,[4432577.09022775 3097499.96746277 3371421.47939553 1786634.40115064],32.11485845473949,34.94598104324332,368.18736030813307,23.944192529164354
2026-03-22 07:04:15.431997+00:00,4432574.66913479,3097552.1977589927,3371416.070494187,1786628.6875052915,5,"E07,E15,E21,E29,E34",13.181665381317965,[4432574.66913479 3097552.19775899 3371416.07049419 1786628.68750529],32.11468323473255,34.94644935307917,388.97101825196296,26.28270224010379
2026-03-22 07:04:17.431997+00:00,4432563.877059538,3097599.0664876318,3371406.438592253,1786614.8370283144,5,"E07,E15,E21,E29,E34",14.066995331944,[4432563.87705954 3097599.06648763 3371406.43859225 1786614.83702831],32.11452337587617,34.94692189892312,399.0971250962466,24.52508994562863
2026-03-22 07:04:19.431997+00:00,4432535.606337827,3097633.65185093,3371387.8264727136,1786586.6401257769,5,"E07,E15,E21,E29,E34",13.865998782843263,[4432535.60633783 3097633.65185093 3371387.82647271 1786586.64012578],32.11439733769114,34.94739384596941,386.3553293403238,24.196033013086105
2026-03-22 07:04:21.431997+00:00,4432516.782334529,3097673.4973687306,3371374.5959139336,1786564.7695741472,5,"E07,E15,E21,E29,E34",12.765038506700892,[4432516.78233453 3097673.49736873 3371374.59591393 1786564.76957415],32.114260836205894,34.947854141295956,385.5853265179321,23.00573881986228
2026-03-22 07:04:23.431997+00:00,4432507.21143687,3097716.3557966244,3371370.343612118,1786552.4486600936,5,"E07,E15,E21,E29,E34",15.073032476086214,[4432507.21143687 3097716.35579662 3371370.34361212 1786552.44866009],32.11414827467141,34.948284440858004,397.4743817318231,22.0597427130577
2026-03-22 07:04:25.431997+00:00,4432493.623888014,3097753.5575095103,3371356.357054711,1786535.601489435,5,"E07,E15,E21,E29,E34",14.931029447977286,[4432493.62388801 3097753.55750951 3371356.35705471 1786535.60148943],32.11399268068226,34.948689990425954,398.65577413886786,21.001266114549313
2026-03-22 07:04:27.431997+00:00,4432475.390254118,3097791.316797013,3371344.8159592333,1786513.9993530873,5,"E07,E15,E21,E29,E34",13.141720642398266,[4432475.39025412 3097791.31679701 3371344.81595923 1786513.99935309],32.11387248763931,34.94912857996964,398.18246013484895,21.745264326930535
2026-03-22 07:04:29.431997+00:00,4432468.983574104,3097829.6560592977,3371340.388347955,1786502.7011760538,5,"E07,E15,E21,E29,E34",17.452901448729975,[4432468.9835741  3097829.6560593  3371340.38834795 1786502.70117605],32.11375856098888,34.94950042129078,409.9831917947158,19.56111143939003
2026-03-22 07:04:31.431997+00:00,4432438.131188868,3097858.2840751545,3371316.559863931,1786472.8052254077,5,"E07,E15,E21,E29,E34",12.590766235505443,[4432438.13118887 3097858.28407515 3371316.55986393 1786472.80522541],32.11361917384467,34.94993629885503,389.78739396017045,24.18279149270514
2026-03-22 07:04:33.431996+00:00,4432416.867162914,3097889.029780173,3371301.2064114236,1786450.9045625476,5,"E07,E15,E21,E29,E34",11.787266316731497,[4432416.86716291 3097889.02978017 3371301.20641142 1786450.90456255],32.11350102541477,34.950332370653314,381.78136659692973,20.206356140701526
2026-03-22 07:04:35.431996+00:00,4432415.039992593,3097936.411170675,3371300.0236513857,1786444.7377979232,5,"E07,E15,E21,E29,E34",11.623666447159051,[4432415.03999259 3097936.41117067 3371300.02365139 1786444.73779792],32.11336905469188,34.9507549359597,402.8744552936405,23.71567856169935
2026-03-22 07:04:37.431996+00:00,4432395.701019015,3097970.210241498,3371288.3318457277,1786424.3064080374,5,"E07,E15,E21,E29,E34",13.624850421262808,[4432395.70101902 3097970.2102415  3371288.33184573 1786424.30640804],32.11326292181133,34.95116583740333,399.6334630260244,20.328990426817427
2026-03-22 07:04:39.431996+00:00,4432375.782029714,3098005.8654236076,3371267.202156991,1786408.1177394325,5,"E07,E15,E21,E29,E34",11.547340585297928,[4432375.78202971 3098005.86542361 3371267.20215699 1786408.11773943],32.11308188437622,34.95159637768307,391.873600657098,22.991965401738984
2026-03-22 07:04:41.431996+00:00,4432352.101285386,3098038.491637987,3371251.4450339973,1786389.9745077211,5,"E07,E15,E21,E29,E34",9.867998909108563,[4432352.10128539 3098038.49163799 3371251.445034   1786389.97450772],32.11296497794375,34.95202344670098,382.8887644940987,21.64217203594045
2026-03-22 07:04:43.431996+00:00,4432335.745649701,3098080.1018210435,3371235.204048747,1786377.6784848303,5,"E07,E15,E21,E29,E34",8.647040525278536,[4432335.7456497  3098080.10182104 3371235.20404875 1786377.67848483],32.11279092185219,34.9524840704283,383.0917100152001,23.78383776087459
2026-03-22 07:04:45.431996+00:00,4432322.892679481,3098122.2929701614,3371229.978967739,1786367.7863071116,5,"E07,E15,E21,E29,E34",11.935423845976947,[4432322.89267948 3098122.29297016 3371229.97896774 1786367.78630711],32.11268564484346,34.95292847639388,391.86445691250265,22.206943615187072
2026-03-22 07:04:47.431996+00:00,4432293.563103652,3098154.798108811,3371207.2422927693,1786345.1383103528,5,"E07,E15,E21,E29,E34",9.193104819756297,[4432293.56310365 3098154.79810881 3371207.24229277 1786345.13831035],32.11253795055412,34.95338878097579,375.18999219685793,24.66659910497537
2026-03-22 07:04:49.431996+00:00,4432285.004299242,3098201.1248605973,3371199.628680508,1786340.5711400728,5,"E07,E15,E21,E29,E34",11.088233950226869,[4432285.00429924 3098201.1248606  3371199.62868051 1786340.57114007],32.11238619853176,34.95384303105626,387.68159990757704,23.860994088953564
2026-03-22 07:04:51.431996+00:00,4432266.556437323,3098236.4539912296,3371187.8648676896,1786328.1048007444,5,"E07,E15,E21,E29,E34",10.936922115351152,[4432266.55643732 3098236.45399123 3371187.86486769 1786328.10480074],32.11227180183425,34.95426180465464,385.7654181905091,20.77774273505235
2026-03-22 07:04:53.431996+00:00,4432261.997819051,3098280.7090081843,3371182.6169595816,1786329.6485842105,5,"E07,E15,E21,E29,E34",15.04176428880895,[4432261.99781905 3098280.70900818 3371182.61695958 1786329.64858421],32.112128090283875,34.95467377719087,401.2868333738297,22.39881729974799
2026-03-22 07:04:55.431996+00:00,4432240.982900241,3098320.9538248437,3371164.666348173,1786314.515465276,5,"E07,E15,E21,E29,E34",12.284426872565264,[4432240.98290024 3098320.95382484 3371164.66634817 1786314.51546528],32.11196302194371,34.95515081689383,396.6858557378873,24.410533230994186
2026-03-22 07:04:57.431996+00:00,4428909.625513319,3096641.57912912,3369116.9442707985,1783608.1151045107,5,"E07,E15,E21,E29,E34",703.5987495687486,[4428909.62551332 3096641.57912912 3369116.9442708  1783608.11510451],32.11402411739286,34.960793704574705,-3819.441727618687,2127.8749442934163
2026-03-22 07:04:59.431996+00:00,4432220.129726283,3098409.9605743946,3371141.247760605,1786304.2216690176,5,"E07,E15,E21,E29,E34",14.696457784404737,[4432220.12972628 3098409.96057439 3371141.24776061 1786304.22166902],32.11162163365686,34.95605030179837,412.95468496065587,2132.159451054817
2026-03-22 07:05:01.431996+00:00,4432179.738242227,3098431.0454089795,3371103.663977863,1786277.9276673074,5,"E07,E15,E21,E29,E34",9.80655065707128,[4432179.73824223 3098431.04540898 3371103.66397786 1786277.92766731],32.11143534687661,34.956478584960216,375.1687819836661,29.532113702661636
2026-03-22 07:05:03.431996+00:00,4432168.891659863,3098475.9336385317,3371086.174758001,1786272.5306555922,5,"E07,E15,E21,E29,E34",9.67688625211891,[4432168.89165986 3098475.93363853 3371086.174758   1786272.53065559],32.11122109470243,34.956934215033684,380.12684126384556,24.690455203689925
2026-03-22 07:05:05.431997+00:00,4432158.031920242,3098518.708098861,3371061.97221192,1786266.1888729192,5,"E07,E15,E21,E29,E34",9.217956346467329,[4432158.03192024 3098518.70809886 3371061.97221192 1786266.18887292],32.11096142180185,34.95737156749548,380.4817602643743,25.16619311968821
2026-03-22 07:05:07.431997+00:00,4432153.500496098,3098564.3320127237,3371043.281013358,1786266.2591098016,5,"E07,E15,E21,E29,E34",11.487413631169307,[4432153.5004961  3098564.33201272 3371043.28101336 1786266.2591098 ],32.110711156735746,34.957795243508336,389.54267458524555,24.755990308532454
2026-03-22 07:05:09.431997+00:00,4432133.778785977,3098601.318512018,3371008.4918936477,1786252.1481938697,5,"E07,E15,E21,E29,E34",8.461908064079568,[4432133.77878598 3098601.31851202 3371008.49189365 1786252.14819387],32.11042133040719,34.958236130000394,375.3100463449955,27.23614248731115
2026-03-22 07:05:11.431997+00:00,4432127.574845538,3098645.75709943,3370983.8984817294,1786249.3993122997,5,"E07,E15,E21,E29,E34",7.6901166549840445,[4432127.57484554 3098645.75709943 3370983.89848173 1786249.3993123 ],32.11013580715405,34.95865966121198,379.4980876715854,25.583748933393554
2026-03-22 07:05:13.431997+00:00,4432129.447597634,3098698.9526991234,3370969.285784339,1786254.3227922965,5,"E07,E15,E21,E29,E34",11.637543718901117,[4432129.44759763 3098698.95269912 3370969.28578434 1786254.3227923 ],32.10987073783326,34.95911019567403,398.84865546785295,27.598958097053227
2026-03-22 07:05:15.431997+00:00,4432108.964387651,3098732.365545471,3370934.0090392595,1786240.8832111692,5,"E07,E15,E21,E29,E34",9.534207036676628,[4432108.96438765 3098732.36554547 3370934.00903926 1786240.88321117],32.109589987213035,34.959524669086775,382.095022640191,26.364886381767736
2026-03-22 07:05:17.431997+00:00,4432101.257893236,3098779.198255409,3370908.7027028915,1786237.3474785257,5,"E07,E15,E21,E29,E34",9.606288347979525,[4432101.25789324 3098779.19825541 3370908.70270289 1786237.34747853],32.10929834199754,34.95997810090126,386.0242800731212,26.893788486590037
2026-03-22 07:05:19.431997+00:00,4432091.973053479,3098823.879591235,3370882.204752974,1786233.5282872946,5,"E07,E15,E21,E29,E34",8.976954723169069,[4432091.97305348 3098823.87959123 3370882.20475297 1786233.52828729],32.109009702488784,34.96042243112996,387.1807442009449,26.38546650306953
2026-03-22 07:05:21.431997+00:00,4432081.062447141,3098864.455460663,3370859.141851071,1786229.5926927254,5,"E07,E15,E21,E29,E34",6.254456952028687,[4432081.06244714 3098864.45546066 3370859.14185107 1786229.59269273],32.10876496092252,34.96084098140545,387.04221869818866,23.965287160288753
2026-03-22 07:05:23.431997+00:00,4432071.168954417,3098913.8329924345,3370829.969449793,1786223.4672680027,5,"E07,E15,E21,E29,E34",7.677954712688088,[4432071.16895442 3098913.83299243 3370829.96944979 1786223.467268  ],32.10844538316172,34.96132977693182,388.6348820067942,29.099187439000044
2026-03-22 07:05:25.431997+00:00,4432062.90134953,3098958.1178453057,3370803.930418194,1786220.853612023,5,"E07,E15,E21,E29,E34",8.91568926138397,[4432062.90134953 3098958.11784531 3370803.93041819 1786220.85361202],32.10815733771403,34.96176448018879,390.5502864923328,26.016978355600493
2026-03-22 07:05:27.431997+00:00,4432051.342088095,3099000.6990174837,3370773.369493709,1786215.2400024487,5,"E07,E15,E21,E29,E34",7.893352320951549,[4432051.34208809 3099000.69901748 3370773.36949371 1786215.24000245],32.107852360202465,34.96220437199396,386.9507038658485,26.83627607521528
2026-03-22 07:05:31.431997+00:00,4432036.21966016,3099095.277905665,3370727.4722183184,1786213.5495552267,5,"E07,E15,E21,E29,E34",9.29420046850482,[4432036.21966016 3099095.27790566 3370727.47221832 1786213.54955523],32.10730141922734,34.96311736103629,397.96638828050345,26.55232311458279
2026-03-22 07:05:33.431996+00:00,4432035.08886155,3099143.822921071,3370710.105396591,1786219.8815982833,5,"E07,E15,E21,E29,E34",11.461908114380815,[4432035.08886155 3099143.82292107 3370710.10539659 1786219.88159828],32.10703987682773,34.96354571122575,411.5149507112801,25.785201098249868
2026-03-22 07:05:35.431996+00:00,4432019.504746548,3099184.117089192,3370677.977707502,1786213.7963134765,5,"E07,E15,E21,E29,E34",8.111942438108414,[4432019.50474655 3099184.11708919 3370677.9777075  1786213.79631348],32.1067450159159,34.96399017085012,403.1802821327001,26.919663032601793
2026-03-22 07:05:37.431996+00:00,4432007.99515519,3099226.956306733,3370652.2271675025,1786212.9028663822,5,"E07,E15,E21,E29,E34",7.338265892422897,[4432007.99515519 3099226.95630673 3370652.2271675  1786212.90286638],32.10647587007548,34.96443198770334,402.29933123104274,25.645465305952506
2026-03-22 07:05:39.431996+00:00,4431989.139598341,3099258.1894765254,3370617.82653159,1786207.2563166812,5,"E07,E15,E21,E29,E34",8.015147599576336,[4431989.13959834 3099258.18947653 3370617.82653159 1786207.25631668],32.106201378973054,34.964817636950045,386.08805596642196,25.07212930007128
2026-03-22 07:05:41.431996+00:00,4431981.152347827,3099306.125449081,3370593.8216606486,1786208.154001037,5,"E07,E15,E21,E29,E34",8.041903990406515,[4431981.15234783 3099306.12544908 3370593.82166065 1786208.15400104],32.10591773057251,34.96528231480927,391.0549576310441,27.101141417486517
2026-03-22 07:05:51.431996+00:00,4431953.341944416,3099536.724886998,3370481.906729387,1786233.4165076283,5,"E07,E15,E21,E29,E34",4.259448957658332,[4431953.34194442 3099536.724887   3370481.90672939 1786233.41650763],32.10453873180834,34.96745319371146,424.2152195498347,25.782643608606644
2026-03-22 07:05:53.431996+00:00,4434300.852125235,3102336.071181307,3372315.476307195,1787805.0315399899,5,"E07,E15,E21,E29,E34",321.6459801560248,[4434300.85212523 3102336.07118131 3372315.4763072  1787805.03153999],32.10163771613477,34.97749640825757,4387.328783103265,2043.839592603395
2026-03-22 07:05:55.431996+00:00,4434285.851276365,3102379.307230402,3372288.3062840453,1787803.6907965539,5,"E07,E15,E21,E29,E34",322.2920389515959,[4434285.85127637 3102379.3072304  3372288.30628405 1787803.69079655],32.10137046493435,34.977962518920656,4383.4739115079865,26.61104829809978
2026-03-22 07:05:57.431996+00:00,4431900.950607407,3099658.8477435145,3370393.8953442257,1786218.1375463314,5,"E07,E15,E21,E29,E34",7.491227268266443,[4431900.95060741 3099658.84774351 3370393.89534423 1786218.13754633],32.10373677895402,34.968831512877685,400.3610853338614,2041.9013094112113
2026-03-22 07:05:59.431996+00:00,4431895.815402953,3099708.6898445245,3370377.9368195804,1786225.0170274177,5,"E07,E15,E21,E29,E34",7.965492486341748,[4431895.81540295 3099708.68984452 3370377.93681958 1786225.01702742],32.103498145353676,34.969295392353935,412.5133598353714,26.292964204957002
2026-03-22 07:06:01.431996+00:00,4431873.033856549,3099754.731801165,3370354.8111193865,1786217.487790962,5,"E07,E15,E21,E29,E34",6.200071710065136,[4431873.03385655 3099754.73180116 3370354.81111939 1786217.48779096],32.103284499935086,34.96983342403485,406.7628205437213,28.167617210502687
2026-03-22 07:06:03.431996+00:00,4431869.482802371,3099801.124200097,3370340.566361704,1786225.757849564,5,"E07,E15,E21,E29,E34",8.283417807213771,[4431869.48280237 3099801.1242001  3370340.5663617  1786225.75784956],32.103062208887565,34.97025772980741,419.2514869607985,24.32990847641212
2026-03-22 07:06:05.431997+00:00,4428611.094721655,3098176.6507821134,3368375.5093844407,1783600.4836415963,5,"E07,E15,E21,E29,E34",686.6325092162998,[4428611.09472166 3098176.65078211 3368375.50938444 1783600.4836416 ],32.10531089885215,34.97594384225827,-3675.552617012523,2068.6613169347834
2026-03-22 07:06:07.431997+00:00,4431839.80821537,3099894.879860397,3370312.24429604,1786230.6348701303,5,"E07,E15,E21,E29,E34",10.074686065875758,[4431839.80821537 3099894.8798604  3370312.24429604 1786230.63487013],32.10270487807101,34.97125181911402,429.1216382952407,2069.2899813561544
2026-03-22 07:06:09.431997+00:00,4431820.82789175,3099939.6593101546,3370297.146569818,1786229.717110915,5,"E07,E15,E21,E29,E34",9.973487841536787,[4431820.82789175 3099939.65931015 3370297.14656982 1786229.71711092],32.10254108802669,34.97175580065801,429.6648464947939,25.46268417901904
2026-03-22 07:06:11.431997+00:00,4431801.784738215,3099985.672278607,3370280.7679247092,1786229.736575975,5,"E07,E15,E21,E29,E34",7.80355967068507,[4431801.78473821 3099985.67227861 3370280.76792471 1786229.73657598],32.10236436999202,34.97227086990503,430.08304846007377,26.21113779461256
2026-03-22 07:06:13.431997+00:00,4434125.2351430105,3102767.2156025413,3372114.5654806662,1787790.696274973,5,"E07,E15,E21,E29,E34",319.08016065135007,[4434125.23514301 3102767.21560254 3372114.56548067 1787790.69627497],32.099609350449434,34.98230230682155,4368.051684976555,2030.8999558511316
2026-03-22 07:06:15.431997+00:00,4431740.657619401,3100052.896088317,3370248.6291390317,1786217.7425584868,5,"E07,E15,E21,E29,E34",7.286384053072758,[4431740.6576194  3100052.89608832 3370248.62913903 1786217.74255849],32.102174255749375,34.97322561125351,403.2132852524519,2033.1907696054595
2026-03-22 07:06:17.431997+00:00,4431712.593104755,3100093.149338145,3370233.4341424485,1786213.5020813236,5,"E07,E15,E21,E29,E34",6.909984346025241,[4431712.59310475 3100093.14933814 3370233.43414245 1786213.50208132],32.102057818520116,34.973745460294545,395.203016015701,25.684767008849672
2026-03-22 07:06:19.431997+00:00,4431704.706154485,3100149.5703374287,3370240.9551033513,1786227.9677880695,5,"E07,E15,E21,E29,E34",12.49409696003791,[4431704.70615449 3100149.57033743 3370240.95510335 1786227.96778807],32.10199125737805,34.97428312875243,421.1213132273406,28.731942144791343
2026-03-22 07:06:21.431997+00:00,4431666.16158178,3100191.017064219,3370219.0969576305,1786212.1644974686,5,"E07,E15,E21,E29,E34",7.889967657724164,[4431666.16158178 3100191.01706422 3370219.09695763 1786212.16449747],32.10186179128076,34.974876976203376,402.87597656529397,30.336833144759453
2026-03-22 07:06:23.431997+00:00,4431642.851736051,3100242.316705436,3370217.8865369973,1786210.142949969,5,"E07,E15,E21,E29,E34",7.597423564263561,[4431642.85173605 3100242.31670544 3370217.886537   1786210.14294997],32.10180315779872,34.9754638389267,410.9629506589845,28.18007813604066
2026-03-22 07:06:25.431997+00:00,4431629.453717123,3100297.1588995866,3370225.3261280973,1786220.3678191486,5,"E07,E15,E21,E29,E34",9.77183533581828,[4431629.45371712 3100297.15889959 3370225.3261281  1786220.36781915],32.1017619457235,34.976021258692334,432.2473798999563,28.471567774693828
2026-03-22 07:06:35.431996+00:00,4428233.621767711,3098845.08610673,3368271.798100669,1783567.1792785043,5,"E07,E15,E21,E29,E34",686.4267649287132,[4428233.62176771 3098845.08610673 3368271.79810067 1783567.1792785 ],32.104163680697624,34.98404386580873,-3668.052334001288,417.8093496996142
2026-03-22 07:06:37.431996+00:00,4431437.847188637,3100558.8417134443,3370200.5640832763,1786174.3615649766,5,"E07,E15,E21,E29,E34",5.852123278738957,[4431437.84718864 3100558.84171344 3370200.56408328 1786174.36156498],32.101606271144504,34.97945636072284,413.1705599203706,2056.949017556984
2026-03-22 07:06:39.431996+00:00,4431406.925109551,3100608.022677714,3370203.0621453016,1786166.9779981533,5,"E07,E15,E21,E29,E34",7.8305655509061065,[4431406.92510955 3100608.02267771 3370203.0621453  1786166.97799815],32.10161165428171,34.98007105349838,416.91968079376966,29.07396831935443
2026-03-22 07:06:41.431996+00:00,4431368.42225456,3100646.0447378834,3370203.781831452,1786148.9030376587,5,"E07,E15,E21,E29,E34",7.361637895970818,[4431368.42225456 3100646.04473788 3370203.78183145 1786148.90303766],32.10166387174665,34.980634927819686,409.0433671278879,27.058570038856896
2026-03-22 07:06:43.431996+00:00,4431346.381148655,3100694.8470495786,3370203.4047332727,1786142.5252075496,5,"E07,E15,E21,E29,E34",6.556576064421868,[4431346.38114865 3100694.84704958 3370203.40473327 1786142.52520755],32.101613456942445,34.98119239543731,417.24568289425224,26.775073199381847
2026-03-22 07:06:45.431996+00:00,4431311.172837121,3100736.133908387,3370198.5698807426,1786125.3749002286,5,"E07,E15,E21,E29,E34",7.0434480314249885,[4431311.17283712 3100736.13390839 3370198.56988074 1786125.37490023],32.10160133448033,34.98176460007069,410.2906480319798,27.237867529803733
2026-03-22 07:06:47.431996+00:00,4431281.249634493,3100775.316999104,3370197.629587244,1786110.2533788297,5,"E07,E15,E21,E29,E34",7.016682430488408,[4431281.24963449 3100775.3169991  3370197.62958724 1786110.25337883],32.10160398807797,34.98228644544287,408.05217592883855,24.655611965322485
2026-03-22 07:06:49.431996+00:00,4431252.129289482,3100820.335037102,3370196.6153134764,1786095.1169123445,5,"E07,E15,E21,E29,E34",5.803773260189475,[4431252.12928948 3100820.3350371  3370196.61531348 1786095.11691234],32.10158689092353,34.98285406076076,409.1658712970093,26.81252967390137
2026-03-22 07:06:51.431996+00:00,4431224.207559569,3100858.3977024946,3370192.3402208714,1786076.703471502,5,"E07,E15,E21,E29,E34",4.989538761712949,[4431224.20755957 3100858.39770249 3370192.34022087 1786076.7034715 ],32.101559286324445,34.98335402498952,406.000963636674,23.69950376541429
2026-03-22 07:06:53.431996+00:00,4431198.2626763275,3100898.4943005187,3370192.086527875,1786062.4488661701,5,"E07,E15,E21,E29,E34",5.978851744027052,[4431198.26267633 3100898.49430052 3370192.08652788 1786062.44886617],32.10154904850807,34.983859636038524,407.3333395598456,23.87958594511931
2026-03-22 07:06:59.431996+00:00,4427935.008065828,3099390.4633954065,3368316.197908708,1783444.1765368667,5,"E07,E15,E21,E29,E34",670.9087215263303,[4427935.00806583 3099390.46339541 3368316.19790871 1783444.17653687],32.10417662444217,34.99059558063477,-3586.7956964159384,675.8111581902489
2026-03-22 07:07:01.431996+00:00,4431096.438470531,3101068.147251462,3370203.58968698,1786001.91835004,5,"E07,E15,E21,E29,E34",11.133025989426992,[4431096.43847053 3101068.14725146 3370203.58968698 1786001.91835004],32.10157056048099,34.98595062816336,425.17662724573165,2023.0863210290968
2026-03-22 07:07:07.431997+00:00,4430993.867711869,3101180.918754253,3370196.8691883665,1785949.4800093526,5,"E07,E15,E21,E29,E34",6.508139494245178,[4430993.86771187 3101180.91875425 3370196.86918837 1785949.48000935],32.101612060890574,34.9875524587076,405.19425506703556,25.431460019899564
2026-03-22 07:07:09.431997+00:00,4430974.771104029,3101231.0588741875,3370200.2952578445,1785949.325197655,5,"E07,E15,E21,E29,E34",4.652221208143158,[4430974.77110403 3101231.05887419 3370200.29525784 1785949.32519766],32.101575431005266,34.98810363825336,418.11637927684933,26.88145276065216
2026-03-22 07:07:11.431997+00:00,4430948.299709994,3101272.3799464325,3370217.160574105,1785942.8994621604,5,"E07,E15,E21,E29,E34",5.471085250245029,[4430948.29970999 3101272.37994643 3370217.16057411 1785942.89946216],32.10169464449526,34.98862307262102,428.77891388721764,25.945156610657506
2026-03-22 07:07:13.431997+00:00,4427718.829548485,3099661.5389049132,3368347.7467168816,1783358.6897193235,5,"E07,E15,E21,E29,E34",674.2170861157524,[4427718.82954848 3099661.53890491 3368347.74671688 1783358.68971932],32.10452156693225,34.99426390848707,-3588.364833698608,2032.1782989383346
2026-03-22 07:07:15.431997+00:00,4430880.551103381,3101333.8409640626,3370255.209704716,1785927.1849631506,5,"E07,E15,E21,E29,E34",7.883447621424938,[4430880.55110338 3101333.84096406 3370255.20970472 1785927.18496315],32.102082383179955,34.98956805064275,431.8362214397639,2026.7888652800689
2026-03-22 07:07:17.431997+00:00,4430839.272653538,3101359.3861940578,3370275.4381472906,1785912.922759883,5,"E07,E15,E21,E29,E34",7.926096299964255,[4430839.27265354 3101359.38619406 3370275.43814729 1785912.92275988],32.10232876348507,34.99004051837691,426.34805614408106,26.29476699832317
2026-03-22 07:07:19.431997+00:00,4430802.113658955,3101388.9847102948,3370294.194709996,1785903.437453106,5,"E07,E15,E21,E29,E34",5.246521704545517,[4430802.11365896 3101388.98471029 3370294.19471    1785903.43745311],32.102536587634326,34.990523142412385,424.9058670960367,25.537578616335487
2026-03-22 07:07:21.431997+00:00,4430765.4805136565,3101414.7517859754,3370324.1844756086,1785894.5624856967,5,"E07,E15,E21,E29,E34",8.343401851139275,[4430765.48051366 3101414.75178598 3370324.18447561 1785894.5624857 ],32.102838681216326,34.99096932130225,427.93760527670383,26.950489629614335
2026-03-22 07:07:23.431997+00:00,4430716.71148962,3101438.5790565405,3370345.1538595995,1785877.500904423,5,"E07,E15,E21,E29,E34",7.062406565315917,[4430716.71148962 3101438.57905654 3370345.1538596  1785877.50090442],32.10312484618167,34.99147239442886,416.8117245528847,29.094121369455273
2026-03-22 07:07:25.431997+00:00,4430690.191382161,3101472.5589686697,3370383.954613679,1785879.1639436032,5,"E07,E15,E21,E29,E34",11.12758908860707,[4430690.19138216 3101472.55896867 3370383.95461368 1785879.1639436 ],32.10343196544583,34.99192841903577,435.53465138282627,28.99762509696987
2026-03-22 07:07:27.431997+00:00,4430640.890013521,3101497.2200741684,3370402.428848471,1785861.0118538658,5,"E07,E15,E21,E29,E34",8.803239105760532,[4430640.89001352 3101497.22007417 3370402.42884847 1785861.01185387],32.10369886629115,34.99244197043065,423.11935102101415,29.06928114614287
2026-03-22 07:07:29.431997+00:00,4430608.738054329,3101529.7980727544,3370433.6320989323,1785859.4077324842,5,"E07,E15,E21,E29,E34",9.765666626848699,[4430608.73805433 3101529.79807275 3370433.63209893 1785859.40773248],32.103973909976574,34.99292004662552,433.2162290792912,27.69800223437552
2026-03-22 07:07:43.431996+00:00,4427171.709434936,3100115.95883469,3368749.449912815,1783254.8934276272,5,"E07,E15,E21,E29,E34",663.8614670875919,[4427171.70943494 3100115.95883469 3368749.44991281 1783254.89342763],32.10849130183001,35.00153666726178,-3533.732433735393,291.44764587453955
2026-03-22 07:07:45.431996+00:00,4430288.221483493,3101767.4774060384,3370609.3912241166,1785785.7147314462,5,"E07,E15,E21,E29,E34",5.160087009138761,[4430288.22148349 3101767.47740604 3370609.39122412 1785785.71473145],32.10592153440774,34.99693020067523,419.6770532345399,1993.7115276412635
2026-03-22 07:07:47.431996+00:00,4430268.222450661,3101812.591039823,3370629.7846260155,1785791.7610328067,5,"E07,E15,E21,E29,E34",7.318020848115618,[4430268.22245066 3101812.59103982 3370629.78462602 1785791.76103281],32.1060318174358,34.99744324271845,438.5558038838208,26.697809406822145
2026-03-22 07:07:49.431996+00:00,4432420.668456285,3102087.442371825,3374107.161395784,1787477.4489539939,5,"E07,E15,E21,E29,E34",1265.9159488450841,[4432420.66845629 3102087.44237183 3374107.16139578 1787477.44895399],32.12337722386177,34.98675359893187,3914.2169307945296,2049.4338401592245
2026-03-22 07:07:51.431996+00:00,4430179.471753044,3101875.538861612,3370645.5879126387,1785765.3761268652,5,"E07,E15,E21,E29,E34",7.056916284417101,[4430179.47175304 3101875.53886161 3370645.58791264 1785765.37612687],32.10632793377875,34.998528817719325,415.9537727450952,2064.6038808615863
2026-03-22 07:07:53.431996+00:00,4430152.0094990535,3101923.7454813,3370648.479991173,1785768.4283742772,5,"E07,E15,E21,E29,E34",5.5446832763010825,[4430152.00949905 3101923.7454813  3370648.47999117 1785768.42837428],32.10632532632579,34.99911405222426,421.85604656953365,27.777768513078982
2026-03-22 07:07:55.431996+00:00,4430116.028098528,3101963.081059981,3370657.6148156733,1785761.6061873606,5,"E07,E15,E21,E29,E34",4.928114495373477,[4430116.02809853 3101963.08105998 3370657.61481567 1785761.60618736],32.10642823256107,34.99967406671649,420.8555346922949,27.04345555108896
2026-03-22 07:07:57.431996+00:00,4426944.80120049,3100400.2393557196,3368834.81488454,1783234.6125746253,5,"E07,E15,E21,E29,E34",659.1162717000462,[4426944.80120049 3100400.23935572 3368834.81488454 1783234.61257463],32.109253055699824,35.00538509712327,-3507.6656705243513,1988.8284126814874
2026-03-22 07:07:59.431996+00:00,4426911.26779522,3100442.261819637,3368837.8768310184,1783232.4488108987,5,"E07,E15,E21,E29,E34",660.4280607141343,[4426911.26779522 3100442.26181964 3368837.87683102 1783232.4488109 ],32.10929257506709,35.00595392611166,-3508.8846457544714,26.924673902129744
2026-03-22 07:08:01.431996+00:00,4430012.3739077,3102086.766885698,3370675.972301692,1785749.4738073265,5,"E07,E15,E21,E29,E34",3.1625265001198417,[4430012.3739077  3102086.7668857  3370675.97230169 1785749.47380733],32.1066353780291,35.001377333458514,418.7842611037195,1981.1518740666988
2026-03-22 07:08:31.431997+00:00,4426452.26654103,3101093.966321866,3368973.299256389,1783244.8818935647,5,"E07,E15,E21,E29,E34",652.7231089980854,[4426452.26654103 3101093.96632187 3368973.29925639 1783244.88189356],32.11033739578833,35.01440432668811,-3438.6363064218313,135.64296196273642
2026-03-22 07:08:33.431996+00:00,4426420.096665132,3101134.8157330225,3368971.505035145,1783239.954463619,5,"E07,E15,E21,E29,E34",653.0785271437729,[4426420.09666513 3101134.81573302 3368971.50503515 1783239.95446362],32.11033763258181,35.01495468275369,-3442.0535679357126,26.013444811380783
2026-03-22 07:08:39.431996+00:00,4426338.118671534,3101256.672224296,3369002.791283909,1783243.0114558644,5,"E07,E15,E21,E29,E34",649.1479395960807,[4426338.11867153 3101256.6722243  3369002.79128391 1783243.01145586],32.11056339973998,35.01651135106128,-3423.0669339569286,25.026777471309742
2026-03-22 07:08:41.431996+00:00,4428410.515402061,3101469.9135595607,3372359.2190757594,1784842.3160930616,5,"E07,E15,E21,E29,E34",569.7116937388213,[4428410.51540206 3101469.91355956 3372359.21907576 1784842.31609306],32.12747872778213,35.00575978870485,-97.31756879482418,1975.2156589642282
2026-03-22 07:08:43.431996+00:00,4426276.016504554,3101336.0475407774,3369016.120423616,1783239.3465334459,5,"E07,E15,E21,E29,E34",651.6562876282255,[4426276.01650455 3101336.04754078 3369016.12042362 1783239.34653345],32.11069075304306,35.01757828125764,-3420.4822990735993,1984.3332792405702
2026-03-22 07:08:45.431996+00:00,4426247.860151454,3101377.202829091,3369026.340599884,1783238.1460518762,5,"E07,E15,E21,E29,E34",649.0150516996977,[4426247.86015145 3101377.20282909 3369026.34059988 1783238.14605188],32.11076619077091,35.01810687957084,-3414.577986584045,25.450883968041794
2026-03-22 07:08:47.431996+00:00,4426202.749735514,3101416.59770035,3369014.4508471214,1783225.3610873334,5,"E07,E15,E21,E29,E34",656.6863635619179,[4426202.74973551 3101416.59770035 3369014.45084712 1783225.36108733],32.11074408818292,35.01872333282102,-3433.0423658844084,30.52978762032227
2026-03-22 07:08:49.431996+00:00,4426184.513255613,3101458.2314807544,3369044.039941456,1783231.9322429646,5,"E07,E15,E21,E29,E34",648.9424207480749,[4426184.51325561 3101458.23148075 3369044.03994146 1783231.93224296],32.110927268660596,35.019195738811106,-3409.727716720663,27.11759287569982
2026-03-22 07:08:51.431996+00:00,4426157.212470384,3101503.3272880544,3369050.0935535585,1783228.0499818784,5,"E07,E15,E21,E29,E34",648.5208160352738,[4426157.21247038 3101503.32728805 3369050.09355356 1783228.04998188],32.11095664982438,35.01975334372958,-3403.528110493906,26.531165304306853
2026-03-22 07:08:55.431996+00:00,4429229.220763793,3103185.464512542,3370851.0111117023,1785732.3176143814,5,"E07,E15,E21,E29,E34",6.7501841311948745,[4429229.22076379 3103185.46451254 3370851.0111117  1785732.31761438],32.10802572517937,35.01567126734661,502.38776266388595,984.5723896700775
2026-03-22 07:09:41.431996+00:00,4428707.602636637,3104247.502380599,3370571.4969325783,1785787.3788119801,5,"E07,E15,E21,E29,E34",3.738241293380635,[4428707.60263664 3104247.5023806  3370571.49693258 1785787.37881198],32.105016922907915,35.02805683745551,508.26486863940954,26.430152627430658
2026-03-22 07:09:57.431996+00:00,4428601.178030753,3104650.2805981026,3370377.866608358,1785858.6548508527,5,"E07,E15,E21,E29,E34",2.425092414991704,[4428601.17803075 3104650.2805981  3370377.86660836 1785858.65485085],32.102847547361975,35.03219802588145,527.382854340598,28.712556574476395
2026-03-22 07:09:59.431996+00:00,4428577.432791316,3104689.8388161375,3370344.5387429534,1785860.2341728932,5,"E07,E15,E21,E29,E34",4.711491553707044,[4428577.43279132 3104689.83881614 3370344.53874295 1785860.23417289],32.102577325788566,35.03268557182464,512.4367044651881,28.458020057726902
2026-03-22 07:10:01.431996+00:00,4428559.532595805,3104733.909893855,3370318.0635469523,1785868.339189749,5,"E07,E15,E21,E29,E34",3.8975492866443027,[4428559.5325958  3104733.90989385 3370318.06354695 1785868.33918975],32.10232409610834,35.03317671764435,507.3815225791186,27.219537531940787
2026-03-22 07:10:03.431996+00:00,4428547.4856138015,3104781.588315096,3370294.334287909,1785879.9174451795,5,"E07,E15,E21,E29,E34",3.214974625826144,[4428547.4856138  3104781.5883151  3370294.33428791 1785879.91744518],32.10205894873679,35.03366355693873,509.6001803521067,27.301279100977496
2026-03-22 07:10:05.431997+00:00,4428542.928471691,3104843.9414643557,3370277.5873861923,1785895.9441154476,5,"E07,E15,E21,E29,E34",4.801198559588163,[4428542.92847169 3104843.94146436 3370277.58738619 1785895.94411545],32.10177737765659,35.0342321351954,527.8612194024026,32.36177256716129
2026-03-22 07:10:07.431997+00:00,4428525.896720664,3104880.5095539093,3370250.9766889475,1785906.8220144617,5,"E07,E15,E21,E29,E34",3.9440923221765773,[4428525.89672066 3104880.50955391 3370250.97668895 1785906.82201446],32.10154033971655,35.03465290944624,519.6891372464597,24.16316889664341
2026-03-22 07:10:09.431997+00:00,4428500.647516543,3104911.089622622,3370221.4677926605,1785910.6174326749,5,"E07,E15,E21,E29,E34",2.920147489696047,[4428500.64751654 3104911.08962262 3370221.46779266 1785910.61743267],32.10132987682562,35.03507171707263,501.36549885291606,24.715571363368515
2026-03-22 07:10:11.431997+00:00,4428501.111296446,3104974.015702623,3370209.916201717,1785931.820853232,5,"E07,E15,E21,E29,E34",4.393781901448052,[4428501.11129645 3104974.01570262 3370209.91620172 1785931.82085323],32.10106671017642,35.035614717508274,526.150107932277,31.98963070049934
2026-03-22 07:10:27.431997+00:00,4428336.181343967,3105326.581771083,3370125.3751077587,1786026.7877977116,5,"E07,E15,E21,E29,E34",2.1878275664392097,[4428336.18134397 3105326.58177108 3370125.37510776 1786026.78779771],32.10009808431345,35.03967584319854,538.2969552641734,24.89445834589808
2026-03-22 07:10:29.431997+00:00,4428321.461000208,3105367.1995874676,3370123.6668367363,1786043.1026368719,5,"E07,E15,E21,E29,E34",3.787066074920959,[4428321.46100021 3105367.19958747 3370123.66683674 1786043.10263687],32.1000310401575,35.04011766821678,546.9347706278786,21.61835862245128
2026-03-22 07:10:31.431997+00:00,4428281.141489243,3105402.2172906343,3370121.2639956153,1786046.4555848583,5,"E07,E15,E21,E29,E34",2.671637421139201,[4428281.14148924 3105402.21729063 3370121.26399562 1786046.45558486],32.10007452801275,35.040666621011454,534.7249941816553,26.72861830021414
2026-03-22 07:10:33.431996+00:00,4428246.630890078,3105437.9018793935,3370132.722046617,1786054.996195228,5,"E07,E15,E21,E29,E34",3.444732220653977,[4428246.63089008 3105437.90187939 3370132.72204662 1786054.99619523],32.10019926898098,35.04118602847324,534.2345895124599,25.473814290723563
2026-03-22 07:10:35.431996+00:00,4428234.3277031,3105486.775947434,3370145.953951548,1786078.7681712976,5,"E07,E15,E21,E29,E34",5.141895951045842,[4428234.3277031  3105486.77594743 3370145.95395155 1786078.7681713 ],32.10021414469954,35.04168475692845,556.5047894157469,26.053436648257172
2026-03-22 07:10:37.431996+00:00,4428199.823597776,3105521.4201295096,3370156.114686826,1786088.9817173474,5,"E07,E15,E21,E29,E34",4.4205260199909,[4428199.82359778 3105521.42012951 3370156.11468683 1786088.98171735],32.10033180832153,35.042195101782724,554.8242101529613,24.969947823784498
2026-03-22 07:10:39.431996+00:00,4428173.993429766,3105558.042997983,3370173.5063015963,1786103.8637748982,5,"E07,E15,E21,E29,E34",6.032969045819966,[4428173.99342977 3105558.04299798 3370173.5063016  1786103.8637749 ],32.100465230764286,35.042669849459266,563.964850476943,24.03591239656178
2026-03-22 07:10:47.431996+00:00,4428038.072826352,3105684.662144029,3370239.3372126105,1786141.376562081,5,"E07,E15,E21,E29,E34",3.2724178130342105,[4428038.07282635 3105684.66214403 3370239.33721261 1786141.37656208],32.10115293881878,35.04459479158546,566.2702155476436,24.635000324387107
2026-03-22 07:10:51.431996+00:00,4427944.75079894,3105736.917471593,3370253.9825923266,1786136.0347443519,5,"E07,E15,E21,E29,E34",849.1259049241257,[4427944.75079894 3105736.91747159 3370253.98259233 1786136.03474435],32.10148713961934,35.04561567892897,534.7499803965911,26.988547578269436
2026-03-22 07:10:53.431996+00:00,4427935.561426782,3105782.6746830232,3370292.2762238574,1786164.7381838881,5,"E07,E15,E21,E29,E34",3.655383323362842,[4427935.56142678 3105782.67468302 3370292.27622386 1786164.73818389],32.10168979028908,35.046068425728635,570.9849860593677,30.18513365203
2026-03-22 07:10:55.431996+00:00,4427908.417511827,3105822.6936471947,3370313.2094189334,1786178.0288340403,5,"E07,E15,E21,E29,E34",5.463784143141761,[4427908.41751183 3105822.69364719 3370313.20941893 1786178.02883404],32.10184605716751,35.04658062475906,582.7515377206728,26.346291335358725
2026-03-22 07:10:57.431996+00:00,4427859.92682092,3105852.426862747,3370325.4383757845,1786176.4319381113,5,"E07,E15,E21,E29,E34",4.084846640852961,[4427859.92682092 3105852.42686275 3370325.43837578 1786176.43193811],32.102047884422966,35.04713347796209,570.0852040732279,29.09019851010812
2026-03-22 07:10:59.431996+00:00,4427828.662013549,3105894.781539044,3370334.593355985,1786186.7892316063,5,"E07,E15,E21,E29,E34",2.4829883851911805,[4427828.66201355 3105894.78153904 3370334.59335598 1786186.78923161],32.1021239173985,35.04769100507313,573.871698340401,26.717131426299783
2026-03-22 07:11:01.431996+00:00,4427803.606165825,3105947.456086443,3370338.6707490906,1786201.9232354735,5,"E07,E15,E21,E29,E34",1.3671225224001389,[4427803.60616583 3105947.45608644 3370338.67074909 1786201.92323547],32.10210840501443,35.04830026042454,584.2863670056686,29.236230021102354
2026-03-22 07:11:11.431997+00:00,4427660.708859669,3106171.8015412353,3370344.963351218,1786226.609662078,5,"E07,E15,E21,E29,E34",21.350055049273628,[4427660.70885967 3106171.80154124 3370344.96335122 1786226.60966208],32.10209966084913,35.05111523697207,597.6729976441711,26.60641010664579
2026-03-22 07:11:13.431997+00:00,4427630.498177419,3106213.376995506,3370332.3654005527,1786225.6949820241,5,"E07,E15,E21,E29,E34",3.490443840428308,[4427630.49817742 3106213.37699551 3370332.36540055 1786225.69498202],32.102007525350665,35.05165959199275,590.2543555358425,26.457097728148725
2026-03-22 07:11:17.431997+00:00,4427586.911491408,3106312.991231061,3370314.9360328536,1786234.2334547795,5,"E07,E15,E21,E29,E34",3.622731888840222,[4427586.91149141 3106312.99123106 3370314.93603285 1786234.23345478],32.10177122205302,35.05278864899098,599.2295853057876,27.530185684333336
2026-03-22 07:11:19.431997+00:00,4427562.7639393285,3106358.6341181546,3370304.2956958343,1786237.0166309236,5,"E07,E15,E21,E29,E34",3.950018123491855,[4427562.76393933 3106358.63411815 3370304.29569583 1786237.01663092],32.10165905355551,35.0533313854442,599.0360227422789,26.360928405285506
2026-03-22 07:11:21.431997+00:00,4427546.157082768,3106408.3197864913,3370298.3128312775,1786244.5526171022,5,"E07,E15,E21,E29,E34",3.5216402678252683,[4427546.15708277 3106408.31978649 3370298.31283128 1786244.5526171 ],32.10154175218644,35.05386329937476,608.5140396989882,26.364028481933605
2026-03-22 07:11:39.431996+00:00,4427301.56697035,3106839.9639992034,3370186.3142323317,1786234.3567443104,5,"E07,E15,E21,E29,E34",5.435737408941024,[4427301.56697035 3106839.9639992  3370186.31423233 1786234.35674431],32.10045761436526,35.059094609060686,589.4133068295196,28.256145642515047
2026-03-22 07:11:41.431996+00:00,4427278.236103277,3106884.0870944047,3370171.115729205,1786234.0278619984,5,"E07,E15,E21,E29,E34",1.1265476644057315,[4427278.23610328 3106884.0870944  3370171.1157292  1786234.027862  ],32.10031158028425,35.0596191829473,586.6293361084536,26.087216150079154
2026-03-22 07:11:43.431996+00:00,4427231.086571912,3106911.5790612646,3370151.19519422,1786223.227580497,5,"E07,E15,E21,E29,E34",2.951981600210263,[4427231.08657191 3106911.57906126 3370151.19519422 1786223.2275805 ],32.100268676392886,35.06014448546593,556.7274286439642,29.050448635899095
2026-03-22 07:11:45.431996+00:00,4427216.100868879,3106978.901568426,3370147.335371115,1786228.533740042,5,"E07,E15,E21,E29,E34",3.1912830448016742,[4427216.10086888 3106978.90156843 3370147.33537111 1786228.53374004],32.10011265905204,35.060819442073964,577.045628326945,34.5390702693245
2026-03-22 07:11:47.431996+00:00,4427194.571819526,3107039.769335971,3370139.805685052,1786225.7086919819,5,"E07,E15,E21,E29,E34",4.424922249258109,[4427194.57181953 3107039.76933597 3370139.80568505 1786225.70869198],32.09997203807661,35.06147824177115,587.7361017465591,32.5003125530905
2026-03-22 07:11:49.431996+00:00,4427163.934301079,3107085.478717347,3370126.151562573,1786219.7444330722,5,"E07,E15,E21,E29,E34",2.7741397457588333,[4427163.93430108 3107085.47871735 3370126.15156257 1786219.74443307],32.099862082373356,35.06206102922314,581.4802378518507,28.34801643427762
2026-03-22 07:11:51.431996+00:00,4427130.156526973,3107132.008715172,3370109.337641452,1786208.1788195025,5,"E07,E15,E21,E29,E34",2.799079931672077,[4427130.15652697 3107132.00871517 3370109.33764145 1786208.1788195 ],32.099738044520315,35.062670042104834,571.7676954576746,29.952824009729348
2026-03-22 07:11:53.431996+00:00,4427109.939370136,3107189.227051848,3370099.265854491,1786206.0711976732,5,"E07,E15,E21,E29,E34",3.950408583468961,[4427109.93937014 3107189.22705185 3370099.26585449 1786206.07119767],32.099582896561756,35.063289206571405,580.2427448155358,30.75756969896802
2026-03-22 07:11:55.431996+00:00,4427094.405041142,3107247.2772997716,3370092.0711365337,1786205.0401821497,5,"E07,E15,E21,E29,E34",3.8720514258715375,[4427094.40504114 3107247.27729977 3370092.07113653 1786205.04018215],32.0994290668956,35.06388708222004,593.8990810727701,30.260992332271627
2026-03-22 07:12:05.431997+00:00,4426982.462720751,3107491.183142908,3370040.28360124,1786171.8555074849,5,"E07,E15,E21,E29,E34",3.5744360828905664,[4426982.46272075 3107491.18314291 3370040.28360124 1786171.85550748],32.09880107353616,35.066683138425994,607.4671436948702,27.331863690921242
2026-03-22 07:12:07.431997+00:00,4426968.1909225965,3107538.4920564555,3370034.8519650437,1786171.2558279429,5,"E07,E15,E21,E29,E34",5.014095762057254,[4426968.1909226  3107538.49205646 3370034.85196504 1786171.25582794],32.09868531660724,35.067180179671915,617.7108821673319,24.856187335219396
2026-03-22 07:12:09.431997+00:00,4426943.864002185,3107587.035227425,3370023.1351478943,1786159.9851099593,5,"E07,E15,E21,E29,E34",4.621567959295511,[4426943.86400218 3107587.03522742 3370023.13514789 1786159.98510996],32.09855758274455,35.067749116768965,618.2441243370995,27.773738983948167
2026-03-22 07:12:11.431997+00:00,4426919.00664213,3107627.863302416,3370009.0504368786,1786147.7724081357,5,"E07,E15,E21,E29,E34",3.83200035871405,[4426919.00664213 3107627.86330242 3370009.05043688 1786147.77240814],32.098435078190704,35.068254389911445,613.3967028940096,24.91585409321006
2026-03-22 07:12:13.431997+00:00,4426900.529370823,3107670.797938158,3369995.3617513156,1786139.0246571582,5,"E07,E15,E21,E29,E34",5.166376008042475,[4426900.52937082 3107670.79793816 3369995.36175132 1786139.02465716],32.09828477666004,35.068739095002435,614.2090728851035,24.35247735688179
2026-03-22 07:12:15.431997+00:00,4426881.19543794,3107718.2320902087,3369985.746798852,1786129.9572488498,5,"E07,E15,E21,E29,E34",3.8858098499909373,[4426881.19543794 3107718.23209021 3369985.74679885 1786129.95724885],32.09815656405118,35.06926802306345,618.7825968721882,26.058813539723815
2026-03-22 07:12:17.431997+00:00,4426860.777238644,3107758.2460813355,3369971.072855107,1786118.3274069475,5,"E07,E15,E21,E29,E34",4.21573979051196,[4426860.77723864 3107758.24608134 3369971.07285511 1786118.32740695],32.098014384750506,35.06973921618136,616.3048589499667,23.62915028847385
2026-03-22 07:12:19.431997+00:00,4426843.557670969,3107800.8434419143,3369964.3319224706,1786108.650960875,5,"E07,E15,E21,E29,E34",1.9025300042644653,[4426843.55767097 3107800.84344191 3369964.33192247 1786108.65096087],32.09791314677417,35.07021333702634,621.518014498055,23.219005211306346
2026-03-22 07:12:21.431997+00:00,4426827.481779406,3107845.0475225057,3369954.7977677896,1786098.2656177015,5,"E07,E15,E21,E29,E34",0.4880149222942896,[4426827.48177941 3107845.04752251 3369954.79776779 1786098.2656177 ],32.09778166185892,35.07069442485581,626.8223166549578,23.996536916571117
2026-03-22 07:12:33.431996+00:00,4426729.740600379,3108099.4447780065,3369903.204977992,1786029.1378278127,5,"E07,E15,E21,E29,E34",6.065614328299057,[4426729.74060038 3108099.44477801 3369903.20497799 1786029.13782781],32.097070440611084,35.07349486776141,655.475517901592,23.114018483429714
2026-03-22 07:12:43.431996+00:00,4426625.592139102,3108322.492420524,3369823.5330624823,1785935.743001954,5,"E07,E15,E21,E29,E34",1.3657655359340388,[4426625.5921391  3108322.49242052 3369823.53306248 1785935.74300195],32.096256109072016,35.076062475449525,649.5168170137331,25.873686814993725
2026-03-22 07:12:45.431996+00:00,4426606.322384679,3108365.1121887895,3369808.797271887,1785916.2832978794,5,"E07,E15,E21,E29,E34",2.418498904469272,[4426606.32238468 3108365.11218879 3369808.79727189 1785916.28329788],32.09610175425578,35.07654924705516,649.0760148335248,24.51994905686169
2026-03-22 07:12:47.431996+00:00,4426593.080946029,3108415.630847966,3369800.417087269,1785903.467458208,5,"E07,E15,E21,E29,E34",1.9875903563847135,[4426593.08094603 3108415.63084797 3369800.41708727 1785903.46745821],32.095950562234805,35.07706779484893,660.0375139880925,26.446635498260783
2026-03-22 07:12:49.431996+00:00,4426566.257621432,3108453.297149401,3369785.322009812,1785878.883058408,5,"E07,E15,E21,E29,E34",3.4771812506521256,[4426566.25762143 3108453.2971494  3369785.32200981 1785878.88305841],32.09583671518397,35.077557603883236,651.7581339953467,24.321299151702704
2026-03-22 07:12:51.431996+00:00,4426553.940516484,3108500.4360013013,3369774.022870802,1785865.6955022763,5,"E07,E15,E21,E29,E34",2.5404601254524906,[4426553.94051648 3108500.4360013  3369774.0228708  1785865.69550228],32.09566890353148,35.07804122097109,660.1648486070335,25.00726382038028
2026-03-22 07:12:55.431996+00:00,4426506.007913085,3108582.382099127,3369748.1522463113,1785820.5052680594,5,"E07,E15,E21,E29,E34",2.164543129224004,[4426506.00791308 3108582.38209913 3369748.15224631 1785820.50526806],32.09543358199042,35.07904338086841,653.0843828748912,24.599271621602703
2026-03-22 07:12:57.431996+00:00,4426485.846293972,3108624.5985880946,3369733.8768253527,1785799.6262284978,5,"E07,E15,E21,E29,E34",1.822707566319691,[4426485.84629397 3108624.59858809 3369733.87682535 1785799.6262285 ],32.09528733974364,35.07953207662353,652.0757980132475,24.456647713621866
2026-03-22 07:12:59.431996+00:00,4426470.500650127,3108674.123586407,3369723.644758374,1785782.7365444729,5,"E07,E15,E21,E29,E34",2.733465100446376,[4426470.50065013 3108674.12358641 3369723.64475837 1785782.73654447],32.09513297652427,35.08005480599456,660.1131409779191,26.423992116520704
2026-03-22 07:13:01.431996+00:00,4426445.739649101,3108720.2765429,3369708.748362071,1785757.6173821874,5,"E07,E15,E21,E29,E34",1.9458426142183458,[4426445.7396491  3108720.2765429  3369708.74836207 1785757.61738219],32.09498918046944,35.08060562155813,657.5033836569637,27.22638971523758
2026-03-22 07:13:03.431996+00:00,4426425.027080521,3108765.8030771986,3369696.1515756133,1785735.0395295324,5,"E07,E15,E21,E29,E34",2.1582583890785703,[4426425.02708052 3108765.8030772  3369696.15157561 1785735.03952953],32.094848801058795,35.08112635913722,658.617584483698,25.78931392783062
2026-03-22 07:13:05.431997+00:00,4426416.4005023865,3108820.125434272,3369688.585304305,1785720.245519865,5,"E07,E15,E21,E29,E34",3.35415554689749,[4426416.40050239 3108820.12543427 3369688.5853043  1785720.24551987],32.094675243294745,35.081649759810745,675.0665935873985,27.760501198880483
2026-03-22 07:13:07.431997+00:00,4426387.764142954,3108857.1477217255,3369667.702863601,1785693.3842835848,5,"E07,E15,E21,E29,E34",2.8522245195815428,[4426387.76414295 3108857.14772173 3369667.7028636  1785693.38428358],32.094526048594666,35.082145016598474,662.1452041305602,25.625998417640627
2026-03-22 07:13:19.431997+00:00,4426274.66547951,3109158.2986116544,3369598.747083438,1785550.050710684,5,"E07,E15,E21,E29,E34",3.006824474716822,[4426274.66547951 3109158.29861165 3369598.74708344 1785550.05071068],32.09361341393468,35.085443957099656,693.7429416729137,27.416295057715956
2026-03-22 07:13:21.431997+00:00,4426253.924208322,3109205.837119368,3369586.2345048813,1785524.7162546376,5,"E07,E15,E21,E29,E34",2.3763206569319344,[4426253.92420832 3109205.83711937 3369586.23450488 1785524.71625464],32.09346823092486,35.08598228950935,695.8656352041289,26.67711879250395
2026-03-22 07:13:23.431997+00:00,4426236.4156518625,3109253.940465186,3369576.403217666,1785499.2069861812,5,"E07,E15,E21,E29,E34",3.7733102702943793,[4426236.41565186 3109253.94046519 3369576.40321767 1785499.20698618],32.09332930004016,35.086505832849994,701.9294444192201,26.06307558822232
2026-03-22 07:13:25.431997+00:00,4426209.190936904,3109299.806676577,3369559.3221232733,1785468.1161677958,5,"E07,E15,E21,E29,E34",1.702661374723222,[4426209.1909369  3109299.80667658 3369559.32212327 1785468.1161678 ],32.093179234732375,35.08706914196094,696.3168540224433,28.002938406385187
2026-03-22 07:13:27.431997+00:00,4426188.509259439,3109347.9479281665,3369544.6451598783,1785441.0809195682,5,"E07,E15,E21,E29,E34",1.0718441267003993,[4426188.50925944 3109347.94792817 3369544.64515988 1785441.08091957],32.09301561746591,35.087612329883854,697.6258035749197,27.206272906693595
2026-03-22 07:13:31.431997+00:00,4426151.996848313,3109444.629705952,3369527.7154688546,1785388.2645350103,5,"E07,E15,E21,E29,E34",0.4620949333827854,[4426151.99684831 3109444.62970595 3369527.71546885 1785388.26453501],32.09276317147607,35.08867262292955,710.4032163787633,26.181024569519966
2026-03-22 07:13:33.431996+00:00,4426117.03832317,3109484.5720391064,3369504.4969110237,1785346.8848737404,5,"E07,E15,E21,E29,E34",3.5172765118413785,[4426117.03832317 3109484.57203911 3369504.49691102 1785346.88487374],32.09261284156025,35.08923167373195,693.2855121390894,28.968056727919883
2026-03-22 07:13:35.431996+00:00,4426102.547842284,3109542.7233885494,3369501.2284906385,1785324.14484631,5,"E07,E15,E21,E29,E34",0.8645460773254737,[4426102.54784228 3109542.72338855 3369501.22849064 1785324.14484631],32.09248453047264,35.08982391458341,709.8244138304144,30.00931542938153
2026-03-22 07:13:37.431996+00:00,4423151.3935085265,3108121.398869427,3367926.0212459946,1782991.7135319668,5,"E07,E15,E21,E29,E34",601.2415234152626,[4423151.39350853 3108121.39886943 3367926.02124599 1782991.71353197],32.095935724247134,35.09547824663842,-2865.025804374367,1817.3299888773395
2026-03-22 07:13:39.431996+00:00,4428000.880060256,3112179.8150226423,3370845.250679886,1786431.3412103453,5,"E07,E15,E21,E29,E34",158.3272226712234,[4428000.88006026 3112179.81502264 3370845.25067989 1786431.34121035],32.088049748770146,35.10111445753268,4024.2562396842986,3482.4618438608422
2026-03-22 07:13:41.431996+00:00,4426000.842842617,3109658.3852684973,3369461.959734725,1785215.714086628,5,"E07,E15,E21,E29,E34",1.0061777892008494,[4426000.84284262 3109658.3852685  3369461.95973472 1785215.71408663],32.09226468972917,35.091445663481394,674.7890025591478,1751.5172505570054
2026-03-22 07:13:45.431996+00:00,4425957.762718959,3109777.7892689155,3369466.138065473,1785170.9128069747,5,"E07,E15,E21,E29,E34",1.277859507222915,[4425957.76271896 3109777.78926892 3369466.13806547 1785170.91280697],32.09213662564139,35.092742856454464,705.300964448601,31.7516444634568
2026-03-22 07:13:47.431996+00:00,4425921.954117514,3109817.2357786302,3369452.5693936488,1785137.3265316451,5,"E07,E15,E21,E29,E34",0.6657158152591077,[4425921.95411751 3109817.23577863 3369452.56939365 1785137.32653165],32.09206469145745,35.09330278756314,692.4826562125236,27.488142539866512
2026-03-22 07:13:51.431996+00:00,4425855.900738182,3109915.6506905877,3369450.551553112,1785088.6520161717,5,"E07,E15,E21,E29,E34",1.164692252728584,[4425855.90073818 3109915.65069059 3369450.55155311 1785088.65201617],32.092037132570006,35.09455796042593,693.5582435075194,29.63593205182744
2026-03-22 07:13:53.431996+00:00,4425820.045356932,3109956.061042306,3369446.97727218,1785064.6278380314,5,"E07,E15,E21,E29,E34",4.346909162475528,[4425820.04535693 3109956.06104231 3369446.97727218 1785064.62783803],32.09203906839012,35.095126532249324,686.4882357986644,27.07111179247351
2026-03-22 07:13:57.431996+00:00,4425756.430044318,3110057.795151331,3369456.7697784198,1785031.828537498,5,"E07,E15,E21,E29,E34",4.879987229311649,[4425756.43004432 3110057.79515133 3369456.76977842 1785031.8285375 ],32.09208301490116,35.09639562268763,697.1483870027587,30.09633503082461
2026-03-22 07:13:59.431996+00:00,4425721.119069841,3110100.4797940752,3369455.947520956,1785010.461596692,5,"E07,E15,E21,E29,E34",0.8146726192643673,[4425721.11906984 3110100.47979408 3369455.94752096 1785010.46159669],32.092097567679154,35.09698059085159,693.0271164150909,27.701623382242868
2026-03-22 07:14:01.431996+00:00,4425682.471571683,3110145.970587473,3369455.357355692,1784994.716632173,5,"E07,E15,E21,E29,E34",0.5531630285707757,[4425682.47157168 3110145.97058747 3369455.35735569 1784994.71663217],32.0921192390418,35.09761019908082,688.0838201204315,29.847067246398602
2026-03-22 07:14:05.431997+00:00,4425615.129676032,3110240.562844389,3369465.493293624,1784965.0596123962,5,"E07,E15,E21,E29,E34",2.6438234910465126,[4425615.12967603 3110240.56284439 3369465.49329362 1784965.0596124 ],32.092200063064276,35.09884009139537,692.8687957739457,29.139059292753362
2026-03-22 07:14:07.431997+00:00,4425569.135509073,3110282.81315299,3369461.312943797,1784947.2743944116,5,"E07,E15,E21,E29,E34",5.125132627028563,[4425569.13550907 3110282.81315299 3369461.3129438  1784947.27439441],32.092232020423204,35.099486364905125,679.348938764073,31.297073728186117
2026-03-22 07:14:09.431997+00:00,4425539.594614421,3110338.191887197,3369465.9022586755,1784942.0781779478,5,"E07,E15,E21,E29,E34",2.2909731616883233,[4425539.59461442 3110338.1918872  3369465.90225868 1784942.07817795],32.09223031596249,35.10014620234686,688.2885239059106,31.466372806054096
2026-03-22 07:14:19.431997+00:00,4424385.020250973,3111644.88765966,3369291.212320486,1783773.4773874136,5,"E07,E15,E21,E29,E34",427.7687335565869,[4424385.02025097 3111644.88765966 3369291.21232049 1783773.47738741],32.09182027935492,35.11850280661215,431.9908945951611,175.2430420019012
2026-03-22 07:14:21.431997+00:00,4425321.247481674,3110611.8076367793,3369472.926534121,1784874.4358196985,5,"E07,E15,E21,E29,E34",2.1528053035270975,[4425321.24748167 3110611.80763678 3369472.92653412 1784874.4358197 ],32.09238600722866,35.10384725075319,673.9769141627476,702.9928549810754
2026-03-22 07:14:23.431997+00:00,4422372.154174565,3109186.9460093924,3367932.8888080674,1782572.5045409612,5,"E07,E15,E21,E29,E34",590.2006043940081,[4422372.15417457 3109186.94600939 3367932.88880807 1782572.50454096],32.09610701631989,35.10946676073688,-2882.371325767599,1809.6338157829393
2026-03-22 07:14:25.431997+00:00,4425257.589097038,3110707.722823845,3369473.16581059,1784842.053481324,5,"E07,E15,E21,E29,E34",4.1023711511627665,[4425257.58909704 3110707.72282385 3369473.16581059 1784842.05348132],32.09237308658169,35.10506617636672,676.7122038649395,1803.5347276738264
2026-03-22 07:14:27.431997+00:00,4425212.803468432,3110745.565101219,3369467.459067647,1784812.4470335753,5,"E07,E15,E21,E29,E34",3.230089334013425,[4425212.80346843 3110745.56510122 3369467.45906765 1784812.44703358],32.09240075997326,35.10566690848539,661.0770068792626,29.454869722368333
2026-03-22 07:14:29.431997+00:00,4425179.371470729,3110782.362616049,3369482.281346724,1784793.5348934995,5,"E07,E15,E21,E29,E34",1.5822969147568922,[4425179.37147073 3110782.36261605 3369482.28134672 1784793.5348935 ],32.092543638160784,35.10618942886242,663.7090396080166,25.939619914134315
2026-03-22 07:14:31.431997+00:00,4425135.083231002,3110819.4835377783,3369484.4910327373,1784763.6337391634,5,"E07,E15,E21,E29,E34",1.9902674912383727,[4425135.083231   3110819.48353778 3369484.49103274 1784763.63373916],32.092631820317045,35.106780885624765,652.2739729518071,28.914934378260465
2026-03-22 07:14:33.431996+00:00,4422204.626296075,3109403.727141893,3367966.3314321795,1782477.0362727905,5,"E07,E15,E21,E29,E34",591.9267480951573,[4422204.62629608 3109403.72714189 3367966.33143218 1782477.03627279],32.096421878559276,35.11236751546116,-2875.07304443419,1795.6033449428567
2026-03-22 07:14:35.431996+00:00,4425073.537532447,3110910.3459213306,3369507.3267091187,1784727.957224071,5,"E07,E15,E21,E29,E34",0.05241020270895894,[4425073.53753245 3110910.34592133 3369507.32670912 1784727.95722407],32.09279713197391,35.10794316278902,666.0218231705949,1794.1027194870567
2026-03-22 07:14:39.431996+00:00,4424996.756430789,3110985.2552898237,3369532.25363363,1784674.7255828478,5,"E07,E15,E21,E29,E34",0.39035726337550347,[4424996.75643079 3110985.25528982 3369532.25363363 1784674.72558285],32.09308207284066,35.10906001810243,662.55075989943,27.531916280757354
2026-03-22 07:14:41.431996+00:00,4424958.511150202,3111022.073044141,3369549.848768081,1784647.5400855993,5,"E07,E15,E21,E29,E34",0.5400382061090143,[4424958.5111502  3111022.07304414 3369549.84876808 1784647.5400856 ],32.093264927096065,35.109612044707205,663.3327239947394,27.963535526155635
2026-03-22 07:14:43.431996+00:00,4422032.063679124,3109603.645661447,3368052.2217145124,1782359.4792910547,5,"E07,E15,E21,E29,E34",588.021538022388,[4422032.06367912 3109603.64566145 3368052.22171451 1782359.47929105],32.09720377953941,35.1151527844943,-2851.6006209347397,1790.175817659531
2026-03-22 07:14:45.431996+00:00,4424900.605081677,3111105.4484907268,3369590.8368535577,1784602.690951586,5,"E07,E15,E21,E29,E34",1.5878930366920738,[4424900.60508168 3111105.44849073 3369590.83685356 1784602.69095159],32.0935752457805,35.11068727849886,685.6040509184822,1792.4339640760395
2026-03-22 07:14:47.431996+00:00,4424855.450338938,3111129.6937448657,3369611.9474396748,1784566.8236189766,5,"E07,E15,E21,E29,E34",3.0860925985170407,[4424855.45033894 3111129.69374487 3369611.94743967 1784566.82361898],32.093846669844964,35.11117246346235,677.3406232800335,27.714797429832046
2026-03-22 07:14:49.431996+00:00,4424818.60259197,3111165.629991566,3369625.7131208265,1784541.888858283,5,"E07,E15,E21,E29,E34",0.8631595575525751,[4424818.60259197 3111165.62999157 3369625.71312083 1784541.88885828],32.09399721280772,35.11170834460467,676.6288401344791,26.639558278533485
2026-03-22 07:14:51.431996+00:00,4424787.534055752,3111195.4439771823,3369658.97197307,1784519.2793565071,5,"E07,E15,E21,E29,E34",3.5611212577659215,[4424787.53405575 3111195.44397718 3369658.97197307 1784519.27935651],32.09429088465751,35.11215596820374,687.2963025216013,27.204222712806455
2026-03-22 07:14:53.431996+00:00,4424742.740514301,3111224.0119592864,3369679.3096907367,1784489.1941217901,5,"E07,E15,E21,E29,E34",1.182780536342681,[4424742.7405143  3111224.01195929 3369679.30969074 1784489.19412179],32.094543072273964,35.112676418535884,680.9803077001125,28.443864527856974
2026-03-22 07:14:55.431996+00:00,4424700.298842274,3111250.6749606784,3369703.9470322775,1784462.7029326719,5,"E07,E15,E21,E29,E34",3.009566855482829,[4424700.29884227 3111250.67496068 3369703.94703228 1784462.70293267],32.09482413558455,35.11316603685464,677.6508715953678,27.924942998533066
2026-03-22 07:14:57.431996+00:00,4424667.461801297,3111283.947303038,3369727.4796024514,1784442.4753678497,5,"E07,E15,E21,E29,E34",1.8036854542959992,[4424667.4618013  3111283.94730304 3369727.47960245 1784442.47536785],32.0950409022824,35.1136544081058,683.6115519898012,26.168214904681626
2026-03-22 07:14:59.431996+00:00,4424641.187160989,3111319.461956611,3369756.746735633,1784430.0033127326,5,"E07,E15,E21,E29,E34",2.3556960273738916,[4424641.18716099 3111319.46195661 3369756.74673563 1784430.00331273],32.095269574642295,35.11412222570565,698.2599290832877,26.49628476956641
2026-03-22 07:15:01.431996+00:00,4424585.039299824,3111342.078377008,3369774.8752613054,1784397.1875204144,5,"E07,E15,E21,E29,E34",0.9762685843419316,[4424585.03929982 3111342.07837701 3369774.87526131 1784397.18752041],32.09556577953469,35.11466030122251,680.0034885518253,31.594019323434686
2026-03-22 07:15:05.431997+00:00,4421616.509853506,3109945.5053726877,3368310.537887046,1782101.9008419376,5,"E07,E15,E21,E29,E34",588.1050837749161,[4421616.50985351 3109945.50537269 3368310.53788705 1782101.90084194],32.09986484557556,35.120650223513856,-2835.6912837633863,898.1529909442417
2026-03-22 07:15:07.431997+00:00,4424491.025222962,3111438.310683135,3369855.8329636077,1784360.371709582,5,"E07,E15,E21,E29,E34",2.8098924663621276,[4424491.02522296 3111438.31068313 3369855.83296361 1784360.37170958],32.096287446934504,35.11606697451334,704.7649075891823,1794.3831236514109
2026-03-22 07:15:09.431997+00:00,4424443.608559446,3111462.8127367618,3369878.9838521257,1784336.8566342953,5,"E07,E15,E21,E29,E34",2.2607657681959252,[4424443.60855945 3111462.81273676 3369878.98385213 1784336.8566343 ],32.096582595543595,35.11656820306869,696.1483862064779,29.088890706046865
2026-03-22 07:15:11.431997+00:00,4424405.926363212,3111492.8620888055,3369903.5971631957,1784324.8606694846,5,"E07,E15,E21,E29,E34",2.1272852634152715,[4424405.92636321 3111492.86208881 3369903.5971632  1784324.86066948],32.09683547421355,35.1170581848552,697.758281763643,27.058855080751243
2026-03-22 07:15:15.431997+00:00,4424334.934615016,3111553.5032602237,3369951.167918947,1784302.8199392853,5,"E07,E15,E21,E29,E34",1.2252538049676425,[4424334.93461502 3111553.50326022 3369951.16791895 1784302.81993929],32.09730994448876,35.118016210667946,703.393929769285,26.19656082586407
2026-03-22 07:15:17.431997+00:00,4424297.884423296,3111581.111260774,3369977.3610001975,1784292.7493900717,5,"E07,E15,E21,E29,E34",2.223987594057763,[4424297.8844233  3111581.11126077 3369977.3610002  1784292.74939007],32.09757913673613,35.11848119488672,705.0927808582783,26.556524180852
2026-03-22 07:15:19.431997+00:00,4424256.23597169,3111609.1446943935,3370000.7952499464,1784281.349863518,5,"E07,E15,E21,E29,E34",2.0821365226511808,[4424256.23597169 3111609.14469439 3370000.79524995 1784281.34986352],32.09784410174157,35.11897788876793,702.3471919819713,27.702125292799682
2026-03-22 07:15:21.431997+00:00,4424220.545709081,3111640.5020416733,3370022.2944357754,1784273.6740651312,5,"E07,E15,E21,E29,E34",0.5305315602367173,[4424220.54570908 3111640.50204167 3370022.29443578 1784273.67406513],32.0980617705052,35.11946707729946,704.322298833169,26.073420684885843
2026-03-22 07:15:23.431997+00:00,4421299.214752073,3110216.2643456915,3368549.683795598,1782016.2391780524,5,"E07,E15,E21,E29,E34",581.866135086417,[4421299.21475207 3110216.26434569 3368549.6837956  1782016.23917805],32.102189972229944,35.12493235038569,-2796.49068763759,1784.0410360043784
2026-03-22 07:15:25.431997+00:00,4421263.800668153,3110243.731283016,3368575.2856750013,1782009.5718368378,5,"E07,E15,E21,E29,E34",581.4131682520272,[4421263.80066815 3110243.73128302 3368575.285675   1782009.57183684],32.102448740778435,35.125386432215215,-2794.0341860288754,25.807199649030775
2026-03-22 07:15:27.431997+00:00,4421227.800611107,3110270.4173033456,3368600.2821578523,1782001.527205126,5,"E07,E15,E21,E29,E34",580.3825631851308,[4421227.80061111 3110270.41730335 3368600.28215785 1782001.52720513],32.10270733295191,35.125837320047694,-2792.685596550815,25.65624652637265
2026-03-22 07:15:29.431997+00:00,4424071.987888498,3111745.9315304877,3370118.3659013673,1784237.1268806898,5,"E07,E15,E21,E29,E34",1.5779793390795753,[4424071.9878885  3111745.93153049 3370118.36590137 1784237.12688069],32.09908723269617,35.1212858916542,703.8167420960963,1772.7888872972926
2026-03-22 07:15:31.431997+00:00,4424034.933459618,3111775.3411847055,3370140.460471396,1784225.9844697644,5,"E07,E15,E21,E29,E34",0.03593862163581315,[4424034.93345962 3111775.34118471 3370140.4604714  1784225.98446976],32.09932015550537,35.121766529607974,704.2158676721156,26.106170178657226
2026-03-22 07:15:33.431996+00:00,4423994.345599426,3111804.2687939503,3370157.9513284788,1784211.4873625678,5,"E07,E15,E21,E29,E34",2.436131579400283,[4423994.34559943 3111804.26879395 3370157.95132848 1784211.48736257],32.09953308754813,35.1222645276178,699.4858426563442,26.410764108634645
2026-03-22 07:15:35.431996+00:00,4421086.574720991,3110386.7101443135,3368691.7800229187,1781959.7261309673,5,"E07,E15,E21,E29,E34",581.4602053070967,[4421086.57472099 3110386.71014431 3368691.78002292 1781959.72613097],32.10363959103919,35.12770675186761,-2785.221827388741,1775.828138072704
2026-03-22 07:15:37.431996+00:00,4423932.695031698,3111864.00175325,3370217.198330192,1784192.8519367715,5,"E07,E15,E21,E29,E34",1.1843565444829187,[4423932.6950317  3111864.00175325 3370217.19833019 1784192.85193677],32.10006259924878,35.1231578038207,717.3653035266325,1775.506430079721
2026-03-22 07:15:39.431996+00:00,4423894.021547066,3111889.3731197002,3370240.507476423,1784176.6795069308,5,"E07,E15,E21,E29,E34",2.6522424952322736,[4423894.02154707 3111889.3731197  3370240.50747642 1784176.67950693],32.10032227028439,35.123613329346036,715.3215647470206,25.897205192512136
2026-03-22 07:15:41.431996+00:00,4423865.270917503,3111923.6344097336,3370266.1044532154,1784165.1864225408,5,"E07,E15,E21,E29,E34",3.5888706623280178,[4423865.2709175  3111923.63440973 3370266.10445322 1784165.18642254],32.100536017189555,35.12408540463244,725.7020397521555,25.766450647712904
2026-03-22 07:15:43.431996+00:00,4423827.777899525,3111952.8242380465,3370289.155081219,1784149.682850358,5,"E07,E15,E21,E29,E34",4.269061674338746,[4423827.77789953 3111952.82423805 3370289.15508122 1784149.68285036],32.10077855619937,35.124566823974845,726.2007339494303,26.405983817140758
2026-03-22 07:15:45.431996+00:00,4423770.256962959,3111972.819426806,3370304.949066067,1784118.039916483,5,"E07,E15,E21,E29,E34",1.0934767887914456,[4423770.25696296 3111972.81942681 3370304.94906607 1784118.03991648],32.10106950684488,35.12509065099172,704.4857699116692,31.455983828165454
2026-03-22 07:15:47.431996+00:00,4423729.1985878805,3111999.981308339,3370334.355897647,1784101.0100916806,5,"E07,E15,E21,E29,E34",4.401353995886414,[4423729.19858788 3111999.98130834 3370334.35589765 1784101.01009168],32.10138015881938,35.12557623789927,704.9045300465077,28.67193626195391
2026-03-22 07:15:49.431996+00:00,4423701.472487844,3112027.975366622,3370368.516181688,1784085.6169792914,5,"E07,E15,E21,E29,E34",2.8698953261218776,[4423701.47248784 3112027.97536662 3370368.51618169 1784085.61697929],32.10167257115175,35.12598777600452,717.4926227424294,26.07359261862709
2026-03-22 07:15:51.431996+00:00,4423666.750115457,3112057.8881827313,3370392.178908291,1784069.5721076566,5,"E07,E15,E21,E29,E34",3.1387338953247945,[4423666.75011546 3112057.88818273 3370392.17890829 1784069.57210766],32.101906926385396,35.126458583163824,720.5904001388699,25.78926298879301
2026-03-22 07:15:53.431996+00:00,4423619.340871603,3112078.4236807176,3370413.507783825,1784040.1850153608,5,"E07,E15,E21,E29,E34",1.9302321770824744,[4423619.3408716  3112078.42368072 3370413.50778383 1784040.18501536],32.10219903094864,35.12692547675378,709.0878720413893,27.947558086009945
2026-03-22 07:15:55.431996+00:00,4423587.890262497,3112101.000621611,3370444.9827870904,1784020.9158717575,5,"E07,E15,E21,E29,E34",0.5722949907755827,[4423587.8902625  3112101.00062161 3370444.98278709 1784020.91587176],32.10250045975072,35.12731278792714,715.0293371332809,24.94761964507045
2026-03-22 07:15:57.431996+00:00,4423554.638289582,3112126.974882294,3370470.93483997,1784001.5846081781,5,"E07,E15,E21,E29,E34",0.028857287296233807,[4423554.63828958 3112126.97488229 3370470.93483997 1784001.58460818],32.102757393320005,35.12774051564006,718.4439808456227,24.768250692276105
2026-03-22 07:15:59.431996+00:00,4423520.895741855,3112149.8463181676,3370495.000245604,1783977.1020872393,5,"E07,E15,E21,E29,E34",0.8045655347679009,[4423520.89574185 3112149.84631817 3370495.0002456  1783977.10208724],32.10301039276403,35.12814435264422,719.0040954109281,23.668575445015108
2026-03-22 07:16:01.431996+00:00,4420628.33228966,3110738.6547540776,3369049.861789722,1781729.5347548737,5,"E07,E15,E21,E29,E34",578.5215733882583,[4420628.33228966 3110738.65475408 3369049.86178972 1781729.53475487],32.10720206404808,35.13355266951581,-2740.8137740911916,1764.0018503533138
2026-03-22 07:16:03.431996+00:00,4423443.7696050145,3112193.6034421334,3370543.972534594,1783925.901563333,5,"E07,E15,E21,E29,E34",0.3311146599182138,[4423443.76960501 3112193.60344213 3370543.97253459 1783925.90156333],32.103566076555424,35.12899359757316,712.9253613315523,1751.85115517174
2026-03-22 07:16:05.431997+00:00,4423410.197099143,3112217.910291217,3370573.758078767,1783902.9997106213,5,"E07,E15,E21,E29,E34",1.4568183226935194,[4423410.19709914 3112217.91029122 3370573.75807877 1783902.99971062],32.103858139123965,35.1294088416842,717.3440503301099,25.52014938942102
2026-03-22 07:16:07.431997+00:00,4423381.541352923,3112244.72597896,3370602.425894424,1783879.5499945632,5,"E07,E15,E21,E29,E34",1.2355863811592258,[4423381.54135292 3112244.72597896 3370602.42589442 1783879.54999456],32.10411547397728,35.129815852409145,725.7982912249863,24.300599555739904
2026-03-22 07:16:09.431997+00:00,4420481.767728092,3110834.111125404,3369156.0507321893,1781625.3476376787,5,"E07,E15,E21,E29,E34",577.1427114117048,[4420481.76772809 3110834.1111254  3369156.05073219 1781625.34763768],32.108324903731074,35.135274194545275,-2739.3687512241304,1767.09666191935
2026-03-22 07:16:11.431997+00:00,4423300.716912588,3112296.920039744,3370648.4525361094,1783815.9646049615,5,"E07,E15,E21,E29,E34",0.18410087635580888,[4423300.71691259 3112296.92003974 3370648.45253611 1783815.96460496],32.10463987611909,35.13076076028212,719.7076676385477,1754.5332405647866
2026-03-22 07:16:13.431997+00:00,4423266.540868253,3112323.655705332,3370676.8623564066,1783786.674890474,5,"E07,E15,E21,E29,E34",0.8887531705664414,[4423266.54086825 3112323.65570533 3370676.86235641 1783786.67489047],32.10491709129758,35.131200735441425,724.162644312717,25.932198663559493
2026-03-22 07:16:15.431997+00:00,4423225.065232462,3112355.850871951,3370694.0081350007,1783751.2005049717,5,"E07,E15,E21,E29,E34",0.09624915298179292,[4423225.06523246 3112355.85087195 3370694.008135   1783751.20050497],32.10512182207061,35.13173251285091,720.2358537586406,27.616728813836993
2026-03-22 07:16:17.431997+00:00,4423192.723410054,3112386.8959417213,3370719.241733002,1783721.0555408401,5,"E07,E15,E21,E29,E34",1.0828568485445158,[4423192.72341005 3112386.89594172 3370719.241733   1783721.05554084],32.10535569979302,35.13219864645496,726.3749277638271,25.72219033160514
2026-03-22 07:16:19.431997+00:00,4423157.452897748,3112418.997738049,3370740.8238887326,1783689.9493195694,5,"E07,E15,E21,E29,E34",0.1804343026268926,[4423157.45289775 3112418.99773805 3370740.82388873 1783689.94931957],32.10557024956783,35.132691791217155,729.0599989127368,26.174051137414978
2026-03-22 07:16:21.431997+00:00,4423115.088209604,3112448.918632926,3370761.559046968,1783652.0931246232,5,"E07,E15,E21,E29,E34",0.25057179824689596,[4423115.0882096  3112448.91863293 3370761.55904697 1783652.09312462],32.1058121468691,35.133209292630205,725.317744852975,27.928361654555417
2026-03-22 07:16:23.431997+00:00,4423082.639760024,3112477.8206037018,3370789.1829310413,1783618.3888506247,5,"E07,E15,E21,E29,E34",2.0463454787322877,[4423082.63976002 3112477.8206037  3370789.18293104 1783618.38885062],32.10607060382312,35.13365751457236,731.6099299769849,25.745411077387594
2026-03-22 07:16:25.431997+00:00,4423040.593565058,3112510.770226703,3370806.5699649877,1783583.282349502,5,"E07,E15,E21,E29,E34",0.14984432585390062,[4423040.59356506 3112510.7702267  3370806.56996499 1783583.2823495 ],32.10627732280512,35.134199319921485,727.7861812030897,28.088561357304535
2026-03-22 07:16:27.431997+00:00,4422994.707032104,3112537.821084914,3370823.907918139,1783543.543632613,5,"E07,E15,E21,E29,E34",0.4849499985526875,[4422994.7070321  3112537.82108491 3370823.90791814 1783543.54363261],32.10651498565277,35.134713437130095,718.4009709265083,28.00860339228686
2026-03-22 07:16:29.431997+00:00,4422965.176120335,3112573.4748390825,3370847.1559342807,1783517.6069980979,5,"E07,E15,E21,E29,E34",0.7906166941948193,[4422965.17612034 3112573.47483908 3370847.15593428 1783517.6069981 ],32.10670995706202,35.13520237288693,727.6811460154131,25.90238980646936
2026-03-22 07:16:31.431997+00:00,4422924.638887124,3112604.168839905,3370868.765961812,1783483.9827773066,5,"E07,E15,E21,E29,E34",1.1581068888144583,[4422924.63888712 3112604.1688399  3370868.76596181 1783483.98277731],32.106949232239465,35.135715444909124,726.0490251174197,27.624184389769
2026-03-22 07:16:33.431996+00:00,4422888.862735644,3112634.796173638,3370893.5732469223,1783454.7806503307,5,"E07,E15,E21,E29,E34",1.0039056158348836,[4422888.86273564 3112634.79617364 3370893.57324692 1783454.78065033],32.10719444954105,35.13619891381307,729.3822892569005,26.61470840654186
2026-03-22 07:16:35.431996+00:00,4422850.3361024745,3112662.5825778386,3370915.359943984,1783421.4401846332,5,"E07,E15,E21,E29,E34",0.4099401284488904,[4422850.33610247 3112662.58257784 3370915.35994398 1783421.44018463],32.10743520993264,35.13667454233736,727.8202945878729,26.12970479465408
2026-03-22 07:16:37.431996+00:00,4422820.506180712,3112696.949826156,3370935.5895207613,1783392.486042136,5,"E07,E15,E21,E29,E34",1.7579638800751411,[4422820.50618071 3112696.94982616 3370935.58952076 1783392.48604214],32.10761183819856,35.13715416109029,734.6635145070031,24.90064138650361
2026-03-22 07:16:39.431996+00:00,4422782.968841731,3112727.083270747,3370954.802211521,1783359.290649747,5,"E07,E15,E21,E29,E34",1.7678576772401913,[4422782.96884173 3112727.08327075 3370954.80221152 1783359.29064975],32.107822583613334,35.137644095603356,733.5637163994834,25.914300043535604
2026-03-22 07:16:41.431996+00:00,4422751.73110716,3112754.2844565725,3370973.0007197335,1783327.6135010591,5,"E07,E15,E21,E29,E34",0.4438957444873937,[4422751.73110716 3112754.28445657 3370973.00071973 1783327.61350106],32.10800897937881,35.13807021811251,734.8594143679366,22.621263628124513
2026-03-22 07:16:43.431996+00:00,4422725.065946724,3112782.2795984102,3371000.2429563166,1783301.2947296074,5,"E07,E15,E21,E29,E34",1.8184318418865193,[4422725.06594672 3112782.27959841 3371000.24295632 1783301.29472961],32.10824433648738,35.138475339565495,744.5167705034837,23.64792909351985
2026-03-22 07:16:45.431996+00:00,4422677.124707428,3112801.8578384076,3371006.12542757,1783259.607461729,5,"E07,E15,E21,E29,E34",0.22091125225806874,[4422677.12470743 3112801.85783841 3371006.12542757 1783259.60746173],32.10842315590747,35.13893727430493,723.9803338199854,26.058939803478328
2026-03-22 07:16:47.431996+00:00,4422653.383343588,3112833.2396655604,3371025.1248315014,1783237.6566443618,5,"E07,E15,E21,E29,E34",4.342435105439837,[4422653.38334359 3112833.23966556 3371025.1248315  1783237.65664436],32.108574751347916,35.13935391109761,732.9334314269945,21.84861999177989
2026-03-22 07:16:49.431996+00:00,4419797.268679276,3111440.743878865,3369597.125249171,1781014.8238487046,5,"E07,E15,E21,E29,E34",570.1883421721732,[4419797.26867928 3111440.74387887 3369597.12524917 1781014.8238487 ],32.11270537713327,35.144708776778586,-2683.2840113108978,1741.810717241882
2026-03-22 07:16:51.431996+00:00,4422612.637560124,3112892.245376915,3371055.420878379,1783187.8847932077,5,"E07,E15,E21,E29,E34",1.411799591989019,[4422612.63756012 3112892.24537692 3371055.42087838 1783187.88479321],32.10880306782117,35.140113549273856,749.5805428242311,1743.5441402681047
2026-03-22 07:16:53.431996+00:00,4422597.0875569405,3112928.405120159,3371069.263239251,1783167.8208403932,5,"E07,E15,E21,E29,E34",0.7660126231962804,[4422597.08755694 3112928.40512016 3371069.26323925 1783167.82084039],32.108869985360116,35.140521629509664,763.7965759765357,20.86229005262589
2026-03-22 07:16:57.431996+00:00,4419712.230980124,3111540.320910331,3369637.726488313,1780913.657933015,5,"E07,E15,E21,E29,E34",571.2772664483732,[4419712.23098012 3111540.32091033 3369637.72648831 1780913.65793301],32.11307420481178,35.146090789520215,-2672.045231388882,876.7294591142215
2026-03-22 07:16:59.431996+00:00,4422525.822947101,3112977.2325454406,3371071.5224866006,1783083.225320446,5,"E07,E15,E21,E29,E34",2.3755246211727323,[4422525.8229471  3112977.23254544 3371071.5224866  1783083.22532045],32.109031845810485,35.141379191142406,739.441215611063,1734.703560298756
2026-03-22 07:17:05.431997+00:00,4422534.029310645,3113010.391704743,3371097.8710414856,1783033.0236997332,5,"E07,E15,E21,E29,E34",0.11860923821612697,[4422534.02931064 3113010.39170474 3371097.87104149 1783033.02369973],32.10910944860061,35.14161641149627,775.2973244385794,7.190116620135026
2026-03-22 07:17:07.431997+00:00,4422510.475753877,3112999.6001893207,3371081.7745965538,1782998.3881133383,5,"E07,E15,E21,E29,E34",5.28093423130924,[4422510.47575388 3112999.60018932 3371081.77459655 1782998.38811334],32.109108591687296,35.141666551782315,745.1657229177654,15.250593274831624
2026-03-22 07:17:09.431997+00:00,4419692.794495422,3111586.8207457783,3369655.979139456,1780790.7849066919,5,"E07,E15,E21,E29,E34",566.4177243274864,[4419692.79449542 3111586.82074578 3369655.97913946 1780790.78490669],32.1131615239888,35.14661243871709,-2653.130699221045,1729.751869187075
2026-03-22 07:17:11.431997+00:00,4422505.344453002,3112996.471681228,3371083.501248207,1782958.5273578065,5,"E07,E15,E21,E29,E34",2.575306495907371,[4422505.344453   3112996.47168123 3371083.50124821 1782958.52735781],32.10915052103949,35.14167073961705,741.0039874995127,1727.3804151568272
2026-03-22 07:17:13.431997+00:00,4422501.459168419,3113007.854266964,3371082.5640479266,1782941.5619899961,5,"E07,E15,E21,E29,E34",0.7179521259693108,[4422501.45916842 3113007.85426696 3371082.56404793 1782941.56199   ],32.1091271885132,35.141793040891265,743.3643398666754,6.031936643696643
2026-03-22 07:17:15.431997+00:00,4422490.924776979,3113018.9703033855,3371081.2242118795,1782922.4344692584,5,"E07,E15,E21,E29,E34",0.21953900672367194,[4422490.92477698 3113018.97030339 3371081.22421188 1782922.43446926],32.10912757543893,35.14195357920262,740.7752594770864,7.686592700610948
2026-03-22 07:17:17.431997+00:00,4419666.255063874,3111627.0849849656,3369663.1352942926,1780724.7856913642,5,"E07,E15,E21,E29,E34",573.3599333755134,[4419666.25506387 3111627.08498497 3369663.13529429 1780724.78569136],32.11320911744619,35.14712338289374,-2648.0743721257895,1726.7802339867178
2026-03-22 07:17:19.431997+00:00,4422468.64507134,3113056.7457010564,3371086.6102678697,1782887.9461698395,5,"E07,E15,E21,E29,E34",1.6876191109148266,[4422468.64507134 3113056.74570106 3371086.61026787 1782887.94616984],32.109151817430316,35.14241669344263,746.6240234831348,1726.5283459502834
2026-03-22 07:17:21.431997+00:00,4422446.90717564,3113067.3211839427,3371084.6064248653,1782867.6650993465,5,"E07,E15,E21,E29,E34",5.744469697096407,[4422446.90717564 3113067.32118394 3371084.60642487 1782867.66509935],32.10919253228194,35.14264086945817,735.6585835628211,12.128399879361105
2026-03-22 07:17:23.431997+00:00,4422438.307840796,3113087.191012635,3371096.101783216,1782854.4831077275,5,"E07,E15,E21,E29,E34",3.5698600066740624,[4422438.3078408  3113087.19101263 3371096.10178322 1782854.48310773],32.10925921562246,35.14286544250059,745.5004136562347,12.256650394957456
2026-03-22 07:17:25.431997+00:00,4422415.215473393,3113114.75213181,3371085.3250483316,1782832.3143043227,5,"E07,E15,E21,E29,E34",3.844007955079557,[4422415.21547339 3113114.75213181 3371085.32504833 1782832.31430432],32.10919137215687,35.143245026218345,737.2155906502157,18.76839589065865
2026-03-22 07:17:27.431997+00:00,4422411.092598979,3113152.814265994,3371098.948290423,1782822.1077361966,5,"E07,E15,E21,E29,E34",3.6272496829065237,[4422411.09259898 3113152.81426599 3371098.94829042 1782822.1077362 ],32.109206572050894,35.14359989890181,760.1593403574079,20.318199213682256
2026-03-22 07:17:29.431997+00:00,4424182.216072983,3115661.3123406162,3372291.8722277195,1783827.3217713302,5,"E07,E15,E21,E29,E34",103.60576993005212,[4424182.21607298 3115661.31234062 3372291.87222772 1783827.32177133],32.10445762994392,35.15452420790613,3844.1691138371825,1647.1572838322209
2026-03-22 07:17:31.431997+00:00,4419551.518512325,3111804.739942362,3369682.41509364,1780609.4339047887,5,"E07,E15,E21,E29,E34",561.0094421865504,[4419551.51851233 3111804.73994236 3369682.41509364 1780609.43390479],32.113315875213964,35.14936337014361,-2630.6607497259974,3283.5109675413305
2026-03-22 07:17:43.431996+00:00,4422211.817555702,3113421.6869760817,3371069.021904019,1782644.276509404,5,"E07,E15,E21,E29,E34",842.7889076380021,[4422211.8175557  3113421.68697608 3371069.02190402 1782644.2765094 ],32.10901715351936,35.1471443562214,737.3333093542606,283.99908416774053
2026-03-22 07:18:03.431996+00:00,4421942.421781282,3113834.6245738245,3371043.161195874,1782390.952367054,5,"E07,E15,E21,E29,E34",836.8186825193658,[4421942.42178128 3113834.62457382 3371043.16119587 1782390.95236705],32.10873593844761,35.15236442408104,738.3795059286058,24.686044596637434
2026-03-22 07:18:05.431997+00:00,4421931.618760091,3113892.786903634,3371055.2532632905,1782374.8520192085,5,"E07,E15,E21,E29,E34",835.4261793776019,[4421931.61876009 3113892.78690363 3371055.25326329 1782374.85201921],32.10871013083569,35.15293411559462,765.6902135340497,30.190132180757146
2026-03-22 07:18:07.431997+00:00,4421909.379825212,3113925.4268739414,3371078.353616827,1782354.1588993813,5,"E07,E15,E21,E29,E34",843.331155197218,[4421909.37982521 3113925.42687394 3371078.35361683 1782354.15889938],32.1088836413444,35.15335248792116,778.4854122344404,22.877741473630387
2026-03-22 07:18:09.431997+00:00,4421889.450658979,3113983.0538287293,3371077.924922512,1782339.8857145617,5,"E07,E15,E21,E29,E34",8.33640766894763,[4421889.45065898 3113983.05382873 3371077.92492251 1782339.88571456],32.10879943817902,35.153973202255244,792.5603624442592,30.488610019518333
2026-03-22 07:18:11.431997+00:00,4421861.790324453,3114020.949955179,3371089.5486209597,1782308.6586051423,5,"E07,E15,E21,E29,E34",3.6858005879439713,[4421861.79032445 3114020.94995518 3371089.54862096 1782308.65860514],32.10889202871115,35.15447016990196,798.0649384390563,24.167751610141284
2026-03-22 07:18:13.431997+00:00,4421829.051875039,3114063.7980914144,3371081.811263256,1782276.4211289051,5,"E07,E15,E21,E29,E34",5.949277915722902,[4421829.05187504 3114063.79809141 3371081.81126326 1782276.42112891],32.10884297667209,35.15504100625384,792.1772835971788,27.23800448428969
2026-03-22 07:18:15.431997+00:00,4421787.887016001,3114096.7814735416,3371078.012064393,1782230.8297787502,5,"E07,E15,E21,E29,E34",842.0533795448465,[4421787.887016   3114096.78147354 3371078.01206439 1782230.82977875],32.10888424304585,35.155577800012374,777.7364883720875,26.44278270225933
2026-03-22 07:18:17.431997+00:00,4421773.890902107,3114151.736807564,3371091.7550710766,1782214.7691560537,5,"E07,E15,E21,E29,E34",3.3517886764082174,[4421773.89090211 3114151.73680756 3371091.75507108 1782214.76915605],32.108892392298046,35.15613917505975,802.1518102306873,29.175547014312514
2026-03-22 07:18:19.431997+00:00,4421743.058065688,3114187.48750616,3371088.328001857,1782180.0472241838,5,"E07,E15,E21,E29,E34",2.7288152059271207,[4421743.05806569 3114187.48750616 3371088.32800186 1782180.04722418],32.10888837340811,35.15663691306216,796.4145256429911,23.66707129727268
2026-03-22 07:18:21.431997+00:00,4421715.415426657,3114243.0222438024,3371093.429167863,1782153.40962098,5,"E07,E15,E21,E29,E34",7.242548531895007,[4421715.41542666 3114243.0222438  3371093.42916786 1782153.40962098],32.10888238839268,35.15728654809551,807.0694140270352,31.12171457465325
2026-03-22 07:18:23.431997+00:00,4421690.755846544,3114278.233208133,3371103.6936307787,1782122.361786873,5,"E07,E15,E21,E29,E34",4.3436145788980465,[4421690.75584654 3114278.23320813 3371103.69363078 1782122.36178687],32.10896023660421,35.15774195292059,812.6222003391013,22.097885076130343
2026-03-22 07:18:25.431997+00:00,4421660.141669757,3114324.674689391,3371099.275977539,1782086.4205089838,5,"E07,E15,E21,E29,E34",7.053245284775267,[4421660.14166976 3114324.67468939 3371099.27597754 1782086.42050898],32.10891828398512,35.15833095360276,811.7254262762144,27.899617658582194
2026-03-22 07:18:27.431997+00:00,4421627.382219283,3114365.5652822605,3371101.571525565,1782050.1403852152,5,"E07,E15,E21,E29,E34",4.698139662687624,[4421627.38221928 3114365.56528226 3371101.57152556 1782050.14038522],32.108951327602995,35.15888496384014,810.2042752094567,26.222565288769463
2026-03-22 07:18:29.431997+00:00,4421599.2213237,3114410.576917734,3371110.869620456,1782015.818009093,5,"E07,E15,E21,E29,E34",2.876293478059329,[4421599.2213237  3114410.57691773 3371110.86962046 1782015.81800909],32.10900845938048,35.159446613791516,817.6002443889156,26.95152099904216
2026-03-22 07:18:31.431997+00:00,4421557.116325968,3114449.680079802,3371092.7611255096,1781972.3032475268,5,"E07,E15,E21,E29,E34",11.862372491694083,[4421557.11632597 3114449.6800798  3371092.76112551 1781972.30324753],32.10892721087733,35.1600421578076,797.8909703809768,30.123934449707217
2026-03-22 07:18:37.431996+00:00,4421487.60794553,3114580.67354256,3371124.806086898,1781877.7147828732,5,"E07,E15,E21,E29,E34",2.1677380307574206,[4421487.60794553 3114580.67354256 3371124.8060869  1781877.71478287],32.1090827666098,35.161600747314026,830.6871418403462,25.28591475473355
2026-03-22 07:18:39.431996+00:00,4423173.0550694605,3114424.973286689,3373879.108906211,1783013.0218153202,5,"E07,E15,E21,E29,E34",1908.2512348658704,[4423173.05506946 3114424.97328669 3373879.10890621 1783013.02181532],32.12393835576532,35.149972269956415,3386.1854236302897,1616.4125863869488
2026-03-22 07:18:49.431996+00:00,4421302.3853669735,3114788.260892015,3371101.6430960116,1781650.215843384,5,"E07,E15,E21,E29,E34",831.3623326347904,[4421302.38536697 3114788.26089201 3371101.64309601 1781650.21584338],32.10905861010825,35.164528680962746,791.3786369599402,336.83377720787655
2026-03-22 07:18:57.431996+00:00,4421276.072128588,3114943.8828606047,3371157.422523399,1781568.2972886353,5,"E07,E15,E21,E29,E34",4.842612767779367,[4421276.07212859 3114943.8828606  3371157.4225234  1781568.29728864],32.109158161006135,35.16603699376714,878.7253688117489,20.92468941738859
2026-03-22 07:18:59.431996+00:00,4421228.078613698,3114937.089188496,3371135.7897932534,1781514.1850205003,5,"E07,E15,E21,E29,E34",4.076259400667821,[4421228.0786137  3114937.0891885  3371135.78979325 1781514.1850205 ],32.1091997312132,35.16627099380867,830.6799016185105,26.540094507354382
2026-03-22 07:19:01.431996+00:00,4421215.733673959,3114944.8843494463,3371129.7841695016,1781483.5917258407,5,"E07,E15,E21,E29,E34",5.336389198925663,[4421215.73367396 3114944.88434945 3371129.7841695  1781483.59172584],32.10918071235222,35.1664138272788,822.7424851870164,7.893503468587761
2026-03-22 07:19:03.431996+00:00,4421240.573647704,3114968.5244745323,3371130.119929214,1781470.1618236252,5,"E07,E15,E21,E29,E34",1.9548459483833724,[4421240.5736477  3114968.52447453 3371130.11992921 1781470.16182363],32.109020697420114,35.166466995304965,851.6540369549766,17.146373846373475
2026-03-22 07:19:05.431997+00:00,4418470.462633675,3113587.575009379,3369748.971320564,1779308.6822901033,5,"E07,E15,E21,E29,E34",552.684141841058,[4418470.46263367 3113587.57500938 3369748.97132056 1779308.6822901 ],32.113139286294434,35.17141243974908,-2474.272125683725,1694.7047269678487
2026-03-22 07:19:09.431997+00:00,4418480.558508071,3113608.0854524253,3369730.530968371,1779261.2633199296,5,"E07,E15,E21,E29,E34",553.7748750563026,[4418480.55850807 3113608.08545243 3369730.53096837 1779261.26331993],32.11290214074583,35.17152851297837,-2467.077890543267,7.342732558370608
2026-03-22 07:19:11.431997+00:00,4421237.68038917,3115008.140398451,3371081.0946472003,1781355.9652450222,5,"E07,E15,E21,E29,E34",2.1685603602512087,[4421237.68038917 3115008.14039845 3371081.0946472  1781355.96524502],32.10854824032687,35.16682773490536,842.9192646797746,1687.1497540005773
2026-03-22 07:19:13.431997+00:00,4421233.2837531455,3115020.3821451557,3371072.7301872214,1781327.3075731378,5,"E07,E15,E21,E29,E34",3.4936204502570964,[4421233.28375315 3115020.38214516 3371072.73018722 1781327.30757314],32.10846778899455,35.1669605783568,841.401243314147,7.732317916470616
2026-03-22 07:19:15.431997+00:00,4421225.810438508,3115017.3476959383,3371055.6767876795,1781293.7285177074,5,"E07,E15,E21,E29,E34",4.159615366152816,[4421225.81043851 3115017.34769594 3371055.67678768 1781293.72851771],32.10837519653008,35.16697989891039,825.6817545956001,9.432347926897764
2026-03-22 07:19:17.431997+00:00,4421231.558217149,3115028.624566747,3371045.6464240314,1781264.205339275,5,"E07,E15,E21,E29,E34",3.338618286067529,[4421231.55821715 3115028.62456675 3371045.64642403 1781264.20533928],32.10824493990568,35.167042488374285,829.8319848449901,8.074852466992416
2026-03-22 07:19:19.431997+00:00,4421241.521190287,3115038.587931011,3371032.5233293064,1781237.9941561462,5,"E07,E15,E21,E29,E34",1.759393654935276,[4421241.52119029 3115038.58793101 3371032.52332931 1781237.99415615],32.10807817327265,35.167067982650984,834.6163639687002,9.627370829483402
2026-03-22 07:19:21.431997+00:00,4421251.746493594,3115039.008104785,3371012.2497903793,1781212.977962357,5,"E07,E15,E21,E29,E34",2.5678021220894554,[4421251.74649359 3115039.00810478 3371012.24979038 1781212.97796236],32.10788210861779,35.1670092302589,831.1260572765023,11.35506224500783
2026-03-22 07:19:23.431997+00:00,4421268.96237567,3115041.675312362,3370987.4600936244,1781187.8832112278,5,"E07,E15,E21,E29,E34",2.6911518409847797,[4421268.96237567 3115041.67531236 3370987.46009362 1781187.88321123],32.10761796001634,35.166927283993715,831.1722862739116,15.149502113209428
2026-03-22 07:19:27.431997+00:00,4421295.731394218,3115034.2520301747,3370934.1834289213,1781129.1946099598,5,"E07,E15,E21,E29,E34",6.175489111181765,[4421295.73139422 3115034.25203017 3370934.18342892 1781129.19460996],32.1071266593447,35.16669966368553,817.7699112901464,15.021002950823895
2026-03-22 07:19:29.431997+00:00,4421329.413229124,3115044.9369815784,3370912.123372773,1781113.4775835723,5,"E07,E15,E21,E29,E34",3.3311775794239824,[4421329.41322912 3115044.93698158 3370912.12337277 1781113.47758357],32.1067967180103,35.16658668653959,834.5808847974986,20.828347668205726
2026-03-22 07:19:31.431997+00:00,4421339.2986964,3115038.475045111,3370880.4404787477,1781082.105859745,5,"E07,E15,E21,E29,E34",3.8452296631290466,[4421339.2986964  3115038.47504511 3370880.44047875 1781082.10585975],32.10653383701092,35.166470409190985,821.43419410754,16.906247809618677
2026-03-22 07:19:33.431996+00:00,4421355.103690683,3115042.945783046,3370855.712977276,1781056.2945551828,5,"E07,E15,E21,E29,E34",3.380910651377415,[4421355.10369068 3115042.94578305 3370855.71297728 1781056.29455518],32.1062707119932,35.16641269282495,821.4171333480626,14.842805936184325
2026-03-22 07:19:35.431996+00:00,4421374.99460401,3115050.9255911265,3370829.197075279,1781032.9432291726,5,"E07,E15,E21,E29,E34",3.1968152429323187,[4421374.99460401 3115050.92559113 3370829.19707528 1781032.94322917],32.10596823438508,35.16636043579801,824.991015156731,17.047131934130075
2026-03-22 07:19:37.431996+00:00,4421383.632066351,3115046.530187965,3370793.0856736596,1781000.5579843502,5,"E07,E15,E21,E29,E34",4.294755372947601,[4421383.63206635 3115046.53018796 3370793.08567366 1781000.55798435],32.10567071166763,35.16626967047526,809.6351073421538,18.694642625404505
2026-03-22 07:19:39.431996+00:00,4421407.884502071,3115054.040764758,3370763.736172401,1780978.637094979,5,"E07,E15,E21,E29,E34",1.4451649059901266,[4421407.88450207 3115054.04076476 3370763.7361724  1780978.63709498],32.10533079917154,35.166186739435396,814.4946494102478,19.403495988033676
2026-03-22 07:19:41.431996+00:00,4421428.008143749,3115054.6767590763,3370742.6527122175,1780956.3933093445,5,"E07,E15,E21,E29,E34",3.7253829149906315,[4421428.00814375 3115054.67675908 3370742.65271222 1780956.39330934],32.10508917235268,35.16606946599635,817.5346143329516,14.576331298253205
2026-03-22 07:19:43.431996+00:00,4421451.475824164,3115059.7198121566,3370719.008437626,1780937.059176771,5,"E07,E15,E21,E29,E34",3.391898614878249,[4421451.47582416 3115059.71981216 3370719.00843763 1780937.05917677],32.10480272192529,35.165969955659,823.6794557068497,16.846484272651935
2026-03-22 07:19:45.431996+00:00,4421468.6837975625,3115056.9239726127,3370694.4248418896,1780913.3679576754,5,"E07,E15,E21,E29,E34",5.220130039946513,[4421468.68379756 3115056.92397261 3370694.42484189 1780913.36795768],32.10455525558141,35.1658407531873,821.1661711959168,15.068877252158495
2026-03-22 07:19:47.431996+00:00,4421490.7130683325,3115062.5282173357,3370668.035155817,1780890.0872071153,5,"E07,E15,E21,E29,E34",2.7949713759342796,[4421490.71306833 3115062.52821734 3370668.03515582 1780890.08720712],32.10425192215899,35.1657548803807,825.129978123121,17.4148776954545
2026-03-22 07:19:49.431996+00:00,4421502.703634417,3115057.525427431,3370639.5680359975,1780863.518849873,5,"E07,E15,E21,E29,E34",5.051569163113316,[4421502.70363442 3115057.52542743 3370639.568036   1780863.51884987],32.10400132305466,35.16563839937064,815.8633884880692,15.645913944760446
2026-03-22 07:19:51.431996+00:00,4421529.259333722,3115066.8032948556,3370617.651094122,1780845.4237375802,5,"E07,E15,E21,E29,E34",4.67594904857859,[4421529.25933372 3115066.80329486 3370617.65109412 1780845.42373758],32.103704281704175,35.16555672488181,827.1313505340368,17.830005122963016
2026-03-22 07:19:53.431996+00:00,4421537.439951816,3115058.7665421395,3370587.4773822865,1780818.7461392698,5,"E07,E15,E21,E29,E34",5.13354215104182,[4421537.43995182 3115058.76654214 3370587.47738229 1780818.74613927],32.10346394527426,35.165437215766445,812.8395552039146,16.139739717048563
2026-03-22 07:19:55.431996+00:00,4421550.283032071,3115064.8018646818,3370568.133002963,1780797.1835485043,5,"E07,E15,E21,E29,E34",3.4564775914196284,[4421550.28303207 3115064.80186468 3370568.13300296 1780797.1835485 ],32.10324922135602,35.16541112438803,814.3971991296858,11.995570432913995
2026-03-22 07:19:57.431996+00:00,4421559.60010562,3115064.291587881,3370544.9728943496,1780773.3092792868,5,"E07,E15,E21,E29,E34",3.944639270074966,[4421559.60010562 3115064.29158788 3370544.97289435 1780773.30927929],32.1030372302499,35.16534986106531,808.2919266205281,12.484579217121633
2026-03-22 07:19:59.431996+00:00,4421576.114114694,3115071.571705824,3370531.4887085017,1780757.6490881578,5,"E07,E15,E21,E29,E34",4.512611491294622,[4421576.11411469 3115071.57170582 3370531.4887085  1780757.64908816],32.102849451550306,35.16531215329074,816.113499824889,11.2642785050533
2026-03-22 07:20:01.431996+00:00,4421571.451781458,3115068.547973146,3370518.829661902,1780731.621974121,5,"E07,E15,E21,E29,E34",3.2524285215227278,[4421571.45178146 3115068.54797315 3370518.8296619  1780731.62197412],32.1027793686534,35.16531441315521,804.6821275213733,6.912520729160944
2026-03-22 07:20:03.431996+00:00,4421576.744070901,3115071.616318225,3370510.8194434997,1780710.729971768,5,"E07,E15,E21,E29,E34",3.516079526284923,[4421576.7440709  3115071.61631822 3370510.8194435  1780710.72997177],32.10268898489764,35.1653086962306,805.5870428401977,5.039510589278978
2026-03-22 07:21:17.431997+00:00,4421102.9828717215,3115958.684887356,3370393.5308069056,1780351.3647174796,5,"E07,E15,E21,E29,E34",5.349076819746677,[4421102.98287172 3115958.68488736 3370393.53080691 1780351.36471748],32.101200399943494,35.17588085098297,848.0360014522448,13.682036475798
2026-03-22 07:21:19.431997+00:00,4421080.573019426,3115965.3211065684,3370401.81314869,1780339.9540005473,5,"E07,E15,E21,E29,E34",4.359482363604166,[4421080.57301943 3115965.32110657 3370401.81314869 1780339.95400055],32.10133311607909,35.176075068421596,840.1589822247624,12.397964255860263
2026-03-22 07:21:31.431997+00:00,4420977.657348147,3116082.220921051,3370478.6326575954,1780315.710792379,5,"E07,E15,E21,E29,E34",2.6116462976243273,[4420977.65734815 3116082.22092105 3370478.6326576  1780315.71079238],32.102000261282654,35.177715312578734,866.7727583395317,14.471821031062644
2026-03-22 07:22:37.431996+00:00,4420534.110958003,3116689.3588194954,3370583.5152191473,1780238.9240216906,5,"E07,E15,E21,E29,E34",5.979010898234116,[4420534.110958   3116689.3588195  3370583.51521915 1780238.92402169],32.102862261505194,35.18567909890845,911.7461013039574,11.502686605962786
2026-03-22 07:22:57.431996+00:00,4420338.679820198,3116942.712030014,3370603.765977591,1780267.6018951805,5,"E07,E15,E21,E29,E34",7.9280414579536655,[4420338.6798202  3116942.71203001 3370603.76597759 1780267.60189518],32.10308270671847,35.18906546743369,910.881816169247,16.03053898982278
2026-03-22 07:22:59.431996+00:00,4420333.340249152,3116960.246284351,3370615.70994837,1780274.1190673949,5,"E07,E15,E21,E29,E34",7.155575953716796,[4420333.34024915 3116960.24628435 3370615.70994837 1780274.11906739],32.103146425708715,35.18924986223601,922.092378564179,10.938687445052919
2026-03-22 07:23:19.431997+00:00,4420158.639087707,3117239.2382921507,3370566.9373200503,1780303.0886502904,5,"E07,E15,E21,E29,E34",5.832231160948356,[4420158.63908771 3117239.23829215 3370566.93732005 1780303.08865029],32.10268758583579,35.19273163835388,911.4305815249681,16.638494104474066
2026-03-22 07:23:21.431997+00:00,4420142.044414515,3117279.5240276316,3370558.412322844,1780305.8102305343,5,"E07,E15,E21,E29,E34",7.0465482665557655,[4420142.04441451 3117279.52402763 3370558.41232284 1780305.81023053],32.10257619866998,35.193181697891696,915.0800963006914,22.197968594919196
2026-03-22 07:23:23.431997+00:00,4420129.635778673,3117317.475130523,3370554.302864641,1780308.1768034385,5,"E07,E15,E21,E29,E34",9.55385972126696,[4420129.63577867 3117317.47513052 3370554.30286464 1780308.17680344],32.10248859170281,35.19358598887446,922.8344948552549,20.069554683976023
2026-03-22 07:23:29.431997+00:00,4421667.755695431,3119844.726098584,3371473.6084525846,1781125.396216374,5,"E07,E15,E21,E29,E34",16.960929404624732,[4421667.75569543 3119844.72609858 3371473.60845258 1781125.39621637],32.09650960639432,35.206066940544495,3710.1524316109717,516.3421856868538
2026-03-22 07:23:31.431997+00:00,4420062.564598351,3117456.097715393,3370507.7821151596,1780296.8032628994,5,"E07,E15,E21,E29,E34",8.119174864258383,[4420062.56459835 3117456.09771539 3370507.78211516 1780296.8032629 ],32.10201306051925,35.19519548446727,919.361238447018,1517.8112963403019
2026-03-22 07:25:21.431997+00:00,4419370.246353492,3118773.2728497055,3370494.2303150073,1780012.597849904,5,"E07,E15,E21,E29,E34",848.4105826490703,[4419370.24635349 3118773.27284971 3370494.23031501 1780012.5978499 ],32.100981816735604,35.21082398349821,1076.1727725882083,13.528172434346555
2026-03-22 07:25:33.431996+00:00,4416644.393477094,3117484.057317488,3369207.2363461377,1777958.3832573232,5,"E07,E15,E21,E29,E34",330.29557576793854,[4416644.39347709 3117484.05731749 3369207.23634614 1777958.38325732],32.10538681973549,35.21631773811993,-2124.031310603954,273.2101584712916
2026-03-22 07:25:37.431996+00:00,4419267.541542512,3118818.6829536636,3370414.519662516,1779932.8285665014,5,"E07,E15,E21,E29,E34",14.602774170510878,[4419267.54154251 3118818.68295366 3370414.51966252 1779932.8285665 ],32.10064959289558,35.21184427473287,984.9099345030263,795.2854977871763
2026-03-22 07:25:39.431996+00:00,4419258.96650841,3118828.596927402,3370418.841504437,1779928.1483877609,5,"E07,E15,E21,E29,E34",13.0494075652271,[4419258.96650841 3118828.5969274  3370418.84150444 1779928.14838776],32.10068878295339,35.2119824500605,986.1141589544713,6.901021712977755
2026-03-22 07:25:43.431996+00:00,4419235.319144803,3118845.0071774325,3370436.674481843,1779917.9411163991,5,"E07,E15,E21,E29,E34",15.131156219989453,[4419235.3191448  3118845.00717743 3370436.67448184 1779917.9411164 ],32.10087222985795,35.212268906979126,987.2397566447034,8.465035420727858
2026-03-22 07:25:45.431996+00:00,4419231.19505381,3118847.1424760544,3370469.5875893584,1779920.0966771813,5,"E07,E15,E21,E29,E34",6.6673843384572775,[4419231.19505381 3118847.14247605 3370469.58758936 1779920.09667718],32.101133869557366,35.21231257632779,1002.9188928334042,16.619568834932515
2026-03-22 07:25:47.431996+00:00,4419215.806688359,3118858.631521605,3370466.181360222,1779914.0765321648,5,"E07,E15,E21,E29,E34",16.568816350118077,[4419215.80668836 3118858.6315216  3370466.18136022 1779914.07653216],32.101136352349364,35.21250599869324,996.0702258525416,9.75195308457317
2026-03-22 07:25:49.431996+00:00,4419204.115039237,3118855.0487969364,3370497.9625360975,1779914.8830225628,5,"E07,E15,E21,E29,E34",9.62251337142483,[4419204.11503924 3118855.04879694 3370497.9625361  1779914.88302256],32.10143476925032,35.212546403585435,1003.117462403141,17.026257040820717
2026-03-22 07:25:55.431996+00:00,4419171.380727662,3118849.6951350225,3370564.0031028716,1779908.9967217022,5,"E07,E15,E21,E29,E34",10.941022920289608,[4419171.38072766 3118849.69513502 3370564.00310287 1779908.9967217 ],32.102082131971905,35.21270000980557,1012.9426071317866,12.317053794124007
2026-03-22 07:25:57.431996+00:00,4419151.041631727,3118845.665074464,3370562.7295056316,1779898.7363508001,5,"E07,E15,E21,E29,E34",14.161784628182122,[4419151.04163173 3118845.66507446 3370562.72950563 1779898.7363508 ],32.10216316480551,35.21278936260541,996.2206721501425,10.386797647709056
2026-03-22 07:26:09.431997+00:00,4419052.070594517,3118905.4055194096,3370652.395666124,1779896.3506625032,5,"E07,E15,E21,E29,E34",19.349635004441197,[4419052.07059452 3118905.40551941 3370652.39566612 1779896.3506625 ],32.10307043190154,35.21391091634559,1004.5565338861197,12.191812980088464
2026-03-22 07:26:25.431997+00:00,4418955.0612255735,3118967.506446058,3370750.800250543,1779880.7176484738,5,"E07,E15,E21,E29,E34",7.598675298745557,[4418955.06122557 3118967.50644606 3370750.80025054 1779880.71764847],32.10403022666595,35.21504093528031,1020.0504670329392,9.468451931774386
2026-03-22 07:26:27.431997+00:00,4418941.671047677,3118951.8828678452,3370740.777708066,1779862.9905354907,5,"E07,E15,E21,E29,E34",16.666646624481707,[4418941.67104768 3118951.88286785 3370740.77770807 1779862.99053549],32.10404927074804,35.21498751468341,997.8254386270419,11.443823857844539
2026-03-22 07:27:03.431996+00:00,4418511.483132743,3118096.4786729654,3368580.1463455916,1778106.9593537634,5,"E07,E15,E21,E29,E34",4417.08255926534,[4418511.48313274 3118096.47867297 3368580.14634559 1778106.95935376],32.091590827981136,35.21021146052952,-865.8488076506183,65.6467478577143
2026-03-22 07:27:27.431997+00:00,4419131.125334197,3118754.0524227684,3370671.1408219556,1779817.7124332187,5,"E07,E15,E21,E29,E34",28.265552698411348,[4419131.1253342  3118754.05242277 3370671.14082196 1779817.71243322],32.1033223048419,35.212118135651544,995.3030581967905,94.91056793814016
2026-03-22 07:27:55.431996+00:00,4419228.90825556,3118767.0584072233,3370557.9116405626,1779856.956965631,5,"E07,E15,E21,E29,E34",31.149965433136508,[4419228.90825556 3118767.05840722 3370557.91164056 1779856.95696563],32.10203870812433,35.211633449589506,1009.1568982023746,5.363270837015087
2026-03-22 07:27:59.431996+00:00,4419011.268520029,3118335.7245807275,3370504.628776955,1779786.0486986379,5,"E13,E19,E26,E29,E34",25.615615610000276,[4419011.26852003 3118335.72458073 3370504.62877695 1779786.04869864],32.10367558336202,35.20922951833166,619.5376809090376,121.51517084189759
