utc_time,x,y,z,satellites,rms_residual_m,pdop,initial_guess_method,lat_deg,lon_deg,velocity_mps,kept_measurement
2026-03-22 06:44:42,4436894.0925766025,3085535.888947049,3376339.629626772,"E07,E15,E27,E30",2.634178031930877e-09,4.488161593246302,previous_point_guess,32.168245284601475,34.815793582280165,,True
2026-03-22 06:44:44,4436901.165272015,3085535.2799386154,3376325.7242092085,"E07,E15,E27,E30",2.634178031930877e-09,4.487450350349095,previous_point_guess,32.168112930536594,34.81574547025397,7.80632034452179,True
2026-03-22 06:44:46,4436911.163419811,3085545.651582816,3376332.4109171126,"E07,E15,E27,E30",3.226196034939731e-09,4.486738053346553,motion_prediction_guess,32.16809613377794,34.815775226473306,7.941127523384693,True
2026-03-22 06:44:48,4436907.566585826,3085534.169943957,3376328.3645957382,"E07,E15,E27,E30",1.862645149230957e-09,4.486034529265775,motion_prediction_guess,32.16811089656526,34.81569706159537,6.347006425700553,True
2026-03-22 06:44:52,4436916.346566715,3085544.9815747133,3376330.102825573,"E07,E15,E27,E30",1.862645149230957e-09,4.484627325852255,motion_prediction_guess,32.16805992178683,34.815738021122606,3.5089249331731347,True
2026-03-22 06:44:54,4436887.677450558,3085530.3865519995,3376320.4558168454,"E07,E15,E27,E30",3.725290298461914e-09,4.483934537487511,previous_point_guess,32.16813929242792,34.815784520105105,16.79283840390528,True
2026-03-22 06:44:56,4436892.36879446,3085528.76024526,3376321.3962636576,"E07,E15,E27,E30",0.0,4.483239320167597,motion_prediction_guess,32.16813243750696,34.81574196777052,2.5267578743208787,True
2026-03-22 06:44:58,4436894.434917233,3085529.652362938,3376318.0743894903,"E07,E15,E27,E30",2.634178031930877e-09,4.482546798522974,motion_prediction_guess,32.16809649096535,34.81573722652098,2.0062144232781174,True
2026-03-22 06:45:00,4436908.334395355,3085541.5995457643,3376327.941892292,"E07,E15,E27,E30",1.862645149230957e-09,4.481853229204656,previous_point_guess,32.16808427809664,34.81575708155248,10.40790902483835,True
2026-03-22 06:45:02,4436909.12521599,3085542.314336538,3376325.799341023,"E07,E15,E27,E30",1.862645149230957e-09,4.481166287041316,previous_point_guess,32.168062846739005,34.81575851626764,1.1965417947725077,True
2026-03-22 06:45:04,4436897.5299730105,3085531.191050429,3376315.2303871145,"E07,E15,E27,E30",1.862645149230957e-09,4.4804858081903935,motion_prediction_guess,32.16805836420177,34.815731884901524,9.616131502897455,True
2026-03-22 06:45:06,4436896.654764756,3085526.1409949246,3376317.977286961,"E07,E15,E27,E30",0.0,4.4798053566494485,motion_prediction_guess,32.16809662496767,34.815693226572215,2.907512203441261,True
2026-03-22 06:45:08,4437064.744228783,3085506.18898834,3376483.181700776,"E07,E15,E21,E29,E34",22.513975364296503,3.3282578515497074,previous_point_guess,32.16874981233382,34.81450214230584,118.26310585693524,False
2026-03-22 06:45:10,4436898.580229813,3085531.7380877864,3376322.0799274775,"E07,E15,E27,E30",3.226196034939731e-09,4.4784494293943675,motion_prediction_guess,32.16810501025683,34.81573028911895,116.42273445941838,True
2026-03-22 06:45:12,4436907.864927644,3085536.084763661,3376329.224663219,"E07,E15,E27,E30",1.862645149230957e-09,4.477774504162401,previous_point_guess,32.16811103709369,34.81571192239841,6.247928732412652,True
2026-03-22 06:45:14,4436914.173380199,3085541.83377615,3376328.097323383,"E07,E15,E27,E30",3.226196034939731e-09,4.4771027857798895,previous_point_guess,32.16806180738463,34.81572377691143,4.304608383490711,True
2026-03-22 06:45:16,4436889.120815749,3085526.1233418654,3376318.9297772255,"E07,E15,E27,E30",2.634178031930877e-09,4.476440494841539,previous_point_guess,32.168133640312035,34.815738676103265,15.479766095327774,True
2026-03-22 06:45:18,4436900.559990133,3085530.9328578985,3376323.342099101,"E07,E15,E27,E30",1.862645149230957e-09,4.475773845409267,previous_point_guess,32.168109048628985,34.81571129683355,6.585110845490184,True
2026-03-22 06:45:20,4436902.910897662,3085533.896427782,3376320.5233514467,"E07,E15,E27,E30",2.634178031930877e-09,4.475111324340135,previous_point_guess,32.16807014208522,34.81572286181655,2.3587523714475016,True
2026-03-22 06:45:22,4436885.527989104,3085519.929830537,3376318.644303317,"E07,E15,E27,E30",3.226196034939731e-09,4.474456049381082,previous_point_guess,32.16816260008412,34.81570651480873,11.188857966590254,True
2026-03-22 06:45:24,4437058.89105462,3085497.202971048,3376491.434138921,"E07,E15,E21,E29,E34",23.270494260047528,3.316976886891616,previous_point_guess,32.16886050610845,34.81445935554048,122.91011951344723,False
2026-03-22 06:45:26,4436902.931360196,3085539.9276658865,3376328.0254043574,"E07,E15,E27,E30",0.0,4.4731402019112805,motion_prediction_guess,32.16811079518859,34.81577523409429,114.9469881787735,True
2026-03-22 06:45:28,4437060.75522219,3085529.627750005,3376430.7261804375,"E07,E15,E29,E34",2.634178031930877e-09,3.478489591273702,previous_point_guess,32.16830088932797,34.81473029677589,94.28932745713959,False
2026-03-22 06:45:30,4436901.53046879,3085534.5391283734,3376327.761163216,"E07,E15,E27,E30",1.862645149230957e-09,4.471842287122772,motion_prediction_guess,32.168129070570636,34.81573681166661,94.83991578479734,True
2026-03-22 06:45:32,4437062.183149563,3085503.741984698,3376488.5589061165,"E07,E15,E21,E29,E34",20.75815595975754,3.3113649606752316,previous_point_guess,32.16880765929961,34.814496345049804,114.6883407545008,False
2026-03-22 06:45:34,4436910.635310449,3085542.0325489165,3376335.036940978,"E07,E15,E27,E30",2.634178031930877e-09,4.470551660703677,previous_point_guess,32.16812818098954,34.815746922971556,109.54668939366977,True
2026-03-22 06:45:36,4436901.6338749295,3085538.7031845013,3376325.7629248896,"E07,E15,E27,E30",0.0,4.469913542217444,previous_point_guess,32.16810199547773,34.8157724298647,6.6730405967338,True
2026-03-22 06:45:38,4436902.244585135,3085537.085958536,3376327.5063783056,"E07,E15,E27,E30",2.634178031930877e-09,4.469276554847018,motion_prediction_guess,32.16811732974182,34.815754656827934,1.2276009726761605,True
2026-03-22 06:45:40,4436893.363650013,3085528.0241594748,3376325.7393588424,"E07,E15,E27,E30",2.634178031930877e-09,4.468644597633676,motion_prediction_guess,32.16816368641131,34.815729538946336,6.405262848851655,True
2026-03-22 06:45:42,4436896.7867976185,3085533.1893380596,3376328.5656218412,"E07,E15,E27,E30",1.862645149230957e-09,4.468011486935735,previous_point_guess,32.16815760912831,34.81575377655897,3.4053183361808093,True
2026-03-22 06:45:44,4437071.257358204,3085496.401590254,3376507.782841349,"E07,E15,E21,E29,E34",23.889553326360147,3.302985060277473,previous_point_guess,32.168938749974124,34.81437753093382,126.40423911759991,False
2026-03-22 06:45:46,4432855.510572413,3083057.105044674,3373170.0433670776,"E07,E15,E21,E29,E34",134.6863043185335,3.302158546231851,motion_prediction_guess,32.166762645412085,34.81866630044532,2952.2530970977327,False
2026-03-22 06:45:48,4437080.523680162,3085507.4112784746,3376510.972536289,"E07,E15,E21,E29,E34",19.98553796344803,3.3002001393827154,previous_point_guess,32.1688963948363,34.81441727309893,2958.7389253590095,True
2026-03-22 06:45:50,4436589.797641734,3085173.0939982575,3376378.549399767,"E13,E19,E27,E30",1.862645149230957e-09,3.3305467860864804,motion_prediction_guess,32.170736403675434,34.8144775927027,304.18578851145566,False
2026-03-22 06:45:52,4435257.874580276,3083019.759058236,3375766.043241447,"E13,E19,E27,E30",0.0,3.330721131334428,motion_prediction_guess,32.17721650945051,34.803790969723195,1302.5008828729601,False
2026-03-22 06:45:54,4437085.257402341,3085505.992217346,3376527.5086766984,"E07,E15,E21,E29,E34",19.166040726392698,3.2960339960995375,previous_point_guess,32.16900784706738,34.814376270006065,1589.0652054681254,True
2026-03-22 06:45:56,4437081.934553341,3085503.187060065,3376504.5865464187,"E07,E15,E21,E29,E34",21.558142460245556,3.2946489341746594,motion_prediction_guess,32.16885366747352,34.81437196605923,11.665486374418753,True
2026-03-22 06:45:58,4435244.977547021,3084327.4713363587,3374192.584338841,"E07,E15,E21,E29,E34",218.6691635730085,3.293539768698527,motion_prediction_guess,32.16166577453265,34.81525739715625,1589.1878990449861,False
2026-03-22 06:46:00,4437072.525890807,3085497.051417289,3376498.6066178465,"E07,E15,E21,E29,E34",24.06380872654136,3.2918818311812963,motion_prediction_guess,32.16886192573119,34.81437550901041,1583.1605466481726,True
2026-03-22 06:46:02,4436583.486811185,3085169.2132488345,3376376.0175539306,"E13,E19,E27,E30",2.634178031930877e-09,3.3298883530587156,motion_prediction_guess,32.17075259387054,34.81448201269784,300.69301816148834,False
2026-03-22 06:46:04,4436583.980619784,3085159.7299062116,3376378.116488665,"E13,E19,E27,E30",1.862645149230957e-09,3.329776679189205,motion_prediction_guess,32.17079266717125,34.81439647154624,4.862693730177287,False
2026-03-22 06:46:06,4436579.404001725,3085155.0950977933,3376374.2820491474,"E13,E19,E27,E30",1.862645149230957e-09,3.329665038508446,motion_prediction_guess,32.170794144457794,34.81438382958888,3.7792131572163896,False
2026-03-22 06:46:08,4436588.338813887,3085147.58675361,3376381.04953318,"E13,E19,E27,E30",3.226196034939731e-09,3.329551014040727,previous_point_guess,32.1708311649512,34.81426438426429,6.7454603415158605,False
2026-03-22 06:46:10,4434692.500465506,3084223.59048689,3375466.5376997693,"E07,E15,E21,E29,E34",332.7954973595052,3.2852706521656336,motion_prediction_guess,32.17385804696733,34.817698477478736,1149.3807068975602,False
2026-03-22 06:46:12,4437071.664714289,3085449.9745911714,3376484.866467412,"E07,E15,E21,E29,E34",22.80759391399274,3.283611003329677,motion_prediction_guess,32.168889477356764,34.81397096279044,1431.9072921221577,True
2026-03-22 06:46:14,4437088.66241705,3085447.6784422346,3376498.106718846,"E07,E15,E21,E29,E34",21.22907549045234,3.282234929412798,previous_point_guess,32.16892983540187,34.81384809614953,10.83395653889014,True
2026-03-22 06:46:16,4436603.769690324,3085109.877144301,3376373.181364687,"E13,E19,E27,E30",0.0,3.329094361769744,motion_prediction_guess,32.1708136460139,34.81384271438067,302.00869914212774,False
2026-03-22 06:46:18,4436116.180055538,3083348.999602628,3374962.5917085833,"E07,E19,E27,E30",0.0,3.371041229432714,previous_point_guess,32.16679330700365,34.80146251605908,1154.1443309466786,False
2026-03-22 06:46:20,4437133.5402930565,3085432.843615595,3376508.997474142,"E07,E15,E21,E29,E34",23.28469489318582,3.2781159070339485,previous_point_guess,32.16887673155121,34.813447346416034,1393.628224726197,True
2026-03-22 06:46:22,4431275.164081761,3080079.85821614,3370313.521727174,"E13,E21,E29,E34",1.862645149230957e-09,15.929705358511717,previous_point_guess,32.15933491114584,34.8022962701669,5033.85896333817,False
2026-03-22 06:46:24,4433803.559677052,3083438.5532703423,3373567.766276208,"E07,E15,E21,E29",1.862645149230957e-09,5.532231118532169,previous_point_guess,32.16501513509196,34.816245672262056,2658.1819133729327,False
2026-03-22 06:46:26,4434733.852561936,3084143.629035547,3375465.688337393,"E07,E15,E21,E29,E34",336.3333807446623,3.2742992632411,previous_point_guess,32.17390779320967,34.8167517378833,1114.0786368874478,False
2026-03-22 06:46:28,4437758.423215792,3085590.421634117,3375286.425780717,"E13,E19,E27,E30",1.862645149230957e-09,3.3284069410540944,motion_prediction_guess,32.156649433876055,34.81103707023648,1678.7920901402165,False
2026-03-22 06:46:30,4437136.013951922,3085381.8128009853,3376506.541114641,"E07,E15,E21,E29,E34",21.68997836796105,3.2712829470759894,motion_prediction_guess,32.168988102967454,34.81298819626383,692.7467728340848,True
2026-03-22 06:46:32,4437132.060934417,3085354.4889174667,3376489.560424308,"E07,E15,E21,E29,E34",20.049115260986028,3.2699222639401637,previous_point_guess,32.16894896175658,34.81277428945653,16.20620870313277,True
2026-03-22 06:46:34,4437042.432244553,3085305.2131279446,3376465.592044991,"E07,E15,E21,E29",1.862645149230957e-09,5.530039585256466,motion_prediction_guess,32.16925436948352,34.81288785913543,52.5259190466705,False
2026-03-22 06:46:36,4436674.871100543,3085023.5598053895,3376370.011568652,"E13,E19,E27,E30",0.0,3.3279061768368394,motion_prediction_guess,32.1707457696561,34.81266092513361,236.41352338095368,False
2026-03-22 06:46:38,4436665.329407313,3085003.96779509,3376365.6258424404,"E13,E19,E27,E30",1.862645149230957e-09,3.3277861739412455,motion_prediction_guess,32.17080361413679,34.8125481302079,11.11446548067091,False
2026-03-22 06:46:40,4436681.682487159,3085000.679667173,3376365.2912722453,"E13,E19,E27,E30",1.862645149230957e-09,3.3276625497184336,previous_point_guess,32.17074560450393,34.81242052010757,8.341866440835567,False
2026-03-22 06:46:42,4436693.4192753155,3084986.9296910847,3376362.3610647176,"E13,E19,E27,E30",1.862645149230957e-09,3.327539551716542,motion_prediction_guess,32.170714658174724,34.812229780766614,9.15696667588768,False
2026-03-22 06:46:44,4436997.95377174,3085312.4598231367,3376291.528265743,"E07,E15,E27,E30",0.0,4.449828744645489,motion_prediction_guess,32.16808114502471,34.81322014943032,225.68141914933958,True
2026-03-22 06:46:46,4436677.65620045,3084958.085302834,3376350.1079177475,"E13,E19,E27,E30",0.0,3.327294856175574,previous_point_guess,32.17076233504146,34.812074098176,240.62595996858738,False
2026-03-22 06:46:48,4437196.469112886,3085279.7313265367,3376482.966511003,"E07,E15,E21,E29,E34",21.3402422191843,3.259059285640384,previous_point_guess,32.168849646550456,34.81173375651742,312.35973191028387,False
2026-03-22 06:46:50,4437229.691668577,3085291.9685234893,3376490.600140096,"E07,E15,E21,E29,E34",24.866855640224802,3.2577032815663545,motion_prediction_guess,32.168743418421954,34.81163920066892,18.109110200320412,False
2026-03-22 06:46:52,4437208.655513371,3085281.2591688978,3376470.616731598,"E07,E15,E21,E29,E34",20.805897324604313,3.2563545405952334,motion_prediction_guess,32.16870315510237,34.8116732997193,15.46404472306811,True
2026-03-22 06:46:54,4437200.811041369,3085271.378691926,3376459.2045431803,"E07,E15,E21,E29,E34",20.48372477862231,3.2550059475302766,previous_point_guess,32.168674046066116,34.81163477390499,8.505845205838568,True
2026-03-22 06:46:56,4437207.33201496,3085272.405065375,3376452.4211527943,"E07,E15,E21,E29,E34",19.06654288435888,3.2536566189208598,previous_point_guess,32.168593749871846,34.81160424103506,4.732624117810216,True
2026-03-22 06:46:58,4437226.529472845,3085280.9811833766,3376449.5075214766,"E07,E15,E21,E29,E34",20.18642331052424,3.252306979481686,motion_prediction_guess,32.16847233198037,34.81156270218485,10.61345180254082,True
2026-03-22 06:47:00,4437231.616302466,3085278.0770522025,3376438.0594223244,"E07,E15,E21,E29,E34",21.148432246561306,3.250960665337011,previous_point_guess,32.168372855242,34.811506637076,6.429789803546407,True
2026-03-22 06:47:02,4437242.420579919,3085280.0500928657,3376431.364866783,"E07,E15,E21,E29,E34",21.26726160749382,3.249614683883083,motion_prediction_guess,32.168273758987674,34.811458421081255,6.4312202308425315,True
2026-03-22 06:47:04,4436768.292218963,3084947.6288068183,3376304.7060140297,"E13,E19,E27,E30",1.862645149230957e-09,3.3261457416137876,previous_point_guess,32.170087097189864,34.811434456943054,296.37142197797846,False
2026-03-22 06:47:06,4441119.473214249,3090506.838324743,3381387.588175245,"E13,E21,E29,E34",1.862645149230957e-09,17.352651811126975,motion_prediction_guess,32.17648558199618,34.83346398601667,4349.519444223897,False
2026-03-22 06:47:10,4437943.69300155,3085494.851987636,3375163.5348748984,"E07,E19,E27,E30",2.634178031930877e-09,3.3792809336639666,previous_point_guess,32.155243020008555,34.80908417270718,2149.773628900757,False
2026-03-22 06:47:14,4436901.356090159,3084975.993514147,3376166.3879993153,"E07,E19,E27,E30",0.0,3.379922445810004,previous_point_guess,32.16842889800733,34.81087597389988,384.17075805487326,True
2026-03-22 06:47:16,4437494.410075058,3085375.06290208,3376592.665771947,"E15,E21,E29,E34",1.862645149230957e-09,9.18603915705663,previous_point_guess,32.16825130595858,34.81076037847048,416.13764094028403,False
2026-03-22 06:47:18,4437229.515723239,3085338.3081575483,3376216.993926953,"E07,E15,E27,E30",4.562530187486071e-09,4.440930118867104,previous_point_guess,32.166528597520724,34.812043616126005,230.56954698770133,False
2026-03-22 06:47:20,4437341.624342308,3085250.9005474173,3376358.8959912932,"E07,E15,E21,E29,E34",21.51490730584588,3.237560586775556,motion_prediction_guess,32.16740944557726,34.810604303051065,100.42986189690316,False
2026-03-22 06:47:22,4437342.793528472,3085238.2553528957,3376342.876417429,"E07,E15,E21,E29,E34",19.025240223264,3.2362290100149393,motion_prediction_guess,32.16731721156133,34.810487159845174,10.221236319075997,False
2026-03-22 06:47:24,4437358.813205517,3085236.1307220873,3376336.5463173282,"E07,E15,E21,E29,E34",23.15132945473969,3.2348965953002438,previous_point_guess,32.167211570433,34.810371715592,8.677762902678205,False
2026-03-22 06:47:26,4437208.159990586,3085143.1814759243,3376258.1658596904,"E07,E15,E21,E29",1.862645149230957e-09,5.523402880704499,previous_point_guess,32.167461845674495,34.81047441133344,96.79804965842682,True
2026-03-22 06:47:28,4437370.962624623,3085215.175052661,3376309.9520767774,"E07,E15,E21,E29,E34",21.11786902126784,3.232238465901686,previous_point_guess,32.167018111146184,34.8101157835203,92.6951792448386,False
2026-03-22 06:47:30,4437380.4753482565,3085216.1302179387,3376301.304333495,"E07,E15,E21,E29,E34",18.210930633733525,3.2309098970882557,motion_prediction_guess,32.16691198655588,34.81006652727894,6.44569072142552,False
2026-03-22 06:47:32,4437388.419374236,3085213.4665792487,3376307.6686749533,"E07,E15,E21,E29,E34",20.82269007641417,3.2295826120927655,previous_point_guess,32.166936554448995,34.80999526563872,5.260878301907084,True
2026-03-22 06:47:34,4437390.204928338,3085207.167488182,3376309.0369499456,"E07,E15,E21,E29,E34",19.539773394563486,3.2282573634752887,motion_prediction_guess,32.16695722381423,34.80992963041824,3.3443582408018955,True
2026-03-22 06:47:36,4437389.2086602235,3085193.6347352173,3376305.965840496,"E07,E15,E21,E29,E34",20.619669915401893,3.2269342568810786,previous_point_guess,32.1669747954183,34.80981786622401,6.956286117749901,True
2026-03-22 06:47:38,4434998.244750681,3083944.5223732498,3375316.149584326,"E07,E15,E21,E29,E34",320.7538629431481,3.2258885687945313,previous_point_guess,32.172269240187525,34.81341679066584,1436.7259942776286,False
2026-03-22 06:47:40,4437444.109087012,3085195.7210294474,3376339.4415278044,"E07,E15,E21,E29,E34",22.857960813379126,3.2242847762281746,motion_prediction_guess,32.16700820568314,34.80950377762423,1465.8510182306838,True
2026-03-22 06:47:42,4437412.889650954,3085163.6535269087,3376326.2417612597,"E07,E15,E21,E29,E34",24.309868068427882,3.222969029284585,previous_point_guess,32.167118388229405,34.809413585146416,23.330300810695768,True
2026-03-22 06:47:44,4437436.6977589205,3085162.603057504,3376341.1147985538,"E07,E15,E21,E29,E34",23.016719418248634,3.221647794337495,previous_point_guess,32.167140951606164,34.80926035957978,14.04578877516694,True
2026-03-22 06:47:46,4437284.990864135,3085069.6090184124,3376283.177027127,"E07,E15,E21,E29",3.226196034939731e-09,5.520814356561762,previous_point_guess,32.167551548774476,34.80936900551113,93.56770087733226,False
2026-03-22 06:47:48,4437417.770114646,3085119.3676412385,3376336.379060733,"E07,E15,E21,E29,E34",21.514291824556025,3.219017429655756,motion_prediction_guess,32.16729789802055,34.80899856672368,75.72434597217446,True
2026-03-22 06:47:50,4437287.801175378,3085031.9373879214,3376288.2571192076,"E07,E15,E21,E29",2.634178031930877e-09,5.5202985139551535,previous_point_guess,32.16768249314108,34.80902407838128,81.93243500857008,False
2026-03-22 06:47:52,4435069.912923566,3083884.321129201,3375430.317124218,"E07,E15,E21,E29,E34",304.0414226086857,3.2166573096586837,motion_prediction_guess,32.17302348121018,34.812458564594685,1320.2378961581542,False
2026-03-22 06:47:54,4437289.271369981,3085116.4145608195,3376199.266053249,"E07,E15,E27,E30",0.0,4.432413812371547,previous_point_guess,32.16676586869768,34.80975052311023,1326.1682202276475,True
2026-03-22 06:47:56,4435152.0361576555,3083892.365813507,3375474.3290868867,"E07,E15,E21,E29,E34",307.05668599393385,3.2140246386306357,previous_point_guess,32.17301360892763,34.81203134873312,1283.7058944514786,False
2026-03-22 06:47:58,4437464.283219438,3085041.065669471,3376376.1856985665,"E07,E15,E21,E29,E34",22.851059706822674,3.212453406342643,previous_point_guess,32.16763299217859,34.8080355022944,1367.4193926739729,False
2026-03-22 06:48:00,4437466.971470925,3085018.627789238,3376378.1840312397,"E07,E15,E21,E29,E34",21.57434214898366,3.211145394462621,motion_prediction_guess,32.16769913956726,34.807823921476846,11.34326340694574,False
2026-03-22 06:48:02,4437478.579693009,3085003.0650068424,3376388.218615604,"E07,E15,E21,E29,E34",22.187477957210735,3.2098372683799283,previous_point_guess,32.167772626730134,34.807618204999926,10.927532878171046,True
2026-03-22 06:48:04,4437468.194490313,3084974.495769129,3376383.4421490557,"E07,E15,E21,E29,E34",18.548091923043557,3.2085331648756594,motion_prediction_guess,32.16785539721787,34.80743236654436,15.385613501353834,True
2026-03-22 06:48:06,4437494.856649557,3084976.0150286914,3376402.533735632,"E07,E15,E21,E29,E34",18.52218293156599,3.2072248483187087,previous_point_guess,32.16789186388054,34.807284243375946,16.41392368691033,True
2026-03-22 06:48:08,4437486.794378798,3084962.7634192077,3376405.967248671,"E07,E15,E21,E29,E34",20.067560492902015,3.2059214719789413,previous_point_guess,32.16798616866644,34.80721768152697,7.943462335252429,True
2026-03-22 06:48:10,4437491.768560537,3084950.9259076826,3376411.9792304537,"E07,E15,E21,E29,E34",21.206414885775697,3.204618361979439,motion_prediction_guess,32.168044891418546,34.807084538008404,7.088954225195368,True
2026-03-22 06:48:12,4437505.819070873,3084952.00373071,3376407.063334508,"E07,E15,E21,E29,E34",23.051906973461694,3.2033150537650954,motion_prediction_guess,32.167949027563765,34.80700889321991,7.462314924390349,True
2026-03-22 06:48:14,4437516.053450974,3084962.5547081497,3376410.2056747847,"E07,E15,E21,E29,E34",21.33514660159,3.202012141286819,motion_prediction_guess,32.16790375632461,34.807038802860085,7.515649728993231,True
2026-03-22 06:48:16,4437503.781992497,3084961.1513471194,3376397.939716512,"E07,E15,E21,E29,E34",19.6548166480027,3.200713191594367,motion_prediction_guess,32.16786234688082,34.80710084784293,8.703617748964234,True
2026-03-22 06:48:18,4435787.548570179,3083878.621761284,3374189.6753137116,"E07,E15,E21,E29,E34",230.71102022482367,3.1996641634821015,motion_prediction_guess,32.160734828704854,34.80806394051666,1499.479837874097,False
2026-03-22 06:48:20,4437002.011625656,3084651.9711093013,3376269.15556446,"E13,E19,E27,E30",1.862645149230957e-09,3.320771586215873,previous_point_guess,32.16970469943654,34.80744603924853,1264.637086326436,False
2026-03-22 06:48:22,4437344.512243465,3085056.051916458,3376234.639307101,"E07,E15,E27,E30",1.862645149230957e-09,4.426363934843786,previous_point_guess,32.16698356933714,34.80889077653958,265.414460765583,True
2026-03-22 06:48:26,4437323.799813918,3085076.4628426433,3376217.264599812,"E07,E15,E27,E30",1.862645149230957e-09,4.425539437178245,motion_prediction_guess,32.16687664746129,34.809193795260086,8.468659497028074,True
2026-03-22 06:48:28,4437906.846542346,3085378.3130145064,3376857.5344125377,"E13,E21,E29,E34",2.634178031930877e-09,20.902011059748315,motion_prediction_guess,32.168638379474395,34.80829283304384,458.53092776617405,False
2026-03-22 06:48:30,4447002.839364507,3094244.359905296,3383069.2408340583,"E13,E21,E29,E34",1.862645149230957e-09,20.998876922137477,previous_point_guess,32.15592656667914,34.83036819430361,7069.815583833214,False
2026-03-22 06:48:32,4437283.8319138745,3085106.947746738,3376192.739449643,"E07,E15,E27,E30",2.634178031930877e-09,4.4243230885596665,previous_point_guess,32.16676343378525,34.80970103834742,7503.960255603125,True
2026-03-22 06:48:34,4437288.027222029,3085118.2202075636,3376193.6994854496,"E07,E15,E27,E30",3.226196034939731e-09,4.423921245237743,motion_prediction_guess,32.16672333185608,34.80977377005557,6.0330475783069435,True
2026-03-22 06:48:36,4437285.191524532,3085136.6586192865,3376189.312856303,"E07,E15,E27,E30",3.226196034939731e-09,4.4235213101803135,previous_point_guess,32.166650491693254,34.80995142950499,9.58199773569997,True
2026-03-22 06:48:38,4437966.872856943,3085553.8432127787,3376923.820374722,"E13,E21,E29,E34",3.226196034939731e-09,21.441243175612595,previous_point_guess,32.16842669994718,34.80945733071546,542.7323738776194,False
2026-03-22 06:48:40,4437267.762715547,3085165.0998559576,3376166.739721053,"E07,E15,E27,E30",1.862645149230957e-09,4.42273269335517,motion_prediction_guess,32.16646893246041,34.81030447636298,550.6921788610846,True
2026-03-22 06:48:42,4436937.841761929,3084810.396028078,3376213.468169992,"E13,E19,E27,E30",1.862645149230957e-09,3.319054215794987,previous_point_guess,32.16909835533322,34.809213581463844,243.33422955319688,False
2026-03-22 06:48:44,4436929.168663692,3083737.659670342,3374902.509574407,"E07,E15,E27,E30",1.862645149230957e-09,4.422353170252118,previous_point_guess,32.16206357066444,34.799926462496174,846.9726907020075,False
2026-03-22 06:48:46,4437523.009951701,3085240.312616097,3376460.772983005,"E07,E15,E21,E29,E34",5.777681032739138,3.1813297811029133,motion_prediction_guess,32.16750113811904,34.80941442641375,1122.3633771316481,False
2026-03-22 06:48:48,4437399.489404362,3085177.2992324145,3376305.483800256,"E07,E15,E21,E29,E34",19.690942117268342,3.180065512837304,previous_point_guess,32.16697536043079,34.80961345854667,104.09459930387689,True
2026-03-22 06:48:50,4437396.205230585,3085191.896006805,3376305.1847167136,"E07,E15,E21,E29,E34",22.697258268044383,3.178784883789267,motion_prediction_guess,32.16694601957283,34.809760389349464,7.482330368344239,True
2026-03-22 06:48:52,4437487.841709034,3085261.3580464995,3376413.754533311,"E07,E15,E21,E29,E34",9.502440616881765,3.1774925094502753,motion_prediction_guess,32.1672231900684,34.80981043713297,79.07215726301902,False
2026-03-22 06:48:54,4437384.662041376,3085204.669917748,3376282.827075625,"E07,E15,E21,E29,E34",21.299405619114523,3.1762295170244803,previous_point_guess,32.16678584905098,34.80994143575377,88.03633757625349,True
2026-03-22 06:48:56,4437392.490809258,3085209.4704566766,3376292.4887301447,"E07,E15,E21,E29,E34",17.22624182243469,3.1749524933557893,previous_point_guess,32.166815584831284,34.80993584226782,6.6648771296437195,True
2026-03-22 06:48:58,4437423.1123746885,3085221.8920997074,3376319.1614856026,"E07,E15,E21,E29,E34",16.32805131077351,3.1736742873482373,motion_prediction_guess,32.16686444319778,34.8098586461758,21.233307377287673,True
2026-03-22 06:49:00,4437402.051746158,3085211.413238406,3376298.672561618,"E07,E15,E21,E29,E34",18.282059925502438,3.172403407094646,previous_point_guess,32.166819777449646,34.809894891163985,15.597697060130653,True
2026-03-22 06:49:02,4437380.791271261,3085204.8058586502,3376272.7846431816,"E07,E15,E21,E29,E34",18.597349163743242,3.1711335282462194,previous_point_guess,32.166724076680424,34.80996604456065,17.072269774814345,True
2026-03-22 06:49:04,4437406.167200937,3085221.909353659,3376285.319349069,"E07,E15,E21,E29,E34",21.982380570469157,3.1698591658467783,motion_prediction_guess,32.16667286173283,34.809961346146316,16.534707437113486,True
2026-03-22 06:49:06,4437015.10662098,3084946.368861747,3376076.685061846,"E07,E19,E27,E30",1.862645149230957e-09,3.3985073412402707,previous_point_guess,32.16737690458485,34.809929612205295,260.9498063249884,False
2026-03-22 06:49:08,4437410.031085549,3085232.994180701,3376239.5479716333,"E07,E15,E21,E29,E34",9.558637975318325,3.167320501928489,motion_prediction_guess,32.16627786568298,34.81003444766546,257.2176770581322,True
2026-03-22 06:49:10,4437263.356284869,3085257.2051664046,3376087.5652236203,"E07,E15,E27,E30",3.226196034939731e-09,4.417170240016117,previous_point_guess,32.1656294908289,34.81113286530502,106.29960568698407,False
2026-03-22 06:49:12,4437285.287217468,3085261.855179087,3376078.3876920915,"E07,E15,E27,E30",2.634178031930877e-09,4.416820143719637,previous_point_guess,32.16546024657063,34.811040611278976,12.112137585630029,False
2026-03-22 06:49:14,4438045.792976019,3085718.556184966,3376864.79077047,"E13,E21,E29,E34",1.862645149230957e-09,23.647521958195654,previous_point_guess,32.16721379349544,34.81041329499472,592.7424860855995,False
2026-03-22 06:49:16,4437449.038249593,3085196.845303799,3376209.5101204687,"E07,E15,E21,E29,E34",19.271076902522285,3.1622594546366267,motion_prediction_guess,32.16599389014346,34.809483733423036,514.2205697232407,True
2026-03-22 06:49:18,4437309.258868804,3085228.037921426,3376030.374771498,"E07,E15,E27,E30",1.862645149230957e-09,4.415799108339291,motion_prediction_guess,32.16509192564717,34.81060117688219,114.67424290024222,False
2026-03-22 06:49:20,4437339.545456951,3085248.396022672,3376031.95897176,"E07,E15,E27,E30",1.862645149230957e-09,4.415455283056151,motion_prediction_guess,32.16492885058258,34.81059508443476,18.26362093312741,False
2026-03-22 06:49:24,4438071.62284893,3085664.285491511,3376781.5567446696,"E13,E21,E29,E34",1.862645149230957e-09,24.346502204788877,previous_point_guess,32.16662545408679,34.80978468253339,281.8242115319878,False
2026-03-22 06:49:34,4458821.879532163,3105484.577651724,3394522.9600170045,"E13,E21,E29,E34",1.862645149230957e-09,25.06504649305871,previous_point_guess,32.1659377273782,34.85647710694223,3373.6842232311574,False
2026-03-22 06:49:38,4437754.386883725,3085149.5543496613,3376346.442256761,"E13,E19,E29,E34",2.634178031930877e-09,9.061877307528045,previous_point_guess,32.16596515880779,34.80722429058473,8615.894530879648,True
2026-03-22 06:49:42,4437590.934694422,3085104.5915045813,3376034.8575431337,"E07,E15,E21,E30",2.634178031930877e-09,4.733307535603979,previous_point_guess,32.16435419585696,34.807822023261764,88.67895374316994,False
2026-03-22 06:49:44,4437654.945471677,3085135.923767895,3376066.8107298603,"E07,E15,E21,E29,E34",17.24089701759882,3.1446879319114265,motion_prediction_guess,32.16425995480656,34.80770739395119,39.0515571747293,False
2026-03-22 06:49:46,4434302.88162712,3083238.7738731834,3373202.786924252,"E07,E15,E21,E29",0.0,5.506018145432843,previous_point_guess,32.16080549617232,34.81148131576057,2399.9032324284476,False
2026-03-22 06:49:48,4436641.106724645,3084215.65998166,3373903.9191679265,"E07,E15,E21,E30",1.862645149230957e-09,4.726105923177298,previous_point_guess,32.154263646550504,34.8058318048278,1314.6472434412315,False
2026-03-22 06:49:50,4437671.145268174,3085135.0686770077,3376022.2504624533,"E07,E15,E21,E29,E34",18.7101999945896,3.1409538523050085,motion_prediction_guess,32.163858295628685,34.80760192050396,1264.2803509909816,True
2026-03-22 06:49:52,4434197.456303611,3083148.6112964526,3373166.505745674,"E07,E15,E21,E29",0.0,5.505258172458704,motion_prediction_guess,32.161191368258955,34.81133447167008,2458.03813206275,False
2026-03-22 06:49:54,4437673.886309561,3085128.477840251,3375997.734965973,"E07,E15,E21,E29,E34",19.694436511889275,3.138471248684466,previous_point_guess,32.16367841156549,34.80752796522632,2450.5762595456877,True
2026-03-22 06:49:56,4435978.16132748,3084042.001588924,3373880.3093989473,"E07,E15,E21,E29,E34",257.4549696700146,3.1374732207652047,previous_point_guess,32.15717271842286,34.80833265869907,1461.1130082445288,False
2026-03-22 06:49:58,4435970.657224039,3084054.0199844306,3373872.406200323,"E07,E15,E21,E29,E34",261.07903177852927,3.1362338178626112,motion_prediction_guess,32.15710900046994,34.80848273546466,8.111934841941457,False
2026-03-22 06:50:00,4434204.46865466,3083132.6637243317,3373134.9620424737,"E07,E15,E21,E29",1.862645149230957e-09,5.504204318189659,previous_point_guess,32.16096646126966,34.81115309434773,1062.0903100224668,False
2026-03-22 06:50:02,4436019.067843588,3084056.8524930757,3373886.9183643474,"E07,E15,E21,E29,E34",253.29184065642215,3.1337562050885093,previous_point_guess,32.15702121777705,34.80821433717435,1085.3954816953042,False
2026-03-22 06:50:04,4437674.288329541,3085106.9887394267,3375955.3129695016,"E07,E15,E21,E29,E34",21.938800187925207,3.1322858056043557,previous_point_guess,32.16341187766598,34.80733848524032,1424.8506268771307,True
2026-03-22 06:50:06,4437680.41762679,3085111.2407640833,3375966.4354894278,"E07,E15,E21,E29,E34",19.968288647684286,3.131050689466862,motion_prediction_guess,32.163460973343255,34.80733840592446,6.696238644855131,True
2026-03-22 06:50:08,4437677.252684173,3085104.1831749235,3375956.2884155083,"E07,E15,E21,E29,E34",17.79496152523574,3.1298187962353685,previous_point_guess,32.163415327600134,34.80729612655559,6.379450126014288,True
2026-03-22 06:50:10,4437676.236728951,3085103.9436880965,3375954.520800006,"E07,E15,E21,E29,E34",18.782928748737824,3.1285871557584075,previous_point_guess,32.163406494843166,34.80730018983409,1.026399473505872,True
2026-03-22 06:50:12,4437685.580633611,3085117.460411571,3375960.800690627,"E07,E15,E21,E29,E34",20.436840587986968,3.1273547232397516,motion_prediction_guess,32.163380567184255,34.80736130064612,8.795558452924327,True
2026-03-22 06:50:14,4437695.438406671,3085114.551379419,3375969.0488554602,"E07,E15,E21,E29,E34",20.915654077736107,3.12612483521401,previous_point_guess,32.163412647713535,34.80727632749662,6.5892029274584525,True
2026-03-22 06:50:16,4437672.067171702,3085096.9809613633,3375949.6307444065,"E07,E15,E21,E29,E34",17.014470010160746,3.1248999157904307,previous_point_guess,32.16340467881668,34.80726481529518,17.549909198719654,True
2026-03-22 06:50:18,4439953.443473613,3087843.4273377364,3377827.7363078,"E07,E15,E21,E29,E34",284.81358259082333,3.1232610745664147,motion_prediction_guess,32.16122483823908,34.81735905560934,2017.109691889707,False
2026-03-22 06:50:20,4440007.948241708,3087872.1859658756,3377854.56851171,"E07,E15,E21,E29,E34",283.04061227200725,3.1220292502560167,motion_prediction_guess,32.16113611954996,34.817279492656006,33.60727452583763,False
2026-03-22 06:50:22,4437685.309773705,3085112.2598620523,3375978.5215264577,"E07,E15,E21,E29,E34",13.796288026522886,3.121219534385711,motion_prediction_guess,32.163531158716026,34.807317672649596,2032.9408404136257,True
2026-03-22 06:50:24,4437700.110617492,3085131.236805037,3375978.2324221153,"E07,E15,E21,E29,E34",19.69344685493034,3.1199935784479615,motion_prediction_guess,32.16341861611929,34.80739328894442,12.034044656614842,True
2026-03-22 06:50:26,4437701.214657571,3085135.084774779,3375984.2144444385,"E07,E15,E21,E29,E34",18.577453945461553,3.118770700095714,motion_prediction_guess,32.16344938495481,34.80742010174085,3.598970919103507,True
2026-03-22 06:50:28,4437673.897116329,3085106.3109097015,3375959.786630861,"E07,E15,E21,E29,E34",17.862513802667284,3.1175541593000795,motion_prediction_guess,32.16344942721281,34.80733495255343,23.296466723635454,True
2026-03-22 06:50:30,4436069.305298611,3084104.9720859705,3373940.114889688,"E07,E15,E21,E29,E34",265.037180398741,3.11655976495481,motion_prediction_guess,32.15709755632527,34.808329211733685,1383.5161982691043,False
2026-03-22 06:50:32,4437694.032135998,3085130.5530132563,3375980.9034593315,"E07,E15,E21,E29,E34",19.51319973936451,3.11511163468458,motion_prediction_guess,32.16346483724129,34.80742411962692,1401.460980595528,True
2026-03-22 06:50:34,4437671.4590841355,3085107.642484853,3375969.9204224176,"E07,E15,E21,E29,E34",14.299170982276316,3.113897498231847,previous_point_guess,32.16353274540222,34.80736129626625,16.99310214433677,True
2026-03-22 06:50:36,4437683.819800342,3085116.2358858264,3375977.21130067,"E07,E15,E21,E29,E34",15.50116170361627,3.112679442885747,previous_point_guess,32.16351613483035,34.807361297345444,8.363473428126444,True
2026-03-22 06:50:38,4437691.345383549,3085125.165978152,3375982.309969243,"E07,E15,E21,E29,E34",17.611287380894026,3.1114628467322856,previous_point_guess,32.1635009247335,34.807393487810145,6.371369020043006,True
2026-03-22 06:50:40,4436068.057473358,3084107.0077563617,3373950.5641654474,"E07,E15,E21,E29,E34",267.1976930576377,3.1104766671151123,previous_point_guess,32.157176701199646,34.80835449060778,1396.3972227856418,False
2026-03-22 06:50:42,4437698.6343150325,3085129.2315345393,3375983.1006751363,"E07,E15,E21,E29,E34",20.319494752016737,3.1090350348247813,motion_prediction_guess,32.1634670917052,34.807384768088745,1399.546976033318,True
2026-03-22 06:50:44,4437693.300632521,3085120.666191537,3375976.132398219,"E07,E15,E21,E29,E34",16.25069238318837,3.107824479051292,previous_point_guess,32.163458391202234,34.80734248872917,6.13127541960223,True
2026-03-22 06:50:46,4437706.375855339,3085135.6455840105,3376000.4310381017,"E07,E15,E21,E29,E34",14.37590831036572,3.106611249997745,previous_point_guess,32.1635512960881,34.80739375136666,15.698467686193524,True
2026-03-22 06:50:48,4437694.823385071,3085129.1385567337,3375984.5167571157,"E07,E15,E21,E29,E34",20.0931473310318,3.105403415389047,motion_prediction_guess,32.163493176752475,34.80740701977635,10.356945888724411,True
2026-03-22 06:50:50,4436058.334463477,3084099.8380011176,3373931.3078353,"E07,E15,E21,E29,E34",263.8506441218479,3.1044248813101567,previous_point_guess,32.15708761650945,34.80835092076575,1410.0729148624666,False
2026-03-22 06:50:52,4437698.28765112,3085121.973209794,3375971.9271871136,"E07,E15,E21,E29,E34",17.55239214324949,3.1029888346995413,previous_point_guess,32.16340305296836,34.8073236875511,1405.198756535131,True
2026-03-22 06:50:54,4437691.410630911,3085109.6304372535,3375970.1379980887,"E07,E15,E21,E29,E34",22.40419118754522,3.101784396867999,previous_point_guess,32.16345032098073,34.80725786739264,7.121071518963512,True
2026-03-22 06:50:56,4437692.974306842,3085109.304398142,3375947.3912135297,"E07,E15,E21,E29,E34",17.87650208841023,3.10058017862184,motion_prediction_guess,32.16327141104777,34.80724556722787,11.401398945902379,True
2026-03-22 06:50:58,4434192.71396479,3083131.3670813846,3373134.457390525,"E07,E15,E21,E29",2.634178031930877e-09,5.4965719655912855,previous_point_guess,32.16101252250074,34.811212990666405,2453.3984176937365,False
2026-03-22 06:51:00,4434199.655450186,3083124.190065226,3373116.5991321728,"E07,E15,E21,E29",2.634178031930877e-09,5.496307456359736,motion_prediction_guess,32.160868394838076,34.81110843647839,10.22999476797078,False
2026-03-22 06:51:02,4437601.100976775,3085053.232493181,3375849.9376420877,"E07,E15,E21,E29",1.862645149230957e-09,5.495098668314864,motion_prediction_guess,32.16304323716095,34.80731345291543,2385.486101876834,True
2026-03-22 06:51:04,4437627.685647735,3085056.3682290814,3375836.273705081,"E07,E15,E21,E29",2.634178031930877e-09,5.494829161332221,previous_point_guess,32.162825553760555,34.807179873884536,15.027314665376592,True
2026-03-22 06:51:06,4437637.905049256,3085054.1600990533,3375804.314334154,"E07,E15,E21,E29",2.634178031930877e-09,5.494564235413147,previous_point_guess,32.162547352166996,34.80709881227208,16.813041037453846,True
2026-03-22 06:51:08,4436094.659057643,3084070.7023039837,3373814.9348746203,"E07,E15,E21,E29,E34",285.77127637405727,3.093605938760251,motion_prediction_guess,32.15613547352761,34.80787733575926,1351.5202606072123,False
2026-03-22 06:51:10,4437828.164005017,3085139.026202011,3375836.1036939765,"E07,E15,E21,E29,E34",22.19007828586359,3.092172765603477,motion_prediction_guess,32.16180761120446,34.806686218285044,1434.5276879519276,False
2026-03-22 06:51:12,4437844.165781202,3085135.51941312,3375803.897804241,"E07,E15,E21,E29,E34",19.14097625341267,3.0909776452768707,previous_point_guess,32.161508301905705,34.80655886756037,18.066361995728236,True
2026-03-22 06:51:14,4433322.886699267,3082828.5646865526,3374730.2684164047,"E07,E15,E27,E30",2.634178031930877e-09,4.401357491433839,previous_point_guess,32.1774647346649,34.81384390246602,2594.06460547929,False
2026-03-22 06:51:16,4437731.534329384,3085202.344681938,3375590.740494361,"E07,E15,E27,E30",2.634178031930877e-09,4.400410742709127,previous_point_guess,32.16014188952138,34.8078220704037,2540.2469166387486,False
2026-03-22 06:51:18,4437750.457133317,3085196.544296258,3375557.2078546225,"E07,E15,E27,E30",1.862645149230957e-09,4.400231723830525,previous_point_guess,32.15982721506833,34.80765707685576,19.468916961358417,False
2026-03-22 06:51:20,4437915.887559075,3085130.306097864,3375696.955037311,"E07,E15,E21,E29,E34",21.733945496948735,3.0862070532655426,motion_prediction_guess,32.16042353780275,34.80607950596855,113.2298544578912,True
2026-03-22 06:51:22,4437940.664735545,3085130.5704846387,3375678.491964256,"E07,E15,E21,E29,E34",21.170897726285528,3.085016601005867,previous_point_guess,32.16018421880701,34.805931884204405,15.450432363371633,True
2026-03-22 06:51:24,4437804.036195405,3085182.692578631,3375484.9536888497,"E07,E15,E27,E30",4.562530187486071e-09,4.399708153513145,motion_prediction_guess,32.159102411175915,34.8072122943982,121.28595828691998,False
2026-03-22 06:51:26,4437833.657441717,3085050.3719808413,3375566.7976744906,"E07,E15,E21,E29",2.634178031930877e-09,5.491891709504441,motion_prediction_guess,32.159973011760854,34.805881311684985,79.1905878531065,True
2026-03-22 06:51:28,4437999.910998933,3085122.981653704,3375598.6595020904,"E07,E15,E21,E29,E34",19.859216944037875,3.0814543586083873,previous_point_guess,32.15936208287231,34.80550734492223,92.09721214334988,False
2026-03-22 06:51:30,4441155.543496716,3086315.8666579984,3380996.994352304,"E07,E15,E21,E29,E34",1798.7247597764726,3.0798606461559714,motion_prediction_guess,32.18484486286224,34.79680171668689,3182.8843149556737,False
2026-03-22 06:51:32,4438056.834091472,3085125.670555984,3375561.2365657086,"E07,E15,E21,E29,E34",23.30613830103917,3.079083336203192,motion_prediction_guess,32.158844695830716,34.805186326754004,3184.5733408859064,True
2026-03-22 06:51:34,4438069.5254766755,3085114.668998262,3375525.6853321935,"E07,E15,E21,E29,E34",22.501794458370792,3.0779018901481794,motion_prediction_guess,32.158553422055,34.80501377859651,19.659576134390655,True
2026-03-22 06:51:36,4437937.652104046,3085177.2847431777,3375338.367233266,"E07,E15,E27,E30",1.862645149230957e-09,4.39872691155687,motion_prediction_guess,32.15747157691463,34.80635671578636,118.74277673373466,False
2026-03-22 06:51:38,4438102.1941540465,3085112.1165373754,3375483.0361379343,"E07,E15,E21,E29,E34",20.734060299108208,3.07553965031733,previous_point_guess,32.15810608392312,34.80479389848626,114.29137461296241,True
2026-03-22 06:51:40,4437983.432902532,3085179.9566955976,3375295.0942826914,"E07,E15,E27,E30",1.862645149230957e-09,4.398419720261073,previous_point_guess,32.156953481465365,34.80610296080326,116.2203326457273,False
2026-03-22 06:51:42,4437990.252177886,3085167.1754180295,3375268.738829871,"E07,E15,E27,E30",3.226196034939731e-09,4.398274113966941,motion_prediction_guess,32.156760417180124,34.80595045108774,15.037232674131445,False
2026-03-22 06:51:44,4438010.808737031,3085161.1500318996,3375247.3830586574,"E07,E15,E27,E30",0.0,4.398128771392115,previous_point_guess,32.15653287634486,34.80577362384826,15.124040184839384,True
2026-03-22 06:51:46,4438036.971462959,3085165.5418881695,3375220.291041345,"E07,E15,E27,E30",2.634178031930877e-09,4.3979840376189525,previous_point_guess,32.156210911461,34.80565354764217,18.95886357059926,True
2026-03-22 06:51:48,4438052.780773117,3085154.3437000588,3375196.52868374,"E07,E15,E27,E30",3.226196034939731e-09,4.397845464122279,previous_point_guess,32.15599787637198,34.805460422423174,15.32957389787167,True
2026-03-22 06:51:50,4438214.876174521,3085093.97649684,3375322.045907143,"E07,E15,E21,E29,E34",12.135389898634202,3.068481648793945,previous_point_guess,32.156482693267,34.80395423559534,106.85702100399187,False
2026-03-22 06:51:52,4438095.411771835,3085154.174741804,3375154.0518387547,"E07,E15,E27,E30",1.862645149230957e-09,4.397570835026319,motion_prediction_guess,32.15550605370182,34.80520100872175,107.37501946395676,True
2026-03-22 06:51:54,4441640.218334098,3086408.471778019,3380880.810509301,"E07,E15,E21,E29,E34",1846.8273071030628,3.065702281928863,motion_prediction_guess,32.18179550617429,34.79467731680223,3425.444478078672,False
2026-03-22 06:51:56,4434203.60998464,3082219.9690829543,3374956.9734929195,"E07,E15,E21,E29",3.226196034939731e-09,5.488954485464328,previous_point_guess,32.177390698695895,34.80320767530909,5194.673800308482,False
2026-03-22 06:51:58,4438142.682059032,3085144.195662694,3375097.7883659,"E07,E15,E27,E30",2.634178031930877e-09,4.397181154916238,motion_prediction_guess,32.154917569254046,34.804828142088326,2453.936568320517,True
2026-03-22 06:52:00,4438301.18767586,3085081.2895131405,3375250.3950314703,"E07,E15,E21,E29,E34",20.32465798570553,3.0626301297741394,previous_point_guess,32.15563031264891,34.803321605634025,114.42247221822825,False
2026-03-22 06:52:02,4438303.913834932,3085077.511751977,3375248.247266131,"E07,E15,E21,E29,E34",21.389004672283566,3.061463784521935,motion_prediction_guess,32.15561352114638,34.80327223067135,2.5649716689964945,False
2026-03-22 06:52:04,4438310.318003507,3085085.1578605454,3375229.387175918,"E07,E15,E21,E29,E34",19.921025702427908,3.060297858397586,motion_prediction_guess,32.155423356871104,34.80330003578022,10.667466360622369,True
2026-03-22 06:52:06,4438316.904676276,3085082.9877241594,3375243.2752024247,"E07,E15,E21,E29,E34",24.142601588118737,3.0591330365948686,previous_point_guess,32.155509369507904,34.80324129700777,7.7616208092799335,True
2026-03-22 06:52:08,4438314.608433652,3085083.0018892493,3375241.0078202155,"E07,E15,E21,E29,E34",20.40254541527134,3.057970049004543,previous_point_guess,32.155501069901284,34.80325531281196,1.613532841545911,True
2026-03-22 06:52:10,4438311.339464131,3085087.8541035936,3375227.177748619,"E07,E15,E21,E29,E34",14.839824433439787,3.056808144543528,previous_point_guess,32.15539507860692,34.80331732367008,7.508345792087527,True
2026-03-22 06:52:12,4438305.361282391,3085083.8560085585,3375234.5593239474,"E07,E15,E21,E29,E34",18.355144310512774,3.055647709547883,previous_point_guess,32.15548594162073,34.80331869334303,5.152937879419195,True
2026-03-22 06:52:14,4438320.242231767,3085089.7519871523,3375245.055751697,"E07,E15,E21,E29,E34",19.260597295046136,3.054486428131722,previous_point_guess,32.15549128133348,34.80327997992901,9.570530463603285,True
2026-03-22 06:52:16,4438317.610043519,3085086.6310884627,3375243.817500145,"E07,E15,E21,E29,E34",21.12707806731846,3.053328258285721,previous_point_guess,32.155500749864615,34.80326874095917,2.133171963717629,True
2026-03-22 06:52:18,4438206.542958646,3085037.0153766656,3375192.7961872,"E07,E15,E21,E29",3.226196034939731e-09,5.48500399466976,previous_point_guess,32.15568484089743,34.80350886359219,65.95602810579666,False
2026-03-22 06:52:20,4442135.772702712,3086631.9067942197,3381117.8599668383,"E07,E15,E21,E29,E34",2795.078412598302,3.0505322191940696,motion_prediction_guess,32.181038612973744,34.79362554808094,3643.106703358314,False
2026-03-22 06:52:22,4438310.323071994,3085075.7583364337,3375245.019037556,"E07,E15,E21,E29,E34",18.594959946734285,3.049860536820115,motion_prediction_guess,32.155568421803274,34.80321819242929,3589.774487362773,True
2026-03-22 06:52:24,4441179.3267464135,3086094.914405384,3380338.017798699,"E07,E15,E21,E29,E34",1701.6025601254314,3.0483382059635478,motion_prediction_guess,32.180331217570604,34.79473566951514,2966.8374389961305,False
2026-03-22 06:52:26,4438314.02936763,3085080.989495507,3375241.287752396,"E07,E15,E21,E29,E34",19.07999872000902,3.0475530208681256,motion_prediction_guess,32.15551100132842,34.80324130052553,2967.0958004679687,True
2026-03-22 06:52:28,4438320.126490174,3085087.2222907003,3375246.8113436173,"E07,E15,E21,E29,E34",19.696341088814783,3.046400242558617,motion_prediction_guess,32.155512069430344,34.80325866196168,5.160733940352639,True
2026-03-22 06:52:30,4440522.010699985,3087776.390027445,3376979.0688168574,"E07,E15,E21,E29,E34",254.44815582580478,3.0448621019523388,motion_prediction_guess,32.15269447334306,34.81333704980999,1941.689544144341,False
2026-03-22 06:52:32,4440532.308675357,3087776.302008392,3376997.1357865143,"E07,E15,E21,E29,E34",260.78845662115305,3.043711753360179,motion_prediction_guess,32.15279201465139,34.81327400332429,10.397973801519699,False
2026-03-22 06:52:34,4438201.1920008985,3085184.479563329,3375090.492633149,"E07,E15,E27,E30",0.0,4.395314536832877,previous_point_guess,32.154520950299194,34.80482475734678,1986.6389110093348,True
2026-03-22 06:52:36,4438309.583653006,3085082.311464224,3375234.223383196,"E07,E15,E21,E29,E34",15.244087568972548,3.0418057000169467,previous_point_guess,32.15547096851008,34.803279703903776,103.49589270878836,False
2026-03-22 06:52:38,4442026.48082261,3086559.17640258,3380997.7759872954,"E07,E15,E21,E29,E34",1904.423389827039,3.0401925114863664,previous_point_guess,32.180752773472506,34.79365348308457,3507.6699258829453,False
2026-03-22 06:52:40,4438310.169855701,3085083.6788326213,3375233.672953074,"E07,E15,E21,E29,E34",17.153501451053906,3.0395144383129113,previous_point_guess,32.15546071077617,34.80328805876497,3507.596900687273,True
2026-03-22 06:52:42,4436845.69581871,3084184.1378224557,3373363.6985932114,"E07,E15,E21,E29,E34",287.3124501445089,3.03857095939241,motion_prediction_guess,32.14941770173076,34.80431909990306,1269.907707328829,False
2026-03-22 06:52:44,4438323.505963751,3085084.7121498743,3375224.823010703,"E07,E15,E21,E29,E34",20.371677535325855,3.0372273170297057,previous_point_guess,32.15533776342965,34.80321636780276,1270.7026640185497,True
2026-03-22 06:52:46,4438323.866788924,3085093.3190826876,3375211.117609121,"E07,E15,E21,E29,E34",18.2004756598026,3.0360853192619244,motion_prediction_guess,32.15520813471968,34.80328909859823,8.093940940398706,True
2026-03-22 06:52:48,4438313.010521158,3085099.178394702,3375200.4729388338,"E07,E15,E21,E29,E34",17.159911281233637,3.0349451544605586,motion_prediction_guess,32.15515360197147,34.803405778987724,8.147071446398044,True
2026-03-22 06:52:50,4440566.510879253,3087815.961402866,3376985.3755393666,"E07,E15,E21,E29,E34",259.275903451334,3.0334136343963936,previous_point_guess,32.15245902005592,34.8134120869845,1977.6912720881821,False
2026-03-22 06:52:52,4440587.232064324,3087855.7172704106,3377012.890985315,"E07,E15,E21,E29,E34",263.20913066180805,3.0322703946679592,previous_point_guess,32.152478515481896,34.81363253779838,26.30112298331016,False
2026-03-22 06:52:54,4438151.118443656,3085259.330509739,3375037.8401292185,"E07,E15,E27,E30",0.0,4.394646858104,motion_prediction_guess,32.15411125398703,34.80577920919683,2035.7246663022968,False
2026-03-22 06:52:56,4436765.913829164,3084264.612128946,3373269.142946225,"E07,E15,E21,E29,E34",282.2975077198041,3.0305945180167386,motion_prediction_guess,32.14878947578094,34.80550261532043,1228.4691903164023,False
2026-03-22 06:52:58,4441387.799061663,3088849.744578707,3374279.773379584,"E07,E15,E27,E30",2.634178031930877e-09,4.393698499700715,motion_prediction_guess,32.125749404071755,34.81743530566275,3294.1856564666396,False
2026-03-22 06:53:00,4441371.43694809,3088866.7818181966,3374269.0906516956,"E07,E15,E27,E30",2.634178031930877e-09,4.393650673476998,previous_point_guess,32.125685624727154,34.81768238509625,12.962512923380903,False
2026-03-22 06:53:02,4438246.058191796,3085245.095394866,3375139.569865335,"E07,E15,E21,E29,E34",15.767189161036447,3.026985686056315,previous_point_guess,32.15455278054348,34.80508088431643,2431.1694192614805,True
2026-03-22 06:53:04,4438234.112499561,3085271.010722009,3375125.5581613453,"E07,E15,E21,E29,E34",16.724408520555055,3.025852937490187,motion_prediction_guess,32.154421893247495,34.805378717780705,15.895216203144127,True
2026-03-22 06:53:06,4436751.019598985,3084395.9084454775,3373265.7125540613,"E07,E15,E21,E29,E34",291.55680446899004,3.024920640754693,motion_prediction_guess,32.14846223018992,34.80673587472501,1267.3194377369243,False
2026-03-22 06:53:08,4438218.694417336,3085328.7405163758,3375112.3820668776,"E07,E15,E21,E29,E34",19.464699880280076,3.0235894771291356,motion_prediction_guess,32.15422391747756,34.8059744590537,1268.3092421096242,True
2026-03-22 06:53:10,4438209.375476718,3085362.236657431,3375098.814394873,"E07,E15,E21,E29,E34",19.217543936759835,3.0224593009028515,motion_prediction_guess,32.15406530094873,34.806322376597535,18.660893892369796,True
2026-03-22 06:53:12,4438202.033088696,3085385.3431767235,3375089.618878114,"E07,E15,E21,E29,E34",17.694034935891448,3.0213309134917927,motion_prediction_guess,32.153960734584814,34.806567908210695,12.965140031507756,True
2026-03-22 06:53:14,4438183.154748473,3085397.7852457226,3375069.524701864,"E07,E15,E21,E29,E34",16.806580201831594,3.020205413446958,motion_prediction_guess,32.153847633194296,34.806790421066914,15.124258078649884,True
2026-03-22 06:53:16,4438176.307443198,3085420.450159815,3375062.7842605156,"E07,E15,E21,E29,E34",16.05315466591556,3.0190792063992764,motion_prediction_guess,32.15376106765626,34.8070291131118,12.308711040643407,True
2026-03-22 06:53:18,4438187.919831828,3085459.6984009678,3375059.874446686,"E07,E15,E21,E29,E34",19.516835742574752,3.0179517014963033,motion_prediction_guess,32.15358558057058,34.80730044219892,20.516694542497937,True
2026-03-22 06:53:20,4438184.70662564,3085476.6820174395,3375039.592223195,"E07,E15,E21,E29,E34",17.23668293246889,3.0168284083496015,previous_point_guess,32.153396874567925,34.80746769738636,13.324193335845555,True
2026-03-22 06:53:22,4438195.683635942,3085480.549917477,3375021.7947852984,"E07,E15,E21,E29,E34",19.597572316719106,3.0157065932667506,previous_point_guess,32.15320715279315,34.80743494317482,10.632546749672386,True
2026-03-22 06:53:24,4438207.998416429,3085485.821097498,3375006.1412051446,"E07,E15,E21,E29,E34",16.94585892587465,3.014585650311114,motion_prediction_guess,32.153024682949045,34.807406307901616,10.30138011266018,True
2026-03-22 06:53:26,4436710.561866952,3084576.230355434,3373113.6442037555,"E07,E15,E21,E29,E34",299.4007794989451,3.013668340684367,motion_prediction_guess,32.146966119961135,34.8085506485578,1289.4976190386067,False
2026-03-22 06:53:28,4436783.567196899,3084593.481384399,3373122.2623582277,"E07,E15,E21,E29,E34",299.85381248569274,3.012544939429033,motion_prediction_guess,32.14669695675938,34.80825895849638,37.75463146263757,False
2026-03-22 06:53:30,4436788.625321946,3084586.276927855,3373101.1293268944,"E07,E15,E21,E29,E34",307.10836379955384,3.011428830835395,previous_point_guess,32.14653534985278,34.80816562277715,11.446547912158724,False
2026-03-22 06:53:32,4436793.44319806,3084566.6551721706,3373053.0732107013,"E07,E15,E21,E29,E34",304.29044820702427,3.0103156462035514,motion_prediction_guess,32.14620307358989,34.80796563756665,26.065377083116292,False
2026-03-22 06:53:34,4441001.039627866,3087843.2815181636,3380310.2355261547,"E07,E15,E21,E29,E34",2339.645016885912,3.008519515893314,motion_prediction_guess,32.17603382859831,34.81102190508202,4502.95882726598,False
2026-03-22 06:53:36,4436309.356759861,3082848.2555327774,3374413.8299096613,"E07,E19,E27,E30",1.862645149230957e-09,3.445083768562322,motion_prediction_guess,32.1632131940311,34.795932312789816,4520.225987791661,False
2026-03-22 06:53:38,4436343.092872612,3082845.194621254,3374387.127628102,"E07,E19,E27,E30",2.634178031930877e-09,3.4454344682272366,previous_point_guess,32.16288460847244,34.7957014752275,21.566793476200342,False
2026-03-22 06:53:40,4434486.905655955,3083301.7331641233,3371896.9124792805,"E07,E15,E21,E29,E34",42.837691311126285,3.0061128367800882,previous_point_guess,32.14992989773179,34.81091522212529,1569.6360973030173,False
2026-03-22 06:53:42,4436010.584247347,3084213.4878681665,3373658.9786492395,"E07,E15,E21,E29,E34",340.9405642990294,3.004803055905828,previous_point_guess,32.15488443006864,34.80962955373732,1250.7767863937017,False
2026-03-22 06:53:44,4436948.191739047,3084532.804414295,3372869.974012957,"E07,E15,E21,E29,E34",305.55593620050956,3.003643780061274,previous_point_guess,32.14428743082708,34.806734337108814,633.1664830830056,False
2026-03-22 06:53:46,4437003.5477354415,3084550.729717922,3372871.654110144,"E07,E15,E21,E29,E34",312.9978325943713,3.002531380321053,motion_prediction_guess,32.14403300319288,34.806555366005746,29.10509222413638,False
2026-03-22 06:53:48,4436164.129851738,3085191.7577254823,3372748.4433633382,"E07,E19,E27,E30",0.0,3.447225803469551,previous_point_guess,32.14464332818005,34.81721694336134,531.6766352978359,False
2026-03-22 06:53:50,4438537.080111267,3085443.088717157,3374610.7627164745,"E07,E15,E21,E29,E34",17.57740496184906,3.000121270592197,previous_point_guess,32.14882654119087,34.80504337001321,1513.464037782278,True
2026-03-22 06:53:52,4438405.360038073,3085368.9342339244,3374526.2858274286,"E07,E15,E21,E29",2.634178031930877e-09,5.472850645588179,motion_prediction_guess,32.1489036456498,34.8051948999154,86.58147874787153,False
2026-03-22 06:53:54,4438424.690163681,3085374.359210827,3374511.0773322075,"E07,E15,E21,E29",1.862645149230957e-09,5.472591762076303,motion_prediction_guess,32.14869650844228,34.8051251655723,12.593475069684867,True
2026-03-22 06:53:56,4438426.5095023615,3085372.8404188445,3374499.256353356,"E07,E15,E21,E29",2.634178031930877e-09,5.4723376126093335,previous_point_guess,32.148603246530946,34.80510093988282,6.0281063222108715,True
2026-03-22 06:53:58,4438463.592377842,3085388.509922431,3374502.267934462,"E07,E15,E21,E29",1.862645149230957e-09,5.4720742146188,motion_prediction_guess,32.14843721622193,34.805012961788655,20.185035405789833,True
2026-03-22 06:54:00,4438455.523828202,3085378.1099610254,3374479.470750852,"E07,E15,E21,E29",1.862645149230957e-09,5.471823193592406,motion_prediction_guess,32.14832343330776,34.80497126333639,13.162183244858316,True
2026-03-22 06:54:02,4438596.335737952,3085444.8403200107,3374523.285133702,"E07,E15,E21,E29,E34",19.907554824470036,2.9935084358379895,previous_point_guess,32.14792040383963,34.804700124206214,80.93305085426373,False
2026-03-22 06:54:04,4438117.688397202,3085104.1696326924,3374391.120789091,"E13,E19,E27,E30",1.862645149230957e-09,3.2863052606279,previous_point_guess,32.149730324860954,34.80463098064654,301.0926800803084,False
2026-03-22 06:54:06,4438641.519243568,3085457.9068610263,3374502.744971817,"E07,E15,E21,E29,E34",20.325874026173082,2.991310462611513,previous_point_guess,32.14754978030721,34.80454049142496,320.9317452682115,True
2026-03-22 06:54:08,4438135.2690171795,3085104.1892448035,3374354.68541906,"E13,E19,E27,E30",0.0,3.285813410863883,previous_point_guess,32.149382796248446,34.804524780354946,317.54018442850577,False
2026-03-22 06:54:10,4438648.8026959635,3085451.570825663,3374457.3738238416,"E07,E15,E21,E29,E34",17.563559191329677,2.989121002462795,motion_prediction_guess,32.147192032195754,34.8044412857986,314.2195531958807,True
2026-03-22 06:54:12,4438526.4848593,3085381.7747298162,3374368.016293638,"E07,E15,E21,E29",1.862645149230957e-09,5.470288965387387,previous_point_guess,32.14718284816014,34.80457384537457,83.39351948086225,False
2026-03-22 06:54:14,4438562.568998785,3085389.895743262,3374350.371639673,"E07,E15,E21,E29",2.634178031930877e-09,5.470027586543354,motion_prediction_guess,32.14688372026651,34.80442621896875,20.48993530547516,True
2026-03-22 06:54:16,4438583.052720232,3085399.0630603526,3374330.075002613,"E07,E15,E21,E29",1.862645149230957e-09,5.469770351866759,previous_point_guess,32.14662294304907,34.80438208022978,15.129243395776722,True
2026-03-22 06:54:18,4438724.321787808,3085463.2016795515,3374354.366806924,"E07,E15,E21,E29,E34",17.195353169412822,2.98475066256373,previous_point_guess,32.14607619567193,34.80408564234695,78.51879342434356,False
2026-03-22 06:54:20,4438735.490610355,3085462.09252058,3374324.779669298,"E07,E15,E21,E29,E34",16.768209101228624,2.983661621974577,motion_prediction_guess,32.14580933208139,34.80400842245355,15.822227589688854,True
2026-03-22 06:54:22,4438750.173137397,3085456.7542742235,3374283.971662307,"E07,E15,E21,E29,E34",15.164731214156811,2.98257418306105,previous_point_guess,32.14545453379696,34.803873140987264,21.848151575458058,True
2026-03-22 06:54:24,4438778.221842147,3085464.103658999,3374260.5264161984,"E07,E15,E21,E29,E34",14.563037706578056,2.981485654120031,motion_prediction_guess,32.14514489855815,34.80376742024965,18.64418716301939,True
2026-03-22 06:54:26,4438811.710770734,3085479.4546885067,3374236.3805342647,"E07,E15,E21,E29,E34",18.74196612763753,2.9803973105896864,previous_point_guess,32.144786570565344,34.80369842723925,22.02377158411462,True
2026-03-22 06:54:28,4438833.024619233,3085480.1117956517,3374206.6739022317,"E07,E15,E21,E29,E34",16.6028430858527,2.9793120209518134,previous_point_guess,32.14447398932981,34.803575208946796,18.28384474331646,True
2026-03-22 06:54:30,4438851.17900086,3085484.646903733,3374174.2092709397,"E07,E15,E21,E29,E34",17.379148704195455,2.9782277201553535,previous_point_guess,32.144142177303365,34.80350485382233,18.73566827271932,True
2026-03-22 06:54:32,4438860.89596965,3085474.6354897553,3374135.342678105,"E07,E15,E21,E29,E34",15.082847387769853,2.9771463059649075,motion_prediction_guess,32.143834557048834,34.80335894469438,20.64739651183101,True
2026-03-22 06:54:34,4438902.320583232,3085479.964297799,3374119.66991988,"E07,E15,E21,E29,E34",16.73454956242119,2.976062562851481,motion_prediction_guess,32.14353710846367,34.803154728830286,22.304877022509086,True
2026-03-22 06:54:36,4439663.222787891,3085762.758716611,3372893.3744266676,"E13,E19,E27,E30",0.0,3.2823134346636786,motion_prediction_guess,32.13040211483463,34.801013212141015,735.3137910170395,False
2026-03-22 06:54:38,4225880.047536276,2871062.3079838003,3175302.223328746,"E13,E21,E29,E34",3.226196034939731e-09,542.4490964622025,previous_point_guess,32.04491063225626,34.19218247362997,180860.3000645362,False
2026-03-22 06:54:44,4438881.905320035,3085538.214349623,3373796.173331805,"E07,E15,E27,E34",1.862645149230957e-09,2.975233599854145,motion_prediction_guess,32.140987984075664,34.80378516228853,60270.12204755785,True
2026-03-22 06:54:46,4439519.051982782,3087250.448714539,3374917.5082466966,"E07,E15,E21,E29",1.862645149230957e-09,5.4657346024677524,previous_point_guess,32.14235085818093,34.814828794589374,1071.8085628510685,False
2026-03-22 06:54:48,4435991.672645903,3085318.3289318797,3372227.0099883103,"E07,E15,E21,E29",2.634178031930877e-09,5.466436283114887,previous_point_guess,32.14099286579571,34.81936287557798,2419.414842434076,False
2026-03-22 06:54:50,4442241.689851063,3086389.500416243,3372985.9758533034,"E07,E15,E21,E29",1.862645149230957e-09,5.464578771118785,previous_point_guess,32.11924279966779,34.7908767820642,3193.201864819042,False
2026-03-22 06:54:52,4436002.3061592225,3085366.1154442336,3372174.6602925416,"E07,E15,E21,E29",1.862645149230957e-09,5.465935565267168,motion_prediction_guess,32.14042009350824,34.81971447685102,3187.2973894068095,False
2026-03-22 06:54:54,4435990.207839337,3085395.6815826455,3372151.146114185,"E07,E15,E21,E29",4.562530187486071e-09,5.465689795360731,previous_point_guess,32.14020710496631,34.82004509868092,19.833320879422423,False
2026-03-22 06:54:58,4436225.257643062,3084166.6438999735,3373066.3358431845,"E13,E19,E27,E34",2.634178031930877e-09,2.719994086494699,previous_point_guess,32.14963992987078,34.807922147205105,387.568887080491,False
2026-03-22 06:55:00,4438992.648940518,3085652.9530429607,3373781.119185077,"E07,E15,E21,E29,E34",14.725558415091601,2.9620883965967977,previous_point_guess,32.14012262502224,34.80411375768781,1610.7827823459818,True
2026-03-22 06:55:02,4438991.404508758,3085694.786801231,3373792.681981779,"E07,E15,E21,E29,E34",15.519829100395905,2.9610179275311292,motion_prediction_guess,32.140101268615965,34.80448533807583,21.710079508157314,True
2026-03-22 06:55:04,4438967.813005878,3085721.340189439,3373798.5732989246,"E07,E15,E21,E29,E34",15.04335266720666,2.9599509925747673,motion_prediction_guess,32.14016647182897,34.80485912621332,18.002423803373883,True
2026-03-22 06:55:06,4438953.37847136,3085755.198207399,3373810.1810068097,"E07,E15,E21,E29,E34",17.405189236532312,2.9588839374731464,motion_prediction_guess,32.14021925079916,34.805241087472574,19.296761705560158,True
2026-03-22 06:55:08,4438932.020176646,3085787.5724959215,3373813.6055549714,"E07,E15,E21,E29,E34",18.412154106456263,2.957818626983115,motion_prediction_guess,32.1402408810602,34.80565202091763,19.467914889115352,True
2026-03-22 06:55:10,4438892.897306096,3085810.300261089,3373816.1049959045,"E07,E15,E21,E29,E34",15.562390093274418,2.9567560259950563,motion_prediction_guess,32.1403518350594,34.80608647592372,22.657214715196414,True
2026-03-22 06:55:12,4438864.805652879,3085841.5260271598,3373808.542629522,"E07,E15,E21,E29,E34",15.39692654113373,2.9556935706513756,previous_point_guess,32.14031923899577,34.80652815019773,21.338807560689148,True
2026-03-22 06:55:14,4438854.226862062,3085882.999556665,3373818.488796985,"E07,E15,E21,E29,E34",17.064805131557762,2.9546300311961824,motion_prediction_guess,32.140323284676654,34.80695305511109,21.970950775788765,True
2026-03-22 06:55:16,4438844.814055289,3085935.2124775006,3373827.315310799,"E07,E15,E21,E29,E34",14.914288943488888,2.953566643478072,previous_point_guess,32.14028477888061,34.80746435789694,26.8919011026007,True
2026-03-22 06:55:18,4436251.001438053,3084655.012121586,3372667.456839295,"E07,E15,E21,E29,E34",346.9462678714342,2.952765970692003,motion_prediction_guess,32.1451532814237,34.81201831787168,1558.2079866415943,False
2026-03-22 06:55:20,4434130.442457534,3082509.9086087523,3371646.4055389273,"E07,E15,E27,E30",0.0,4.398965446732397,previous_point_guess,32.15159230449396,34.80617664917782,1592.2299793539867,False
2026-03-22 06:55:22,4437621.761671965,3087514.8975058068,3372067.767444702,"E07,E15,E27,E30",2.634178031930877e-09,4.397877713564377,previous_point_guess,32.12733761540636,34.828610268238485,3058.4624230292957,False
2026-03-22 06:55:24,4437777.7484926125,3088864.844663807,3373240.2167402357,"E07,E15,E27,E30",3.226196034939731e-09,4.3976621081075224,motion_prediction_guess,32.13197910234926,34.8394087001498,897.40272010493,False
2026-03-22 06:55:26,4438599.408616804,3086060.928476189,3373740.1708342857,"E07,E15,E21,E29",1.862645149230957e-09,5.461065839166708,motion_prediction_guess,32.1402417276568,34.81004303140462,1482.1458635228446,True
2026-03-22 06:55:28,4438698.724171766,3086156.9940978587,3373773.4425633564,"E07,E15,E21,E29,E34",17.939627312433014,2.94722347925496,motion_prediction_guess,32.13984151480255,34.81027809641696,71.06192911763698,False
2026-03-22 06:55:30,4438385.195123283,3087571.762911586,3374384.330050474,"E07,E15,E21,E29,E34",112.3110784298039,2.94605019289305,previous_point_guess,32.14186545751174,34.824484400713644,786.2974600072201,False
2026-03-22 06:55:32,4437721.989359094,3089033.4031604487,3373175.5809516683,"E07,E15,E27,E30",1.862645149230957e-09,4.398256126709496,previous_point_guess,32.13124321672341,34.84121223902849,1004.6527368464965,False
2026-03-22 06:55:34,4434182.474302743,3084072.6966371415,3372740.715395332,"E07,E15,E27,E30",0.0,4.399646655888825,previous_point_guess,32.155463350330564,34.81947347726377,3054.745656212912,False
2026-03-22 06:55:36,4436155.368571256,3085028.757159474,3372587.0052263015,"E07,E15,E21,E29,E34",347.84560052257234,2.94326486205824,previous_point_guess,32.14389139488943,34.81585101085165,1098.861949150089,False
2026-03-22 06:55:38,4436129.637650655,3085068.4842144013,3372548.7564446097,"E07,E15,E21,E29,E34",353.39383084534575,2.942216174426051,motion_prediction_guess,32.14359174665433,34.8163526300777,30.427325174606263,False
2026-03-22 06:55:40,4434149.361896312,3084212.6203112947,3372693.1240611966,"E07,E15,E27,E30",2.634178031930877e-09,4.400126167460497,motion_prediction_guess,32.15484658889334,34.820892564208975,1081.0685792998775,False
2026-03-22 06:55:42,4434093.385207966,3084204.340341598,3372671.550572662,"E07,E15,E27,E30",0.0,4.400305434854289,motion_prediction_guess,32.15492517815568,34.821159522473096,30.279378064533613,False
2026-03-22 06:55:44,4434696.138725953,3085151.652251018,3372748.0342266466,"E13,E19,E27,E30",2.634178031930877e-09,3.2737007858059495,previous_point_guess,32.150535584753165,34.825757179056424,562.708051857828,False
2026-03-22 06:55:46,4434960.590461871,3085584.8702128166,3372758.306472534,"E07,E19,E27,E30",1.862645149230957e-09,3.46810909132466,previous_point_guess,32.14838393514974,34.82792696444137,253.82968802432967,False
2026-03-22 06:55:48,4435952.945928063,3085244.3526984532,3372481.052573839,"E07,E15,E21,E29,E34",346.0869963866198,2.9369890519488795,motion_prediction_guess,32.14328885471292,34.81895337460996,542.5843881858186,False
2026-03-22 06:55:50,4435549.378087967,3085361.2624056903,3372841.6784638423,"E07,E15,E21,E34",0.0,3.1238957172757917,motion_prediction_guess,32.14731348636169,34.822414696078454,276.8510040377899,False
2026-03-22 06:55:56,4438400.224185782,3086734.9727401477,3373652.232358713,"E07,E15,E21,E29,E34",17.109085782353155,2.9325642195300654,previous_point_guess,32.13850872100855,34.81711333638947,544.4518439298932,True
2026-03-22 06:55:58,4438359.87535241,3086768.9598362083,3373646.8259260464,"E07,E15,E21,E29,E34",15.779055058402234,2.9315263955196467,previous_point_guess,32.13853325446422,34.81765320720112,26.51594127728104,True
2026-03-22 06:56:00,4438330.592185862,3086811.7906123074,3373649.109416552,"E07,E15,E21,E29,E34",16.616983812989044,2.9304881743656623,previous_point_guess,32.13854870214927,34.8182030659561,25.967256079429614,True
2026-03-22 06:56:02,4435755.433558201,3085547.224531924,3372522.6546838796,"E07,E15,E21,E29,E34",345.68531065207594,2.9297044370517304,previous_point_guess,32.143554820920386,34.82278578583428,1541.0604785368512,False
2026-03-22 06:56:04,4438281.341829093,3086904.7897908585,3373657.7501034434,"E07,E15,E21,E29,E34",17.293286094192382,2.928413742551928,previous_point_guess,32.13855391010129,34.819310250041724,1542.047148820391,True
2026-03-22 06:56:06,4438255.158012423,3086952.195973442,3373658.54419839,"E07,E15,E21,E29,E34",17.49550424948752,2.9273781954319538,motion_prediction_guess,32.13853324007582,34.81988116005538,27.081215765490885,True
2026-03-22 06:56:08,4438208.982661549,3086984.6719022286,3373641.2400375004,"E07,E15,E21,E29,E34",16.69161789047996,2.9263463387299566,motion_prediction_guess,32.13849399911274,34.82044314924275,29.52237694938454,True
2026-03-22 06:56:10,4438184.16248128,3087031.1151793357,3373637.0287084193,"E07,E15,E21,E29,E34",17.441080576855462,2.9253130511530956,motion_prediction_guess,32.13843237159075,34.82099742957335,26.413796724715887,True
2026-03-22 06:56:12,4438174.841338448,3087090.219212457,3373641.8456461923,"E07,E15,E21,E29,E34",17.964874439310442,2.924278819247042,previous_point_guess,32.138343963233716,34.82156806520758,30.0140522273015,True
2026-03-22 06:56:14,4438122.685613227,3087114.502857312,3373614.56235451,"E07,E15,E21,E29,E34",15.907446163142092,2.923251328736479,motion_prediction_guess,32.13827450740233,34.82209497609045,31.836665520282562,True
2026-03-22 06:56:16,4437184.89843762,3090007.361284737,3373047.9973479677,"E07,E15,E27,E30",1.862645149230957e-09,4.402296585300702,previous_point_guess,32.12971401588411,34.85293404445466,1546.6957178526318,False
2026-03-22 06:56:18,4437162.197411618,3090060.0172359855,3373043.398958324,"E07,E15,E27,E30",1.862645149230957e-09,4.402510127130165,motion_prediction_guess,32.12962393331444,34.85352938679307,28.762523232232553,False
2026-03-22 06:56:20,4440243.250704089,3089932.055883853,3375307.977154747,"E07,E15,E21,E29,E34",241.57785607323595,2.919796992180165,previous_point_guess,32.13513758166936,34.83376798232448,1912.9543843490385,False
2026-03-22 06:56:22,4437114.015412453,3090158.592610117,3373020.552883113,"E07,E15,E27,E30",2.634178031930877e-09,4.402947962294316,previous_point_guess,32.12936893716312,34.85467832187618,1941.374654544543,False
2026-03-22 06:56:24,4438010.675655052,3087368.442973345,3373574.9355667005,"E07,E15,E21,E29,E34",16.58566271201963,2.9181092210716715,previous_point_guess,32.13771739203123,34.82498217206056,1491.3311793578334,True
2026-03-22 06:56:27,4440092.0256199725,3093850.1985365963,3377097.9660653616,"E07,E15,E21,E29",1.862645149230957e-09,5.453171225228855,previous_point_guess,32.13865798522918,34.86873231426955,2555.097756268807,False
2026-03-22 06:56:53,4484067.134901659,3135713.60685861,3417894.8710247804,"E13,E21,E29,E34",1.862645149230957e-09,64.0810246745341,motion_prediction_guess,32.161957626855056,34.96514071382492,2811.774774610031,False
2026-03-22 06:56:55,4475396.362859271,3124902.7439073944,3409337.2822283884,"E13,E21,E29,E34",0.0,63.05341498013438,previous_point_guess,32.16048678129975,34.92430309345026,8143.853074085467,False
2026-03-22 06:56:57,4437185.774562783,3087815.842137635,3373202.8697443963,"E13,E19,E27,E30",2.634178031930877e-09,3.2631040887304352,previous_point_guess,32.13689869300503,34.83386768942094,32176.01244097357,True
2026-03-22 06:57:01,4437151.052732884,3087909.1694090827,3373143.5564876366,"E13,E19,E27,E30",1.862645149230957e-09,3.2625274982722865,motion_prediction_guess,32.13632673286372,34.83488980758972,28.97590323741791,True
2026-03-22 06:57:03,4437143.3880180465,3087945.8420575922,3373116.9529034547,"E13,E19,E27,E30",1.862645149230957e-09,3.262238407205283,previous_point_guess,32.1360532627463,34.83525524415663,22.97488679824381,True
2026-03-22 06:57:05,4437146.609217278,3087998.882011321,3373096.0291290497,"E13,E19,E27,E30",2.634178031930877e-09,3.2619464924889043,motion_prediction_guess,32.13573545388532,34.83569715787308,28.55439497678097,True
2026-03-22 06:57:07,4437133.183283721,3088040.137416958,3373065.0415295097,"E13,E19,E27,E30",2.634178031930877e-09,3.2616569135502065,motion_prediction_guess,32.13543862912436,34.83613733582675,26.657529477577523,True
2026-03-22 06:57:09,4436387.275849031,3087697.634342274,3371682.9254343845,"E07,E15,E21,E29,E34",358.7039773408521,2.895450879974956,motion_prediction_guess,32.128757872863574,34.837673981106875,803.7305452851552,False
2026-03-22 06:57:11,4437166.766869127,3088160.9630697435,3372966.41314901,"E07,E19,E27,E30",1.862645149230957e-09,3.4830149817417224,motion_prediction_guess,32.13422212907499,34.83698509184942,785.7513082557226,True
2026-03-22 06:57:15,4437074.712156629,3088223.7544896835,3372981.975977086,"E13,E19,E27,E30",0.0,3.260488826087251,previous_point_guess,32.13453134810917,34.83808865326439,28.12809330637775,True
2026-03-22 06:57:17,4437058.18274005,3088270.3647000105,3372956.238649201,"E13,E19,E27,E30",3.226196034939731e-09,3.2601962259223596,motion_prediction_guess,32.13427215356445,34.838594191297425,27.875362624610773,True
2026-03-22 06:57:19,4437553.612168689,3088673.3139013303,3373057.6086907894,"E07,E15,E21,E29,E34",18.789176864602975,2.8902952058123206,previous_point_guess,32.1319917499246,34.83909972640485,323.3010450560615,False
2026-03-22 06:57:21,4437530.307866947,3088714.2817087034,3373029.4710014514,"E07,E15,E21,E29,E34",17.804781197749605,2.8892996802887323,motion_prediction_guess,32.131756372999675,34.83959714025395,27.446225978917273,False
2026-03-22 06:57:23,4435043.360432923,3087496.829766445,3371895.30542165,"E07,E15,E21,E29,E34",355.69248391546176,2.888544695249653,motion_prediction_guess,32.136222974941724,34.84406633154191,1496.1139941289284,False
2026-03-22 06:57:25,4437480.9391818205,3088794.642239374,3372983.091131662,"E07,E15,E21,E29,E34",17.77938326865137,2.8873116285943903,previous_point_guess,32.13137635582348,34.84059497605931,1484.030417720155,False
2026-03-22 06:57:27,4434953.89968008,3087549.315359128,3371827.4384119874,"E07,E15,E21,E29,E34",355.9655907995952,2.886563011272447,previous_point_guess,32.13591294249136,34.845064986400295,1522.5226509408499,False
2026-03-22 06:57:29,4437536.382153038,3088927.241871069,3372988.208388999,"E07,E15,E21,E29,E34",31.500536290388958,2.885317441072289,motion_prediction_guess,32.1308338789436,34.84141260245057,1574.4272081440602,False
2026-03-22 06:57:31,4434973.792456643,3087680.9014940737,3371833.3308629356,"E07,E15,E21,E29,E34",349.84174556654426,2.884572128219214,previous_point_guess,32.13551881621436,34.84608947790947,1537.3656353976662,False
2026-03-22 06:57:33,4437104.173643166,3090345.96478413,3373486.3196502714,"E07,E15,E21,E29,E34",132.14777491895825,2.8832279179666274,previous_point_guess,32.13245054457594,34.85636716627636,1895.6181474934422,False
2026-03-22 06:57:35,4437399.775062784,3089018.089869882,3372886.5186832976,"E07,E15,E21,E29,E34",13.79474768895181,2.882355076647159,motion_prediction_guess,32.13034613027702,34.84302980084322,743.3695560002095,False
2026-03-22 06:57:37,4437397.13767982,3089067.073277057,3372872.2566806953,"E07,E15,E21,E29,E34",18.19866910295411,2.8813657388831975,motion_prediction_guess,32.13011338427843,34.84347179012896,25.542781199446186,True
2026-03-22 06:57:39,4434898.619994426,3087846.466879197,3371744.610310949,"E07,E15,E21,E29,E34",351.8923381816188,2.880618337688949,motion_prediction_guess,32.1346831169043,34.84798551554688,1500.338040070069,False
2026-03-22 06:57:41,4434839.881128653,3087859.580517983,3371706.9131520567,"E07,E15,E21,E29,E34",351.0512616816991,2.8796368526206773,previous_point_guess,32.13459049305878,34.8484554791902,35.50808944126744,False
2026-03-22 06:57:43,4434804.018708303,3087891.4409371815,3371662.434789071,"E07,E15,E21,E29,E34",358.07347666499555,2.878654100183283,motion_prediction_guess,32.13430456469858,34.84894997189914,32.709036514337065,False
2026-03-22 06:57:45,4434787.581018834,3087939.779436655,3371666.8374980497,"E07,E15,E21,E29,E34",352.29744405266297,2.8776687302743023,motion_prediction_guess,32.13427038555211,34.84947015799487,25.623192681378836,False
2026-03-22 06:57:47,4432847.22944672,3087105.14032711,3371826.1843852904,"E07,E15,E27,E30",2.634178031930877e-09,4.416181219337194,motion_prediction_guess,32.14542046806356,34.85396533784646,1059.1244139689943,False
2026-03-22 06:57:49,4437196.783998717,3089422.051082864,3372614.4124692446,"E07,E15,E27,E30",1.862645149230957e-09,4.415792718077304,previous_point_guess,32.12796022697085,34.84777212078253,2495.395948705047,True
2026-03-22 06:57:51,4434805.630464202,3088081.6590983667,3371638.155904657,"E07,E15,E21,E29,E34",351.1871520356322,2.874717403811917,motion_prediction_guess,32.13359114597418,34.85059528838513,1454.9349450771847,False
2026-03-22 06:57:53,4437275.275775676,3089385.67242003,3372731.810343192,"E07,E15,E21,E29,E34",21.119204179605696,2.8734983519121466,motion_prediction_guess,32.128647510218734,34.846980475733886,1499.6398516382903,True
2026-03-22 06:57:55,4434779.059160164,3088159.958707638,3371591.6786113773,"E07,E15,E21,E29,E34",357.70181679998524,2.872758640591564,motion_prediction_guess,32.13312600700748,34.85143753824236,1502.7784153189982,False
2026-03-22 06:57:57,4436744.464808003,3089115.002603892,3372583.9840873405,"E13,E19,E27,E30",1.862645149230957e-09,3.2542413371393484,motion_prediction_guess,32.13034960156792,34.84784066796656,1199.9581619745354,False
2026-03-22 06:57:59,4437220.022733804,3089504.1961184717,3372673.8717659987,"E07,E15,E21,E29,E34",15.920454142222358,2.870565316026296,motion_prediction_guess,32.12809773786722,34.848345790853344,310.5264591615177,True
2026-03-22 06:58:01,4434728.233002868,3088279.1302242633,3371557.7187271016,"E07,E15,E21,E29,E34",349.4508138698465,2.869827252086756,previous_point_guess,32.13273992270984,34.85278234373496,1496.2954349485371,False
2026-03-22 06:58:03,4436989.975412698,3089621.4699717965,3372466.0635657078,"E07,E15,E27,E30",2.634178031930877e-09,4.418310027999962,previous_point_guess,32.127094760020796,34.85075868825451,1391.26247272556,False
2026-03-22 06:58:05,4434699.850451153,3088367.383887673,3371520.9812353635,"E07,E15,E21,E29,E34",347.3014069029905,2.867877490065114,previous_point_guess,32.132329013630766,34.85372215464126,1388.3963002721164,False
2026-03-22 06:58:07,4437143.921056857,3089667.731969336,3372590.058439684,"E07,E15,E21,E29,E34",13.849446772136927,2.8666684818206,previous_point_guess,32.12730905458777,34.85022878033945,1483.8558157678478,True
2026-03-22 06:58:09,4434656.640242881,3088453.582896522,3371462.3334000395,"E07,E15,E21,E29,E34",353.44681978699776,2.865933171417488,motion_prediction_guess,32.13181472716732,34.854733922776504,1494.3633747880144,False
2026-03-22 06:58:11,4437119.643873214,3089759.2750264066,3372552.1373067037,"E07,E15,E21,E29,E34",16.430292746063476,2.864724586571346,motion_prediction_guess,32.12686414534533,34.85117186653215,1496.570360529008,True
2026-03-22 06:58:13,4434632.888749684,3088541.197700512,3371414.963624234,"E07,E15,E21,E29,E34",357.3056779631525,2.8639915940813907,previous_point_guess,32.13130609193239,34.855640097937346,1496.732056879338,False
2026-03-22 06:58:15,4437092.964392942,3089853.6689948128,3372514.665492601,"E07,E15,E21,E29,E34",17.53362364326551,2.8627845375323364,previous_point_guess,32.12642430242187,34.852154280235034,1498.6575049194844,True
2026-03-22 06:58:17,4434598.80610732,3088637.1522424524,3371398.9902865314,"E07,E15,E21,E29,E34",348.21595204743255,2.8620527935980515,motion_prediction_guess,32.13105512088548,34.85668141790549,1495.4489065119985,False
2026-03-22 06:58:19,4437056.338859513,3089951.1429729005,3372476.013009974,"E07,E15,E21,E29,E34",16.061454224004603,2.860848665951947,motion_prediction_guess,32.1260061350736,34.85322369610309,1493.8220120398216,True
2026-03-22 06:58:21,4434560.20997089,3088723.4228910115,3371361.1514655156,"E07,E15,E21,E29,E34",349.1113349498937,2.8601196093704053,motion_prediction_guess,32.13068142117208,34.85766582942252,1498.4051764632666,False
2026-03-22 06:58:23,4434503.455801541,3088754.3651244543,3371316.542366767,"E07,E15,E21,E29,E34",352.18027088797163,2.8591578004515057,previous_point_guess,32.13047921282303,34.85827892478486,39.26967417759708,False
2026-03-22 06:58:25,4432572.641588444,3087964.5301944027,3371478.8814928196,"E07,E15,E27,E30",1.862645149230957e-09,4.423204163771097,previous_point_guess,32.14149031406875,34.863109375317336,1046.2118253579117,False
2026-03-22 06:58:27,4436137.858752763,3093080.8958945624,3371830.0472901054,"E07,E15,E27,E30",1.862645149230957e-09,4.422344007052219,previous_point_guess,32.1161071537776,34.885995262598065,3122.9508811262435,False
2026-03-22 06:58:29,4436838.691852055,3090254.3404977787,3372223.7847898486,"E07,E15,E27,E30",3.226196034939731e-09,4.423290851216952,motion_prediction_guess,32.12410541576936,34.85717826447913,1469.3205626116344,False
2026-03-22 06:58:31,4434437.974346244,3088936.1218930082,3371240.909014649,"E07,E15,E21,E29,E34",352.0539212831303,2.8553060874429095,motion_prediction_guess,32.129660732031866,34.860256938798784,1454.9217867417467,False
2026-03-22 06:58:33,4432493.059880909,3088127.054673819,3371401.4071991607,"E07,E15,E27,E30",2.634178031930877e-09,4.424820598900781,previous_point_guess,32.14076579907081,34.86500621383464,1056.2961437155586,False
2026-03-22 06:58:35,4434447.629117203,3089033.178964342,3371236.49916162,"E07,E15,E21,E29,E34",349.29410471021964,2.8533829395428425,motion_prediction_guess,32.12932285410182,34.8610427676888,1080.3467950373422,False
2026-03-22 06:58:37,4436782.177110749,3090391.690924731,3372155.8607448167,"E07,E15,E27,E30",2.634178031930877e-09,4.424933934193663,motion_prediction_guess,32.12343261764727,34.858714846422096,1426.6126665417278,True
2026-03-22 06:58:39,4436737.712244962,3090458.103269666,3372126.3637438826,"E07,E15,E27,E30",3.725290298461914e-09,4.425347421001463,previous_point_guess,32.123200283388755,34.85956161790027,42.59635228898041,True
2026-03-22 06:58:41,4434355.697137333,3089138.863930528,3371126.7906049597,"E07,E15,E21,E29,E34",360.0647445812988,2.8505163012562487,previous_point_guess,32.12855676116961,34.86251925484472,1450.3046978960601,False
2026-03-22 06:58:43,4434383.062804603,3089211.7970244996,3371158.9220176875,"E07,E15,E21,E29,E34",347.18281000038303,2.849555243275465,motion_prediction_guess,32.1284944920284,34.862987864977256,42.13236174621703,False
2026-03-22 06:58:45,4434361.549482897,3089253.8719587643,3371133.914733198,"E07,E15,E21,E29,E34",348.61385869610194,2.848601379404795,motion_prediction_guess,32.12827273493397,34.86348424811869,26.732411889599888,False
2026-03-22 06:58:47,4436785.097714821,3090546.6517525525,3372183.9343107212,"E07,E15,E21,E29,E34",9.568779917544962,2.847416836151767,previous_point_guess,32.12321082699568,34.86004455003716,1470.323666822281,True
2026-03-22 06:58:49,4436801.249939507,3090614.610145972,3372179.4151487187,"E07,E15,E21,E29,E34",14.058283898730066,2.846460847445131,previous_point_guess,32.12292650916384,34.86053760908125,34.99878720644634,True
2026-03-22 06:58:51,4436779.459937224,3090647.01875245,3372153.767441493,"E07,E15,E21,E29,E34",14.83609796794188,2.84551087056797,motion_prediction_guess,32.12272754620061,34.86095136912916,23.360901412751655,True
2026-03-22 06:58:53,4436756.308573562,3090694.2034987113,3372129.5800746307,"E07,E15,E21,E29,E34",12.997941851885448,2.844560695077764,motion_prediction_guess,32.12250459236578,34.861501848223824,28.928423025195897,True
2026-03-22 06:58:55,4436753.001624123,3090744.325170669,3372112.82500373,"E07,E15,E21,E29,E34",15.274112386793158,2.8436102441173956,previous_point_guess,32.12225227268309,34.86195766631788,26.47569789108223,True
2026-03-22 06:58:57,4434274.721963864,3089530.706484116,3370985.131940175,"E07,E15,E21,E29,E34",357.44827988144874,2.842895142533018,previous_point_guess,32.12671856983112,34.86641856001762,1490.5059574181296,False
2026-03-22 06:58:59,4436720.102444234,3090836.5459192637,3372070.737529495,"E07,E15,E21,E29,E34",15.27975084653623,2.8417142388847996,previous_point_guess,32.121807526000325,34.86295874600998,1488.593448504852,True
2026-03-22 06:59:01,4436712.814308764,3090886.886423018,3372057.9994474757,"E07,E15,E21,E29,E34",17.27247524687141,2.8407667436097244,previous_point_guess,32.12160094413434,34.86344056941275,26.218037542739378,True
2026-03-22 06:59:03,4436685.66135234,3090923.4889770234,3372039.481160034,"E07,E15,E21,E29,E34",15.783415466563147,2.839822295470755,previous_point_guess,32.121466021336,34.86392326995184,24.596529084826162,True
2026-03-22 06:59:05,4436672.5877566775,3090976.2559973435,3372031.5103274602,"E07,E15,E21,E29,E34",17.06767290566649,2.8388766406882393,motion_prediction_guess,32.12131195457437,34.86446122730249,27.471842357744933,True
2026-03-22 06:59:07,4436625.25455011,3090998.1319189686,3372003.4502535244,"E07,E15,E21,E29,E34",12.87018715454809,2.8379364178242334,motion_prediction_guess,32.12122390983381,34.864938127086226,29.607246326868378,True
2026-03-22 06:59:09,4436614.223755243,3091047.9395768214,3371999.86846553,"E07,E15,E21,E29,E34",13.688215436708719,2.8369927328403057,previous_point_guess,32.12110343342112,34.86543797861969,25.570052900794018,True
2026-03-22 06:59:11,4436595.403819318,3091098.1503324653,3371994.143799126,"E07,E15,E21,E29,E34",15.644534461524268,2.836050363605691,previous_point_guess,32.120996127700394,34.86598851272378,26.9633166357645,True
2026-03-22 06:59:13,4436560.935489454,3091131.6559703825,3371975.5182895036,"E07,E15,E21,E29,E34",14.254815188005413,2.8351113229692437,motion_prediction_guess,32.120897642030116,34.86648859967424,25.7759730394618,True
2026-03-22 06:59:15,4436544.048718691,3091185.766711636,3371972.922558258,"E07,E15,E21,E29,E34",16.481053136922775,2.834170411784178,previous_point_guess,32.12079593339272,34.867061326686446,28.371963126112732,True
2026-03-22 06:59:17,4436395.95871074,3091313.8116564373,3371810.0148856156,"E07,E15,E27,E30",1.862645149230957e-09,4.433806175256231,previous_point_guess,32.119783344342245,34.86907161246032,127.34310753796125,False
2026-03-22 06:59:19,4436393.842703289,3091389.5529192025,3371804.401922046,"E07,E15,E27,E30",1.862645149230957e-09,4.434272848073423,motion_prediction_guess,32.11954118409302,34.86974290240065,37.98921469582099,False
2026-03-22 06:59:21,4434058.155295822,3090090.2075196095,3370888.160082949,"E07,E15,E21,E29,E34",346.38330536719957,2.831583244140683,motion_prediction_guess,32.125295530669256,34.8725977251131,1412.730798892548,False
2026-03-22 06:59:23,4436468.687847635,3091379.687878481,3371940.7982436707,"E07,E15,E21,E29,E34",15.732100878863939,2.8304192586117556,motion_prediction_guess,32.120315505754505,34.8692037380364,1464.7076394858996,True
2026-03-22 06:59:25,4432006.621391078,3089300.7909942553,3370991.094526542,"E07,E15,E27,E30",2.634178031930877e-09,4.4364350389621166,motion_prediction_guess,32.136324872085,34.87816895709215,2506.680397871707,False
2026-03-22 06:59:27,4436422.927271018,3091455.813831599,3371909.565949568,"E07,E15,E21,E29,E34",16.806813645429898,2.8285519467418387,motion_prediction_guess,32.12004831721813,34.870142752971454,2499.573504099007,True
2026-03-22 06:59:29,4433867.1205484215,3090202.873118291,3370750.9071834027,"E07,E15,E21,E29,E34",358.8364897138054,2.827857503132779,previous_point_guess,32.12468971659777,34.87473561012675,1536.5951459919884,False
2026-03-22 06:59:31,4433803.210891892,3090216.382176138,3370680.3090196922,"E07,E15,E21,E29,E34",370.47743165812597,2.8269314121876437,motion_prediction_guess,32.124364790542835,34.875240515683025,48.09116228812438,False
2026-03-22 06:59:33,4433836.47162633,3090290.586902397,3370720.504694277,"E07,E15,E21,E29,E34",358.2435769852267,2.825994183321927,previous_point_guess,32.124337445592126,34.87568428529655,45.35503924095871,False
2026-03-22 06:59:35,4433854.2251334125,3090351.3608068996,3370747.5934414733,"E07,E15,E21,E29,E34",345.96672952394977,2.825060007889465,motion_prediction_guess,32.12430783170538,34.87610523549321,34.43274134765301,False
2026-03-22 06:59:37,4433811.500437277,3090382.883801712,3370693.7245002375,"E07,E15,E21,E29,E34",357.05990008110496,2.824134020042027,motion_prediction_guess,32.123977926251726,34.876638393675535,37.81851957593988,False
2026-03-22 06:59:39,4436329.522862335,3091715.256286883,3371814.961106658,"E07,E15,E21,E29,E34",15.553793528852264,2.822969008306664,previous_point_guess,32.11898202294003,34.87296401125774,1530.7534827584748,True
2026-03-22 06:59:41,4436314.307532448,3091754.9756038454,3371795.639320733,"E07,E15,E21,E29,E34",17.16582402934046,2.822042267187884,motion_prediction_guess,32.11878542333669,34.8734014718624,23.358412910881604,True
2026-03-22 06:59:43,4436288.563849327,3091788.582650795,3371772.7990540173,"E07,E15,E21,E29,E34",16.01829271214232,2.8211174922547366,previous_point_guess,32.11862011749522,34.87384958201022,24.05124013937115,True
2026-03-22 06:59:45,4433815.676079127,3090575.139998422,3370662.912476147,"E07,E15,E21,E29,E34",356.5902704306809,2.820421823084049,motion_prediction_guess,32.1231986802674,34.87828514264413,1484.879221548022,False
2026-03-22 06:59:47,4433726.396589271,3090581.451028348,3370585.468253199,"E07,E15,E21,E29,E34",367.23438444059263,2.8195051861579215,motion_prediction_guess,32.12294100681416,34.87888125985495,59.17825630191136,False
2026-03-22 06:59:49,4436239.516444234,3091916.476698615,3371724.6715387786,"E07,E15,E21,E29,E34",16.85716991316294,2.8183450334132467,motion_prediction_guess,32.118094868727844,34.875258500390046,1532.6324634072248,True
2026-03-22 06:59:51,4433712.634472761,3090682.1461925283,3370574.8500082926,"E07,E15,E21,E29,E34",360.39514369777464,2.8176568642310373,motion_prediction_guess,32.122637802452296,34.879840419576276,1519.111076253175,False
2026-03-22 06:59:53,4436208.43727903,3092012.7798570874,3371701.607420019,"E07,E15,E21,E29,E34",14.734400155839833,2.816500291918736,motion_prediction_guess,32.117776956556426,34.876283930602135,1522.2680333892883,True
2026-03-22 06:59:55,4436170.909724426,3092040.6246785363,3371680.111558957,"E07,E15,E21,E29,E34",12.002317166545623,2.815582129392575,motion_prediction_guess,32.11768405033262,34.87675334404463,25.718298343858205,True
2026-03-22 06:59:57,4436151.318353957,3092089.9180111354,3371668.9510349995,"E07,E15,E21,E29,E34",12.096885770287495,2.814662200410416,previous_point_guess,32.11754073278375,34.877300528943266,27.10263700556595,True
2026-03-22 06:59:59,4436124.594420088,3092136.4253002848,3371667.0432260367,"E07,E15,E21,E29,E34",12.487299741610247,2.813743428474241,previous_point_guess,32.11750377111124,34.87786670960674,26.836245641133836,True
2026-03-22 07:00:01,4436097.3146070745,3092181.0323259844,3371661.8718851507,"E07,E15,E21,E29,E34",12.950445735396,2.8128258843982574,motion_prediction_guess,32.11744927767224,34.87841973958132,26.271266178134727,True
2026-03-22 07:00:03,4436066.974436273,3092222.7640159056,3371655.0188409765,"E07,E15,E21,E29,E34",13.966105854725052,2.811909689723774,previous_point_guess,32.11740185707457,34.87896631861108,26.024143225071587,True
2026-03-22 07:00:05,4436030.615167216,3092261.1963796252,3371652.4736568234,"E07,E15,E21,E29,E34",15.00072911720048,2.810994800730119,previous_point_guess,32.117420053683034,34.87952069008626,26.48357124830844,True
2026-03-22 07:00:07,4435981.471972615,3092306.786092661,3371628.567071809,"E07,E15,E29,E34",2.634178031930877e-09,3.0501608136996494,previous_point_guess,32.11730575541457,34.880214738074535,35.58440781194653,True
2026-03-22 07:00:09,4435984.397386837,3092351.1511918325,3371676.0048129256,"E07,E15,E21,E29,E34",14.817942232142851,2.8091649140996293,motion_prediction_guess,32.117534921926264,34.88058264131884,32.508304151107716,True
2026-03-22 07:00:11,4435948.415096974,3092388.05952096,3371681.0184487766,"E07,E15,E21,E29,E34",14.385319318679723,2.808252736626962,previous_point_guess,32.117613537632074,34.881121483232505,25.894432254788853,True
2026-03-22 07:00:13,4435909.218360837,3092419.288702132,3371689.180042175,"E07,E15,E21,E29,E34",14.930919869466937,2.807341977494997,previous_point_guess,32.11774440648386,34.881630441368955,25.388272328580907,True
2026-03-22 07:00:15,4435761.513848324,3092560.5247663916,3371546.043848735,"E07,E15,E27,E30",2.634178031930877e-09,4.448785069639381,previous_point_guess,32.11684484901838,34.883753108632966,124.75197266633776,False
2026-03-22 07:00:17,4436348.4865165055,3091946.290726955,3373411.6372774667,"E07,E15,E21,E29,E34",640.9278109176742,2.805491934305647,motion_prediction_guess,32.13046666686707,34.87485747111673,1024.970634911302,False
2026-03-22 07:00:19,4435808.560357894,3092520.9270327073,3371736.136298764,"E07,E15,E21,E29,E34",14.81057277749814,2.804613377186969,motion_prediction_guess,32.11822023437114,34.88312383419307,925.8821024130624,True
2026-03-22 07:00:21,4435771.302648514,3092549.758117214,3371743.6685351594,"E07,E15,E21,E29,E34",11.783868597727885,2.8037065267142927,motion_prediction_guess,32.11834523880497,34.88360020697576,23.854260244265213,True
2026-03-22 07:00:23,4435741.127855752,3092581.836448988,3371773.299123966,"E07,E15,E21,E29,E34",13.422509093547053,2.8027993903057244,previous_point_guess,32.11860225543001,34.88406188481831,26.540107764784473,True
2026-03-22 07:00:25,4435708.5468171965,3092611.3372949,3371790.317318449,"E07,E15,E21,E29,E34",13.22648441332396,2.8018938895203283,motion_prediction_guess,32.1187794752489,34.884515742559735,23.566092836419674,True
2026-03-22 07:00:27,4435664.246730897,3092632.5663845916,3371810.8055524537,"E07,E15,E21,E29,E34",13.468692429625568,2.800990314261537,previous_point_guess,32.11905196673188,34.884968724038224,26.612683197865646,True
2026-03-22 07:00:29,4435621.264747016,3092655.59875559,3371831.783589697,"E07,E15,E21,E29,E34",11.376399935805923,2.800087468016482,motion_prediction_guess,32.11931806937719,34.88542939539137,26.542508824041047,True
2026-03-22 07:00:31,4435594.633089587,3092688.7654979425,3371863.28262641,"E07,E15,E21,E29,E34",14.800040753432539,2.7991838073107953,previous_point_guess,32.119572428438694,34.885879068548476,26.4644444941277,True
2026-03-22 07:00:33,4435556.6210343,3092713.693531447,3371890.1741593317,"E07,E15,E21,E29,E34",16.24108340120967,2.7982823091216362,motion_prediction_guess,32.11985894646418,34.88632610276102,26.407766537134577,True
2026-03-22 07:00:35,4435521.5838233875,3092745.117665237,3371913.7331571947,"E07,E15,E21,E29,E34",15.685491785496852,2.7973812278818815,motion_prediction_guess,32.120090497513004,34.886811573211695,26.31591112457049,True
2026-03-22 07:00:37,4435480.799340694,3092772.8555365885,3371932.6045754463,"E07,E15,E21,E29,E34",14.539168415667469,2.796481737623147,previous_point_guess,32.120318958797355,34.88729983733415,26.404989881222175,True
2026-03-22 07:00:39,4435440.754683687,3092800.907027174,3371951.6810900006,"E07,E15,E21,E29,E34",12.355892490732321,2.7955831220740963,previous_point_guess,32.12054521516703,34.88778634669016,26.241065557596503,True
2026-03-22 07:00:41,4435398.437642866,3092827.6712522414,3371971.4999255324,"E07,E15,E21,E29,E34",13.794612978464867,2.7946856025858584,motion_prediction_guess,32.120789606571726,34.888275442925675,26.92509020039142,True
2026-03-22 07:00:43,4435273.777700349,3092809.9126868555,3371954.995672391,"E07,E15,E21,E29",1.862645149230957e-09,5.426973571552503,previous_point_guess,32.12120254524818,34.8888766355055,63.49775248912367,False
2026-03-22 07:00:45,4435332.079820085,3092889.287696051,3372008.5857163137,"E07,E15,E21,E29,E34",12.880692507010599,2.7928921199173664,previous_point_guess,32.121164835006304,34.88921317265074,56.061176535560215,True
2026-03-22 07:00:47,4435301.487381003,3092928.8867429057,3372028.1563732307,"E07,E15,E21,E29,E34",11.052063686356618,2.7919959545771365,motion_prediction_guess,32.121326013688396,34.889742769283025,26.865370149063555,True
2026-03-22 07:00:49,4435720.051402291,3092377.7332966197,3373672.628104771,"E07,E15,E21,E29,E34",627.815608099899,2.7910784620685307,previous_point_guess,32.13374852016916,34.88241552687305,892.0836896145368,False
2026-03-22 07:00:51,4435676.153355158,3092413.4846730055,3373684.833977228,"E07,E15,E21,E29,E34",626.5978774815079,2.7901851638558295,motion_prediction_guess,32.13391635506357,34.882992304261634,28.957653470359364,False
2026-03-22 07:00:53,4435713.594713445,3092486.803634431,3373728.170472555,"E07,E15,E21,E29,E34",623.1278675100195,2.789285817525332,previous_point_guess,32.13389884199468,34.8834027112875,46.51767739827676,False
2026-03-22 07:00:55,4435151.11086504,3093075.323044822,3372079.4756139773,"E07,E15,E21,E29,E34",11.466246597013914,2.7884234438069195,previous_point_guess,32.12190773032163,34.89192697157317,919.3663460263687,True
2026-03-22 07:00:57,4435006.6595194265,3093223.954197868,3371942.8468266693,"E07,E15,E27,E30",0.0,4.461247895762724,motion_prediction_guess,32.12102469411759,34.89409436492046,124.12175114219218,False
2026-03-22 07:00:59,4432969.294288179,3091630.159206968,3372018.122216219,"E07,E15,E29,E34",0.0,3.031924364812799,previous_point_guess,32.133987987856976,34.89259162226505,1293.8997201083996,False
2026-03-22 07:01:01,4439022.045774882,3094534.366292952,3377159.4416034883,"E07,E15,E21,E29,E34",1763.8803190193632,2.785338607588197,previous_point_guess,32.14145901621741,34.8811529056231,4227.9836920207845,False
2026-03-22 07:01:03,4431141.825093319,3091205.2789154863,3369569.50477059,"E07,E15,E21,E29",1.862645149230957e-09,5.426158889605219,previous_point_guess,32.12363703098048,34.899981954224,5718.125608193691,False
2026-03-22 07:01:05,4432454.439961382,3092014.480843822,3371012.3973553563,"E07,E15,E21,E29,E34",350.861653842848,2.78420536557324,previous_point_guess,32.12727593519556,34.899056016151036,1055.9001023008493,False
2026-03-22 07:01:07,4432422.647789967,3092062.248370976,3371010.611499246,"E07,E15,E21,E29,E34",351.15676853268496,2.78331844374432,motion_prediction_guess,32.127256269973245,34.899664200413284,28.703954848366457,False
2026-03-22 07:01:09,4432393.406472371,3092113.8332375153,3371013.342707045,"E07,E15,E21,E29,E34",349.17219316863816,2.782431907717889,previous_point_guess,32.12725059709697,34.90029010326108,29.679591500997446,False
2026-03-22 07:01:11,4434452.911935987,3093115.773497662,3371939.291691815,"E07,E19,E27,E30",0.0,3.526838714362455,motion_prediction_guess,32.123472156209914,34.896511043617494,1235.1951831556655,True
2026-03-22 07:01:13,4434854.494419343,3093491.5126088937,3372101.2921855487,"E07,E15,E21,E29,E34",13.6766600393245,2.780434170205428,previous_point_guess,32.12209926543436,34.89734213308278,286.65856459269605,False
2026-03-22 07:01:15,4434821.526495609,3093535.627203277,3372092.6936222254,"E07,E15,E21,E29,E34",13.800287494749993,2.7795516151004107,previous_point_guess,32.122042232931086,34.89792538233656,27.869861517896975,False
2026-03-22 07:01:17,4434784.113322901,3093577.7749771583,3372079.161348223,"E07,E15,E21,E29,E34",11.975898258584625,2.7786704574279617,motion_prediction_guess,32.12197039502502,34.898518487712984,28.979746267748876,False
2026-03-22 07:01:19,4434765.033444218,3093634.507803603,3372080.6007438144,"E07,E15,E21,E29,E34",13.781965158898373,2.777787923300785,motion_prediction_guess,32.12190078744865,34.89912720278485,29.936295807147737,False
2026-03-22 07:01:21,4434727.281783794,3093674.0395053662,3372072.5399293164,"E07,E15,E21,E29,E34",11.657824283996035,2.776908646154077,motion_prediction_guess,32.12187923766103,34.89969962548731,27.626617778208992,False
2026-03-22 07:01:23,4434705.897487306,3093724.9328598934,3372066.3330232296,"E07,E15,E21,E29,E34",12.704250714761011,2.7760287403838433,motion_prediction_guess,32.121776310692,34.9002715589968,27.775651902733255,False
2026-03-22 07:01:25,4434657.898109441,3093754.8595191278,3372050.4083326766,"E07,E15,E21,E29,E34",11.168643436867375,2.7751526792768844,previous_point_guess,32.121761346805705,34.90082264014754,29.381716158167297,False
2026-03-22 07:01:27,4434531.072094045,3093909.3980036895,3371903.843845365,"E07,E15,E27,E30",0.0,4.470957900681677,motion_prediction_guess,32.12071675477443,34.90293456730114,123.94366697492154,False
2026-03-22 07:01:29,4430213.618298834,3091773.333254233,3371153.656139924,"E07,E15,E27,E30",3.226196034939731e-09,4.472343978367399,previous_point_guess,32.137836738928975,34.91055534599641,2437.5172553769976,False
2026-03-22 07:01:31,4434601.809347792,3093917.6369827753,3372044.2210034416,"E07,E15,E21,E29,E34",12.148681237942125,2.772519738431434,motion_prediction_guess,32.12148808584847,34.902577285575106,2482.305628771469,True
2026-03-22 07:01:33,4434575.8412911305,3093962.537684968,3372038.4322386207,"E07,E15,E21,E29,E34",13.610458653491376,2.7716450413010043,motion_prediction_guess,32.121422805387006,34.90312492362431,26.095620064707116,True
2026-03-22 07:01:35,4434529.566370336,3093997.3257970354,3372016.1694522244,"E07,E15,E21,E29,E34",12.080907738348095,2.7707733193229127,motion_prediction_guess,32.12133930377116,34.90370780442407,31.012951705023045,True
2026-03-22 07:01:37,4434369.558234898,3092967.8731532004,3370763.0104098655,"E07,E15,E27,E30",2.634178031930877e-09,4.474677043466958,previous_point_guess,32.11522077530125,34.89573085256571,814.8286529619221,False
2026-03-22 07:01:39,4434484.507573231,3094090.232596078,3372009.063513516,"E07,E15,E21,E29,E34",15.182315464843137,2.769027855757812,motion_prediction_guess,32.12120731767935,34.90478836721427,840.4689771961465,True
2026-03-22 07:01:41,4434457.356338288,3094133.0199534246,3372006.331111929,"E07,E15,E21,E29,E34",12.265704799114458,2.768156919371639,motion_prediction_guess,32.12117582020989,34.905324812500474,25.374266127777883,True
2026-03-22 07:01:43,4434426.173038131,3094169.713698539,3371990.365649321,"E07,E15,E21,E29,E34",12.320003388380643,2.7672879448668573,previous_point_guess,32.12107583056286,34.905832752999345,25.365947328485884,True
2026-03-22 07:01:45,4434409.600430038,3094217.3378314856,3371987.829662257,"E07,E15,E21,E29,E34",13.418260336298573,2.7664180647196277,previous_point_guess,32.12099096188031,34.906347085022595,25.244507364488715,True
2026-03-22 07:01:47,4434390.272913494,3094264.574412841,3371987.754169722,"E07,E15,E21,E29,E34",14.142995241280662,2.7655491449489435,previous_point_guess,32.12093677840205,34.90687475130441,25.51888130878789,True
2026-03-22 07:01:49,4434237.857970312,3094403.695872288,3371829.448355118,"E07,E15,E27,E30",1.862645149230957e-09,4.478530172583067,previous_point_guess,32.11994531982022,34.90900787041545,130.04405630537119,False
2026-03-22 07:01:51,4434337.1487219725,3094348.3770028786,3371971.5932271495,"E07,E15,E21,E29,E34",11.854781440185524,2.7638159047762425,motion_prediction_guess,32.12079230444549,34.90792509149912,90.9999935754196,True
2026-03-22 07:01:53,4434306.776944904,3094388.232951792,3371964.7433557436,"E07,E15,E21,E29,E34",10.07596726041512,2.7629509019376823,motion_prediction_guess,32.120750054043825,34.90845558902427,25.28765629897776,True
2026-03-22 07:01:55,4434287.187691566,3094435.910319552,3371960.7756304615,"E07,E15,E21,E29,E34",12.821327175810367,2.762085716295923,previous_point_guess,32.120665955985444,34.90898866696114,25.848660926468575,True
2026-03-22 07:01:57,4434255.412118244,3094472.2118470147,3371946.272513723,"E07,E15,E21,E29,E34",11.015607390411985,2.7612231015712947,previous_point_guess,32.12058052394973,34.90949679076609,25.188431626384748,True
2026-03-22 07:01:59,4434134.427377586,3094640.0220316686,3371796.5038067005,"E07,E15,E27,E30",2.634178031930877e-09,4.482095272811022,motion_prediction_guess,32.11945191642874,34.91168860866094,127.69909078452726,False
2026-03-22 07:02:01,4434109.335024563,3094672.439608399,3371788.611038058,"E07,E15,E27,E30",2.634178031930877e-09,4.4828213673858235,previous_point_guess,32.11940133745699,34.91212245823625,20.873555388125514,False
2026-03-22 07:02:03,4434043.493036672,3093547.6443123715,3370678.2092090775,"E07,E15,E27,E30",3.226196034939731e-09,4.483874611624561,previous_point_guess,32.1142647348911,34.902747039235756,790.9633125401549,False
2026-03-22 07:02:05,4434153.421735807,3094658.330459561,3371921.7984685805,"E07,E15,E21,E29,E34",11.786849274275617,2.7577765115787973,previous_point_guess,32.12028391572863,34.911732506338446,835.496781948272,True
2026-03-22 07:02:07,4434128.925531239,3094704.9114335636,3371914.41700309,"E07,E15,E21,E29,E34",12.948601099912677,2.7569171229113345,motion_prediction_guess,32.120196034079626,34.91228580542448,26.572246847212714,True
2026-03-22 07:02:09,4431686.415348768,3093535.323652683,3370867.135505589,"E07,E15,E21,E29,E34",345.4603123390894,2.7562731154793223,motion_prediction_guess,32.125012372320526,34.91693770575062,1451.7739238314382,False
2026-03-22 07:02:11,4434101.058994892,3094813.751481146,3371912.067356939,"E07,E15,E21,E29,E34",12.5139109857054,2.755198675961818,previous_point_guess,32.11998898572878,34.913400507542306,1462.5973663589612,True
2026-03-22 07:02:13,4434060.761037768,3094848.561918991,3371882.7280423497,"E07,E15,E21,E29,E34",11.991913918965428,2.7543441834959803,motion_prediction_guess,32.11982782519656,34.91394735834269,30.39937216422698,True
2026-03-22 07:02:15,4434041.367211207,3094894.4898344316,3371867.819814397,"E07,E15,E21,E29,E34",11.187090453419877,2.753488512505253,motion_prediction_guess,32.11966418183789,34.91446403301519,26.018018689312875,True
2026-03-22 07:02:17,4434021.025156422,3094940.73802983,3371857.381246711,"E07,E15,E21,E29,E34",12.521623878679794,2.752633602914309,previous_point_guess,32.11953752164076,34.9149892392411,25.795631732161837,True
2026-03-22 07:02:19,4433506.815695344,3094629.970698688,3371734.8042929983,"E13,E19,E27,E30",2.634178031930877e-09,3.2110376739557274,previous_point_guess,32.12147595627405,34.915407648215854,306.599418439112,False
2026-03-22 07:02:21,4434000.775023645,3095047.206115221,3371840.6629451048,"E07,E15,E21,E29,E34",11.238925105819177,2.7509245360314822,motion_prediction_guess,32.11919728151896,34.916037111103435,327.6000858711188,True
2026-03-22 07:02:23,4433955.512308728,3095083.703210328,3371804.1463160897,"E07,E15,E21,E29,E34",10.372749789423446,2.750074810365644,motion_prediction_guess,32.11899618039571,34.91662872842648,34.330072485694096,True
2026-03-22 07:02:25,4433940.256302033,3095132.9882641067,3371794.7796874763,"E07,E15,E21,E29,E34",10.94799311158903,2.749223038188256,previous_point_guess,32.11884936934982,34.91714946571229,26.21781835821527,True
2026-03-22 07:02:27,4433927.62611692,3095180.5546569587,3371777.5029398478,"E07,E15,E21,E29,E34",13.09572062217077,2.7483724621303858,previous_point_guess,32.11863653775124,34.917639341982806,26.079538500250788,True
2026-03-22 07:02:29,4433900.629093219,3095221.836870837,3371761.650796324,"E07,E15,E21,E29,E34",12.237986286295927,2.7475237250729654,previous_point_guess,32.11850830996583,34.9181617529923,25.905361055889394,True
2026-03-22 07:02:31,4433893.157963171,3095275.115420969,3371756.6996739837,"E07,E15,E21,E29,E34",12.940891192322264,2.746673908686551,previous_point_guess,32.11835365298974,34.918669962165964,27.013585937488983,True
2026-03-22 07:02:33,4433859.8817996755,3095311.1823679535,3371733.2346490766,"E07,E15,E21,E29,E34",12.360452404289884,2.7458278312353306,previous_point_guess,32.11820627502983,34.91918514403564,27.197141735630264,True
2026-03-22 07:02:35,4433835.546264454,3095359.3378328923,3371717.244600768,"E07,E15,E21,E29,E34",10.8994895550624,2.7449811511158577,previous_point_guess,32.11804766142646,34.919751125211434,28.13738048801325,True
2026-03-22 07:02:37,4433816.467256312,3095400.754138956,3371699.9688046523,"E07,E15,E21,E29,E34",10.880686556903575,2.7441357395873966,previous_point_guess,32.11787705666288,34.920226672134405,24.38120224194141,True
2026-03-22 07:02:39,4433803.131669573,3095450.5790185104,3371691.423155086,"E07,E15,E21,E29,E34",12.800639141044838,2.7432900807684204,motion_prediction_guess,32.117727471748545,34.92074043422485,26.140890491851305,True
2026-03-22 07:02:41,4433781.073324343,3095493.764268547,3371673.418485077,"E07,E15,E21,E29,E34",11.890076850871168,2.7424464411920484,previous_point_guess,32.11755815354145,34.92124941694121,25.86360646303712,True
2026-03-22 07:02:43,4433772.573012439,3095548.792169514,3371666.3608569647,"E07,E15,E21,E29,E34",13.061527374338047,2.7416019423800724,previous_point_guess,32.11738664312193,34.9217790472816,28.063033076953875,True
2026-03-22 07:02:45,4433729.429413189,3095582.2933263406,3371644.3619737457,"E07,E15,E21,E29,E34",11.495200874149946,2.7407616927368577,motion_prediction_guess,32.11729627722411,34.92233178916023,29.443371613109495,True
2026-03-22 07:02:47,4433721.073408544,3095638.9379835064,3371637.140605414,"E07,E15,E21,E29,E34",14.385215212039384,2.739918845672106,motion_prediction_guess,32.1171185076849,34.9228745842117,28.85562406030749,True
2026-03-22 07:02:49,4433705.090873835,3095690.521667153,3371630.634126987,"E07,E15,E21,E29,E34",13.22028789896026,2.7390775171861304,motion_prediction_guess,32.11699006528194,34.92341966766284,27.196746569329886,True
2026-03-22 07:02:51,4433665.462416109,3095716.7098643393,3371607.5680871313,"E07,E15,E21,E29,E34",11.10937834990081,2.7382403980528642,previous_point_guess,32.11689779408112,34.923887557967944,26.402076283048558,True
2026-03-22 07:02:53,4433640.850653708,3095763.029165579,3371594.131532973,"E07,E15,E21,E29,E34",10.87243060856253,2.7374017731565154,previous_point_guess,32.11676478666946,34.924439248922724,27.072853116384497,True
2026-03-22 07:02:55,4433614.282353765,3095806.9255247684,3371585.1369781853,"E07,E15,E21,E29,E34",10.571125820081177,2.7365641388233612,motion_prediction_guess,32.11668004353983,34.92498175798932,26.04643415018977,True
2026-03-22 07:02:57,4433588.3025310645,3095858.0239843456,3371572.8582313,"E07,E15,E21,E29,E34",10.94735178882832,2.7357269220909735,motion_prediction_guess,32.11654813416751,34.9255832635165,29.31199150433458,True
2026-03-22 07:02:59,4433567.161788165,3095905.2952769147,3371572.5067346036,"E07,E15,E21,E29,E34",11.984978076885218,2.7348903178989157,motion_prediction_guess,32.11649880099784,34.92612216498924,25.892226929332132,True
2026-03-22 07:03:01,4433549.325158861,3095961.697790165,3371575.031603244,"E07,E15,E21,E29,E34",11.193477106857527,2.734053684223309,previous_point_guess,32.11643338403068,34.926720345212274,29.60474542842766,True
2026-03-22 07:03:03,4433508.624964788,3095999.537961153,3371561.9666584693,"E07,E15,E21,E29,E34",11.223892753665227,2.733220663249175,motion_prediction_guess,32.11638971270327,34.92729596733092,28.544163676373287,True
2026-03-22 07:03:05,4431075.571962254,3094829.3827804746,3370549.425074193,"E07,E15,E21,E29,E34",340.51360313045694,2.7325969494552957,motion_prediction_guess,32.121433602683396,34.9318927519437,1441.7213848078916,False
2026-03-22 07:03:07,4431011.259305578,3094858.084264916,3370529.93577568,"E07,E15,E21,E29,E34",341.91778666716533,2.7317673006660264,previous_point_guess,32.1214587767007,34.93253257875775,36.5367136399978,False
2026-03-22 07:03:09,4430973.702397034,3094907.306513202,3370507.1433412647,"E07,E15,E21,E29,E34",346.7681877459064,2.7309361421080434,motion_prediction_guess,32.12129712346083,34.93318834145902,32.98805151982978,False
2026-03-22 07:03:11,4430905.230915692,3094929.095364883,3370489.7943883175,"E07,E15,E21,E29,E34",347.21053738009243,2.730108844247127,motion_prediction_guess,32.12137398686782,34.933793350974646,36.95972126212977,False
2026-03-22 07:03:13,4430951.991620501,3095018.972510183,3370545.0812221603,"E07,E15,E21,E29,E34",335.6282629353418,2.729270823117579,motion_prediction_guess,32.12136564115412,34.93429059194487,57.70853220686474,False
2026-03-22 07:03:15,4430886.372522973,3095046.4393024486,3370524.5624603345,"E07,E15,E21,E29,E34",335.76343535922786,2.728444846898152,motion_prediction_guess,32.121391466107326,34.93492763456081,37.01793560048518,False
2026-03-22 07:03:17,4430857.7438357435,3095088.7642917633,3370495.0643474073,"E07,E15,E21,E29,E34",345.8748442014915,2.7276176362845086,previous_point_guess,32.121162401542655,34.93546925672479,29.500614905713306,False
2026-03-22 07:03:19,4430801.909888481,3095120.1279060356,3370486.1952047423,"E07,E15,E21,E29,E34",346.1777388181749,2.7267923813124515,motion_prediction_guess,32.12122804559932,34.936080774316636,32.32556132062304,False
2026-03-22 07:03:21,4433265.43014048,3096417.3722085794,3371539.922612289,"E07,E15,E21,E29,E34",11.860748218798124,2.7257495820037714,previous_point_guess,32.116030275687955,34.9324010048782,1488.4653390245367,True
2026-03-22 07:03:23,4433229.551445072,3096455.859703127,3371539.9597227755,"E07,E15,E21,E29,E34",11.365949039690921,2.724924659065027,previous_point_guess,32.116065918930744,34.93295300631251,26.308598394639358,True
2026-03-22 07:03:25,4430754.5720472485,3095267.8884340017,3370492.3508313103,"E07,E15,E21,E29,E34",347.3973561893919,2.7243125371760017,motion_prediction_guess,32.121055325206854,34.93765225667784,1469.2075368538453,False
2026-03-22 07:03:27,4433080.235565605,3096662.6458141385,3371385.7345106862,"E07,E15,E27,E30",3.226196034939731e-09,4.516998424088118,motion_prediction_guess,32.114907158328315,34.935655171735355,1427.602303570051,False
2026-03-22 07:03:29,4430661.960080958,3095334.754868721,3370499.1235147216,"E07,E15,E21,E29,E34",336.69571732528095,2.722668071744234,motion_prediction_guess,32.12128756236282,34.93879559558486,1448.9159517316568,False
2026-03-22 07:03:31,4433123.1411289815,3096625.4961685427,3371533.155770634,"E07,E15,E21,E29,E34",10.648833572849824,2.721631435959456,motion_prediction_guess,32.11596647839786,34.93507215154706,1482.619974949917,True
2026-03-22 07:03:33,4430614.919974016,3095414.499755966,3370475.088136272,"E07,E15,E21,E29,E34",346.6937808006814,2.7210255759650344,motion_prediction_guess,32.1210698163886,34.93977418444489,1489.7316595257334,False
2026-03-22 07:03:35,4430584.827424368,3095459.9516161997,3370489.098510843,"E07,E15,E21,E29,E34",338.1521885745465,2.7202045549789067,motion_prediction_guess,32.12117032742838,34.94035186747544,28.141267467188207,False
2026-03-22 07:03:37,4432940.154983931,3096870.1416610735,3371379.447665236,"E07,E15,E27,E30",1.862645149230957e-09,4.521374454332867,previous_point_guess,32.11484000282726,34.93830746603702,1442.9938922452654,False
2026-03-22 07:03:39,4433012.422846505,3096785.677928159,3371525.6019836287,"E07,E15,E21,E29,E34",13.296895847661895,2.7183529936586224,motion_prediction_guess,32.11590416317934,34.9371353055339,91.81210557947661,True
2026-03-22 07:03:41,4432888.611698652,3096952.880570779,3371367.1802295395,"E07,E15,E27,E30",0.0,4.523149096420409,motion_prediction_guess,32.11472170729746,34.939338889725555,130.7510766692662,False
2026-03-22 07:03:43,4432863.895784442,3096998.019855027,3371376.854320277,"E07,E15,E27,E30",3.226196034939731e-09,4.524039591236098,motion_prediction_guess,32.11476879406348,34.939880938058494,26.182147683219245,False
2026-03-22 07:03:45,4432838.539992069,3097038.871638004,3371378.128808762,"E07,E15,E27,E30",1.862645149230957e-09,4.524935018201977,motion_prediction_guess,32.114766010410264,34.940389628565214,24.04895372044038,False
2026-03-22 07:03:47,4432830.308635934,3097102.4898349564,3371375.28991753,"E07,E15,E27,E30",3.226196034939731e-09,4.525828381791012,motion_prediction_guess,32.1146020049222,34.940992140290376,32.105644015832034,False
2026-03-22 07:03:49,4432774.017664856,3097114.5058960756,3371366.679660489,"E07,E15,E27,E30",2.634178031930877e-09,4.526739004024468,motion_prediction_guess,32.114724459342064,34.94143810275684,29.099809604355443,True
2026-03-22 07:03:51,4432745.6143201785,3097164.5382121,3371365.017337878,"E07,E15,E27,E30",2.634178031930877e-09,4.527643010353164,previous_point_guess,32.11468600773596,34.94204502469328,28.778229410936554,True
2026-03-22 07:03:53,4432722.029772833,3097203.9968886604,3371360.8391048177,"E07,E15,E27,E30",1.862645149230957e-09,4.528552696168729,motion_prediction_guess,32.11463843326911,34.9425308655834,23.079621210546133,True
2026-03-22 07:03:55,4432709.530706715,3097247.43413323,3371363.1426856313,"E07,E15,E27,E30",0.0,4.529464000766155,previous_point_guess,32.11458587738312,34.94298398690524,22.629225319119612,True
2026-03-22 07:03:57,4430318.64608148,3095923.475270201,3370470.021004813,"E07,E15,E21,E29,E34",344.5947513218573,2.7112367476471726,previous_point_guess,32.12079769591134,34.9459959565784,1437.6076219646948,False
2026-03-22 07:03:59,4432637.574479509,3097312.1139108604,3371347.0560374754,"E07,E15,E27,E30",1.862645149230957e-09,4.531305298369527,motion_prediction_guess,32.11456817558359,34.94398243570095,1420.8216494369462,True
2026-03-22 07:04:01,4436395.440983656,3102712.7713332283,3371601.778159394,"E07,E15,E27,E30",2.634178031930877e-09,4.530866804848272,previous_point_guess,32.086938383667935,34.96805521508291,3292.1704321070843,False
2026-03-22 07:04:03,4432278.449573369,3098624.238465548,3371925.796685449,"E07,E15,E21,E29,E34",178.83971852400055,2.708496638544517,previous_point_guess,32.11679587829968,34.957556921418565,2905.6284727966627,False
2026-03-22 07:04:05,4434614.051726599,3099853.539820179,3372920.9444457185,"E07,E15,E21,E29,E34",177.1761931799859,2.7074869684039764,previous_point_guess,32.111845196582166,34.954054744923766,1410.366117973402,False
2026-03-22 07:04:07,4432579.990245904,3097532.470621657,3371319.696169887,"E07,E15,E27,E30",3.226196034939731e-09,4.535005069374067,motion_prediction_guess,32.1139804123997,34.946245730644186,1738.4450215945928,True
2026-03-22 07:04:09,4432635.426439641,3097427.9153430043,3371457.6641525845,"E07,E15,E21,E29,E34",12.384014020961407,2.7061785930553097,motion_prediction_guess,32.11510343731542,34.94500122666685,90.88473760731034,False
2026-03-22 07:04:11,4432594.7038395135,3097458.1197652323,3371430.1485082647,"E07,E15,E21,E29,E34",10.1249982450984,2.7053760761794434,motion_prediction_guess,32.114970364940596,34.94551069800528,28.843317968008257,True
2026-03-22 07:04:13,4432572.000116716,3097497.328555318,3371416.7328255987,"E07,E15,E21,E29,E34",9.005531684512562,2.704572654455124,motion_prediction_guess,32.11484944980568,34.945989016742246,23.626091457544614,True
2026-03-22 07:04:15,4432564.505595958,3097546.79925866,3371407.2752951225,"E07,E15,E21,E29,E34",11.079728823766079,2.7037686709349193,previous_point_guess,32.11467082094568,34.946464151603415,25.460573507167993,True
2026-03-22 07:04:17,4432553.846488846,3097593.6716243085,3371396.8482079906,"E07,E15,E21,E29,E34",11.515683357574664,2.7029658748279997,previous_point_guess,32.114504355828736,34.94693592297403,24.593491882836727,True
2026-03-22 07:04:19,4432525.8617170565,3097628.4170979457,3371378.5566455703,"E07,E15,E21,E29,E34",11.415344637837263,2.7021656874425855,motion_prediction_guess,32.114379202319405,34.947407526031,24.109005818045176,True
2026-03-22 07:04:21,4432508.70789813,3097669.2016799673,3371366.4531300296,"E07,E15,E21,E29,E34",10.596454655286106,2.701365325907109,previous_point_guess,32.11424216710984,34.94786584087509,22.935402344940847,True
2026-03-22 07:04:23,4432494.859055081,3097709.683897371,3371357.330420615,"E07,E15,E21,E29,E34",11.450668778626346,2.7005656270575686,previous_point_guess,32.11411574099142,34.948301469058315,21.873638281900387,True
2026-03-22 07:04:25,4432482.41353179,3097747.5111308293,3371345.4598342166,"E07,E15,E21,E29,E34",11.956948990587808,2.6997670253121724,previous_point_guess,32.11397010271671,34.94870552058119,20.776798734217678,True
2026-03-22 07:04:27,4432466.800686146,3097786.7374453046,3371336.0914209955,"E07,E15,E21,E29,E34",10.787467001302609,2.6989691856698754,motion_prediction_guess,32.113852177461986,34.94914094472218,21.62308871716271,True
2026-03-22 07:04:29,4432457.234720365,3097823.3232881757,3371328.069877238,"E07,E15,E21,E29,E34",13.721118654148668,2.698172148592971,previous_point_guess,32.11372802951061,34.94951673453629,19.328584817351867,True
2026-03-22 07:04:31,4432429.362548026,3097853.607055558,3371307.634932966,"E07,E15,E21,E29,E34",10.256779063433353,2.6973774572713434,previous_point_guess,32.11359830430814,34.94994890374428,22.97581067746142,True
2026-03-22 07:04:33,4432409.12090963,3097884.911988666,3371294.17289705,"E07,E15,E21,E29,E34",10.104895584487252,2.6965830471687897,motion_prediction_guess,32.113489049016934,34.95034362727154,19.817610500464017,True
2026-03-22 07:04:35,4432409.41677971,3097933.63714697,3371295.155324821,"E07,E15,E21,E29,E34",10.476615498448048,2.6957870035063083,previous_point_guess,32.11336158349169,34.95076497667623,24.367979784833828,True
2026-03-22 07:04:37,4432386.461548664,3097965.274683894,3371278.876716898,"E07,E15,E21,E29,E34",11.033875981281891,2.6949944426022028,previous_point_guess,32.113240561811146,34.951179057078356,21.17114457782571,True
2026-03-22 07:04:39,4432368.398638713,3098001.951347342,3371260.5759776314,"E07,E15,E21,E29,E34",9.985570443156922,2.6942022540968327,previous_point_guess,32.11307103316712,34.95160720286422,22.396224097287668,True
2026-03-22 07:04:41,4432347.359969647,3098036.052450579,3371247.1063715145,"E07,E15,E21,E29,E34",8.902306923812176,2.693411035261102,motion_prediction_guess,32.112957167102664,34.95203104362231,21.136113212978454,True
2026-03-22 07:04:43,4432332.750215881,3098078.6234051823,3371233.4576221104,"E07,E15,E21,E29,E34",8.469477373024393,2.692619817303081,previous_point_guess,32.11279341191949,34.952489413818206,23.516055373007145,True
2026-03-22 07:04:45,4432317.012472662,3098119.158794684,3371224.269176497,"E07,E15,E21,E29,E34",10.441091560927596,2.691829479143532,motion_prediction_guess,32.11267374440232,34.95293695193318,22.2217342732486,True
2026-03-22 07:04:47,4432290.746829748,3098153.2798993345,3371205.2600289704,"E07,E15,E21,E29,E34",8.844285369282403,2.6910411421786202,previous_point_guess,32.11253804452412,34.95339269183391,23.53445065196212,True
2026-03-22 07:04:49,4432280.25295534,3098198.6736046146,3371195.9319843724,"E07,E15,E21,E29,E34",10.284234409396893,2.690251953853001,previous_point_guess,32.11238336278026,34.95385058577162,23.757747658236585,True
2026-03-22 07:04:51,4432262.015132344,3098234.119563291,3371184.4019154618,"E07,E15,E21,E29,E34",10.202612859751673,2.6894646800871054,motion_prediction_guess,32.11226960520145,34.95426909931824,20.748353327322864,True
2026-03-22 07:04:53,4432250.716166972,3098274.639834004,3371171.6710492447,"E07,E15,E21,E29,E34",12.034756447271217,2.68867767942963,motion_prediction_guess,32.11210547756314,34.95468955585387,21.975178678361015,True
2026-03-22 07:04:55,4432232.220691698,3098316.347709183,3371157.4191381154,"E07,E15,E21,E29,E34",10.638366009174842,2.6878917134365263,previous_point_guess,32.111954742795255,34.95516400771831,23.899510603912876,True
2026-03-22 07:04:57,4429792.653901059,3097134.2091217972,3370119.7939682123,"E07,E15,E21,E29,E34",347.1196654230692,2.6873118336290633,motion_prediction_guess,32.11686253018497,34.959709750728024,1451.3445282727657,False
2026-03-22 07:04:59,4432207.798455186,3098403.3272231966,3371130.178661403,"E07,E15,E21,E29,E34",11.874099995652774,2.6863215757264736,previous_point_guess,32.11160375160607,34.95606755610075,1454.6873548002084,True
2026-03-22 07:05:01,4432176.738841032,3098429.4688441665,3371101.265273135,"E07,E15,E21,E29,E34",9.314041668640856,2.685540195169546,motion_prediction_guess,32.11143313903959,34.956483102521595,24.92021267702988,True
2026-03-22 07:05:03,4432166.075933938,3098474.4598829546,3371083.984885143,"E07,E15,E21,E29,E34",9.243995051990883,2.684757179211289,previous_point_guess,32.11121947782781,34.95693851060299,24.680472888899768,True
2026-03-22 07:05:05,4432155.867337676,3098517.597699317,3371060.521871405,"E07,E15,E21,E29,E34",8.9934831836126,2.6839753341447428,motion_prediction_guess,32.11096189734552,34.95737506567015,25.07786442383491,True
2026-03-22 07:05:07,4432148.258789589,3098561.55949654,3371038.3077183096,"E07,E15,E21,E29,E34",10.214403593285855,2.6831941361643867,previous_point_guess,32.110701377047114,34.957802989145904,24.919862644190715,True
2026-03-22 07:05:09,4432132.705645794,3098600.8168610437,3371008.280403948,"E07,E15,E21,E29,E34",8.572509798847737,2.6824146478849795,previous_point_guess,32.1104253085542,34.95823828869519,25.906951564381487,True
2026-03-22 07:05:11,4432127.273399226,3098645.682402792,3370984.530017707,"E07,E15,E21,E29,E34",8.01099885514853,2.6816350322032716,motion_prediction_guess,32.1101420202238,34.95866084259415,25.526980754323596,True
2026-03-22 07:05:13,4432124.957241311,3098696.548092301,3370965.1970294314,"E07,E15,E21,E29,E34",10.597405771746638,2.680855548561436,previous_point_guess,32.109863751274034,34.95911657600446,27.23255125944012,True
2026-03-22 07:05:15,4432106.355907783,3098731.0094222194,3370932.055404415,"E07,E15,E21,E29,E34",9.167126495910573,2.680079120842379,motion_prediction_guess,32.10958903648874,34.95952872934685,25.65131662062832,True
2026-03-22 07:05:17,4432098.549076211,3098777.7866183636,3370906.635442753,"E07,E15,E21,E29,E34",9.20661525946082,2.6793019913951435,previous_point_guess,32.10929706982549,34.95998228849686,26.903657507905493,True
2026-03-22 07:05:19,4432090.156788512,3098822.9651041147,3370881.1496171756,"E07,E15,E21,E29,E34",8.860423227192404,2.678525832982411,previous_point_guess,32.109011289403746,34.960425517075244,26.27286324774334,True
2026-03-22 07:05:21,4432082.178763684,3098865.152617108,3370861.1973869004,"E07,E15,E21,E29,E34",6.9363816155527385,2.677750523939762,motion_prediction_guess,32.10877436172689,34.96084025760523,23.672381722570087,True
2026-03-22 07:05:23,4432070.8689296795,3098913.7593417163,3370830.5990387923,"E07,E15,E21,E29,E34",7.9979248677787345,2.6769760373405758,previous_point_guess,32.10845157289518,34.96133095888474,29.269373623687482,True
2026-03-22 07:05:25,4432061.174038728,3098957.25357916,3370802.9759615758,"E07,E15,E21,E29,E34",8.826255512181648,2.6762026070590563,previous_point_guess,32.10815920595798,34.96176746261144,26.214375809392205,True
2026-03-22 07:05:27,4432051.033958432,3099000.6236107573,3370774.0164152724,"E07,E15,E21,E29,E34",8.222159677999695,2.6754300733895007,previous_point_guess,32.107858718987885,34.96220558794499,26.563302652482264,True
2026-03-22 07:05:31,4432033.881170817,3099094.019802987,3370725.8563562194,"E07,E15,E21,E29,E34",9.031347149492488,2.6738865526779487,motion_prediction_guess,32.1073017174388,34.963120635020275,26.6182011671528,True
2026-03-22 07:05:33,4432029.758650554,3099140.8955427,3370705.1067448785,"E07,E15,E21,E29,E34",10.198876264089945,2.6731157617861916,previous_point_guess,32.10703067168911,34.96355265554933,25.71419434187938,True
2026-03-22 07:05:35,4432018.872795066,3099183.8120580856,3370678.291081486,"E07,E15,E21,E29,E34",8.365836543947315,2.6723465137934492,previous_point_guess,32.10675072949908,34.96399135922757,25.881503751511595,True
2026-03-22 07:05:37,4432007.70939944,3099226.886912366,3370652.8278251686,"E07,E15,E21,E29,E34",7.643626540570077,2.671578039674531,previous_point_guess,32.1064817710741,34.964433120116745,25.634166143251424,True
2026-03-22 07:05:39,4431989.537092753,3099258.5069355164,3370619.275551411,"E07,E15,E21,E29,E34",8.56027235305157,2.670811742263419,motion_prediction_guess,32.1062100140312,34.96481797984201,24.778083403979824,True
2026-03-22 07:05:41,4431982.421431784,3099306.9268454663,3370596.2559353122,"E07,E15,E21,E29,E34",8.864587073478704,2.670044302269622,motion_prediction_guess,32.10592913904391,34.96528156745692,27.041741049301763,True
2026-03-22 07:05:43,4431491.548583296,3098991.8905455973,3370479.6066088756,"E13,E19,E27,E30",1.862645149230957e-09,3.173154066267079,previous_point_guess,32.1078315117998,34.96552671814601,297.4101078374125,False
2026-03-22 07:05:45,4431481.397319087,3099035.761032679,3370455.5437535667,"E13,E19,E27,E30",1.862645149230957e-09,3.172767409647423,previous_point_guess,32.10756706047554,34.965969281497,25.527871079757514,False
2026-03-22 07:05:47,4431480.281006461,3099084.1466551754,3370430.772813761,"E13,E19,E27,E30",2.634178031930877e-09,3.1723797206323296,previous_point_guess,32.107249306066954,34.96639618428468,27.184619167270867,False
2026-03-22 07:05:49,4431459.970724262,3099124.8791787783,3370399.99193032,"E13,E19,E27,E30",2.634178031930877e-09,3.171993884230028,previous_point_guess,32.10698205767106,34.966873183143335,27.47320889281791,False
2026-03-22 07:05:51,4431954.061612762,3099537.151862779,3370483.2681278116,"E07,E15,E21,E29,E34",4.718532672729043,2.666219998101113,motion_prediction_guess,32.104545131746896,34.967452531020975,324.43392899787307,True
2026-03-22 07:05:53,4433925.985073584,3102129.73610969,3371892.182374747,"E07,E15,E21,E29,E34",168.59195156855057,2.6651569405681914,previous_point_guess,32.100443657609,34.97798163710194,1774.4727785943319,False
2026-03-22 07:05:55,4433894.432745046,3102163.8994804206,3371846.377203283,"E07,E15,E21,E29,E34",164.15759994338285,2.66439797172813,motion_prediction_guess,32.10012396470357,34.97846953726769,32.63739829063752,False
2026-03-22 07:05:57,4431900.756103782,3099658.6665927903,3370394.267394198,"E07,E15,E21,E29,E34",7.677580846686187,2.663938342662505,motion_prediction_guess,32.10374088230557,34.968831121210165,1757.8083846673026,True
2026-03-22 07:05:59,4431894.600648624,3099708.1589892646,3370378.1755478014,"E07,E15,E21,E29,E34",8.2822359062823,2.6631779206758615,previous_point_guess,32.103506197482524,34.96929815958295,26.202740588686193,True
2026-03-22 07:06:01,4431872.304239578,3099754.3704327676,3370354.9132894105,"E07,E15,E21,E29,E34",6.360785293521188,2.662419309644906,previous_point_guess,32.103289138206875,34.96983471704957,28.16806717023485,True
2026-03-22 07:06:03,4431867.01005377,3099799.862794892,3370339.6933065234,"E07,E15,E21,E29,E34",8.353153682586367,2.6616607559637275,motion_prediction_guess,32.103068715194475,34.97026179365524,24.131055168132345,True
2026-03-22 07:06:05,4429481.653063848,3098660.500276347,3369349.054015307,"E07,E15,E21,E29,E34",339.6178735662757,2.6610988187420572,previous_point_guess,32.10800047623144,34.974856701178304,1411.5092236592486,False
2026-03-22 07:06:07,4431834.628825507,3099892.1212657522,3370308.4272072404,"E07,E15,E21,E29,E34",9.341162473640834,2.660146699035741,motion_prediction_guess,32.10270363691246,34.97125932113223,1411.894305348314,True
2026-03-22 07:06:09,4431816.869109748,3099937.472799158,3370293.9155894574,"E07,E15,E21,E29,E34",9.26825957210629,2.6593909550572947,previous_point_guess,32.102537959172544,34.971760857777625,25.410411925025443,True
2026-03-22 07:06:11,4431800.816395309,3099985.1523515778,3370280.85968317,"E07,E15,E21,E29,E34",8.002401309269878,2.658635745697879,motion_prediction_guess,32.10237030156769,34.97227223641854,25.987910885544334,True
2026-03-22 07:06:13,4433723.726135824,3102546.9421880846,3371663.785995738,"E07,E15,E21,E29,E34",159.37028337927597,2.6575867240686812,motion_prediction_guess,32.098348040605316,34.98282871652538,1744.4794511967334,False
2026-03-22 07:06:15,4431739.806336131,3100052.3906748383,3370248.2562442194,"E07,E15,E21,E29,E34",7.2828834367060935,2.657130954890422,motion_prediction_guess,32.10217613841654,34.97322639312614,1743.7351792407835,True
2026-03-22 07:06:17,4431711.914115406,3100092.6654673554,3370233.3238616926,"E07,E15,E21,E29,E34",6.965840688602239,2.656379149376123,previous_point_guess,32.10206097147732,34.973745383028174,25.607669443006117,True
2026-03-22 07:06:19,4431697.539179565,3100145.4154759827,3370233.560335445,"E07,E15,E21,E29,E34",10.422479904969311,2.6556262818224394,previous_point_guess,32.10197432640754,34.974290583000915,27.33705411354757,True
2026-03-22 07:06:21,4431666.157667597,3100190.899498442,3370219.8480719104,"E07,E15,E21,E29,E34",8.17648712666617,2.6548757694000344,motion_prediction_guess,32.10186786717416,34.97487597942764,28.46762092173599,True
2026-03-22 07:06:23,4431643.675805336,3100242.6699087205,3370219.550974399,"E07,E15,E21,E29,E34",8.127197986261473,2.654124854841299,motion_prediction_guess,32.101811665954514,34.97546190064281,28.220992975267922,True
2026-03-22 07:06:25,4431626.83135611,3100295.6329715312,3370223.840328749,"E07,E15,E21,E29,E34",9.542191029100236,2.653374323065304,previous_point_guess,32.10176508478367,34.97602393777672,27.87122195362014,True
2026-03-22 07:06:27,4431089.777955779,3099961.8666915135,3370115.3977956176,"E13,E19,E27,E30",2.634178031930877e-09,3.1645770300610687,previous_point_guess,32.1039625747577,34.97638810604636,320.7748694474489,False
2026-03-22 07:06:29,4431062.587169017,3100002.1333621447,3370115.802505499,"E13,E19,E27,E30",3.226196034939731e-09,3.1641832376247416,previous_point_guess,32.10396181864498,34.976902821202884,24.294584985953488,False
2026-03-22 07:06:31,4431033.291600756,3100052.921766855,3370114.441658123,"E13,E19,E27,E30",1.862645149230957e-09,3.163788616359892,motion_prediction_guess,32.10392693008996,34.97752166239525,29.32381403517742,False
2026-03-22 07:06:33,4431000.585489641,3100099.5035898956,3370112.8482391275,"E13,E19,E27,E30",1.862645149230957e-09,3.163394256574807,previous_point_guess,32.10391521321482,34.97812469880194,28.46971271493325,False
2026-03-22 07:06:35,4429084.327039921,3099325.2358068377,3369264.623923229,"E07,E15,E21,E29,E34",327.21198137079955,2.6498342747660106,motion_prediction_guess,32.107089073316054,34.98304376801306,1117.02971492335,False
2026-03-22 07:06:37,4431437.245961054,3100558.5413746755,3370200.3239911515,"E07,E15,E21,E29,E34",5.854467559375479,2.648896472578662,previous_point_guess,32.10160762291395,34.979457405149105,1408.2617556936862,True
2026-03-22 07:06:39,4431406.120820866,3100607.62092765,3370202.741092369,"E07,E15,E21,E29,E34",7.83372898487233,2.648152340235554,motion_prediction_guess,32.10161346350861,34.98007245100279,29.083583213800022,True
2026-03-22 07:06:41,4431366.7799892025,3100645.2244638586,3370203.1265408928,"E07,E15,E21,E29,E34",7.378803802957183,2.647410171722575,previous_point_guess,32.1016675678485,34.98063778202365,27.211557939277363,True
2026-03-22 07:06:43,4431345.708035741,3100694.5108668674,3370203.1362578883,"E07,E15,E21,E29,E34",6.55927020253316,2.646667398147565,motion_prediction_guess,32.101614972606896,34.98119356554938,26.801011355187054,True
2026-03-22 07:06:45,4431311.128320115,3100736.148825004,3370199.0566787655,"E07,E15,E21,E29,E34",7.242979245990905,2.645926538712345,previous_point_guess,32.10160518682463,34.98176499992296,27.139082779372377,True
2026-03-22 07:06:47,4431281.205107629,3100775.3317025295,3370198.114167902,"E07,E15,E21,E29,E34",7.215378082932825,2.645186403293149,motion_prediction_guess,32.10160782410838,34.98228684350739,24.655551420165132,True
2026-03-22 07:06:49,4431252.092310996,3100820.347069226,3370197.01582585,"E07,E15,E21,E29,E34",5.968058392723981,2.6444466158079694,motion_prediction_guess,32.101590062476,34.98285438979485,26.810187065416503,True
2026-03-22 07:06:51,4431223.589348473,3100858.1147562093,3370192.444900924,"E07,E15,E21,E29,E34",5.132083134236982,2.6437082586560936,motion_prediction_guess,32.10156329059235,34.98335532401205,23.768205692317203,True
2026-03-22 07:06:53,4431198.224274938,3100898.506428104,3370192.4984961674,"E07,E15,E21,E29,E34",6.147961039486024,2.6429702449663783,previous_point_guess,32.10155231289357,34.98385997454808,23.84783525977018,True
2026-03-22 07:06:55,4431090.522153553,3101091.826836408,3370063.51189337,"E07,E15,E27,E30",2.634178031930877e-09,4.626265840315096,previous_point_guess,32.10045869330911,34.98619208923787,128.07231445454596,False
2026-03-22 07:06:57,4431082.998520634,3101145.491458467,3370058.1972345593,"E07,E15,E27,E30",1.862645149230957e-09,4.62750790549425,previous_point_guess,32.100300182433074,34.98670356166982,27.224723650172407,False
2026-03-22 07:06:59,4428703.194246123,3099819.1370387855,3369240.7269968926,"E07,E15,E21,E29,E34",328.0342814550677,2.6409555192161616,motion_prediction_guess,32.1070458214217,34.98964886649086,1422.2290621646923,False
2026-03-22 07:07:01,4431092.159536569,3101065.6645674584,3370199.5550318905,"E07,E15,E21,E29,E34",10.041842262400609,2.640025602881669,previous_point_guess,32.101563361868465,34.985955071102445,1430.064442551178,True
2026-03-22 07:07:03,4431027.167590805,3101090.7925442173,3370182.3473028215,"E07,E15,E21,E29",1.862645149230957e-09,5.401708582214413,motion_prediction_guess,32.10161803760083,34.98656794639343,35.88688538277395,True
2026-03-22 07:07:07,4430993.726444347,3101181.0487009236,3370197.6059046676,"E07,E15,E21,E29,E34",6.838484204597167,2.6378269761581636,motion_prediction_guess,32.10161788605873,34.987554444674046,24.36352843069107,True
2026-03-22 07:07:09,4430974.543927023,3101231.232668544,3370200.079370845,"E07,E15,E21,E29,E34",4.639138989257091,2.6370943007356527,motion_prediction_guess,32.101574196241785,34.98810652664185,26.891065486274368,True
2026-03-22 07:07:11,4430947.0479438305,3101271.9279888845,3370216.3495288044,"E07,E15,E21,E29,E34",5.385408773898458,2.6363628679520645,previous_point_guess,32.10169460546841,34.98862675402878,25.869171949237533,True
2026-03-22 07:07:13,4428630.592861994,3100155.967673645,3369337.0920145977,"E07,E15,E21,E29,E34",329.6205535546391,2.6358169682945944,motion_prediction_guess,32.10714123041442,34.99301484068202,1358.7149579330417,False
2026-03-22 07:07:15,4430877.895765394,3101332.6436271085,3370253.9575798484,"E07,E15,E21,E29,E34",7.8631274333864765,2.6349041144576355,previous_point_guess,32.102086533610446,34.989573789498756,1348.6640708337204,True
2026-03-22 07:07:17,4430839.010757811,3101359.5685035456,3370275.399391136,"E07,E15,E21,E29,E34",7.98738671937067,2.634176199506504,motion_prediction_guess,32.10232899465482,34.990043691631435,25.965092225671945,True
2026-03-22 07:07:19,4430802.444497112,3101389.376720001,3370294.752054625,"E07,E15,E21,E29,E34",5.442152436244769,2.6334488610411677,previous_point_guess,32.102538468877725,34.99052453483589,25.495817176023568,True
2026-03-22 07:07:21,4430763.887768778,3101414.0913543883,3370323.4106902084,"E07,E15,E21,E29,E34",8.305096817244868,2.632722405809499,previous_point_guess,32.10284083860178,34.99097326543442,27.012737024526963,True
2026-03-22 07:07:23,4430715.844893356,3101438.291235637,3370345.082614366,"E07,E15,E21,E29,E34",7.187908515675585,2.6319972989215907,previous_point_guess,32.103128495217135,34.9914751611473,28.997518979939933,True
2026-03-22 07:07:25,4430684.710965203,3101469.784346462,3370378.8375989366,"E07,E15,E21,E29,E34",9.83271699276027,2.6312715082696414,previous_point_guess,32.10342202013993,34.99193763308438,27.841230643779923,True
2026-03-22 07:07:27,4430638.634993352,3101496.1994433864,3370400.9156260216,"E07,E15,E21,E29,E34",8.565517528790966,2.6305477260510477,motion_prediction_guess,32.10369896567063,34.99244681246845,28.758441402057837,True
2026-03-22 07:07:29,4430605.128932611,3101528.041387135,3370430.606944327,"E07,E15,E21,E29,E34",9.098949059499406,2.6298236836054385,previous_point_guess,32.10396979965962,34.992926727489596,27.468799895399943,True
2026-03-22 07:07:31,4430056.815503429,3101176.3381480826,3370356.432360792,"E13,E19,E27,E30",1.862645149230957e-09,3.1518410724303125,previous_point_guess,32.106522739536274,34.993205605559254,327.8126956908339,False
2026-03-22 07:07:33,4430021.486736253,3101205.5805136813,3370387.694429478,"E13,E19,E27,E30",2.634178031930877e-09,3.1514376491550458,previous_point_guess,32.106819893768574,34.99367409174069,27.751386249418143,False
2026-03-22 07:07:35,4429974.194796138,3101222.957810798,3370407.9470828706,"E13,E19,E27,E30",2.634178031930877e-09,3.1510365241719676,previous_point_guess,32.10711253625577,34.994112285689624,27.150819620757918,False
2026-03-22 07:07:37,4429005.303938312,3099316.7797216414,3369843.2064649905,"E13,E19,E27,E30",3.226196034939731e-09,3.150887300308897,previous_point_guess,32.11184386373151,34.98345054403884,1105.8024651179428,False
2026-03-22 07:07:39,4428971.872849027,3099347.8917328455,3369865.5505756172,"E13,E19,E27,E30",0.0,3.1504837149998277,motion_prediction_guess,32.11206040071792,34.98392387918244,25.420730967510956,False
2026-03-22 07:07:41,4429871.192261656,3101323.46131283,3370481.9313292955,"E13,E19,E27,E30",3.226196034939731e-09,3.149824719228306,previous_point_guess,32.10780587637869,34.99561053222053,1128.22601955424,False
2026-03-22 07:07:43,4427961.096439193,3100544.337725077,3369629.032662404,"E07,E15,E21,E29,E34",342.7221660154566,2.6249716871389155,previous_point_guess,32.11093380311333,35.00045669237005,1116.124517243589,False
2026-03-22 07:07:45,4430287.072599007,3101767.087397301,3370608.655238879,"E07,E15,E21,E29,E34",5.082571856692623,2.6240640450423003,previous_point_guess,32.1059214952872,34.99693379673715,1402.2252181164229,True
2026-03-22 07:07:47,4430267.0419807695,3101812.5187923964,3370628.8688210743,"E07,E15,E21,E29,E34",7.2236717478898544,2.623345940121822,previous_point_guess,32.10602965534654,34.99744978852295,26.804039958761198,True
2026-03-22 07:07:49,4430839.73231365,3101251.498532901,3372272.1426135534,"E07,E15,E21,E29,E34",604.6512760170839,2.622597308278978,previous_point_guess,32.11787314547562,34.989101354673565,914.2027545883428,False
2026-03-22 07:07:51,4430177.497798075,3101874.926028734,3370645.095410398,"E07,E15,E21,E29,E34",7.238221591626896,2.6219164295038473,motion_prediction_guess,32.10633360628271,34.99853549384914,932.0004020216998,True
2026-03-22 07:07:53,4430150.570041793,3101923.2177185216,3370647.9558216627,"E07,E15,E21,E29,E34",5.601929312939022,2.6212012578630572,previous_point_guess,32.10632842461837,34.99911821895047,27.68290679054549,True
2026-03-22 07:07:55,4430114.749005515,3101962.612107591,3370657.1493884325,"E07,E15,E21,E29,E34",4.9790656397638955,2.62048753684334,previous_point_guess,32.10643098829906,34.99967776951032,27.01659767686262,True
2026-03-22 07:07:57,4427762.939420916,3100838.651371525,3369751.10162272,"E07,E15,E21,E29,E34",329.1446077787839,2.6199592011912998,previous_point_guess,32.11183535794637,35.00421677712551,1379.7842777207861,False
2026-03-22 07:07:59,4427729.136751296,3100879.2770900642,3369754.288672148,"E07,E15,E21,E29,E34",330.02816108325464,2.6192469915333416,motion_prediction_guess,32.111880731025614,35.00477501906162,26.472753749489055,False
2026-03-22 07:08:01,4430011.553635551,3102086.4661766193,3370675.6744921664,"E07,E15,E21,E29,E34",3.195361064379817,2.6183507838614215,previous_point_guess,32.10663715026783,35.00137970853121,1370.7374067960363,True
2026-03-22 07:08:03,4429502.98413294,3101758.960155153,3370587.8633783376,"E13,E19,E27,E30",1.862645149230957e-09,3.1453723080943354,previous_point_guess,32.10886356847487,35.00162807682281,305.61983116043007,False
2026-03-22 07:08:05,4429477.063921766,3101799.863572844,3370593.712648444,"E13,E19,E27,E30",2.634178031930877e-09,3.1449659993562076,previous_point_guess,32.108897559394016,35.0021406180969,24.388309226334954,False
2026-03-22 07:08:07,4429450.602370573,3101849.255439456,3370604.587142896,"E13,E19,E27,E30",3.725290298461914e-09,3.1445583590185735,motion_prediction_guess,32.108948720504394,35.00273012092728,28.53955504460834,False
2026-03-22 07:08:09,4429418.245070028,3101886.299052683,3370610.4594615856,"E13,E19,E27,E30",1.862645149230957e-09,3.144152217662468,previous_point_guess,32.109018770717974,35.0032482852283,24.76746003467332,False
2026-03-22 07:08:11,4426708.342752204,3100678.54910583,3368865.534747241,"E15,E21,E29,E34",0.0,4.1053092705081085,previous_point_guess,32.109650991313536,35.00923979954923,1720.9730361775887,False
2026-03-22 07:08:13,4429355.578966189,3101966.5734689157,3370620.837057708,"E13,E19,E27,E30",2.634178031930877e-09,3.143338774271817,previous_point_guess,32.10912336604569,35.004325864160016,1713.7643167647943,False
2026-03-22 07:08:15,4429318.053784432,3102006.8084362955,3370634.5135394637,"E13,E19,E27,E30",2.634178031930877e-09,3.1429312510101717,previous_point_guess,32.10926453947219,35.00490313927177,28.346243221956748,False
2026-03-22 07:08:17,4429815.1944118785,3102438.178622014,3370766.6288146204,"E15,E21,E29,E34",1.862645149230957e-09,4.0951691975688025,previous_point_guess,32.10713580976608,35.005625177955245,335.6648203619356,True
2026-03-22 07:08:19,4429758.750058663,3102464.6077828137,3370759.007000946,"E15,E21,E29,E34",2.634178031930877e-09,4.09198839497346,previous_point_guess,32.10722651276963,35.00619756616977,31.394894466202253,True
2026-03-22 07:08:21,4429238.210932787,3102132.791463717,3370651.8997052647,"E13,E19,E27,E30",0.0,3.1417073867860608,previous_point_guess,32.10936440575938,35.00648182022271,313.26307792947597,False
2026-03-22 07:08:23,4429203.309326508,3102166.2931074994,3370651.5439408063,"E13,E19,E27,E30",2.634178031930877e-09,3.141300623272858,motion_prediction_guess,32.109406595691674,35.0069847151537,24.189919518764277,False
2026-03-22 07:08:25,4429166.594802963,3102203.0597000187,3370658.7176007736,"E13,E19,E27,E30",1.862645149230957e-09,3.1408927912861846,previous_point_guess,32.10950443855471,35.00752696687537,26.225941174631604,False
2026-03-22 07:08:27,4429146.724028326,3102243.5849601347,3370666.9061053363,"E13,E19,E27,E30",0.0,3.1404835059580702,previous_point_guess,32.109533562096075,35.007999453777714,22.935758103420113,False
2026-03-22 07:08:29,4429129.151300105,3102298.6963991234,3370674.5758768325,"E13,E19,E27,E30",2.634178031930877e-09,3.1400727635586123,motion_prediction_guess,32.1095095861936,35.00858455607537,29.175747116900062,False
2026-03-22 07:08:31,4427191.742633923,3101489.8935240135,3369821.54278165,"E07,E15,E21,E29,E34",337.67215196519436,2.6079579941952384,previous_point_guess,32.11282547634018,35.01334404324165,1133.068829778323,False
2026-03-22 07:08:33,4427125.650715118,3101512.492179197,3369780.66564659,"E07,E15,E21,E29,E34",349.01754563279366,2.6072625844611412,previous_point_guess,32.112710536532965,35.01394218212078,40.46537923923651,False
2026-03-22 07:08:35,4429023.3030801015,3102379.191369098,3370689.6596818874,"E13,E19,E27,E30",0.0,3.138849346813475,previous_point_guess,32.10981901892292,35.009926552488125,1137.8183225265561,False
2026-03-22 07:08:37,4428988.306152771,3102417.5958363656,3370693.1270243847,"E13,E19,E27,E30",2.634178031930877e-09,3.1384402994837757,previous_point_guess,32.10987728989966,35.010472584387365,26.03704328764381,True
2026-03-22 07:08:39,4427000.493744751,3101611.009147051,3369761.970344635,"E07,E15,E21,E29,E34",360.27528446594806,2.6051728432901307,motion_prediction_guess,32.11278816953657,35.01555862737597,1169.2981889898037,False
2026-03-22 07:08:41,4427735.391869934,3101115.691031168,3371600.4740540185,"E07,E15,E21,E29,E34",292.74745757025494,2.604426970038131,motion_prediction_guess,32.12531031822215,35.00678948028509,1020.4791986776237,False
2026-03-22 07:08:43,4427044.265834187,3101745.8667920795,3369872.1833250923,"E07,E15,E21,E29,E34",337.72016322690854,2.6037704414420473,previous_point_guess,32.113087299959815,35.0164630999995,982.5687673923782,False
2026-03-22 07:08:45,4427012.575611536,3101785.057605603,3369878.275361528,"E07,E15,E21,E29,E34",336.51112940198976,2.6030756990372264,previous_point_guess,32.113150468232796,35.01699605439666,25.38357236582896,False
2026-03-22 07:08:47,4426976.20232183,3101829.036725245,3369875.9413501825,"E07,E15,E21,E29,E34",340.5741893272645,2.6023818047256966,motion_prediction_guess,32.11315446709071,35.017599059433614,28.55970403169532,False
2026-03-22 07:08:49,4426916.080129323,3101849.2334014736,3369881.7358355923,"E07,E15,E21,E29,E34",337.0002871062666,2.6016907481048768,previous_point_guess,32.11337929369428,35.018140067228025,31.843994032514136,False
2026-03-22 07:08:51,4426881.358070714,3101895.7954655867,3369895.9207372703,"E07,E15,E21,E29,E34",331.35191791213896,2.6009975283767566,motion_prediction_guess,32.1134959146703,35.018755456047074,29.895060645856177,False
2026-03-22 07:08:53,4424869.59660185,3101169.582894117,3370052.257193186,"E07,E15,E27,E30",1.862645149230957e-09,4.707404619406411,previous_point_guess,32.12459293339422,35.02469028151964,1072.265125099054,False
2026-03-22 07:08:55,4429229.166747343,3103185.4692346063,3370851.4555662773,"E07,E15,E21,E29,E34",6.936689823163984,2.599425811506166,motion_prediction_guess,32.10802931902023,35.01567163668823,2434.561953965829,False
2026-03-22 07:08:57,4428694.977404732,3102846.5336632878,3370748.6511465944,"E13,E19,E27,E30",2.634178031930877e-09,3.1343296153755285,previous_point_guess,32.11027329277858,35.01597818414911,320.47009375681,True
2026-03-22 07:08:59,4428669.767059761,3102894.168628434,3370747.849277217,"E13,E19,E27,E30",1.862645149230957e-09,3.1339173483130582,motion_prediction_guess,32.110235115768916,35.01654482129594,26.9503914283474,True
2026-03-22 07:09:01,4428634.93439307,3102936.7183965724,3370738.70701857,"E13,E19,E27,E30",2.634178031930877e-09,3.1335064939977695,motion_prediction_guess,32.11018499073617,35.01712583331035,27.871931806998827,True
2026-03-22 07:09:03,4428615.883144975,3102984.1830637744,3370732.253809717,"E13,E19,E27,E30",2.634178031930877e-09,3.133094013196782,motion_prediction_guess,32.1100799289504,35.017653543297804,25.775417509092044,True
2026-03-22 07:09:05,4428592.0404299935,3103032.283555851,3370725.9191516233,"E13,E19,E27,E30",0.0,3.1326814974693913,previous_point_guess,32.1099928320489,35.018215901099275,27.028953765268003,True
2026-03-22 07:09:07,4428565.370194978,3103078.4864858342,3370722.552158176,"E13,E19,E27,E30",3.226196034939731e-09,3.1322688010376885,motion_prediction_guess,32.10994472157933,35.01877898325952,26.72708747555007,True
2026-03-22 07:09:09,4428551.732968699,3103126.587739532,3370715.1456737844,"E13,E19,E27,E30",3.725290298461914e-09,3.131855456079154,previous_point_guess,32.10980936659835,35.019279292421956,25.27133039092637,True
2026-03-22 07:09:11,4428517.880560285,3103164.7047754745,3370702.879607685,"E13,E19,E27,E30",3.725290298461914e-09,3.131444134439076,previous_point_guess,32.109743712309225,35.019815878271885,26.21712399378306,True
2026-03-22 07:09:13,4428488.325644307,3103210.4395776284,3370695.1799992346,"E13,E19,E27,E30",2.634178031930877e-09,3.131031376164935,previous_point_guess,32.10967511138796,35.020392435558826,27.49749605347739,True
2026-03-22 07:09:15,4428474.922330588,3103264.8469369425,3370694.824978638,"E13,E19,E27,E30",1.862645149230957e-09,3.1306162655506213,motion_prediction_guess,32.109575348620794,35.02094603514604,28.01756415985359,True
2026-03-22 07:09:17,4428451.911962822,3103302.095518458,3370683.076961404,"E13,E19,E27,E30",2.634178031930877e-09,3.130203809992299,previous_point_guess,32.10947347187878,35.021409159605874,22.66577683744461,True
2026-03-22 07:09:19,4428422.820837479,3103355.8497153367,3370679.9359341413,"E13,E19,E27,E30",1.862645149230957e-09,3.1297893615922363,motion_prediction_guess,32.10941580377703,35.022052477649424,30.60095304089031,True
2026-03-22 07:09:21,4428400.859080778,3103396.9781687157,3370672.1600729995,"E13,E19,E27,E30",1.862645149230957e-09,3.1293757804882665,motion_prediction_guess,32.10932947522694,35.02254288978589,23.634362965951038,True
2026-03-22 07:09:23,4428380.792700366,3103443.2758182115,3370661.6822732766,"E13,E19,E27,E30",1.862645149230957e-09,3.1289617246165022,previous_point_guess,32.10920084486981,35.0230666278348,25.76779122625124,True
2026-03-22 07:09:25,4425246.252708302,3102743.3047582447,3369768.825557253,"E13,E19,E27,E30",1.862645149230957e-09,3.128839151334662,motion_prediction_guess,32.11661352610435,35.03606072786836,1666.7703472576757,False
2026-03-22 07:09:27,4428335.031564972,3103549.416400595,3370645.6141985157,"E13,E19,E27,E30",2.634178031930877e-09,3.1281317592750977,previous_point_guess,32.108965742131474,35.02426585208402,1655.2287702002868,True
2026-03-22 07:09:29,4428290.027749667,3103587.532714113,3370617.8089103913,"E13,E19,E27,E30",0.0,3.12772051061377,motion_prediction_guess,32.108825140518995,35.0248702428722,32.60111499599191,True
2026-03-22 07:09:31,4425187.040096999,3102888.608913578,3369718.66509792,"E13,E19,E27,E30",2.634178031930877e-09,3.1275960415496584,previous_point_guess,32.11606263358248,35.03768236504121,1652.6861806668076,False
2026-03-22 07:09:33,4428273.039091829,3103687.327811785,3370575.0264277603,"E13,E19,E27,E30",0.0,3.126890777690276,previous_point_guess,32.108290474199315,35.02583943015401,1650.356574834288,True
2026-03-22 07:09:35,4428257.883537316,3103735.430467782,3370550.509937859,"E13,E19,E27,E30",0.0,3.126476357456777,previous_point_guess,32.10803035044873,35.02634895312962,28.038431766285125,True
2026-03-22 07:09:37,4428239.424445779,3103780.9776441418,3370523.435006971,"E13,E19,E27,E30",2.634178031930877e-09,3.1260623308284017,motion_prediction_guess,32.107770678444716,35.026856390843115,28.055013889223137,True
2026-03-22 07:09:39,4428232.839198579,3103824.8085852386,3370501.678946138,"E13,E19,E27,E30",0.0,3.1256471893636726,motion_prediction_guess,32.10750974990163,35.02727672715968,24.68725916893694,True
2026-03-22 07:09:41,4428708.21816187,3104247.8835560456,3370572.626357825,"E07,E15,E21,E29,E34",4.123595446951952,2.583739486436045,previous_point_guess,32.10502208576508,35.028056401362086,320.16055538110686,False
2026-03-22 07:09:43,4428209.301590077,3103927.2632863573,3370456.858631416,"E13,E19,E27,E30",1.862645149230957e-09,3.1248157460118207,motion_prediction_guess,32.106977889737,35.02830878101707,302.12467187515927,True
2026-03-22 07:09:45,4428193.835498758,3103973.6757064527,3370430.12216009,"E13,E19,E27,E30",2.634178031930877e-09,3.1244006777106796,previous_point_guess,32.106706667148266,35.02880551305388,27.875399632879457,True
2026-03-22 07:09:47,4428192.679109449,3104023.722397038,3370412.250353926,"E13,E19,E27,E30",3.725290298461914e-09,3.123983637016831,previous_point_guess,32.106436996706535,35.02924674802522,26.577292611962037,True
2026-03-22 07:09:49,4428154.5769380415,3104069.0747336433,3370380.2016742514,"E13,E19,E27,E30",2.634178031930877e-09,3.1235698415532744,previous_point_guess,32.106216949777185,35.02987194057161,33.673905959944,True
2026-03-22 07:09:51,4428147.79192311,3104120.381743647,3370356.0167561388,"E13,E19,E27,E30",0.0,3.1231531394946597,previous_point_guess,32.105917674273,35.0303583339069,28.562895368209812,True
2026-03-22 07:09:53,4428129.490690589,3104167.509877629,3370328.42709305,"E13,E19,E27,E30",1.862645149230957e-09,3.1227374445549145,previous_point_guess,32.10564908353944,35.03087850699255,28.797506983144363,True
2026-03-22 07:09:55,4428114.229089582,3104218.7357916236,3370304.4399788096,"E13,E19,E27,E30",0.0,3.1223207594626476,motion_prediction_guess,32.1053848066307,35.03141574199054,29.293311435537717,True
2026-03-22 07:09:57,4428601.860560385,3104650.6809620825,3370378.9094817676,"E07,E15,E21,E29,E34",2.7694335347180967,2.57837430905841,motion_prediction_guess,32.102851733797245,35.032197348229545,327.83638772652733,False
2026-03-22 07:09:59,4428577.255824064,3104689.8029907783,3370344.910666807,"E07,E15,E21,E29,E34",4.902066617082842,2.5777084272803603,motion_prediction_guess,32.10258095971049,35.03268633724611,28.687303800672254,False
2026-03-22 07:10:01,4428559.38620307,3104733.8802886293,3370318.371119872,"E07,E15,E21,E29,E34",4.055165694266563,2.5770424692160936,motion_prediction_guess,32.10232710140049,35.033177351101145,27.232696762405784,False
2026-03-22 07:10:03,4428547.364859645,3104781.563919708,3370294.5879141074,"E07,E15,E21,E29,E34",3.344958460672208,2.576376727168638,previous_point_guess,32.102061427016444,35.03366407967923,27.31246165696098,False
2026-03-22 07:10:05,4428542.748140917,3104843.9050704935,3370277.9660272487,"E07,E15,E21,E29,E34",4.995270893050306,2.5757102157553944,motion_prediction_guess,32.10178107763969,35.03423291617943,32.34198552880025,False
2026-03-22 07:10:07,4428525.406624876,3104880.2947277115,3370250.9117398798,"E07,E15,E21,E29,E34",4.0065103448079,2.5750469970446432,previous_point_guess,32.10154235756488,35.0346540265359,24.273801701063324,False
2026-03-22 07:10:09,4428500.521048121,3104911.04512091,3370221.68633533,"E07,E15,E21,E29,E34",3.03723698972404,2.574385188708503,motion_prediction_guess,32.10133216484837,35.03507210018722,24.59167991097063,False
2026-03-22 07:10:11,4428500.921086033,3104973.9488731446,3370210.244980618,"E07,E15,E21,E29,E34",4.56992626596281,2.5737205011037223,motion_prediction_guess,32.1010701517697,35.035615294616726,31.968526214033453,False
2026-03-22 07:10:13,4427997.9515711805,3104645.55141413,3370100.037517362,"E13,E19,E27,E30",0.0,3.1185627112131233,previous_point_guess,32.10310536462864,35.03582567608885,305.3559025610756,True
2026-03-22 07:10:15,4427983.690158594,3104693.0410773694,3370085.906666412,"E13,E19,E27,E30",1.862645149230957e-09,3.118143519178725,motion_prediction_guess,32.102922717140515,35.036324384300336,25.77953137725436,True
2026-03-22 07:10:17,4427958.539664248,3104732.1684948546,3370065.2902543177,"E13,E19,E27,E30",1.862645149230957e-09,3.117725917013278,motion_prediction_guess,32.10275626125675,35.036816781405825,25.438841426913918,True
2026-03-22 07:10:19,4427972.01409204,3104789.7901904983,3370066.19935947,"E13,E19,E27,E30",1.862645149230957e-09,3.117302866102495,previous_point_guess,32.10255178939184,35.03723467453245,29.59158024408355,True
2026-03-22 07:10:21,4427926.046861489,3104822.3464258113,3370046.845190702,"E13,E19,E27,E30",3.226196034939731e-09,3.1168863359382435,previous_point_guess,32.10249473790868,35.03779668343697,29.780356743068428,True
2026-03-22 07:10:23,4427903.184908321,3104861.1878104596,3370037.372039604,"E13,E19,E27,E30",2.634178031930877e-09,3.116467121661751,previous_point_guess,32.10240520865858,35.03827267602092,23.027497995821445,True
2026-03-22 07:10:25,4427883.622788723,3104906.1465217494,3370037.76504607,"E13,E19,E27,E30",1.862645149230957e-09,3.116046209644197,motion_prediction_guess,32.10236126711936,35.03878166077783,24.515896363930377,True
2026-03-22 07:10:27,4428335.70330252,3105326.34445687,3370125.1930705346,"E07,E15,E21,E29,E34",2.195333449859953,2.568444075554546,motion_prediction_guess,32.100099222172595,35.039676692390735,311.68363571780424,False
2026-03-22 07:10:29,4428321.809766883,3105367.4069820573,3370124.3365228907,"E07,E15,E21,E29,E34",4.007553065329306,2.5677874453885186,previous_point_guess,32.100034216825456,35.04011734575438,21.67887786023935,False
2026-03-22 07:10:31,4428281.084969241,3105402.2456745584,3370121.353570725,"E07,E15,E21,E29,E34",2.7216021232998657,2.567132768169047,motion_prediction_guess,32.1000753559058,35.040667210964884,26.838133512721,False
2026-03-22 07:10:33,4428245.761802485,3105437.595349491,3370132.42805096,"E07,E15,E21,E29,E34",3.4853802574432136,2.5664781096753786,motion_prediction_guess,32.10020127621995,35.041188655979354,25.59283278558433,False
2026-03-22 07:10:35,4428233.573167891,3105486.6987906243,3370145.5599864065,"E07,E15,E21,E29,E34",5.1386295207229145,2.5658225105446415,motion_prediction_guess,32.100214307794424,35.04168867714414,26.13502665464055,False
2026-03-22 07:10:37,4428198.907171272,3105521.035191859,3370155.663978035,"E07,E15,E21,E29,E34",4.400188002181192,2.565169377441951,previous_point_guess,32.100333019914544,35.04219733734844,24.91390384009944,False
2026-03-22 07:10:39,4428173.315087041,3105557.729482562,3370173.613740593,"E07,E15,E21,E29,E34",6.187290584918814,2.564516263628452,previous_point_guess,32.10046957532539,35.042671256394854,24.101969428582688,False
2026-03-22 07:10:41,4427642.423248653,3105211.6040922585,3370094.009726686,"E13,E19,E27,E30",0.0,3.112676389115804,motion_prediction_guess,32.10289684143119,35.042898505952024,319.3688028398063,True
2026-03-22 07:10:43,4427604.963789329,3105235.584865997,3370109.8570546177,"E13,E19,E27,E30",3.226196034939731e-09,3.112255110452516,previous_point_guess,32.10309889300613,35.04333439706697,23.608401071190016,True
2026-03-22 07:10:45,4427571.476239327,3105267.3245752216,3370127.6089128875,"E13,E19,E27,E30",0.0,3.1118326719385525,previous_point_guess,32.10327855530367,35.04381342902235,24.718179639685797,True
2026-03-22 07:10:47,4428038.6906026825,3105685.0612505204,3370240.4236918422,"E07,E15,E21,E29,E34",3.640983263443049,2.561913366120602,motion_prediction_guess,32.10115771620803,35.044594495125864,318.4024048141244,False
2026-03-22 07:10:49,4427503.753856349,3105330.23325545,3370160.4569457737,"E13,E19,E27,E30",2.634178031930877e-09,3.110987592121316,motion_prediction_guess,32.10362208997367,35.0447710934876,323.44045400215634,True
2026-03-22 07:10:51,4427122.295696496,3105303.337347207,3369351.144832586,"E07,E15,E21,E29,E34",498.5677534857342,2.5607040589387426,motion_prediction_guess,32.09900990813374,35.04685859330234,447.5544140523274,False
2026-03-22 07:10:53,4427935.029712501,3105782.491784551,3370292.449877695,"E07,E15,E21,E29,E34",3.8206535367894237,2.559968547334415,previous_point_guess,32.1016937060357,35.04607007399508,666.3671554680169,False
2026-03-22 07:10:55,4427906.614808927,3105821.8838299173,3370312.403816321,"E07,E15,E21,E29,E34",5.462492917035872,2.559320954998865,previous_point_guess,32.10184920420899,35.04658456770181,26.254997857114546,False
2026-03-22 07:10:57,4427858.978762653,3105852.0810233946,3370325.118184203,"E07,E15,E21,E29,E34",4.12863869075322,2.558675491394106,motion_prediction_guess,32.10205010967763,35.04713624596879,28.90812407098577,False
2026-03-22 07:10:59,4427828.312357923,3105894.723807996,3370334.412413208,"E07,E15,E21,E29,E34",2.481745411209656,2.5580295486194635,previous_point_guess,32.10212406586942,35.04769263150267,26.67029316682357,False
2026-03-22 07:11:01,4427803.372104193,3105947.4161061128,3370338.6443723724,"E07,E15,E21,E29,E34",1.403377244341016,2.5573836525213594,motion_prediction_guess,32.102109231799425,35.04830133761231,29.225006481162268,False
2026-03-22 07:11:03,4427278.693629994,3105597.0567748565,3370265.73100202,"E13,E19,E27,E30",0.0,3.108020944719177,previous_point_guess,32.10457501244721,35.04845472254466,317.551382402228,True
2026-03-22 07:11:05,4427238.979539267,3105640.8122351705,3370264.4306779336,"E13,E19,E27,E30",2.634178031930877e-09,3.107597789779836,previous_point_guess,32.10460047344346,35.049075872410185,29.552650722377113,True
2026-03-22 07:11:07,4423739.1758189015,3103368.190703082,3367984.497584564,"E13,E21,E29,E34",0.0,7.660728147095358,previous_point_guess,32.107173192769274,35.0506594762913,2377.579105909871,False
2026-03-22 07:11:09,4427189.2966185445,3105741.0435145185,3370267.493877234,"E13,E19,E27,E30",1.862645149230957e-09,3.1067480134117154,previous_point_guess,32.104542931294176,35.050247519804074,2384.6297442798077,True
2026-03-22 07:11:11,4427644.15894359,3106162.9712275765,3370329.345001399,"E07,E15,E21,E29,E34",16.374643748425093,2.554170196826078,previous_point_guess,32.10206958595288,35.05113934673741,311.7484127274767,False
2026-03-22 07:11:13,4427630.093062151,3106213.1787266694,3370332.418249403,"E07,E15,E21,E29,E34",3.5789070609666798,2.553528487460652,previous_point_guess,32.10201006392502,35.05166033729072,26.115545366230595,False
2026-03-22 07:11:15,4427586.446525879,3106252.5144531396,3370316.377471768,"E07,E15,E21,E29",0.0,5.398418666298087,motion_prediction_guess,32.101950498956626,35.05226701459544,30.45334978549032,False
2026-03-22 07:11:17,4427586.491012334,3106312.7854673704,3370314.990809766,"E07,E15,E21,E29,E34",3.71453387227529,2.5522485288931533,previous_point_guess,32.10177385622836,35.05278942285906,30.143490039144183,False
2026-03-22 07:11:19,4427562.305467132,3106358.409775517,3370304.355380341,"E07,E15,E21,E29,E34",4.050106175034726,2.551610033712055,previous_point_guess,32.10166192537981,35.053332229400475,26.36110036418447,False
2026-03-22 07:11:21,4427545.734015304,3106408.100420399,3370298.356247854,"E07,E15,E21,E29,E34",3.610142315343563,2.550971590559731,previous_point_guess,32.101544347152526,35.053863971121025,26.36172791702328,False
2026-03-22 07:11:23,4427041.508425374,3106074.6453718324,3370199.204929625,"E13,E19,E27,E30",1.862645149230957e-09,3.103775565842717,previous_point_guess,32.1036828535097,35.054040156155985,306.29507785036975,True
2026-03-22 07:11:25,4426997.840637738,3106111.063182486,3370179.4584849454,"E13,E19,E27,E30",1.862645149230957e-09,3.1033531485166916,previous_point_guess,32.10360308487604,35.05462172489148,30.09590789170907,True
2026-03-22 07:11:27,4426970.268374633,3106154.8126811762,3370165.2686004965,"E13,E19,E27,E30",0.0,3.1029287164711503,previous_point_guess,32.10348243107188,35.055168938304256,26.81231596217892,True
2026-03-22 07:11:29,4426959.64996879,3106211.2072049007,3370163.700569215,"E13,E19,E27,E30",1.862645149230957e-09,3.102501191140716,previous_point_guess,32.10335687212062,35.05572264895577,28.70344740121021,True
2026-03-22 07:11:31,4426942.413875384,3106263.29049644,3370157.1606549625,"E13,E19,E27,E30",1.862645149230957e-09,3.102074606036276,previous_point_guess,32.10323116093576,35.05627923593395,27.62481969128705,True
2026-03-22 07:11:33,4426888.208289761,3106300.59961712,3370132.9243569123,"E13,E19,E27,E30",1.862645149230957e-09,3.101652374749399,motion_prediction_guess,32.10315596942899,35.056932665023844,35.062868748307906,True
2026-03-22 07:11:35,4426871.497744478,3106358.980454711,3370125.6037902427,"E13,E19,E27,E30",0.0,3.101225003895019,previous_point_guess,32.10300489137286,35.05754066634471,30.582491796072997,True
2026-03-22 07:11:37,4426864.991631008,3106417.081243703,3370119.4870134043,"E13,E19,E27,E30",1.862645149230957e-09,3.1007969023756194,motion_prediction_guess,32.10282374562448,35.058084134575864,29.391521536481527,True
2026-03-22 07:11:39,4427301.543791566,3106839.879684951,3370186.771928771,"E07,E15,E21,E29,E34",5.619378529531441,2.5452629242974605,previous_point_guess,32.10046143354048,35.059094018989995,305.7219204791191,False
2026-03-22 07:11:41,4427278.12430499,3106884.0067287325,3370171.094942251,"E07,E15,E21,E29,E34",1.135348762253777,2.5446324262307654,motion_prediction_guess,32.100312081219855,35.05961916638372,26.17936329769806,False
2026-03-22 07:11:43,4427230.444086161,3106911.1963935797,3370151.008862322,"E07,E15,E21,E29,E34",2.9831068419977487,2.5440045864097227,motion_prediction_guess,32.100270826422125,35.060145076943265,29.223841931654956,False
2026-03-22 07:11:45,4427215.717905183,3106978.7034811215,3370147.374697955,"E07,E15,E21,E29,E34",3.2714546337533745,2.543373189142507,motion_prediction_guess,32.10011500679979,35.060820054887614,34.59506621332675,False
2026-03-22 07:11:47,4427194.497273228,3107039.720808356,3370140.034759362,"E07,E15,E21,E29,E34",4.531782948923402,2.5427432451738956,motion_prediction_guess,32.099974213870546,35.06147827463047,32.50886087660309,False
2026-03-22 07:11:49,4427164.689649187,3107085.8300283244,3370126.8836214948,"E07,E15,E21,E29,E34",2.9625800996369307,2.5421154679654876,previous_point_guess,32.09986374470799,35.062059478773946,28.229005669133723,False
2026-03-22 07:11:51,4427129.820712315,3107131.8351207203,3370109.372130476,"E07,E15,E21,E29,E34",2.8693934689829454,2.5414886865747937,motion_prediction_guess,32.09974010293951,35.062670580508886,30.161911422569375,False
2026-03-22 07:11:53,4427109.465463623,3107188.98212205,3370099.3145265533,"E07,E15,E21,E29,E34",4.049641737876514,2.54086117967572,previous_point_guess,32.099585801284526,35.06328996685994,30.746021315562064,False
2026-03-22 07:11:55,4427093.955440807,3107247.057524478,3370092.1289216504,"E07,E15,E21,E29,E34",3.970044899574898,2.540234073118507,motion_prediction_guess,32.099431876636636,35.06388791275091,30.26939912166828,False
2026-03-22 07:11:57,4427042.397005616,3107282.719258445,3370070.872565805,"E07,E15,E21,E29",1.862645149230957e-09,5.399091817181032,motion_prediction_guess,32.09937354891109,35.06451089681136,33.097825354276104,True
2026-03-22 07:11:59,4427020.34304809,3107333.4376374884,3370060.8004071154,"E07,E15,E21,E29",2.634178031930877e-09,5.3991324248025245,motion_prediction_guess,32.09924348660207,35.06508487422129,28.10773646174861,True
2026-03-22 07:12:01,4427005.334678756,3107385.8692369447,3370056.1365672313,"E07,E15,E21,E29",2.634178031930877e-09,5.399172319391067,previous_point_guess,32.09912238628166,35.065630824536306,27.368207714804832,True
2026-03-22 07:12:03,4426975.658104802,3107431.2950084433,3370041.1308943634,"E07,E15,E21,E29",1.862645149230957e-09,5.399216522682708,previous_point_guess,32.09899909831511,35.06620529897079,28.148578899021633,True
2026-03-22 07:12:05,4426981.615378956,3107490.766063097,3370040.172037079,"E07,E15,E21,E29,E34",3.6746368424197127,2.5371136584411476,motion_prediction_guess,32.098804692625144,35.06668467919581,29.888171954179935,True
2026-03-22 07:12:07,4426967.002334378,3107537.9070329918,3370034.695535006,"E07,E15,E21,E29,E34",5.154688398716865,2.5364913786797896,previous_point_guess,32.098690393577606,35.067182341281914,24.82843223723611,True
2026-03-22 07:12:09,4426942.751569722,3107586.4728673254,3370022.9795478983,"E07,E15,E21,E29,E34",4.7503540390001815,2.535870170164205,motion_prediction_guess,32.09856230496738,35.067751011508705,27.766905682966648,True
2026-03-22 07:12:11,4426918.547224559,3107627.626286941,3370009.097607944,"E07,E15,E21,E29,E34",3.928244501979508,2.535250242859661,motion_prediction_guess,32.09843789271775,35.06825513110604,24.860423003860323,True
2026-03-22 07:12:13,4426899.8629650865,3107670.532633735,3369995.2952948036,"E07,E15,E21,E29,E34",5.258297143833605,2.534630742067845,motion_prediction_guess,32.09828761281256,35.068740850776706,24.395491362387283,True
2026-03-22 07:12:15,4426880.641342701,3107718.0016893763,3369985.890166533,"E07,E15,E21,E29,E34",4.044322595442416,2.534011463337367,previous_point_guess,32.098160466459625,35.06926939794729,26.034776974210857,True
2026-03-22 07:12:17,4426860.57902956,3107758.210988774,3369971.652005074,"E07,E15,E21,E29,E34",4.497643335474049,2.5333935766671454,motion_prediction_guess,32.098019682681226,35.06974011832693,23.56909739661906,True
2026-03-22 07:12:19,4426843.668970737,3107800.9346245313,3369964.8042386323,"E07,E15,E21,E29,E34",2.088082205828336,2.5327758458015075,previous_point_guess,32.09791606721714,35.070213450135185,23.22795216424725,True
2026-03-22 07:12:21,4426827.453270528,3107845.0241590715,3369954.6766875344,"E07,E15,E21,E29,E34",0.5355914349880202,2.5321588145467495,previous_point_guess,32.09778091306632,35.070694395822166,24.02812560549572,True
2026-03-22 07:12:23,4423242.558807019,3106738.1161770746,3368925.9364318745,"E13,E19,E27,E30",2.634178031930877e-09,3.091248512058823,previous_point_guess,32.10703274002883,35.082925631080286,1945.1876586028552,False
2026-03-22 07:12:25,4423221.017720759,3106777.034014787,3368917.359836948,"E13,E19,E27,E30",2.634178031930877e-09,3.0908193070812344,motion_prediction_guess,32.106944459415615,35.08339445004049,22.65046616526318,False
2026-03-22 07:12:27,4426281.512251834,3107582.7161043715,3369832.289219154,"E13,E19,E27,E30",1.862645149230957e-09,3.09010085369333,previous_point_guess,32.09970925218665,35.0717432827725,1647.1829117195603,False
2026-03-22 07:12:29,4426265.610857851,3107625.6147173876,3369822.8397024167,"E13,E19,E27,E30",4.16500117164066e-09,3.089670920432713,motion_prediction_guess,32.09958130518754,35.072212037835136,23.358289191931515,False
2026-03-22 07:12:31,4426259.3076326,3107667.21827319,3369812.084109358,"E13,E19,E27,E30",2.634178031930877e-09,3.0892406059058417,motion_prediction_guess,32.09940930169225,35.072611132944814,21.715600878162082,False
2026-03-22 07:12:33,4426727.346309552,3108098.0865632324,3369899.901559382,"E07,E15,E21,E29,E34",7.161181981745029,2.528471654000347,motion_prediction_guess,32.09705833438364,35.0734976668144,321.0996743364094,True
2026-03-22 07:12:35,4426212.170913506,3107753.07205793,3369786.9363553203,"E13,E19,E27,E30",1.862645149230957e-09,3.0883813206652753,motion_prediction_guess,32.099165646180126,35.07364247009558,315.11975298635303,False
2026-03-22 07:12:37,4423120.616861124,3107038.1768199787,3368845.443521518,"E13,E19,E27,E30",2.634178031930877e-09,3.088239290966028,previous_point_guess,32.10606903985273,35.08627129867374,1654.931298887546,False
2026-03-22 07:12:39,4423101.290541788,3107084.045215017,3368832.3052660585,"E13,E19,E27,E30",1.862645149230957e-09,3.0878088456576225,previous_point_guess,32.105918036444095,35.08678690068777,25.73922123427712,False
2026-03-22 07:12:41,4426144.88514993,3107891.16748521,3369744.609635877,"E13,E19,E27,E30",0.0,3.0870908462489797,previous_point_guess,32.09872590644808,35.07524941202483,1639.1471685713968,False
2026-03-22 07:12:43,4426625.527273647,3108322.4807130545,3369823.7194207096,"E07,E15,E21,E29,E34",1.4567518948567102,2.525418490059067,previous_point_guess,32.09625781922688,35.07606276881165,325.30997128159424,True
2026-03-22 07:12:45,4426606.032667215,3108364.9632179933,3369808.826957948,"E07,E15,E21,E29,E34",2.479236230365781,2.5248100290561526,previous_point_guess,32.096103527185385,35.076549719244376,24.52849543335744,True
2026-03-22 07:12:47,4426592.797589009,3108415.513300745,3369800.490268611,"E07,E15,E21,E29,E34",2.0686138577856763,2.5242012913628264,previous_point_guess,32.095952555951705,35.07706850075599,26.457411770708486,True
2026-03-22 07:12:49,4426565.841114181,3108453.0830666884,3369785.3646752518,"E07,E15,E21,E29,E34",3.5645061839082444,2.523594716724019,previous_point_guess,32.09583926366294,35.07755828351768,24.325513471718395,True
2026-03-22 07:12:51,4426553.846440671,3108500.429981527,3369774.241739016,"E07,E15,E21,E29,E34",2.65067816006092,2.522987630695781,motion_prediction_guess,32.09567096089685,35.078041741477,25.046567867899565,True
2026-03-22 07:12:53,4426036.6213165885,3108156.850610526,3369675.299816629,"E13,E19,E27,E30",1.862645149230957e-09,3.0845046358802466,previous_point_guess,32.09788935380306,35.078211984679896,314.38754633626894,False
2026-03-22 07:12:55,4426505.6993327495,3108582.254161048,3369748.2318994612,"E07,E15,E21,E29,E34",2.2527664829622274,2.5217771072073574,motion_prediction_guess,32.09543575262666,35.07904415035859,318.7167452256213,True
2026-03-22 07:12:57,4426485.627993363,3108624.486468753,3369733.8991723508,"E07,E15,E21,E29,E34",1.8684833005883361,2.5211727217638153,motion_prediction_guess,32.09528867508426,35.07953243366798,24.45328988730758,True
2026-03-22 07:12:59,4426470.149032534,3108673.9840950896,3369723.6112130377,"E07,E15,E21,E29,E34",2.7824640279267863,2.5205682492446875,previous_point_guess,32.09513448296598,35.08005573739571,26.43603292922765,True
2026-03-22 07:13:01,4426445.4893739475,3108720.1772701484,3369708.7245313693,"E07,E15,E21,E29,E34",1.9807344862589507,2.519965077524644,previous_point_guess,32.09499025303316,35.08060628466614,27.219117705760166,True
2026-03-22 07:13:03,4426424.7495138785,3108765.6929952726,3369696.125197312,"E07,E15,E21,E29,E34",2.196972063448641,2.519362443447946,previous_point_guess,32.094849990917815,35.08112709472086,25.79033853960964,True
2026-03-22 07:13:05,4426415.969179136,3108819.954397777,3369688.544392448,"E07,E15,E21,E29,E34",3.4143408885192916,2.51875940336307,previous_point_guess,32.09467709278163,35.08165090312025,27.74373624566804,True
2026-03-22 07:13:07,4426387.658003282,3108857.140647085,3369667.9477197356,"E07,E15,E21,E29,E34",2.9757237828245104,2.518159174303209,motion_prediction_guess,32.094528354677045,35.082145601460724,25.53704535883409,True
2026-03-22 07:13:09,4425893.679092884,3108533.8694244474,3369581.461836504,"E13,E19,E27,E30",1.862645149230957e-09,3.081047389763193,motion_prediction_guess,32.096694715055726,35.08235082661076,298.3283657740474,False
2026-03-22 07:13:11,4425880.6571764825,3108581.6198422885,3369569.289541538,"E13,E19,E27,E30",1.862645149230957e-09,3.0806144297226177,motion_prediction_guess,32.09652127869363,35.08284406686591,25.48449271375774,False
2026-03-22 07:13:13,4425850.157333128,3108626.6557102306,3369551.0221483377,"E13,E19,E27,E30",0.0,3.080182916129704,motion_prediction_guess,32.09637728490293,35.083420193053264,28.68870640278867,False
2026-03-22 07:13:15,4425842.289130022,3108678.873803267,3369542.5796827534,"E13,E19,E27,E30",2.634178031930877e-09,3.079748787911058,motion_prediction_guess,32.09619982689173,35.08392077739229,26.73907760938133,False
2026-03-22 07:13:17,4425819.3788754875,3108723.96196451,3369528.827595696,"E13,E19,E27,E30",2.634178031930877e-09,3.0793162870999837,previous_point_guess,32.096060420398494,35.084451140767186,26.20563844649188,False
2026-03-22 07:13:19,4426274.236781786,3109158.1211667038,3369598.85754082,"E07,E15,E21,E29,E34",3.129328204597206,2.5145631465597176,motion_prediction_guess,32.093616426994835,35.08544502917694,316.3440061808121,True
2026-03-22 07:13:21,4426253.639688081,3109205.6913220016,3369586.263567007,"E07,E15,E21,E29,E34",2.4360075641718972,2.5139664135487707,motion_prediction_guess,32.09346996982051,35.08598275810691,26.672870676744953,True
2026-03-22 07:13:23,4426235.930861597,3109253.7484744745,3369576.3580276603,"E07,E15,E21,E29,E34",3.8412222981096997,2.513370143800943,motion_prediction_guess,32.09333138401489,35.08650712046133,26.082619447641598,True
2026-03-22 07:13:25,4426208.965486183,3109299.710789181,3369559.2972976277,"E07,E15,E21,E29,E34",1.7330225188194794,2.5127751812545163,previous_point_guess,32.09318019294983,35.08706968355876,27.976482774068185,True
2026-03-22 07:13:27,4426188.2437373325,3109347.829915197,3369544.584925761,"E07,E15,E21,E29,E34",1.0945198173492112,2.512180499190552,previous_point_guess,32.093016523200255,35.08761292371835,27.208891239487,True
2026-03-22 07:13:29,4422618.313148656,3108245.120187354,3368508.905339919,"E13,E19,E27,E30",0.0,3.0770046024997875,previous_point_guess,32.102140631197564,35.099799767910525,1938.6209890266582,False
2026-03-22 07:13:31,4426151.867412554,3109444.559487446,3369527.542115344,"E07,E15,E21,E29,E34",0.5167806155630997,2.5109925059687535,previous_point_guess,32.0927625479699,35.088672802448265,1934.0554057968252,True
2026-03-22 07:13:33,4426117.642747526,3109484.9018501826,3369505.3984518046,"E07,E15,E21,E29,E34",3.8045258422006603,2.5104009595607137,motion_prediction_guess,32.09261645097345,35.08923085194237,28.67568243113065,True
2026-03-22 07:13:35,4426102.444340044,3109542.670420143,3369501.2390475697,"E07,E15,E21,E29,E34",0.8862638391823306,2.50980775036398,previous_point_guess,32.09248516271638,35.08982408573079,29.939521993691155,True
2026-03-22 07:13:37,4423832.804139428,3108493.151376035,3368666.034089954,"E07,E15,E21,E29,E34",320.3924619865688,2.5093760772638314,motion_prediction_guess,32.09789417191825,35.09454989451833,1318.1733749228622,False
2026-03-22 07:13:39,4427827.345434527,3112085.7802550364,3370657.0817653355,"E07,E15,E21,E29,E34",87.67867718950384,2.5083722849402923,motion_prediction_guess,32.087551539782964,35.10135638959898,2864.769330422962,False
2026-03-22 07:13:41,4426000.937454155,3109658.4494618336,3369461.9750803397,"E07,E15,E21,E29,E34",1.0143766228214095,2.5080383690026973,previous_point_guess,32.09226425929948,35.09144564372358,1632.1749966624088,True
2026-03-22 07:13:43,4425963.189697587,3109932.8588091396,3369344.3399280286,"E07,E15,E27,E30",2.634178031930877e-09,4.971617573457574,previous_point_guess,32.09075782507652,35.09405374134445,150.46877755373038,False
2026-03-22 07:13:45,4425957.7434595805,3109777.7809440447,3369466.2113366197,"E07,E15,E21,E29,E34",1.3111666645438849,2.5068574868371813,motion_prediction_guess,32.09213728379604,35.09274290158419,98.65526592987077,True
2026-03-22 07:13:47,4425922.024921852,3109817.2748208917,3369452.596545145,"E07,E15,E21,E29,E34",0.6665454136287726,2.506270344268112,previous_point_guess,32.092064513809284,35.093302694764034,27.481551961058784,True
2026-03-22 07:13:49,4425857.722661174,3110064.5909552835,3369327.2549475594,"E07,E15,E27,E30",3.226196034939731e-09,4.9782579799594675,motion_prediction_guess,32.09067787494807,35.095837650899895,142.3117766948028,False
2026-03-22 07:13:51,4425855.980407559,3109915.730582066,3369450.60882891,"E07,E15,E21,E29,E34",1.1516399076010824,2.505095622139507,motion_prediction_guess,32.092037037792636,35.094558167646184,96.66776376645883,True
2026-03-22 07:13:53,4425820.103234148,3109956.031267948,3369447.0973556857,"E07,E15,E21,E29,E34",4.379597621517726,2.5045100177348503,motion_prediction_guess,32.09203984088546,35.095125921744504,27.035380979304673,True
2026-03-22 07:13:55,4425757.374732959,3110203.5241176477,3369322.6430658814,"E07,E15,E27,E30",0.0,4.984947366687822,previous_point_guess,32.09065328780377,35.09765279641293,142.01799689168553,False
2026-03-22 07:13:57,4425756.896577297,3110058.0567541155,3369457.289183999,"E07,E15,E21,E29,E34",5.020254943618759,2.503338470229348,previous_point_guess,32.092084433580126,35.09639504864012,99.10923217585204,True
2026-03-22 07:13:59,4425721.11123761,3110100.4933165433,3369455.924208303,"E07,E15,E21,E29,E34",0.8078234849034127,2.502754608928168,previous_point_guess,32.092097383040816,35.09698075574138,27.7638052410565,True
2026-03-22 07:14:01,4425682.473109237,3110145.972713461,3369455.358368459,"E07,E15,E21,E29,E34",0.553228061237587,2.502171235174117,previous_point_guess,32.09211923489607,35.09761020814119,29.839573903195106,True
2026-03-22 07:14:03,4425619.752612409,3110175.163175388,3369457.843469303,"E07,E15,E21,E29",2.634178031930877e-09,5.40341835610804,previous_point_guess,32.092303650973115,35.09824516777631,34.612568223163485,True
2026-03-22 07:14:05,4425614.81737417,3110240.463835014,3369465.3146743174,"E07,E15,E21,E29,E34",2.6266443964697483,2.5010055611552633,previous_point_guess,32.092200195347374,35.09884113541348,32.9558313660887,True
2026-03-22 07:14:07,4425568.58635215,3110282.553821887,3369461.1177359945,"E07,E15,E21,E29,E34",5.135121465634762,2.5004246995549475,motion_prediction_guess,32.09223339595418,35.099487462169904,31.33085014504511,True
2026-03-22 07:14:09,4425539.566428736,3110338.221173548,3369465.832927693,"E07,E15,E21,E29,E34",2.271522073866645,2.4998428291005674,previous_point_guess,32.09222981612588,35.10014662781181,31.477146585628496,True
2026-03-22 07:14:11,4425478.442688326,3110594.2652554596,3369338.0164787644,"E07,E15,E27,E30",1.862645149230957e-09,5.003035779731945,previous_point_guess,32.09078763280773,35.10273774980787,146.31449700925756,False
2026-03-22 07:14:13,4425450.071777054,3110425.2034794632,3369459.324595909,"E07,E15,E21,E29",3.226196034939731e-09,5.403931909570858,previous_point_guess,32.09229125502435,35.101445503331945,105.00291900068736,True
2026-03-22 07:14:15,4425435.915509051,3110488.5432531233,3369465.6957116,"E07,E15,E21,E29",1.862645149230957e-09,5.404032599262991,previous_point_guess,32.09222092293113,35.10208062234439,32.607199995706836,True
2026-03-22 07:14:17,4426535.2075247085,3112663.523709888,3370402.097849053,"E07,E15,E21,E29",1.862645149230957e-09,5.403821033521815,previous_point_guess,32.08907476403213,35.11422810247331,1305.3574114034645,False
2026-03-22 07:14:19,4424846.609942094,3111887.289828009,3369797.3116413346,"E07,E15,E21,E29,E34",233.08446797615287,2.4968587297282694,previous_point_guess,32.09320962512086,35.11779039099683,977.1984435662813,False
2026-03-22 07:14:21,4425320.95031406,3110611.6969056,3369472.9032392246,"E07,E15,E21,E29,E34",2.1959591814512067,2.4963712495610806,motion_prediction_guess,32.09238729901801,35.10384810130251,699.5314330921727,True
2026-03-22 07:14:23,4422975.430861145,3109511.6763557326,3368633.402207024,"E07,E15,E21,E29,E34",314.19580932811147,2.495958163954946,previous_point_guess,32.0981997108691,35.108604971470946,1361.6413530365742,False
2026-03-22 07:14:25,4425257.18691182,3110707.4695148855,3369473.110770238,"E07,E15,E21,E29,E34",4.140339563887582,2.495218824258459,motion_prediction_guess,32.09237494024212,35.10506643117415,1354.7548141088782,True
2026-03-22 07:14:27,4425212.794912174,3110745.5532192187,3369467.4534563203,"E07,E15,E21,E29,E34",3.230440634073305,2.4946447573303154,previous_point_guess,32.09240078337636,35.105666857642326,29.381215806564985,True
2026-03-22 07:14:29,4425179.743428968,3110782.4894665745,3369482.4932584916,"E07,E15,E21,E29,E34",1.5647673223017808,2.4940703496734073,previous_point_guess,32.09254344973614,35.10618826226578,25.898274847103696,True
2026-03-22 07:14:31,4425135.037307608,3110819.4996487317,3369484.555098401,"E07,E15,E21,E29,E34",2.026783973204695,2.493497357193763,motion_prediction_guess,32.09263244532474,35.10678130498389,29.037226340373707,True
2026-03-22 07:14:33,4422852.327307016,3109739.3049982907,3368658.8348053093,"E07,E15,E21,E29,E34",326.78403405599414,2.4930837845645364,previous_point_guess,32.09824922946705,35.11132861977595,1328.4771819148116,False
2026-03-22 07:14:35,4425073.530579385,3110910.3442979287,3369507.3248827206,"E07,E15,E21,E29,E34",0.052962429581133244,2.492350815310288,previous_point_guess,32.092797149744634,35.10794319107887,1325.237000497262,True
2026-03-22 07:14:37,4425012.372984859,3111155.8399978657,3369392.4446388474,"E07,E15,E27,E30",3.226196034939731e-09,5.0332562429238825,previous_point_guess,32.09148282102986,35.110443003853,138.9297128840275,False
2026-03-22 07:14:39,4424996.83613974,3110985.2888112003,3369532.290340322,"E07,E15,E21,E29,E34",0.3894338531717538,2.4912081868048546,motion_prediction_guess,32.09308194849753,35.10905982298076,110.5508039886853,True
2026-03-22 07:14:41,4424958.334939836,3111021.9939154414,3369549.774461425,"E07,E15,E21,E29,E34",0.5415821006079603,2.4906376992946004,previous_point_guess,32.09326526807519,35.10961243254407,27.996881800496567,True
2026-03-22 07:14:43,4422699.215034108,3109954.4949120726,3368759.4818838355,"E07,E15,E21,E29,E34",319.90706907415813,2.490224183489321,motion_prediction_guess,32.09902541962223,35.11412733182985,1310.3185899660607,False
2026-03-22 07:14:45,4424900.217142808,3111105.2807435715,3369590.75333574,"E07,E15,E21,E29,E34",1.6226111686361742,2.4894973262545967,motion_prediction_guess,32.093576590369246,35.11068818840629,1309.5543649687029,True
2026-03-22 07:14:47,4424855.040941023,3111129.5978701296,3369611.840624974,"E07,E15,E21,E29,E34",3.118815182494228,2.488929608922624,motion_prediction_guess,32.09384772253474,35.11117412692475,27.73484099020683,True
2026-03-22 07:14:49,4424818.818791268,3111165.707606798,3369625.7797098923,"E07,E15,E21,E29,E34",0.8754007803609054,2.488361817142318,motion_prediction_guess,32.09399666030743,35.11170769994527,26.50592058146838,True
2026-03-22 07:14:51,4424787.096476019,3111195.290068626,3369658.945074942,"E07,E15,E21,E29,E34",3.6269306718786996,2.4877942514220734,motion_prediction_guess,32.09429281821404,35.112157300582076,27.300955896417264,True
2026-03-22 07:14:53,4424742.499151684,3111223.9104340877,3369679.198974407,"E07,E15,E21,E29,E34",1.1801461020496153,2.4872281869312003,motion_prediction_guess,32.09454345220409,35.112677009372206,28.364886305703184,True
2026-03-22 07:14:55,4424699.684756644,3111250.416647916,3369703.6655000304,"E07,E15,E21,E29,E34",3.0029227510892342,2.486662697845483,previous_point_guess,32.09482510346807,35.113167540083985,27.992242989234843,True
2026-03-22 07:14:57,4424667.093800742,3111283.792500098,3369727.3109842106,"E07,E15,E21,E29,E34",1.7997395430178902,2.4860971880112595,previous_point_guess,32.09504148304708,35.11365530893366,26.14969807455254,True
2026-03-22 07:14:59,4424640.617012948,3111319.2205649805,3369756.626940474,"E07,E15,E21,E29,E34",2.4076664846920957,2.4855318198818774,previous_point_guess,32.09527155923593,35.11412360796242,26.531082548961912,True
2026-03-22 07:15:01,4424584.803010684,3111341.9783272063,3369774.825645987,"E07,E15,E21,E29,E34",0.9978204305109714,2.484969035606175,previous_point_guess,32.09556660229833,35.11466087403044,31.481389234478073,True
2026-03-22 07:15:03,4424542.6444156105,3111368.002769661,3369799.171084106,"E07,E15,E21,E29",1.862645149230957e-09,5.40689287491083,motion_prediction_guess,32.095846079077596,35.11514324719977,27.601264014992317,True
2026-03-22 07:15:05,4422318.11444572,3110312.2830899786,3369026.622857528,"E07,E15,E21,E29,E34",322.16800990009665,2.4839965173388956,previous_point_guess,32.1015745152312,35.11955200875215,1290.3392704533271,False
2026-03-22 07:15:07,4424490.109184788,3111437.899258459,3369855.4493176364,"E07,E15,E21,E29,E34",2.819006497296354,2.4832799917537582,motion_prediction_guess,32.09628924027751,35.11606899132344,1291.464885920109,True
2026-03-22 07:15:09,4424442.871589239,3111462.481732948,3369878.6753647802,"E07,E15,E21,E29,E34",2.268165377984074,2.4827192390622335,previous_point_guess,32.0965840396162,35.11656982567017,29.047967877189823,True
2026-03-22 07:15:11,4424405.492603118,3111492.6795819285,3369903.399191707,"E07,E15,E21,E29,E34",2.1229283725960433,2.4821584656583684,previous_point_guess,32.09683616492342,35.11705924660337,27.020206810751986,True
2026-03-22 07:15:13,4424354.743582163,3111513.525004533,3369921.7504068394,"E07,E15,E21,E29",1.862645149230957e-09,5.407562748242878,motion_prediction_guess,32.09711778530192,35.11754910584921,28.925602276587902,True
2026-03-22 07:15:15,4424334.535276711,3111553.323892293,3369951.001025866,"E07,E15,E21,E29,E34",1.2293746956042104,2.4810387921364963,previous_point_guess,32.09731072907272,35.118017089945454,26.682980481918968,True
2026-03-22 07:15:17,4424297.3460354945,3111580.8831301266,3369977.2485227035,"E07,E15,E21,E29,E34",2.2733457593393,2.480480032460209,motion_prediction_guess,32.09758101636257,35.118482499026676,26.6058374350302,True
2026-03-22 07:15:19,4424255.731910225,3111608.931089341,3370000.6900108093,"E07,E15,E21,E29,E34",2.128377308541387,2.4799220822722514,motion_prediction_guess,32.09784586211051,35.11897910964344,27.694434470927053,True
2026-03-22 07:15:21,4424220.674149123,3111640.55647549,3370022.3212349107,"E07,E15,E21,E29,E34",0.5423217804112864,2.4793644502427483,previous_point_guess,32.09806132179919,35.11946676623869,25.966909320628464,True
2026-03-22 07:15:23,4421991.501826387,3110577.806673658,3369254.553353854,"E07,E15,E21,E29,E34",319.67580338400325,2.4789602492579252,motion_prediction_guess,32.103864561263805,35.12384492473754,1293.0694011661403,False
2026-03-22 07:15:25,4421955.347013455,3110604.847063306,3369279.211562511,"E07,E15,E21,E29,E34",319.52741731108443,2.4784040144854202,motion_prediction_guess,32.10412016126655,35.12429975813903,25.72149113399005,False
2026-03-22 07:15:27,4421920.504649651,3110626.8529415755,3369310.5514013176,"E07,E15,E21,E29,E34",316.66392922069093,2.4778484529034173,previous_point_guess,32.10443555540189,35.12470295262583,25.886456353976197,False
2026-03-22 07:15:29,4424071.793657734,3111745.86286949,3370118.354265495,"E07,E15,E21,E29,E34",1.6072977499603858,2.4771414635973583,motion_prediction_guess,32.099088094308954,35.12128648044005,1277.9645028758332,True
2026-03-22 07:15:31,4424034.9370397115,3111775.342408684,3370140.4624727936,"E07,E15,E21,E29,E34",0.035755881912262096,2.476587149407828,previous_point_guess,32.09932015338817,35.12176651839465,26.05871424835597,True
2026-03-22 07:15:33,4423994.376126343,3111804.276660034,3370157.823545717,"E07,E15,E21,E29,E34",2.49351484137622,2.47603376962036,previous_point_guess,32.09953197014226,35.122264409727784,26.380808513380167,True
2026-03-22 07:15:35,4421714.057374293,3110718.279338294,3369325.3226491488,"E07,E15,E21,E29,E34",337.51243979205395,2.4756381091445316,previous_point_guess,32.10510573523341,35.12675428145427,1329.6899579005158,False
2026-03-22 07:15:37,4423932.6541165365,3111864.005069321,3370217.3002890153,"E07,E15,E21,E29,E34",1.2349369480077472,2.4749273680310764,previous_point_guess,32.10006352927632,35.12315808191349,1325.7529054703557,True
2026-03-22 07:15:39,4423893.379251359,3111889.1006803564,3370240.3742215233,"E07,E15,E21,E29,E34",2.711546947749108,2.4743758732298655,previous_point_guess,32.10032452076766,35.12361488344887,26.003418473970395,True
2026-03-22 07:15:41,4423864.372283163,3111923.3104606476,3370265.833076261,"E07,E15,E21,E29,E34",3.6417044186306207,2.473824080575967,motion_prediction_guess,32.10053835928658,35.124088074826794,25.786947066674827,True
2026-03-22 07:15:43,4423827.629848413,3111952.8357040063,3370289.5219882797,"E07,E15,E21,E29,E34",4.451237942888871,2.4732734657690876,previous_point_guess,32.10078190743183,35.124567825667256,26.376651888224377,True
2026-03-22 07:15:45,4423770.444574643,3111972.940358267,3370305.2806530865,"E07,E15,E21,E29,E34",1.20822282024932,2.4727248637859827,motion_prediction_guess,32.10107097096061,35.125090555278234,31.315683672972522,True
2026-03-22 07:15:47,4423729.412936752,3111999.9892466418,3370333.710653729,"E07,E15,E21,E29,E34",4.71511317363557,2.472175571412396,previous_point_guess,32.10137436820134,35.12557500020858,28.387949057905754,True
2026-03-22 07:15:49,4423701.572400217,3112027.9679846833,3370368.269931613,"E07,E15,E21,E29,E34",2.992268986730243,2.471626309704006,motion_prediction_guess,32.10167031897158,35.125987103067374,26.23094043692512,True
2026-03-22 07:15:51,4423666.859528123,3112057.8802287965,3370391.9097389085,"E07,E15,E21,E29,E34",3.2725361608104873,2.4710781258288788,motion_prediction_guess,32.10190446348855,35.12645784735639,25.780643542381863,True
2026-03-22 07:15:53,4423619.578753666,3112078.5080431653,3370413.5218067514,"E07,E15,E21,E29,E34",1.9662240963743627,2.470531535333918,motion_prediction_guess,32.10219797313903,35.12692475771214,27.96453037048884,True
2026-03-22 07:15:55,4423587.870262138,3112101.002028655,3370445.0318118557,"E07,E15,E21,E29,E34",0.5966788917040994,2.4699847115999893,previous_point_guess,32.10250090872452,35.12731292202785,25.0214320127982,True
2026-03-22 07:15:57,4423554.633696051,3112126.9736272627,3370470.935363256,"E07,E15,E21,E29,E34",0.029925688247084994,2.4694385352528054,motion_prediction_guess,32.102757418780726,35.127740532766126,24.74968300101567,True
2026-03-22 07:15:59,4423520.796554338,3112149.811113698,3370494.9944216465,"E07,E15,E21,E29,E34",0.8195816735020933,2.468893273257981,motion_prediction_guess,32.103010834092046,35.12814465223347,23.692515889158916,True
2026-03-22 07:16:01,4421248.244888962,3111062.6091517466,3369701.068178322,"E07,E15,E21,E29,E34",325.96045006093095,2.468503121838389,motion_prediction_guess,32.10885337834003,35.13257957585968,1320.6833513102995,False
2026-03-22 07:16:03,4423443.784482543,3112193.5989755653,3370543.9527469166,"E07,E15,E21,E29,E34",0.3426680466066796,2.4678049087513556,motion_prediction_guess,32.10356587941971,35.12899346818561,1304.7975402852985,True
2026-03-22 07:16:05,4423410.390409329,3112217.956476496,3370573.8063233555,"E07,E15,E21,E29,E34",1.4729137783335196,2.467261170889318,motion_prediction_guess,32.1038576226311,35.129408063453575,25.493555087275325,True
2026-03-22 07:16:07,4423381.388960303,3112244.671831806,3370602.4169936213,"E07,E15,E21,E29,E34",1.2586756243827804,2.466717850481942,motion_prediction_guess,32.104116152576786,35.12981631224565,24.358595546636707,True
2026-03-22 07:16:09,4421164.04509483,3111189.5593034425,3369846.435439314,"E07,E15,E21,E29,E34",319.3016949305685,2.4663250575152924,previous_point_guess,32.10994396276908,35.13419345638198,1284.6579676817205,False
2026-03-22 07:16:11,4423300.672297939,3112296.9010864934,3370648.443373361,"E07,E15,E21,E29,E34",0.18826363241198732,2.4656340841887228,motion_prediction_guess,32.1046400332581,35.130760868045954,1268.3255059160538,True
2026-03-22 07:16:13,4423266.431215454,3112323.6167126354,3370676.8559775436,"E07,E15,E21,E29,E34",0.9053767697144852,2.4650927424185847,motion_prediction_guess,32.104917579869735,35.131201066070915,25.949241252504248,True
2026-03-22 07:16:15,4423225.053356023,3112355.846647528,3370694.0074450173,"E07,E15,E21,E29,E34",0.098050002228214,2.464552256478185,previous_point_guess,32.10512187499793,35.13173254865261,27.59107097777343,True
2026-03-22 07:16:17,4423192.589777771,3112386.848396127,3370719.2339796685,"E07,E15,E21,E29,E34",1.1031238779133274,2.464011955510341,previous_point_guess,32.10535629544129,35.132199049192174,25.74572964385652,True
2026-03-22 07:16:19,4423157.475167323,3112419.0056635938,3370740.825179127,"E07,E15,E21,E29,E34",0.1838124390785183,2.4634723971378234,previous_point_guess,32.105570150284954,35.13269172411824,26.140512676353485,True
2026-03-22 07:16:21,4423115.05727995,3112448.9076223737,3370761.5572571955,"E07,E15,E21,E29,E34",0.2552645498914422,2.4629337953846293,motion_prediction_guess,32.10581228478803,35.13320938579988,27.94290325417894,True
2026-03-22 07:16:23,4423082.387136824,3112477.730648691,3370789.1683320412,"E07,E15,E21,E29,E34",2.084682042073164,2.462395397056525,motion_prediction_guess,32.10607173051943,35.133658275362436,25.789903800058138,True
2026-03-22 07:16:25,4423040.624040147,3112510.7830685885,3370806.5835862276,"E07,E15,E21,E29,E34",0.149651948422473,2.461857936575437,previous_point_guess,32.10627727198429,35.13419924538301,28.017448953864577,True
2026-03-22 07:16:27,4422994.766913934,3112537.8424193896,3370823.911369476,"E07,E15,E21,E29,E34",0.4940409368923111,2.461321575545373,motion_prediction_guess,32.106514718475616,35.13471325687904,27.997038069475472,True
2026-03-22 07:16:29,4422965.336897037,3112573.5425950987,3370847.2277137483,"E07,E15,E21,E29,E34",0.7896353358167273,2.460784671050269,motion_prediction_guess,32.10670968829623,35.135201979667954,25.905020509670603,True
2026-03-22 07:16:31,4422924.781926019,3112604.2198290564,3370868.7741843965,"E07,E15,E21,E29,E34",1.179831011234875,2.4602490192718354,previous_point_guess,32.10694859379114,35.13571501455803,27.61362324535909,True
2026-03-22 07:16:33,4422888.884976979,3112634.7898487765,3370893.544124714,"E07,E15,E21,E29,E34",1.0206400060392238,2.4597137600724532,motion_prediction_guess,32.10719415738293,35.13619872341116,26.63019825339116,True
2026-03-22 07:16:35,4422850.361696214,3112662.6032972033,3370915.409361408,"E07,E15,E21,E29,E34",0.4270444931111544,2.4591794650922627,previous_point_guess,32.10743542991755,35.13667456579211,26.1520536954896,True
2026-03-22 07:16:37,4422820.396510564,3112696.861044107,3370935.377713721,"E07,E15,E21,E29,E34",1.831279945675897,2.4586452520803403,previous_point_guess,32.107610895165955,35.137154060608694,24.850757876156344,True
2026-03-22 07:16:39,4422782.861317832,3112726.9911436467,3370954.4735496487,"E07,E15,E21,E29,E34",1.8921959401908295,2.4581121183943666,previous_point_guess,32.10782074888372,35.137643953068256,25.890946977004123,True
2026-03-22 07:16:41,4422751.704909497,3112754.262437119,3370972.9187381584,"E07,E15,E21,E29,E34",0.4750738166543373,2.457579671700564,motion_prediction_guess,32.10800851663282,35.138070187085226,22.664235080663616,True
2026-03-22 07:16:43,4422724.955640307,3112782.1850588676,3370999.905285467,"E07,E15,E21,E29,E34",1.946218265176697,2.4570473601416594,motion_prediction_guess,32.1082424505329,35.13847519311792,23.576842150462507,True
2026-03-22 07:16:45,4422677.138090243,3112801.869310002,3371006.166425569,"E07,E15,E21,E29,E34",0.23642873879794174,2.456517469701816,previous_point_guess,32.108423384946356,35.13893729208568,26.044143834192532,True
2026-03-22 07:16:47,4422653.604725274,3112833.2551541687,3371024.4997000913,"E07,E15,E21,E29,E34",4.649306460008376,2.4559864269057954,previous_point_guess,32.10856906633582,35.13935269538474,21.65063183553792,True
2026-03-22 07:16:49,4420407.32308457,3111754.2345596156,3370238.60852637,"E07,E15,E21,E29,E34",321.012763809246,2.455607791278536,motion_prediction_guess,32.114349204997886,35.1437036605637,1306.4925937189453,False
2026-03-22 07:16:51,4422612.570505573,3112892.2596131098,3371055.503052308,"E07,E15,E21,E29,E34",1.4608145637962393,2.4549265127501747,motion_prediction_guess,32.108803918978886,35.140114081485,1306.2861360295842,True
2026-03-22 07:16:53,4422597.056826154,3112928.401954344,3371069.325927442,"E07,E15,E21,E29,E34",0.7983028845842802,2.4543969967865435,motion_prediction_guess,32.10887059333095,35.140521789472594,20.844753272653257,True
2026-03-22 07:16:55,4422564.696047587,3113193.9857445424,3370934.3218199806,"E07,E15,E27,E30",1.862645149230957e-09,5.211811130263024,motion_prediction_guess,32.10723363090995,35.143019867190695,149.83998017636839,False
2026-03-22 07:16:57,4420358.320565227,3111871.660169176,3370291.8414736837,"E07,E15,E21,E29,E34",322.7016392048233,2.4534922176432055,motion_prediction_guess,32.11462392411233,35.145020326419726,1325.6525460886558,False
2026-03-22 07:16:59,4422526.535771551,3112977.512431452,3371071.601172903,"E07,E15,E21,E29,E34",2.4752077675917117,2.452818032914292,previous_point_guess,32.10902888092396,35.14137726909047,1277.8978436713212,True
2026-03-22 07:17:01,4418914.535304231,3110151.2812859644,3371183.7790916073,"E07,E15,E21,E29",2.634178031930877e-09,5.417295501654425,previous_point_guess,32.131852488607855,35.138916788779895,2293.8348757642107,False
2026-03-22 07:17:03,4422520.007267423,3113002.783986026,3371085.3879158646,"E07,E15,E21,E29",1.862645149230957e-09,5.4165547746888825,motion_prediction_guess,32.109090049590556,35.14163601061654,2298.922386102251,True
2026-03-22 07:17:05,4422533.992735955,3113010.3794009,3371097.863860116,"E07,E15,E21,E29,E34",0.12258152900293344,2.4512429835114165,previous_point_guess,32.10910957103929,35.14161652793688,10.11103893273929,True
2026-03-22 07:17:07,4422511.393385757,3112999.7917696936,3371081.841627521,"E07,E15,E21,E29,E34",5.431402210997177,2.4507220964780787,previous_point_guess,32.10910497870185,35.14166261577824,14.82852404379319,True
2026-03-22 07:17:09,4420375.153305022,3111936.5164247495,3370317.8930887342,"E07,E15,E21,E29,E34",322.03657944154355,2.4503445642943587,motion_prediction_guess,32.114577925236944,35.14547970795252,1252.7662902171562,False
2026-03-22 07:17:11,4422505.22530841,3112996.3265443537,3371083.095624479,"E07,E15,E21,E29,E34",2.735640456130153,2.4496788332073334,motion_prediction_guess,32.10914829035005,35.14167020881642,1249.5938490107937,True
2026-03-22 07:17:13,4422501.494918289,3113007.849299208,3371082.523287764,"E07,E15,E21,E29,E34",0.7427946522071419,2.4491573074634805,motion_prediction_guess,32.10912675079042,35.14179277985257,6.062533694726986,True
2026-03-22 07:17:15,4422490.960799581,3113018.9812973263,3371081.2207294074,"E07,E15,E21,E29,E34",0.22768586798654258,2.4486365825636836,motion_prediction_guess,32.10912737732971,35.14195345477787,7.69067125355513,True
2026-03-22 07:17:17,4420247.7137512425,3111926.440345885,3370292.9507933226,"E07,E15,E21,E29,E34",323.6770171466672,2.4482662902860093,motion_prediction_guess,32.11491488914569,35.14616993258301,1308.3551259684643,False
2026-03-22 07:17:19,4422468.729207706,3113056.7341148374,3371086.514499877,"E07,E15,E21,E29,E34",1.7459944713672755,2.4475956443794713,previous_point_guess,32.10915078819634,35.1424160799999,1307.6904276568075,True
2026-03-22 07:17:21,4422447.70330773,3113067.620057172,3371084.6603508866,"E07,E15,E21,E29,E34",5.863275401529618,2.447076983678913,motion_prediction_guess,32.10918899940032,35.142638603694536,11.874658719066431,True
2026-03-22 07:17:23,4422438.402454002,3113087.1780620473,3371095.9942087,"E07,E15,E21,E29,E34",3.6343280917218346,2.4465575897704874,motion_prediction_guess,32.10925805891877,35.142864753342884,12.22167917787867,True
2026-03-22 07:17:25,4422414.60772278,3113114.3766905772,3371084.699436605,"E07,E15,E21,E29,E34",4.019411972894519,2.446039508212882,previous_point_guess,32.109190011583635,35.14324547997433,18.930970026114185,True
2026-03-22 07:17:27,4422410.527290005,3113152.4715561355,3371098.363360004,"E07,E15,E21,E29,E34",3.7923893988747053,2.4455199131849072,previous_point_guess,32.10920526555773,35.14360037743234,20.33821228734285,True
2026-03-22 07:17:29,4424090.129832891,3115613.455047729,3372189.579653408,"E07,E15,E21,E29,E34",62.92153188287417,2.444765952906456,previous_point_guess,32.104169297626925,35.154671321270925,1586.5258780550641,False
2026-03-22 07:17:31,4420111.116609407,3112101.818114254,3370277.7906066147,"E07,E15,E21,E29,E34",323.0874556819275,2.444636985604486,motion_prediction_guess,32.11485051836188,35.148523306538166,2820.4200726418717,False
2026-03-22 07:17:33,4421859.122215125,3112857.579632485,3371023.472074904,"E13,E19,E27,E30",1.862645149230957e-09,3.0231431838198186,motion_prediction_guess,32.11160809547754,35.144408454106326,1022.5879063622726,False
2026-03-22 07:17:35,4421850.242754655,3112889.8846356333,3371025.613477042,"E13,E19,E27,E30",2.634178031930877e-09,3.022700398860516,previous_point_guess,32.11157011507086,35.1447424948713,16.785735385858537,False
2026-03-22 07:17:37,4421823.7011509435,3112927.388269768,3371023.8612733237,"E13,E19,E27,E30",1.862645149230957e-09,3.0222582735422177,motion_prediction_guess,32.111557278598845,35.14522929814242,22.989397114540193,False
2026-03-22 07:17:39,4421808.422753752,3112973.9128813194,3371025.315903761,"E13,E19,E27,E30",1.862645149230957e-09,3.021814600208807,previous_point_guess,32.111499893902106,35.14572555892962,24.49533042462106,False
2026-03-22 07:17:41,4421771.962076878,3113008.4107162263,3371015.9523067977,"E13,E19,E27,E30",1.862645149230957e-09,3.0213737268413734,motion_prediction_guess,32.11147608993023,35.146246819595426,25.53017097214193,False
2026-03-22 07:17:43,4421408.748732089,3113002.858142786,3370237.2971356935,"E07,E15,E21,E29,E34",506.6360154072253,2.4414729702074167,previous_point_guess,32.10696706671694,35.14841419532695,429.6098929238234,False
2026-03-22 07:17:45,4421732.553787003,3113091.77099728,3371015.424037547,"E13,E19,E27,E30",0.0,3.020487737995852,previous_point_guess,32.111396485583356,35.14720938189215,423.7442284769511,True
2026-03-22 07:17:47,4421703.130306175,3113122.0821757894,3371006.770465477,"E13,E19,E27,E30",2.634178031930877e-09,3.020046759464667,previous_point_guess,32.11136206942574,35.147651450170414,21.56034018901493,True
2026-03-22 07:17:49,4421687.082970737,3113169.880960121,3371006.005771716,"E13,E19,E27,E30",2.634178031930877e-09,3.019603067589686,motion_prediction_guess,32.11128722171271,35.14816343215853,25.213218332765162,True
2026-03-22 07:17:51,4421651.373543769,3113212.2684854777,3371002.398391052,"E13,E19,E27,E30",1.862645149230957e-09,3.0191609303994658,previous_point_guess,32.11128265717886,35.14874846449947,27.770842062645595,True
2026-03-22 07:17:53,4421636.940682697,3113248.8110326836,3370998.861672254,"E13,E19,E27,E30",2.634178031930877e-09,3.0187182751926773,previous_point_guess,32.1112113675469,35.14915307925996,19.724183220605155,True
2026-03-22 07:17:55,4421598.766196219,3113291.5287506394,3370996.4656450204,"E13,E19,E27,E30",2.634178031930877e-09,3.0182760855649655,previous_point_guess,32.11122480128471,35.14975600899413,28.669826436973395,True
2026-03-22 07:17:57,4421567.562345641,3113323.0085742204,3370994.703388683,"E13,E19,E27,E30",2.634178031930877e-09,3.01783444243716,previous_point_guess,32.11124676603746,35.15021906420025,22.179749384360473,True
2026-03-22 07:17:59,4421548.070748527,3113373.770206511,3370997.6274051866,"E13,E19,E27,E30",2.634178031930877e-09,3.0173902684212175,previous_point_guess,32.11120540574687,35.15077771624303,27.226896368233415,True
2026-03-22 07:18:01,4421515.266292662,3113411.795495476,3370995.63927673,"E13,E19,E27,E30",4.16500117164066e-09,3.0169481323531997,motion_prediction_guess,32.11121385058525,35.151307239760555,25.129701451609147,True
2026-03-22 07:18:03,4421103.722093748,3113397.938263541,3370148.18368118,"E07,E15,E21,E29,E34",478.3314470858878,2.4363710268383465,motion_prediction_guess,32.10639145877902,35.15369779783445,471.10021146414346,False
2026-03-22 07:18:05,4421045.038741471,3113432.390142739,3370144.505391846,"E07,E15,E21,E29,E34",478.1419852376156,2.4358647800865647,motion_prediction_guess,32.10649826221491,35.15435428621822,34.074158034034866,False
2026-03-22 07:18:07,4421009.972138353,3113466.486258644,3370147.1652697586,"E07,E15,E21,E29,E34",479.0172836683876,2.435358410666339,previous_point_guess,32.10656190809974,35.15486361198034,24.49125723913308,False
2026-03-22 07:18:09,4421889.906141618,3113983.2950969962,3371078.424698543,"E07,E15,E21,E29,E34",8.202498802862431,2.4347656666906197,previous_point_guess,32.10880080467461,35.15397251371938,690.7639519404208,False
2026-03-22 07:18:11,4421861.581026073,3114020.715798726,3371089.4193199547,"E07,E15,E21,E29,E34",3.7175042284632864,2.4342598129577393,motion_prediction_guess,32.10889250747823,35.15446941840051,24.101362972875485,False
2026-03-22 07:18:13,4421828.714007815,3114063.4201782974,3371081.602484254,"E07,E15,E21,E29,E34",6.00042432670928,2.4337550585845213,motion_prediction_guess,32.10884374892964,35.15503979387926,27.225942793997774,False
2026-03-22 07:18:15,4420941.410732769,3113663.9775136802,3370137.2939125686,"E07,E15,E21,E29,E34",465.28551502694216,2.4333342789999346,previous_point_guess,32.10621010029186,35.15699280450522,677.9712794032257,False
2026-03-22 07:18:17,4421773.710019351,3114151.525062148,3371091.4171018954,"E07,E15,E21,E29,E34",3.474530082622473,2.432745900289546,previous_point_guess,32.108891104139715,35.15613844442848,678.3759604511988,False
2026-03-22 07:18:19,4421743.131243927,3114187.4783291724,3371088.246088979,"E07,E15,E21,E29,E34",2.777935481539614,2.4322431102935256,previous_point_guess,32.108887486362406,35.1566363871765,23.652453567485207,False
2026-03-22 07:18:21,4421714.918691926,3114242.65476225,3371092.9715037625,"E07,E15,E21,E29,E34",7.363598922847105,2.4317393087541848,previous_point_guess,32.108881853492576,35.157286395412584,31.07537772291621,True
2026-03-22 07:18:23,4421690.45069091,3114278.002333126,3371103.414641716,"E07,E15,E21,E29,E34",4.416381491762485,2.4312370593008223,previous_point_guess,32.10895993867883,35.157741814787514,22.12008686043504,True
2026-03-22 07:18:25,4421659.740848609,3114324.226939449,3371099.0279368875,"E07,E15,E21,E29,E34",7.113691902481097,2.430735422956442,motion_prediction_guess,32.108919195827525,35.15832952070182,27.834564048702823,True
2026-03-22 07:18:27,4421627.115206031,3114365.267069991,3371101.4062495413,"E07,E15,E21,E29,E34",4.738381607511477,2.4302344697067317,previous_point_guess,32.10895193456814,35.15888400987879,26.241099632205312,True
2026-03-22 07:18:29,4421599.251795613,3114410.5402173046,3371110.9450746994,"E07,E15,E21,E29,E34",2.8541964274115514,2.429733445927981,previous_point_guess,32.10900901756513,35.15944611002778,27.00470650263081,True
2026-03-22 07:18:31,4421560.866266179,3114451.500452328,3371097.001268125,"E07,E15,E21,E29,E34",10.52509067449012,2.4292344423620102,motion_prediction_guess,32.1089398781131,35.16003504701805,28.92066503775399,True
2026-03-22 07:18:33,4421063.4506827025,3111314.3895798167,3372627.9756024377,"E07,E15,E27,E30",0.0,5.359912478791027,previous_point_guess,32.13124170798288,35.1358889601646,1763.0074967379082,False
2026-03-22 07:18:35,4421042.614928792,3111367.391274974,3372623.333155843,"E07,E15,E27,E30",1.862645149230957e-09,5.363109700903354,previous_point_guess,32.131141671071,35.13647542318985,28.569479523442332,False
2026-03-22 07:18:37,4421487.689192502,3114580.638113441,3371124.7998775565,"E07,E15,E21,E29,E34",2.189323102406529,2.4277368818675575,motion_prediction_guess,32.10908249862775,35.16159994478655,1786.6622744145739,True
2026-03-22 07:18:39,4421180.328767991,3113387.978729394,3371685.524638524,"E07,E15,E21,E29,E34",1035.1703742115294,2.427301126439769,previous_point_guess,32.11786164683154,35.15314415684308,676.6311946831206,False
2026-03-22 07:18:41,4420942.097002746,3114264.3181295763,3371047.214467051,"E13,E19,E27,E30",0.0,3.008083955962916,previous_point_guess,32.11150097140844,35.16218900255869,555.014637935267,False
2026-03-22 07:18:43,4420913.778140212,3114308.199390662,3371050.496819962,"E13,E19,E27,E30",1.862645149230957e-09,3.007640484285507,motion_prediction_guess,32.111515881191096,35.16274188781461,26.164369332501916,False
2026-03-22 07:18:45,4420882.376425175,3114337.601213336,3371049.174812099,"E13,E19,E27,E30",3.226196034939731e-09,3.007198715268549,previous_point_guess,32.11154767325502,35.16318816682051,21.51907635470707,False
2026-03-22 07:18:47,4420878.054509484,3114382.049115649,3371061.906648463,"E13,E19,E27,E30",3.226196034939731e-09,3.0067533667704747,motion_prediction_guess,32.111539152449055,35.163599533088,23.218498188215257,False
2026-03-22 07:18:49,4420484.066362084,3114354.8601862,3370208.1203715815,"E07,E15,E21,E29,E34",469.3169003898908,2.4248447064658722,motion_prediction_guess,32.10663626625983,35.16576824080283,470.35011022849375,False
2026-03-22 07:18:51,4420817.502746381,3114435.5837902683,3371059.8063998274,"E13,E19,E27,E30",0.0,3.0058701152184337,previous_point_guess,32.111612604742675,35.16443271562969,459.0929136177016,False
2026-03-22 07:18:53,4420799.948973548,3114470.574171026,3371060.3177498668,"E13,E19,E27,E30",1.862645149230957e-09,3.005427100900309,motion_prediction_guess,32.11158869980947,35.16484290182169,19.575004247102516,True
2026-03-22 07:18:55,4420790.89895205,3114506.8064311096,3371065.7510130284,"E13,E19,E27,E30",1.862645149230957e-09,3.004983216924712,motion_prediction_guess,32.11156563566763,35.165211952550756,18.869286608590865,True
2026-03-22 07:18:57,4421275.60365389,3114943.7061603656,3371156.85508832,"E07,E15,E21,E29,E34",4.999830876145313,2.4227889494747847,previous_point_guess,32.109156150423615,35.16603832189113,329.43890706188284,False
2026-03-22 07:18:59,4421228.941612457,3114937.5767519157,3371136.0162802027,"E07,E15,E21,E29,E34",4.131689226298336,2.42230151988914,previous_point_guess,32.109196733914835,35.16626995062195,25.735052372251257,False
2026-03-22 07:19:01,4421215.38116262,3114944.6894098953,3371129.0603890046,"E07,E15,E21,E29,E34",5.584635088531827,2.4218126092036636,previous_point_guess,32.109177103643646,35.16641428992186,8.409222997236723,False
2026-03-22 07:19:03,4421240.754183528,3114968.640400584,3371130.1479764567,"E07,E15,E21,E29,E34",1.9720528605602718,2.4213221141864496,previous_point_guess,32.109019884296586,35.16646689770476,17.454390503669487,False
2026-03-22 07:19:05,4419101.090580953,3113922.748624157,3370383.4727534275,"E07,E15,E21,E29,E34",310.3019586617239,2.420972988350455,motion_prediction_guess,32.11458933102389,35.170466251877954,1247.9550872624213,False
2026-03-22 07:19:07,4421265.039147627,3114990.236077599,3371106.301824901,"E07,E15,E21,E29",0.0,5.4303428556011735,previous_point_guess,32.108682996867124,35.16650574599934,1259.4328812039525,False
2026-03-22 07:19:09,4419063.414886715,3113913.4636521386,3370301.093417813,"E07,E15,E21,E29,E34",329.98995510699444,2.4200035450391217,previous_point_guess,32.114133276630504,35.17061581603878,1289.8593742451321,False
2026-03-22 07:19:11,4421237.540993553,3115008.0663391356,3371080.8034681715,"E07,E15,E21,E29,E34",2.2690700862661206,2.419373716716334,motion_prediction_guess,32.108546766973184,35.166827944073916,1277.9795707917854,True
2026-03-22 07:19:13,4421233.808379502,3115020.628528488,3371072.524686349,"E07,E15,E21,E29,E34",3.6709955945121644,2.418887775906239,previous_point_guess,32.10846348389814,35.16695951100727,7.750471557192777,True
2026-03-22 07:19:15,4421226.201416919,3115017.6037779297,3371055.7406658614,"E07,E15,E21,E29,E34",4.196210441922704,2.4184038192314947,motion_prediction_guess,32.10837344571075,35.16697973102584,9.337000848906193,True
2026-03-22 07:19:17,4421231.86699493,3115028.822670879,3371045.6945351525,"E07,E15,E21,E29,E34",3.3681463784630914,2.417919000212727,previous_point_guess,32.10824355076574,35.1670423199436,8.04498408059951,True
2026-03-22 07:19:19,4421241.507218498,3115038.605278408,3371032.4886161685,"E07,E15,E21,E29,E34",1.7698800335558633,2.4174348971536146,motion_prediction_guess,32.10807791499797,35.167068218134155,9.526668052289656,True
2026-03-22 07:19:21,4421251.507348681,3115038.949717508,3371011.9370879903,"E07,E15,E21,E29,E34",2.65611538347368,2.4169522578586613,motion_prediction_guess,32.10788081838269,35.16701018378867,11.428982374093367,True
2026-03-22 07:19:23,4421268.541349754,3115041.4488357995,3370986.839800302,"E07,E15,E21,E29,E34",2.8904301246082786,2.416470103610326,previous_point_guess,32.107615497021506,35.1669278915989,15.217396575128824,True
2026-03-22 07:19:25,4421314.134848185,3115056.331175609,3370973.136460843,"E07,E15,E21,E29",2.634178031930877e-09,5.432658719901293,previous_point_guess,32.107291128628574,35.16677858309274,24.940091467976302,True
2026-03-22 07:19:27,4421295.940792359,3115034.3323241896,3370933.568303423,"E07,E15,E21,E29,E34",6.46938276641102,2.415508533554924,previous_point_guess,32.107120919121684,35.16669908139267,24.395758918152698,True
2026-03-22 07:19:29,4421329.526373027,3115044.9804023723,3370911.7917813268,"E07,E15,E21,E29,E34",3.489658839493672,2.4150271253684856,previous_point_guess,32.10679362225434,35.166586372222575,20.70983891997548,True
2026-03-22 07:19:31,4421339.40519948,3115038.55702328,3370879.993171923,"E07,E15,E21,E29,E34",4.048761065424207,2.414548234428641,previous_point_guess,32.10652977701751,35.1664704693081,16.955843912073988,True
2026-03-22 07:19:33,4421355.396428275,3115043.175989309,3370855.706327296,"E07,E15,E21,E29,E34",3.4284831429796543,2.4140687920073542,motion_prediction_guess,32.10626887892838,35.1664129003173,14.721633183709955,True
2026-03-22 07:19:35,4421375.006630001,3115051.000503212,3370828.916136303,"E07,E15,E21,E29,E34",3.3110215174710276,2.4135897495279464,motion_prediction_guess,32.10596583471729,35.16636101116863,17.055038573561344,True
2026-03-22 07:19:37,4421383.77891446,3115046.586723836,3370792.659283878,"E07,E15,E21,E29,E34",4.498820141178935,2.4131126448810667,previous_point_guess,32.105666723579326,35.16626926410289,18.781598512882457,True
2026-03-22 07:19:39,4421407.659240917,3115053.919651763,3370763.4046121743,"E07,E15,E21,E29,E34",1.5516338318179386,2.412634791860328,motion_prediction_guess,32.10532948349734,35.16618706498715,19.234588897169612,True
2026-03-22 07:19:41,4421427.784301869,3115054.5414097006,3370741.926783741,"E07,E15,E21,E29,E34",3.9995212246073244,2.4121576861865055,previous_point_guess,32.10508487821925,35.166069659594235,14.719899587268303,True
2026-03-22 07:19:43,4421451.592383825,3115059.764793764,3370718.6723472886,"E07,E15,E21,E29,E34",3.552911201286392,2.4116808609773974,previous_point_guess,32.10479957408554,35.16596963403787,16.84397015434791,True
2026-03-22 07:19:45,4421468.863482054,3115056.993368792,3370693.9079380664,"E07,E15,E21,E29,E34",5.4678500733453,2.411205294469024,previous_point_guess,32.10455041199988,35.165840257860395,15.15954810126267,True
2026-03-22 07:19:47,4421490.8094348665,3115062.5654643145,3370667.7585754744,"E07,E15,E21,E29,E34",2.9275641396136827,2.410729736870982,motion_prediction_guess,32.104249329306995,35.16575461498703,17.29495777183794,True
2026-03-22 07:19:49,4421502.791375569,3115057.562983898,3370639.328444003,"E07,E15,E21,E29,E34",5.165515995143572,2.4102556959393895,previous_point_guess,32.10399904565172,35.16563818928469,15.62741252406884,True
2026-03-22 07:19:51,4421529.391936193,3115066.9044946413,3370617.1110934243,"E07,E15,E21,E29,E34",4.922536872087834,2.4097807853126456,motion_prediction_guess,32.103699358359776,35.16555679224219,17.947592563014915,True
2026-03-22 07:19:53,4421536.957746794,3115058.640021343,3370586.8548093988,"E07,E15,E21,E29,E34",5.308008079028284,2.409308240588762,motion_prediction_guess,32.1034614281841,35.16543906209133,16.132155249593236,True
2026-03-22 07:19:55,4421550.302418739,3115064.890318285,3370567.8347198917,"E07,E15,E21,E29,E34",3.579256575715356,2.4088347773896355,motion_prediction_guess,32.10324662295796,35.1654117721126,12.030277283003866,True
2026-03-22 07:19:57,4421559.543201669,3115064.364031972,3370544.830938167,"E07,E15,E21,E29,E34",3.9881499593927416,2.4083625462300158,previous_point_guess,32.1030361689435,35.165350835603725,12.398014156419416,True
2026-03-22 07:19:59,4421576.161899658,3115071.6421894906,3370531.1686103973,"E07,E15,E21,E29,E34",4.64992613003097,2.4078898660951613,previous_point_guess,32.10284662486725,35.165312472135426,11.355746340468492,True
2026-03-22 07:20:01,4421570.86637554,3115068.3200520715,3370518.1341585745,"E07,E15,E21,E29,E34",3.450583043852244,2.4074188048978313,previous_point_guess,32.1027769785549,35.165316010973456,7.228002957778605,True
2026-03-22 07:20:03,4421576.781602967,3115071.671384312,3370510.570427741,"E07,E15,E21,E29,E34",3.622982340535823,2.4069474505197603,motion_prediction_guess,32.10268678386332,35.16530894411369,5.085060653881427,True
2026-03-22 07:20:05,4421116.17237552,3114688.2597753676,3370440.9899548725,"E13,E19,E27,E30",1.862645149230957e-09,2.989577097607189,motion_prediction_guess,32.105018051898504,35.164798774362154,301.66471474171277,False
2026-03-22 07:20:07,4421102.878269657,3114683.1201856486,3370412.3250015527,"E13,E19,E27,E30",1.862645149230957e-09,2.989139933231128,previous_point_guess,32.10486536211182,35.16483537683438,16.00646886425312,False
2026-03-22 07:20:09,4421097.507497707,3114691.7176708872,3370406.2641557734,"E13,E19,E27,E30",2.634178031930877e-09,2.9886995760952546,previous_point_guess,32.104816376572025,35.164942610002974,5.905416905677231,False
2026-03-22 07:20:11,4422717.382064867,3115637.977378417,3369383.6377199967,"E13,E19,E27,E30",1.862645149230957e-09,2.988184134937867,motion_prediction_guess,32.08804900344061,35.16325472133229,1068.3124396183598,False
2026-03-22 07:20:13,4421126.496003264,3114719.3503572964,3370396.9372580484,"E13,E19,E27,E30",1.862645149230957e-09,2.98781606632685,motion_prediction_guess,32.10455528306385,35.1650050558106,1048.9959507490594,False
2026-03-22 07:20:15,4421114.481005117,3114718.3869532333,3370354.20255682,"E13,E19,E27,E30",1.862645149230957e-09,2.9873796601327127,previous_point_guess,32.10427857731078,35.16507002341319,22.20103047675777,False
2026-03-22 07:20:17,4421121.467462454,3114739.9416369363,3370333.749299629,"E13,E19,E27,E30",1.862645149230957e-09,2.9869388553057,motion_prediction_guess,32.104035472094125,35.16521407646847,15.262295906700215,True
2026-03-22 07:20:19,4421132.1132277595,3114750.4442123245,3370314.425769235,"E13,E19,E27,E30",2.634178031930877e-09,2.9864987562961,previous_point_guess,32.103817166052366,35.16524008048405,12.217152241996684,True
2026-03-22 07:20:21,4418164.135211939,3114014.51667724,3369271.126555088,"E13,E19,E27,E30",1.862645149230957e-09,2.986332561109204,previous_point_guess,32.10950913163114,35.176982151012,1615.4686695762,False
2026-03-22 07:20:23,4421112.905827048,3114807.7778436113,3370270.5450321664,"E13,E19,E27,E30",0.0,2.985617816056995,motion_prediction_guess,32.103398968683784,35.16585383167436,1606.4984213290127,True
2026-03-22 07:20:25,4421107.547374636,3114835.396548897,3370247.3258791342,"E13,E19,E27,E30",1.862645149230957e-09,2.9851773837315574,motion_prediction_guess,32.103166361177486,35.166125724912675,18.238934737570347,True
2026-03-22 07:20:27,4418157.388880534,3114107.4546515597,3369212.2033802965,"E13,E19,E27,E30",0.0,2.9850089780097435,previous_point_guess,32.10882852908673,35.17782856777855,1605.0555390562365,False
2026-03-22 07:20:29,4421110.8536591865,3114907.1300563607,3370221.2320179786,"E13,E19,E27,E30",0.0,2.9842930678795496,previous_point_guess,32.10275608198849,35.16672680640737,1610.9448891447703,True
2026-03-22 07:20:31,4421098.029885338,3114940.871664184,3370209.301368548,"E13,E19,E27,E30",2.634178031930877e-09,2.9838517045090245,motion_prediction_guess,32.10262205047916,35.16709727457517,19.00845647381586,True
2026-03-22 07:20:33,4421084.103073247,3114969.6140860165,3370192.672516585,"E13,E19,E27,E30",0.0,2.9834111965712617,previous_point_guess,32.10247024902976,35.167431177008865,18.004186471652215,True
2026-03-22 07:20:35,4418118.415853287,3114247.4993369416,3369154.955061779,"E13,E19,E27,E30",0.0,2.9832430425766217,previous_point_guess,32.10815689051193,35.1792798945909,1611.9559480234489,False
2026-03-22 07:20:37,4418093.322773264,3114275.380606087,3369133.275675456,"E13,E19,E27,E30",0.0,2.9828034848347436,motion_prediction_guess,32.10801253866951,35.17967469160268,21.662315351455188,False
2026-03-22 07:20:39,4421045.486574037,3115081.150546306,3370156.6992539065,"E13,E19,E27,E30",2.634178031930877e-09,2.9820865676916664,previous_point_guess,32.102038865940486,35.16863275889095,1613.3762831469614,True
2026-03-22 07:20:41,4421029.640978734,3115117.851049841,3370149.6084841974,"E13,E19,E27,E30",1.862645149230957e-09,2.981644902761255,motion_prediction_guess,32.10194547102032,35.16904728478858,20.299561973744773,True
2026-03-22 07:20:43,4418486.064111428,3113827.304265778,3368731.861329121,"E13,E21,E29,E34",0.0,4.797577872996781,motion_prediction_guess,32.104643298926554,35.17339431087265,1592.5844779378792,False
2026-03-22 07:20:45,4420978.554132904,3115198.4285982284,3370149.313925449,"E13,E19,E27,E30",1.862645149230957e-09,2.980760913058511,previous_point_guess,32.10192092973978,35.17005683898196,1589.1554600659001,True
2026-03-22 07:20:47,4420938.765270438,3115233.686446399,3370142.265527708,"E13,E19,E27,E30",2.634178031930877e-09,2.980320553871491,previous_point_guess,32.10192563105964,35.17060497778731,26.813939213875273,True
2026-03-22 07:20:49,4422510.262797813,3116197.4054302657,3369133.159209664,"E13,E19,E27,E30",2.634178031930877e-09,2.9798049095912478,previous_point_guess,32.08540335213405,35.169361440139845,1050.7918822876943,False
2026-03-22 07:20:51,4420900.667903938,3115304.1471628365,3370146.918558188,"E13,E19,E27,E30",3.226196034939731e-09,2.9794366962018026,previous_point_guess,32.10191591463143,35.17144765291302,1050.763302489813,True
2026-03-22 07:20:53,4420967.073079328,3115199.896638124,3370004.0129508846,"E13,E21,E29,E34",1.862645149230957e-09,4.76678455800014,previous_point_guess,32.100851896213754,35.17013961268391,94.47199561258546,False
2026-03-22 07:20:55,4420817.030589982,3115354.995430406,3370182.800992619,"E13,E19,E27,E30",1.862645149230957e-09,2.9785543612228773,motion_prediction_guess,32.102377286456075,35.1723983963613,140.11918841094325,True
2026-03-22 07:20:57,4420797.996114313,3115385.9020575555,3370204.294375546,"E13,E19,E27,E30",0.0,2.978111512466141,previous_point_guess,32.10253071651815,35.172782205427616,21.092038636645267,True
2026-03-22 07:20:59,4420875.634927764,3115286.3706866046,3370054.325946596,"E13,E21,E29,E34",4.16500117164066e-09,4.748796021018914,motion_prediction_guess,32.10135573351175,35.17144647229629,98.01123512014553,False
2026-03-22 07:21:01,4420010.1632953435,3113635.542266721,3369705.7148482734,"E13,E19,E27,E30",0.0,2.977452173435623,previous_point_guess,32.1066410185687,35.162429075700516,948.1304388497099,False
2026-03-22 07:21:03,4419987.834500443,3113661.6301493193,3369724.277700562,"E13,E19,E27,E30",1.862645149230957e-09,2.977010213020307,previous_point_guess,32.10679833472286,35.16279136390496,19.517506149972576,False
2026-03-22 07:21:05,4420684.908873782,3115479.8674689857,3370272.9942508317,"E13,E19,E27,E30",0.0,2.976346005239722,previous_point_guess,32.103239097644575,35.1742860814877,1011.5563988411894,True
2026-03-22 07:21:07,4420664.105760999,3115494.5942862406,3370280.219871148,"E13,E19,E27,E30",0.0,2.9759058875772566,motion_prediction_guess,32.10333512842255,35.17454057349457,13.24630360570816,True
2026-03-22 07:21:09,4420658.140107408,3115515.1931624017,3370288.972873585,"E13,E19,E27,E30",0.0,2.9754645463319136,previous_point_guess,32.10336849133977,35.17475536286315,11.581426655673285,True
2026-03-22 07:21:11,4420654.783089913,3115534.2476834273,3370298.950386759,"E13,E19,E27,E30",1.862645149230957e-09,2.975023175864955,previous_point_guess,32.10340525234761,35.17494085736801,10.884565989446767,True
2026-03-22 07:21:13,4420631.737511819,3115535.362380693,3370296.5596808,"E13,E19,E27,E30",0.0,2.974585161556582,motion_prediction_guess,32.10347418969571,35.17509115945084,11.598024558869552,True
2026-03-22 07:21:15,4419914.08688758,3113746.640767902,3369778.9215377155,"E13,E19,E27,E30",1.862645149230957e-09,2.9743669893627906,previous_point_guess,32.10727016311486,35.163977948754386,997.8096854751759,False
2026-03-22 07:21:17,4421103.840148577,3115959.022530453,3370393.326882163,"E07,E15,E21,E29,E34",5.5893011387435285,2.389857152985467,previous_point_guess,32.101194552586016,35.17587854295492,1293.0235702224918,False
2026-03-22 07:21:19,4421080.358986054,3115965.134605758,3370401.066667854,"E07,E15,E21,E29,E34",4.647321712485501,2.3894065657358876,motion_prediction_guess,32.101328767385006,35.17607475973628,12.734075746811111,False
2026-03-22 07:21:21,4420586.348748903,3115582.8376323804,3370343.5347955315,"E13,E19,E27,E30",1.862645149230957e-09,2.9728237019716572,previous_point_guess,32.10387975158683,35.17577929449883,313.65068412020776,True
2026-03-22 07:21:23,4420564.264902606,3115590.2213522494,3370352.5723327356,"E13,E19,E27,E30",2.634178031930877e-09,2.972384524335677,previous_point_guess,32.104014910874085,35.17597801799139,12.488921741821537,True
2026-03-22 07:21:25,4420546.275000107,3115611.7390174903,3370366.291587383,"E13,E19,E27,E30",1.862645149230957e-09,2.971943681699225,previous_point_guess,32.10413077208793,35.17627415056102,15.61140974918661,True
2026-03-22 07:21:27,4420529.2840965595,3115635.2526236475,3370383.2005568487,"E13,E19,E27,E30",1.862645149230957e-09,2.9715024445843152,previous_point_guess,32.10426157353232,35.17658147014503,16.789086680403415,True
2026-03-22 07:21:29,4420498.184164499,3115642.0391256837,3370391.208033161,"E13,E19,E27,E30",2.634178031930877e-09,2.971063957310027,previous_point_guess,32.10442583144762,35.17683005355546,16.411749304611945,True
2026-03-22 07:21:31,4420977.229091527,3116081.9497747547,3370477.7153574713,"E07,E15,E21,E29,E34",2.9509115819650935,2.3867075576016603,motion_prediction_guess,32.10199568064352,35.17771557844658,328.0582792876448,False
2026-03-22 07:21:33,4420578.452134823,3115576.039861805,3370246.4978516907,"E13,E21,E29,E34",0.0,4.649554481556535,previous_point_guess,32.1031882072314,35.175768623032596,342.2096961761293,True
2026-03-22 07:21:35,4420444.514671563,3115718.5095876036,3370419.8160161097,"E13,E19,E27,E30",1.862645149230957e-09,2.96974200058106,previous_point_guess,32.104643460809,35.17781982392287,130.648433736617,False
2026-03-22 07:21:37,4420430.52414311,3115738.645743462,3370421.6386369024,"E13,E19,E27,E30",2.634178031930877e-09,2.969302307466263,previous_point_guess,32.10465659046054,35.17807958482587,12.293510541104181,False
2026-03-22 07:21:39,4420428.388082599,3115765.2887480063,3370434.189704713,"E13,E19,E27,E30",3.226196034939731e-09,2.9688608046410625,motion_prediction_guess,32.10468726693421,35.17832333578385,14.764329893786165,False
2026-03-22 07:21:41,4420404.319838989,3115779.263097919,3370424.82069359,"E13,E19,E27,E30",2.634178031930877e-09,2.9684230196115107,previous_point_guess,32.10467139731682,35.17859124969911,14.68282308859378,True
2026-03-22 07:21:43,4420401.199199175,3115802.2297334247,3370438.6149937133,"E13,E19,E27,E30",1.862645149230957e-09,2.9679818960234963,motion_prediction_guess,32.104725577175685,35.178809173890116,13.485987683334555,True
2026-03-22 07:21:45,4421976.3879033355,3116751.0068364786,3369398.8692309246,"E13,E19,E27,E30",2.634178031930877e-09,2.967470222481297,previous_point_guess,32.087995828757784,35.1774109538944,1056.2278040543297,False
2026-03-22 07:21:47,4420368.018225964,3115845.638679647,3370429.842849592,"E13,E19,E27,E30",2.634178031930877e-09,2.9671039184828945,motion_prediction_guess,32.10466868837952,35.17938759465666,1057.0538208720698,True
2026-03-22 07:21:49,4420370.416873087,3115867.1906884448,3370433.5061692647,"E13,E19,E27,E30",0.0,2.9666635953117826,motion_prediction_guess,32.10462776597424,35.17955957861172,10.99616412967813,True
2026-03-22 07:21:51,4420335.363066649,3115867.3007529923,3370432.061092388,"E13,E19,E27,E30",3.226196034939731e-09,2.9662271808868748,motion_prediction_guess,32.10475373678714,35.17977449454577,17.541876376153258,True
2026-03-22 07:21:53,4420345.025563771,3115882.5779632023,3370425.3714283276,"E13,E19,E27,E30",0.0,2.9657879474642304,motion_prediction_guess,32.104622603094825,35.17984780529912,9.6372792798153,True
2026-03-22 07:21:55,4420818.432144745,3116293.423969159,3370474.2963552,"E15,E21,E29,E34",1.862645149230957e-09,3.184935695866317,motion_prediction_guess,32.10200768877013,35.18051573451122,314.3651857274488,False
2026-03-22 07:21:57,4420339.868409689,3115915.8163527646,3370422.7881159554,"E13,E19,E27,E30",0.0,2.9649097392876946,motion_prediction_guess,32.10453129310877,35.180167102357615,305.8855419844345,True
2026-03-22 07:21:59,4420327.957762355,3115915.0933576645,3370427.9753737357,"E13,E19,E27,E30",3.226196034939731e-09,2.9644721311195186,previous_point_guess,32.10461956904985,35.180233543295124,6.505649181646931,True
2026-03-22 07:22:01,4420319.633471306,3115926.547656461,3370426.282695462,"E13,E19,E27,E30",3.226196034939731e-09,2.964033907431678,previous_point_guess,32.10460761884679,35.18038353911725,7.1302163733153225,True
2026-03-22 07:22:03,4420274.176798868,3115907.3430062835,3370390.795031733,"E13,E19,E27,E30",1.862645149230957e-09,2.963602456879008,previous_point_guess,32.10456763111193,35.18049470842824,30.391207340978806,True
2026-03-22 07:22:05,4417372.497404651,3115192.2651581825,3369384.0721718785,"E13,E19,E27,E30",1.862645149230957e-09,2.9634276841299245,previous_point_guess,32.11022057705185,35.19202049291219,1576.749869800198,False
2026-03-22 07:22:07,4420445.815714445,3115857.1103017675,3370264.9708152763,"E13,E21,E29,E34",0.0,4.554706238416855,previous_point_guess,32.103072857421175,35.17901207551815,1632.7344332594837,False
2026-03-22 07:22:09,4420288.2114914525,3115970.434444941,3370413.01087088,"E13,E19,E27,E30",0.0,2.9622822289027284,previous_point_guess,32.10450814155067,35.18095536071464,122.06280206746153,True
2026-03-22 07:22:11,4420287.976474994,3115989.1032286873,3370411.9693150693,"E13,E19,E27,E30",0.0,2.9618433245318565,motion_prediction_guess,32.10444955623358,35.18111845019159,9.349646488034315,True
2026-03-22 07:22:13,4420283.772173291,3116012.080123888,3370415.8906382523,"E13,E19,E27,E30",0.0,2.9614039396922176,motion_prediction_guess,32.10443253262269,35.181343071930684,11.842620501506545,True
2026-03-22 07:22:15,4420392.25867984,3115916.631975381,3370262.863552861,"E13,E21,E29,E34",0.0,4.533003255236343,previous_point_guess,32.10310220276211,35.17985438268477,105.23421499192561,False
2026-03-22 07:22:17,4420424.753727085,3115960.2941758335,3370285.4609515844,"E13,E21,E29,E34",1.862645149230957e-09,4.527604643456813,previous_point_guess,32.1030269794661,35.180034115272015,29.465905182389147,False
2026-03-22 07:22:19,4420241.983461026,3116072.8173950124,3370421.0864724475,"E13,E19,E27,E30",1.862645149230957e-09,2.960088669638441,previous_point_guess,32.10446819602496,35.182124079633624,126.94558570406745,True
2026-03-22 07:22:21,4420225.877135247,3116096.2533186567,3370425.495880425,"E13,E19,E27,E30",2.634178031930877e-09,2.9596500209346934,previous_point_guess,32.10450025210875,35.18242532631308,14.388355759763728,True
2026-03-22 07:22:23,4420206.18108527,3116118.8979350463,3370437.014790923,"E13,E19,E27,E30",1.862645149230957e-09,2.9592111522800244,motion_prediction_guess,32.10460286040359,35.18274163376601,16.073256788785205,True
2026-03-22 07:22:25,4420717.893107372,3116844.646209887,3370386.7260808065,"E07,E15,E27,E30",3.226196034939731e-09,5.791743588828566,previous_point_guess,32.10021067794024,35.18590169519247,444.7158380257701,False
2026-03-22 07:22:27,4420284.022688896,3116035.923175824,3370296.6999257137,"E13,E21,E29,E34",1.862645149230957e-09,4.500871487718949,previous_point_guess,32.103455250591914,35.18154800033715,461.08057713752964,False
2026-03-22 07:22:29,4420138.099544207,3116175.3979850532,3370471.256533009,"E13,E19,E27,E30",1.862645149230957e-09,2.9578963750388967,previous_point_guess,32.104975075433174,35.18364645454497,133.43237586523225,True
2026-03-22 07:22:31,4420118.662046088,3116199.958475226,3370483.8748725,"E13,E19,E27,E30",3.226196034939731e-09,2.9574575516229133,previous_point_guess,32.10507977495874,35.1839777750758,16.883842143873274,True
2026-03-22 07:22:33,4420221.403473799,3116122.582451704,3370339.6447105883,"E13,E21,E29,E34",3.226196034939731e-09,4.484991411112502,previous_point_guess,32.1037892818035,35.182680616114624,96.6245658910772,False
2026-03-22 07:22:35,4420078.622820398,3116256.257926923,3370503.083988924,"E13,E19,E27,E30",3.226196034939731e-09,2.9565800186540243,previous_point_guess,32.10522786550602,35.18470968042767,127.44395372448179,True
2026-03-22 07:22:37,4420531.9829013515,3116688.233511116,3370580.9457003972,"E07,E15,E21,E29,E34",6.796627610917499,2.372222421737678,motion_prediction_guess,32.10285407679239,35.18568234616276,315.5157343360496,False
2026-03-22 07:22:39,4420019.900898288,3116300.0228789872,3370517.3380809603,"E13,E19,E27,E30",2.634178031930877e-09,2.955705037326947,previous_point_guess,32.105445897932576,35.185447106505215,322.8704856477674,True
2026-03-22 07:22:41,4420003.356655122,3116335.4097700114,3370531.197899621,"E13,E19,E27,E30",1.862645149230957e-09,2.955265470325187,motion_prediction_guess,32.1055188435095,35.18585450837722,20.724614662322672,True
2026-03-22 07:22:43,4419982.028331789,3116363.919598508,3370528.487591847,"E13,E19,E27,E30",3.226196034939731e-09,2.9548279751889024,previous_point_guess,32.10550294787408,35.18623156965357,17.853945399566395,True
2026-03-22 07:22:45,4420133.261713144,3116307.2137325653,3370406.3346862216,"E13,E21,E29,E34",0.0,4.4535943528627016,motion_prediction_guess,32.10413410452058,35.18481734282794,101.25268295353227,False
2026-03-22 07:22:47,4419937.124562771,3116425.996875886,3370541.2273471686,"E13,E19,E27,E30",2.634178031930877e-09,2.9539515810972476,previous_point_guess,32.105604705398875,35.18704320272666,133.0180879345525,True
2026-03-22 07:22:49,4419904.987651327,3116444.657834329,3370532.849593571,"E13,E19,E27,E30",1.862645149230957e-09,2.953516043930261,previous_point_guess,32.10561505223649,35.18740097493228,19.04730428793797,True
2026-03-22 07:22:51,4419891.2119918335,3116482.8269908563,3370538.5456239865,"E13,E19,E27,E30",3.226196034939731e-09,2.95307711345047,previous_point_guess,32.10560710364651,35.187815562718384,20.488399565125793,True
2026-03-22 07:22:53,4419881.227007169,3116504.3313399595,3370545.3893871903,"E13,E19,E27,E30",2.634178031930877e-09,2.9526394211671994,motion_prediction_guess,32.10563909857252,35.18806271587222,12.338699727761691,True
2026-03-22 07:22:55,4419853.403138164,3116520.747799199,3370543.251574951,"E13,E19,E27,E30",0.0,2.952203677307301,motion_prediction_guess,32.105686411859786,35.188374725311924,16.188252388170703,True
2026-03-22 07:22:57,4420338.903264844,3116942.6896133404,3370603.530580489,"E07,E15,E21,E29,E34",8.068555497196826,2.3679441707664197,motion_prediction_guess,32.10308009559222,35.189063909331466,323.0243125661176,False
2026-03-22 07:22:59,4420333.666910332,3116960.288546896,3370615.1640295805,"E07,E15,E21,E29,E34",7.445269929651002,2.367519077088947,previous_point_guess,32.10314085999054,35.18924823397954,10.868291133379374,False
2026-03-22 07:23:01,4419837.307597627,3116567.924424478,3370538.5326067363,"E13,E19,E27,E30",3.226196034939731e-09,2.950894029573494,motion_prediction_guess,32.10558311396078,35.18888146405309,318.66696833720505,True
2026-03-22 07:23:03,4419929.441563537,3116472.2709525665,3370365.6818354465,"E13,E21,E29,E34",4.562530187486071e-09,4.407417493617775,previous_point_guess,32.10416607765105,35.18749077016747,108.99041643482381,False
2026-03-22 07:23:05,4420538.849361176,3117145.0535497954,3370705.570756225,"E07,E15,E21,E29",2.634178031930877e-09,5.469207938511411,previous_point_guess,32.10251765615625,35.189595219993315,484.6487970392298,False
2026-03-22 07:23:07,4419813.476184598,3116649.967678537,3370555.1008183453,"E13,E19,E27,E30",0.0,2.94958101902255,motion_prediction_guess,32.1055764171243,35.18973731278967,445.5102320438886,True
2026-03-22 07:23:09,4419794.965795115,3116682.3587790187,3370547.837587022,"E13,E19,E27,E30",1.862645149230957e-09,2.949144483863519,previous_point_guess,32.10550397559223,35.19013077291155,19.003765669567144,True
2026-03-22 07:23:11,4419778.6524285665,3116721.9606598495,3370540.536339606,"E13,E19,E27,E30",2.634178031930877e-09,2.9487073332409666,motion_prediction_guess,32.10540272132529,35.19057325016564,21.72408287647096,True
2026-03-22 07:23:13,4419746.823584984,3116736.5731175486,3370524.720040793,"E13,E19,E27,E30",2.634178031930877e-09,2.948273675513345,previous_point_guess,32.10536621356183,35.190894096701065,19.214281875395084,True
2026-03-22 07:23:15,4419721.861703469,3116780.1797146588,3370518.6073206235,"E13,E19,E27,E30",1.862645149230957e-09,2.9478366588942726,previous_point_guess,32.10529684728174,35.19142405045562,25.30808264246186,True
2026-03-22 07:23:17,4419713.118540935,3116808.2983284234,3370518.87131934,"E13,E19,E27,E30",1.862645149230957e-09,2.9473998678777593,previous_point_guess,32.10525544313675,35.1917208831964,14.72386690434114,True
2026-03-22 07:23:19,4420157.81632555,3117238.724893072,3370565.778666545,"E07,E15,E21,E29,E34",6.199772997284336,2.3632996795893564,motion_prediction_guess,32.102683375726485,35.19273221697433,310.33185721836855,False
2026-03-22 07:23:21,4420141.669689342,3117279.2231468945,3370557.6469797273,"E07,E15,E21,E29,E34",7.311269591712691,2.3628799478162352,motion_prediction_guess,32.10257265126758,35.193181380983624,22.175136718752487,False
2026-03-22 07:23:23,4420130.88812767,3117317.997263056,3370555.146776324,"E07,E15,E21,E29,E34",9.391727218437634,2.362460512954309,motion_prediction_guess,32.1024886914828,35.193582862990944,20.161381235444466,False
2026-03-22 07:23:25,4420173.374473303,3117378.753942832,3370563.8346437695,"E07,E15,E21,E29",1.862645149230957e-09,5.473358161420892,previous_point_guess,32.10222088640555,35.19384942635895,37.32272345151129,False
2026-03-22 07:23:27,4421573.302998876,3119754.895851784,3371443.2737838817,"E07,E15,E21,E29",3.226196034939731e-09,5.473388952363554,motion_prediction_guess,32.09689560347673,35.20586635017596,1447.34787191556,False
2026-03-22 07:23:29,4421658.670299432,3119840.1581173874,3371464.7563540568,"E07,E15,E21,E29,E34",14.026149604218713,2.3609955547850925,motion_prediction_guess,32.09649018099975,35.20608288018239,61.27546564775867,False
2026-03-22 07:23:31,4420061.455035236,3117455.4068044317,3370506.2069291887,"E07,E15,E21,E29,E34",8.621033977026686,2.3607911076126165,previous_point_guess,32.10200728202915,35.19519627792812,1513.0228372980202,False
2026-03-22 07:23:33,4419584.0300254915,3117088.0362709397,3370428.276750818,"E13,E19,E27,E30",0.0,2.943913468379381,previous_point_guess,32.104296340146455,35.194930976146104,303.71418738572766,True
2026-03-22 07:23:35,4419893.539760912,3117212.824649086,3370526.491087791,"E13,E19,E27,E34",2.634178031930877e-09,2.6520040620225265,previous_point_guess,32.10348974672243,35.194121497004204,173.93567174926784,False
2026-03-22 07:23:37,4419901.30766548,3117242.919256357,3370519.0833999566,"E13,E19,E27,E34",2.634178031930877e-09,2.6520914544365017,previous_point_guess,32.1033196255065,35.194334600218696,15.975759506363175,False
2026-03-22 07:23:39,4419547.1122482335,3117186.210430767,3370377.2911931286,"E13,E19,E27,E30",0.0,2.94260889973777,previous_point_guess,32.1037802857664,35.19600633807262,192.85701595715136,True
2026-03-22 07:23:41,4416634.605801865,3116458.7911067195,3369307.4431122285,"E13,E19,E27,E30",1.862645149230957e-09,2.942440812246982,previous_point_guess,32.10902551862664,35.207499085523374,1593.455960274598,False
2026-03-22 07:23:43,4421499.304707082,3120015.9120553276,3371337.2595515237,"E07,E15,E21,E29",3.226196034939731e-09,5.476766622901708,previous_point_guess,32.09565502392119,35.208576130044605,3179.565994702501,False
2026-03-22 07:23:47,4419875.747554386,3117359.988848072,3370476.378380796,"E13,E19,E27,E34",0.0,2.6525421041201636,previous_point_guess,32.1027701875624,35.1955041240769,807.4257822325842,False
2026-03-22 07:23:49,4419552.042954549,3117275.368030899,3370346.496008253,"E13,E19,E27,E30",1.862645149230957e-09,2.94043609223175,previous_point_guess,32.10327946872589,35.196748092483084,179.45388081054196,True
2026-03-22 07:23:51,4419530.676336556,3117308.0498544676,3370348.1326676165,"E13,E19,E27,E30",3.226196034939731e-09,2.9400010030096095,motion_prediction_guess,32.10328537078107,35.19716149516502,19.54042355034022,True
2026-03-22 07:23:53,4419515.4719748115,3117327.770185558,3370348.3652145243,"E13,E19,E27,E30",3.226196034939731e-09,2.939566941317195,previous_point_guess,32.10329221695287,35.19742505957785,12.451085820447961,True
2026-03-22 07:23:55,4419498.801701296,3117339.3451031717,3370335.1183118615,"E13,E19,E27,E30",2.634178031930877e-09,2.939134692740946,motion_prediction_guess,32.1032243384047,35.19762705981009,12.117726344034695,True
2026-03-22 07:23:57,4419468.733867609,3117366.036906891,3370328.3348591304,"E13,E19,E27,E30",1.862645149230957e-09,2.9387013969236495,motion_prediction_guess,32.103216540507326,35.198041740274675,20.38714202253991,True
2026-03-22 07:23:59,4419441.307942655,3117387.038376104,3370339.2799514984,"E13,E19,E27,E30",1.862645149230957e-09,2.9382673123781933,motion_prediction_guess,32.10334953670692,35.19839102769745,18.117933902849572,True
2026-03-22 07:24:01,4419443.038612128,3117420.4057435244,3370351.429739491,"E13,E19,E27,E30",1.862645149230957e-09,2.9378309267588265,motion_prediction_guess,32.10334339458043,35.19866932168913,17.776345052188127,True
2026-03-22 07:24:05,4419387.965548087,3117457.3264165595,3370376.7237577923,"E13,E19,E27,E30",1.862645149230957e-09,2.936963487255645,motion_prediction_guess,32.103650288259495,35.19932525281306,17.741130396803154,True
2026-03-22 07:24:07,4419369.219898206,3117481.0420457437,3370388.926344289,"E13,E19,E27,E30",3.226196034939731e-09,2.936529131727922,previous_point_guess,32.10375139573812,35.19964503182515,16.29979734736711,True
2026-03-22 07:24:09,4419339.692975692,3117505.414464449,3370395.515784552,"E13,E19,E27,E30",1.862645149230957e-09,2.936095697882447,previous_point_guess,32.103850031672394,35.200036335635154,19.424692209015475,True
2026-03-22 07:24:13,4419306.642633833,3117559.429255284,3370427.620730086,"E13,E19,E27,E30",1.862645149230957e-09,2.935226237103741,motion_prediction_guess,32.104075478546456,35.200705767846934,17.7493842388368,True
2026-03-22 07:24:15,4419279.706361451,3117577.2674393416,3370440.353482423,"E13,E19,E27,E30",1.862645149230957e-09,2.934793137625796,previous_point_guess,32.10422894353388,35.20102468744026,17.362938708431535,True
2026-03-22 07:24:17,4419257.755341731,3117596.801990533,3370453.008085459,"E13,E19,E27,E30",3.226196034939731e-09,2.934359793537043,motion_prediction_guess,32.10435760188699,35.20132784857449,15.996756975998984,True
2026-03-22 07:24:19,4419224.489940919,3117604.438276883,3370464.7217029072,"E13,E19,E27,E30",2.634178031930877e-09,2.9339281282146623,previous_point_guess,32.104556250507244,35.2015971072666,18.042370923289603,True
2026-03-22 07:24:21,4419364.491113362,3117555.7840189156,3370343.50139654,"E13,E21,E29,E34",3.226196034939731e-09,4.218957268377968,motion_prediction_guess,32.10321645740341,35.20032094087723,95.73652356796167,False
2026-03-22 07:24:23,4419175.1769597875,3117652.359956966,3370481.2165799295,"E13,E19,E27,E30",2.634178031930877e-09,2.9330621108503974,motion_prediction_guess,32.10474296805787,35.20231311519448,126.62171248430603,True
2026-03-22 07:24:25,4419296.363572375,3117602.216197397,3370356.2730798637,"E13,E21,E29,E34",0.0,4.209780605357331,previous_point_guess,32.10345253382901,35.20113893904405,90.56968298327875,False
2026-03-22 07:24:27,4419114.60557402,3117711.6066887225,3370488.836384152,"E13,E19,E27,E30",0.0,2.9321967055239178,motion_prediction_guess,32.10487468899092,35.20319592262778,125.07525654797709,True
2026-03-22 07:24:29,4419106.5734834885,3117747.5698769013,3370500.1143361153,"E13,E19,E27,E30",2.634178031930877e-09,2.9317621418699336,motion_prediction_guess,32.10489293048473,35.203556298173204,19.268222432158606,True
2026-03-22 07:24:31,4419089.065330764,3117769.5780132115,3370507.738217464,"E13,E19,E27,E30",3.226196034939731e-09,2.9313295448625385,previous_point_guess,32.10495892311891,35.203853743191836,14.56894850772745,True
2026-03-22 07:24:33,4419066.195953765,3117775.98868017,3370502.529518826,"E13,E19,E27,E30",1.862645149230957e-09,2.9308995192823595,previous_point_guess,32.104990981605624,35.204048911224994,12.157674406823606,True
2026-03-22 07:24:35,4419065.307404865,3117794.389104039,3370516.635059248,"E13,E19,E27,E30",1.862645149230957e-09,2.9304662806122397,previous_point_guess,32.105051368461,35.204213622679966,11.60098474604705,True
2026-03-22 07:24:37,4419053.974196962,3117802.346855135,3370499.069280845,"E13,E19,E27,E30",2.634178031930877e-09,2.93003672206504,previous_point_guess,32.104939586815426,35.20435172692892,11.183961449065823,True
2026-03-22 07:24:39,4419041.96793188,3117821.3486887077,3370518.3560963804,"E13,E19,E27,E30",1.862645149230957e-09,2.929603789994684,motion_prediction_guess,32.10508142574543,35.204589545622625,14.808792437588028,True
2026-03-22 07:24:41,4419035.149933717,3117840.3660622025,3370513.0855497695,"E13,E19,E27,E30",1.862645149230957e-09,2.929172472257283,previous_point_guess,32.105015322716426,35.20479581100886,10.439399589563807,True
2026-03-22 07:24:43,4419009.193393233,3117851.8100271844,3370499.1053094356,"E13,E19,E27,E30",1.862645149230957e-09,2.9287433578737265,motion_prediction_guess,32.10497856093485,35.205053407706586,15.812601368812958,True
2026-03-22 07:24:45,4418990.410208454,3117879.4755530376,3370484.9656737843,"E13,E19,E27,E30",3.226196034939731e-09,2.928312687906566,motion_prediction_guess,32.10486767088455,35.20540761466972,18.152951877885464,True
2026-03-22 07:24:47,4418989.859599565,3117921.9350069584,3370513.4408972864,"E13,E19,E27,E30",2.634178031930877e-09,2.9278771095757303,previous_point_guess,32.104970021642565,35.20577852415504,25.56338568588548,True
2026-03-22 07:24:49,4418975.805818791,3117954.344869804,3370523.567452795,"E13,E19,E27,E30",1.862645149230957e-09,2.9274443758650572,motion_prediction_guess,32.105012858638744,35.20614491191291,18.374269306569573,True
2026-03-22 07:24:51,4418966.733105093,3117985.7161908993,3370519.113602197,"E13,E19,E27,E30",2.634178031930877e-09,2.9270126552769726,previous_point_guess,32.10492768683091,35.20647188545098,16.479613968771446,True
2026-03-22 07:24:53,4418957.265016024,3118021.2780796164,3370513.506551197,"E13,E19,E27,E30",3.226196034939731e-09,2.9265807997665787,previous_point_guess,32.10482367528464,35.20683754703872,18.612708431795426,True
2026-03-22 07:24:55,4418946.419503013,3118052.272170507,3370510.6212242083,"E13,E19,E27,E30",1.862645149230957e-09,2.926149323518451,motion_prediction_guess,32.104758467436085,35.20717208045785,16.481686309651018,True
2026-03-22 07:24:57,4416023.044740472,3117328.1810762915,3369415.264089695,"E13,E19,E27,E30",3.226196034939731e-09,2.925984776073664,previous_point_guess,32.10984151827381,35.21876584797605,1602.360381367951,False
2026-03-22 07:24:59,4418938.33452278,3117968.520029671,3370230.7484944,"E13,E19,E29,E34",2.634178031930877e-09,9.843195711823517,previous_point_guess,32.10288367845931,35.20649648360074,1547.0910852598452,False
2026-03-22 07:25:01,4418871.639662683,3118126.359840932,3370471.82381903,"E13,E19,E27,E30",2.634178031930877e-09,2.9248611743585378,previous_point_guess,32.10455022565542,35.208270144769166,147.88417978913532,True
2026-03-22 07:25:03,4418901.824449895,3118147.9054496256,3370492.2863095063,"E13,E19,E27,E30",1.862645149230957e-09,2.924427585875322,previous_point_guess,32.10452879999497,35.20827227465037,21.17810278036162,True
2026-03-22 07:25:05,4418871.765966878,3118156.501069794,3370477.4244187097,"E13,E19,E27,E30",0.0,2.9240002982897604,motion_prediction_guess,32.1045092277814,35.208530277149194,17.308030557519075,True
2026-03-22 07:25:07,4415984.757666582,3117425.070325777,3369389.6498578372,"E13,E19,E27,E30",1.862645149230957e-09,2.9238345385943894,previous_point_guess,32.10952782746453,35.21983888865554,1585.328148566783,False
2026-03-22 07:25:09,4418870.653765284,3118193.060413903,3370472.193338075,"E13,E19,E27,E30",0.0,2.9231401966428034,previous_point_guess,32.10437260741075,35.20885352769439,1588.2463170562028,True
2026-03-22 07:25:11,4418841.982917223,3118210.3858351754,3370465.1487925802,"E13,E19,E27,E30",0.0,2.922711947062996,motion_prediction_guess,32.104383191110145,35.20917862105692,17.115879849202926,True
2026-03-22 07:25:13,4418837.009773492,3118232.640108638,3370459.854832653,"E13,E19,E27,E30",2.634178031930877e-09,2.9222822585383286,motion_prediction_guess,32.10430073429995,35.20940162911051,11.704815863890369,True
2026-03-22 07:25:15,4418823.288627237,3118248.868479357,3370444.5938702254,"E13,E19,E27,E30",2.634178031930877e-09,2.9218542812903334,previous_point_guess,32.10419304853897,35.20962591175692,13.081731966365895,True
2026-03-22 07:25:17,4418797.506144016,3118269.1271306644,3370424.5599156725,"E13,E19,E27,E30",1.862645149230957e-09,2.921426946099061,motion_prediction_guess,32.10408499451174,35.20995875409072,19.212682847923467,True
2026-03-22 07:25:19,4418819.253041075,3118300.626492609,3370421.984570923,"E13,E19,E27,E30",2.634178031930877e-09,2.9209955169826833,previous_point_guess,32.10389313182772,35.21009857083327,19.18182561149338,True
2026-03-22 07:25:21,4419384.753908106,3118780.8616829407,3370509.2629978713,"E15,E21,E29,E34",2.634178031930877e-09,3.040739612747983,previous_point_guess,32.10101887612913,35.210801055703,373.50856498116104,False
2026-03-22 07:25:23,4418817.559525122,3118343.6075824983,3370391.177653714,"E13,E19,E27,E30",2.634178031930877e-09,2.920138486503815,previous_point_guess,32.103545677946265,35.210480948763355,362.92036486921904,True
2026-03-22 07:25:25,4419510.762957086,3116964.6716926172,3370371.549293405,"E13,E19,E27,E34",1.862645149230957e-09,2.657858295659155,motion_prediction_guess,32.104490724475085,35.194310302918645,771.7480902174584,False
2026-03-22 07:25:27,4415268.794172015,3115865.3963486594,3368761.880523478,"E13,E19,E27,E30",1.862645149230957e-09,2.91975988138385,motion_prediction_guess,32.111849075437235,35.21070738734875,2334.188242421029,False
2026-03-22 07:25:29,4418826.7590101315,3118379.5796829844,3370350.2999413996,"E13,E19,E27,E30",1.862645149230957e-09,2.9188554710517507,previous_point_guess,32.10309801218389,35.210736118199954,2318.5829656872456,True
2026-03-22 07:25:31,4418844.281718841,3118413.1606283495,3370369.9412225224,"E13,E19,E27,E30",3.725290298461914e-09,2.9184233133072803,motion_prediction_guess,32.10308664553244,35.210919747373126,21.33368894655732,True
2026-03-22 07:25:33,4416658.874562196,3117491.632062242,3369222.2264154246,"E15,E21,E29,E34",1.862645149230957e-09,3.0332502168096487,motion_prediction_guess,32.10542370069916,35.21629482102138,1317.4288936570963,False
2026-03-22 07:25:35,4418807.776501765,3118412.10338981,3370355.044233803,"E13,E19,E27,E30",1.862645149230957e-09,2.9175720281784203,previous_point_guess,32.10311870867107,35.211133582338945,1298.8767474620365,True
2026-03-22 07:25:37,4419253.042908897,3118811.10002627,3370399.532894141,"E15,E21,E29,E34",1.862645149230957e-09,3.0303965089379856,motion_prediction_guess,32.100612830851624,35.21186720259634,299.76646331998165,False
2026-03-22 07:25:39,4419244.468952894,3118821.014693944,3370403.860374784,"E15,E21,E29,E34",0.0,3.029127204273844,motion_prediction_guess,32.1006520579573,35.21200537776459,6.901819421933012,False
2026-03-22 07:25:41,4418781.393790047,3118431.6967275017,3370371.9293137463,"E13,E19,E27,E30",1.862645149230957e-09,2.916290401208096,previous_point_guess,32.10329684681356,35.211464330060494,302.9136337720158,True
2026-03-22 07:25:43,4419220.823883522,3118837.4263792573,3370421.7046650006,"E15,E21,E29,E34",1.862645149230957e-09,3.0265943169158813,previous_point_guess,32.10083557890615,35.21229183399262,300.08038213045495,False
2026-03-22 07:25:45,4419219.374751873,3118840.960710219,3370457.383901979,"E15,E21,E29,E34",1.862645149230957e-09,3.0253299706961396,previous_point_guess,32.10110401026783,35.212331273092424,17.941567860951466,False
2026-03-22 07:25:47,4419201.313744734,3118851.052147076,3370451.222862202,"E15,E21,E29,E34",3.226196034939731e-09,3.024068403600626,previous_point_guess,32.10109977575676,35.212528924616635,10.793464317015864,False
2026-03-22 07:25:49,4419189.623635218,3118847.470302146,3370483.0099979118,"E15,E21,E29,E34",3.226196034939731e-09,3.0228089965860647,motion_prediction_guess,32.10139823077476,35.212569327889064,17.0287277139808,False
2026-03-22 07:25:51,4419308.210272876,3119238.2854912346,3370386.3557263995,"E07,E15,E27,E30",0.0,6.304102069675207,previous_point_guess,32.099115990965025,35.21522717214956,209.84598569846995,False
2026-03-22 07:25:53,4419291.713188639,3119230.5310486504,3370402.4709089245,"E07,E15,E27,E30",1.862645149230957e-09,6.309827468926745,previous_point_guess,32.09932507869269,35.215260831288845,12.165363495592466,False
2026-03-22 07:25:55,4419156.892636024,3118842.118620611,3370549.0673214803,"E15,E21,E29,E34",0.0,3.019041155895315,motion_prediction_guess,32.10204570528674,35.21272293160325,218.2494580961883,True
2026-03-22 07:25:57,4419136.554259996,3118838.0890360745,3370547.799000067,"E15,E21,E29,E34",2.634178031930877e-09,3.0177914303511257,motion_prediction_guess,32.10212677444846,35.212812284473635,10.386237651544826,True
2026-03-22 07:25:59,4418668.01963303,3118442.145455551,3370522.605668129,"E13,E19,E27,E30",1.862645149230957e-09,2.912451854141881,motion_prediction_guess,32.104862836212455,35.21224731999993,306.97341888121497,False
2026-03-22 07:26:01,4418657.47866261,3118461.012446791,3370540.1766706663,"E13,E19,E27,E30",0.0,2.912024426061525,motion_prediction_guess,32.10498618821075,35.212475016516095,13.926732800687391,False
2026-03-22 07:26:03,4418641.999423957,3118471.269142386,3370557.566841712,"E13,E19,E27,E30",2.634178031930877e-09,2.911598100567196,motion_prediction_guess,32.105151288164286,35.21265835219334,12.720305448389325,False
2026-03-22 07:26:05,4418617.750781138,3118474.6418360164,3370568.321917599,"E13,E19,E27,E30",2.634178031930877e-09,2.9111733383119294,previous_point_guess,32.105319067153516,35.212835673346774,13.370141016244402,False
2026-03-22 07:26:07,4418602.956407718,3118485.219755785,3370584.161665236,"E13,E19,E27,E30",3.226196034939731e-09,2.9107473577386695,previous_point_guess,32.10546875445135,35.2130176069921,12.05885024296816,False
2026-03-22 07:26:09,4419037.589304173,3118897.833137469,3370637.4978727214,"E15,E21,E29,E34",1.862645149230957e-09,3.010324559134781,motion_prediction_guess,32.1030342604298,35.213933836268865,300.83230729691587,True
2026-03-22 07:26:11,4418559.966440896,3118491.955395007,3370598.542991888,"E13,E19,E27,E30",3.226196034939731e-09,2.9098988261636287,previous_point_guess,32.105728322530894,35.21333852648434,313.99754142842244,False
2026-03-22 07:26:13,4418698.2491517775,3118419.775037678,3370487.0590326497,"E13,E21,E29,E34",0.0,3.977926317582726,previous_point_guess,32.10453476610787,35.21186902956233,95.86551163008542,False
2026-03-22 07:26:17,4418521.061695659,3118529.825165559,3370649.1013150243,"E13,E19,E27,E30",2.634178031930877e-09,2.908621719018642,previous_point_guess,32.10616218615959,35.213903977456205,66.03224900081453,False
2026-03-22 07:26:19,4418509.960561641,3118539.7170467665,3370662.4689973164,"E13,E19,E27,E30",1.862645149230957e-09,2.9081967092710843,motion_prediction_guess,32.10628042354895,35.21405741382409,9.997242371929731,False
2026-03-22 07:26:21,4419084.472723387,3119336.732476312,3370594.119883166,"E07,E15,E27,E30",1.862645149230957e-09,6.39162972695482,previous_point_guess,32.10130667144394,35.21744574326848,492.4351277919141,True
2026-03-22 07:26:23,4419072.70228534,3119352.2292664857,3370605.788301165,"E07,E15,E27,E30",2.634178031930877e-09,6.397594878176676,previous_point_guess,32.10139904788984,35.21765174713429,11.345105730030259,True
2026-03-22 07:26:25,4418941.650569337,3118960.494394269,3370737.037258368,"E15,E21,E29,E34",0.0,3.0004840572960836,motion_prediction_guess,32.103996985925356,35.21506216819744,216.71239647559491,False
2026-03-22 07:26:27,4418927.196371769,3118944.3145399205,3370725.9275087244,"E15,E21,E29,E34",0.0,2.999264343085778,previous_point_guess,32.10401342880186,35.215010432780794,12.187473602372796,False
2026-03-22 07:26:29,4419041.440423249,3118989.497063128,3370770.7163781943,"E07,E15,E21,E29",2.634178031930877e-09,5.517694509714141,previous_point_guess,32.1037834055718,35.21470361386074,65.38196718225113,False
2026-03-22 07:26:31,4418832.008207169,3118615.6305552595,3370817.947590271,"E13,E19,E27,E34",0.0,2.662179548645353,previous_point_guess,32.10599721143304,35.21274717263602,215.56252354711495,False
2026-03-22 07:26:37,4418516.991282128,3118485.0963578136,3370690.3991770083,"E13,E19,E27,E30",2.634178031930877e-09,2.9043924314733807,previous_point_guess,32.10661718317772,35.21354168870995,60.67753603922515,False
2026-03-22 07:26:39,4418515.968075378,3118475.82826311,3370700.83101007,"E13,E19,E27,E30",1.862645149230957e-09,2.903970368720432,motion_prediction_guess,32.106726484526384,35.21346771801319,6.995850064816777,False
2026-03-22 07:26:41,4418527.312686549,3118460.6196862897,3370704.7736409525,"E13,E19,E27,E30",3.725290298461914e-09,2.9035488779072214,motion_prediction_guess,32.1067542076431,35.213266774120406,9.689496243210947,False
2026-03-22 07:26:43,4418517.200517725,3118448.237768972,3370714.1654386064,"E13,E19,E27,E30",1.862645149230957e-09,2.9031278595184324,motion_prediction_guess,32.106899760104696,35.21322137441871,9.270567646453314,False
2026-03-22 07:26:45,4418518.211117769,3118445.4936777847,3370728.0010317443,"E13,E19,E27,E30",3.226196034939731e-09,2.9027054058005684,previous_point_guess,32.107009066452406,35.21319144867118,7.070625615325767,False
2026-03-22 07:26:47,4415646.493522644,3117689.7322544185,3369640.972237272,"E13,E19,E27,E30",0.0,2.9025447407941494,previous_point_guess,32.112041474623986,35.22419855102166,1581.1047463093814,False
2026-03-22 07:26:49,4418842.984340867,3118515.094335847,3370875.818205404,"E13,E19,E27,E34",0.0,2.6635206761593273,previous_point_guess,32.106674061278994,35.2118099561927,1762.3578440157592,True
2026-03-22 07:26:51,4418511.396383814,3118420.9200849487,3370754.1058097,"E13,E19,E27,E30",3.226196034939731e-09,2.9014418666881845,previous_point_guess,32.1073030583061,35.213020376666364,182.77942311918943,False
2026-03-22 07:26:53,4418512.8799227225,3118409.5840704185,3370741.281558698,"E13,E19,E27,E30",1.862645149230957e-09,2.901022570864638,previous_point_guess,32.107230622660936,35.212913191850085,8.590220120704744,False
2026-03-22 07:26:55,4418511.091653728,3118407.572414046,3370739.49828516,"E13,E19,E27,E30",2.634178031930877e-09,2.9006020416716787,previous_point_guess,32.107229563505165,35.21290670374931,1.6143676679227785,False
2026-03-22 07:26:57,4418522.239335062,3118411.615536464,3370732.5577622964,"E13,E19,E27,E30",2.634178031930877e-09,2.900180955323229,motion_prediction_guess,32.10712172428004,35.21287360006519,6.870016296010943,False
2026-03-22 07:26:59,4418522.823638353,3118405.277547502,3370719.6503527886,"E13,E19,E27,E30",1.862645149230957e-09,2.8997617687961723,previous_point_guess,32.10703836159253,35.2128151703698,7.195705917746972,True
2026-03-22 07:27:01,4418524.528021036,3118400.23910934,3370713.5618935484,"E13,E19,E27,E30",3.226196034939731e-09,2.8993421292483847,motion_prediction_guess,32.10699910637919,35.212761146823055,4.0422801536298945,True
2026-03-22 07:27:03,4418496.994959547,3118088.9061731105,3368565.383974333,"E15,E21,E29,E34",2.634178031930877e-09,2.9778640855630374,motion_prediction_guess,32.09155566941907,35.21023441424567,1085.397926944473,False
2026-03-22 07:27:05,4418552.716950738,3118432.9213271257,3370716.0036089127,"E13,E19,E27,E30",1.862645149230957e-09,2.8984976727271694,previous_point_guess,32.10681705562464,35.21287183378502,1089.3359711909625,True
2026-03-22 07:27:07,4417919.5419868035,3116670.636245261,3370206.822201763,"E13,E19,E27,E30",0.0,2.898288707050484,motion_prediction_guess,32.1102776847652,35.201482733945355,970.286678011146,False
2026-03-22 07:27:09,4418579.31741754,3118415.7054003854,3370708.1946938806,"E13,E19,E27,E30",0.0,2.8976588785254425,motion_prediction_guess,32.10670082562128,35.21256032002715,965.9120496999639,True
2026-03-22 07:27:11,4419307.327620156,3117037.6469465783,3370718.3554879837,"E13,E19,E27,E34",0.0,2.6653262319186974,previous_point_guess,32.10773502097924,35.19618435085068,779.2860833737158,False
2026-03-22 07:27:15,4418571.666308277,3118411.8876750423,3370658.4672214496,"E13,E19,E27,E30",1.862645149230957e-09,2.896404665918983,previous_point_guess,32.10636150227416,35.21257401385559,389.9777036922216,True
2026-03-22 07:27:17,4419196.755800879,3118895.197924396,3370765.961760886,"E07,E15,E21,E29",1.862645149230957e-09,5.5312430054215005,motion_prediction_guess,32.10339959907686,35.21293882306322,398.71065539424836,False
2026-03-22 07:27:19,4419163.878427523,3118864.408669019,3370736.557797383,"E07,E15,E21,E29",1.862645149230957e-09,5.531835645052482,previous_point_guess,32.10338880382008,35.21287317253602,26.895599059608543,False
2026-03-22 07:27:23,4418772.251878788,3118280.1534888656,3370495.5138863353,"E13,E21,E29,E34",2.634178031930877e-09,3.8426144228343824,previous_point_guess,32.104695397397286,35.21020845772747,185.8809491757842,True
2026-03-22 07:27:27,4419116.647880059,3118746.483711568,3370656.4359645136,"E15,E21,E29,E34",1.862645149230957e-09,2.9635570225962677,motion_prediction_guess,32.10328758297465,35.21214105863991,150.40952378890637,False
2026-03-22 07:27:29,4418896.863028475,3118277.7761586686,3370507.212064915,"E13,E21,E29,E34",1.862645149230957e-09,3.831500172642042,previous_point_guess,32.104303390518595,35.20942672665723,269.3788797132341,True
2026-03-22 07:27:33,4418679.691822285,3118305.367370696,3370561.439015075,"E13,E19,E27,E30",1.862645149230957e-09,2.8926502322896686,previous_point_guess,32.105491727828124,35.21099210294518,56.38328394542952,False
2026-03-22 07:27:37,4418712.413715644,3118314.16985651,3370551.224625425,"E13,E19,E27,E30",1.862645149230957e-09,2.8918139438379575,motion_prediction_guess,32.10526125206553,35.21086841412742,8.847809818793293,True
2026-03-22 07:27:39,4419301.070649516,3118789.496068729,3370656.7809272967,"E07,E15,E21,E29",2.634178031930877e-09,5.537745429611767,previous_point_guess,32.102449360724925,35.21138688815339,381.9666630358241,False
2026-03-22 07:27:41,4418744.354440975,3118348.949365751,3370558.677049801,"E13,E19,E27,E30",1.862645149230957e-09,2.8909750167105557,motion_prediction_guess,32.10509700069231,35.210974349616876,358.34295902692827,True
2026-03-22 07:27:43,4418753.561109377,3118347.316204711,3370537.1335346308,"E13,E19,E27,E30",2.634178031930877e-09,2.8905594062267173,previous_point_guess,32.104900905371785,35.21090397508775,11.742582807330724,True
2026-03-22 07:27:45,4418771.032175839,3118343.0925975735,3370528.443411942,"E13,E19,E27,E30",0.0,2.8901429875249396,motion_prediction_guess,32.10477778737424,35.21076069628609,9.982425217722621,True
2026-03-22 07:27:47,4418778.002148067,3118347.925624244,3370525.2499944647,"E13,E19,E27,E30",1.862645149230957e-09,2.8897260616809737,previous_point_guess,32.10471274803607,35.210759954416275,4.531461542280401,True
2026-03-22 07:27:49,4418924.425539072,3118295.4665791,3370408.5718829646,"E13,E21,E29,E34",1.862645149230957e-09,3.7950415985979964,previous_point_guess,32.1033931274692,35.20941149618033,97.21823717034862,False
2026-03-22 07:27:51,4419396.432119542,3117518.001037888,3368820.520420316,"E13,E19,E27,E34",0.0,2.668814555523465,motion_prediction_guess,32.09156074568783,35.19979880493148,915.0341971476855,False
2026-03-22 07:27:53,4418169.128822808,3116626.7687488273,3370039.478474858,"E13,E19,E27,E30",1.862645149230957e-09,2.8886822346452354,motion_prediction_guess,32.10814265694037,35.19957824004258,972.9371914428885,False
2026-03-22 07:27:55,4419214.473141144,3118759.510758916,3370543.290416221,"E15,E21,E29,E34",1.862645149230957e-09,2.947478798151829,previous_point_guess,32.102004396904526,35.21165629444475,1213.997497704782,False
2026-03-22 07:27:57,4419405.704971594,3117524.997518687,3368831.9144621463,"E13,E19,E27,E34",1.862645149230957e-09,2.669339512571164,motion_prediction_guess,32.09159217388102,35.19980274597205,1059.4102379936376,False
2026-03-22 07:27:59,4418793.645121637,3118190.3332574544,3370235.090765212,"E13,E19,E29,E34",0.0,8.382580386581813,motion_prediction_guess,32.10287053205474,35.209300303783714,834.5946085819296,True
2026-03-22 07:28:01,4418762.148484328,3118323.893798699,3370537.439550643,"E13,E19,E27,E30",3.226196034939731e-09,2.8868180601871987,previous_point_guess,32.10493434051649,35.21064878113323,166.01599651143684,False
2026-03-22 07:28:05,4419271.416651129,3118802.0549576054,3370595.103874194,"E07,E15,E21,E29",0.0,5.545706462480845,motion_prediction_guess,32.10205967311193,35.211676698617445,175.23503647877044,False
