<?xml version="1.0" encoding="UTF-8"?>
<kml xmlns="http://www.opengis.net/kml/2.2" xmlns:gx="http://www.google.com/kml/ext/2.2">
    <Document id="1">
        <Style id="4">
            <LineStyle id="5">
                <color>ffff0000</color>
                <colorMode>normal</colorMode>
                <width>4</width>
            </LineStyle>
        </Style>
        <Placemark id="3">
            <name>Final Smooth Route</name>
            <styleUrl>#4</styleUrl>
            <LineString id="2">
                <coordinates>36.26802424291939,38.09317193000638,-2131038.5954349525 38.28485838144413,37.757897230268725,-2016989.4468643488 35.59875381144665,38.01938525644981,-2066230.4274132643 38.28485838144413,37.757897230268725,-2016989.4468643488 33.56034645083239,39.07871166847726,-2140916.807588213 33.56202003271264,39.07995370909002,-2141029.4520443035 33.56202003271264,39.943373776740444,-2088253.3036810653 32.291007213603294,41.953097070216614,-2019338.6983884675 32.29131246196049,41.1153025786924,-2075752.7847117651 32.33875184254718,41.14954699769979,-2078685.7986385403 32.29601240680377,41.957359954606986,-2020129.9025848694 32.29201184686703,41.959534916632116,-2020457.1495914748 32.283441894047535,41.17140521951751,-2073520.9484326662 32.27889439062881,41.170988191226414,-2073485.2476718295 32.217666586248285,41.18893937821163,-2075217.6573599968 30.903888207543297,40.0597444208267,-1975372.1126102759 30.902640034035763,40.845467130754976,-1923611.586117303 30.901360344143843,40.84440348925617,-1923516.2653681943 34.813495057817704,32.168914866518016,-204.8352056592703 34.81364830896725,32.168885330175634,-194.25104433484375 34.81359988561173,32.168853244392196,-187.09954005107284 34.81357919057174,32.168896884511845,-174.35041853785515 34.81446122450252,32.16834083642165,-96.76189132779837 34.81357919057174,32.168887556314886,-175.00101404916495 34.81357919057174,32.168887556314886,-175.00101404916495 34.81357919057174,32.168887556314886,-175.00101404916495 34.81360276319538,32.168952296890865,-176.991927084513 34.81360276319538,32.168952296890865,-176.991927084513 34.81360276319538,32.16891399994571,-179.66295194718987 34.8136197604685,32.168976460752596,-181.4564676489681 34.813607242583174,32.16896913979537,-179.9612764827907 34.81361660046417,32.16898865547884,-180.85077986493707 34.81361660046417,32.168995502568585,-180.3732278784737 34.8136036855309,32.169000171715325,-181.04822141956538 34.813619567456065,32.169014933225235,-183.65062141790986 34.81362355911582,32.16902341871246,-185.14658050518483 34.81362355911582,32.16902341871246,-185.14658050518483 34.81362355911582,32.16902341871246,-185.14658050518483 34.813619567456065,32.16903335321324,-182.36591362860054 34.813600590276884,32.16901938863909,-179.21196557488292 34.81362072228078,32.16901304897817,-178.0943063562736 34.81386133894864,32.168703036382794,-106.36121185589582 34.81386133894864,32.168703036382794,-106.36121185589582 34.81387565273021,32.1687144599801,-103.54127762001008 34.81387565273021,32.1687144599801,-103.54127762001008 34.81387565273021,32.168717919986676,-103.29995825141668 34.81387256204362,32.16872296019228,-103.18789783213288 34.81388161776542,32.16872010848958,-102.68514128681272 34.813860316169155,32.168727332966924,-100.920703955926 34.813860316169155,32.168727332966924,-100.920703955926 34.813841867723404,32.16871760512227,-103.0285856211558 34.813841867723404,32.16871760512227,-103.0285856211558 34.813853735123544,32.168721363244536,-107.23714677616954 34.81384758398084,32.168642090731836,-113.24262038990855 34.81377804892661,32.16867604801055,-116.26191500108689 34.813806101969185,32.16869431727935,-119.48279274255037 34.81367834562288,32.168976279818814,-172.1597477691248 34.81364310186996,32.16899663935995,-177.23869661893696 34.81364310186996,32.16899663935995,-177.23869661893696 36.14231735005351,36.328988474827774,-1921408.653580294 36.1496572749667,35.83386911701811,-1950357.5584998652 36.3780257376192,35.98063642683417,-1966252.0256458586 36.3795040238938,35.63635024483231,-1985400.686009285 36.3795040238938,35.5978910296465,-1987502.3625497287 35.99216893326057,35.69577831829559,-2003866.6930802958 36.22940280735537,35.69611686659001,-2028646.848910587 36.06023790930793,36.16220322999099,-2122699.660698007 36.91296275510362,35.8602759229439,-2091885.52488714 36.06023790930793,36.16220322999099,-2122699.660698007 36.06023790930793,36.16220322999099,-2122699.660698007 35.53549422504003,35.436116567108016,-2107238.4595921785 35.53549422504003,34.870456665529574,-2136679.221003237 35.104041044370895,34.80763327037947,-2162488.9999323552 35.555718825873925,34.65669273983717,-2146522.7178165894 35.555718825873925,34.64454721932294,-2147139.4176297765 37.071206704357365,34.07934241171957,-2085977.6237632036 37.071206704357365,34.85835396735199,-2045936.606861055 37.071206704357365,35.78989682182949,-1995978.5660852948 34.81321945120998,32.16878747623118,-212.42219206225127 34.81322734251577,32.168844966256465,-198.35465052723885 34.81323119316648,32.16916708381205,-164.36449803598225 34.81317246230303,32.169121495941255,-156.32753835897893 34.81317246230303,32.168839625386354,-175.98670666851103 34.81317246230303,32.168839625386354,-175.98670666851103 34.81317246230303,32.168839625386354,-175.98670666851103 34.81317004045635,32.16883804814189,-175.70864216890186 34.812940789100004,32.16869608493203,-150.68074194155633 34.812754223059386,32.168667080639544,-167.15834487881511 34.812900546694756,32.168721362051826,-188.39251949638128 34.812900546694756,32.168721362051826,-188.39251949638128 34.812900546694756,32.168721362051826,-188.39251949638128 34.812754223059386,32.169124185637685,-135.27741445880383 34.81275648387397,32.16919455614377,-122.13618961535394 34.812248699978575,32.16875660214002,-44.92521071713418 34.81220224970753,32.16872779123196,-39.49119296949357 34.81220224970753,32.16872779123196,-39.49119296949357 34.81220224970753,32.16872779123196,-39.49119296949357 34.81220224970753,32.16872779123196,-39.49119296949357 34.81217876361366,32.16871105405727,-36.89498743135482 34.812120742502664,32.16871694372679,-40.979516505263746 34.812111680408215,32.16827304693673,-70.48705292399973 34.812198614550766,32.16816933931772,-52.20287774410099 34.812198614550766,32.16816933931772,-52.20287774410099 34.812198614550766,32.16810428021791,-56.74038012418896 34.811565064339455,32.168359066724875,-103.01867257710546 34.811565064339455,32.168359066724875,-103.01867257710546 34.81155250896718,32.168356409981584,-101.1919874260202 34.811437354081235,32.16840440841273,-106.76592775154859 34.81122798009105,32.16848246563797,-120.52757816947997 34.811237288445795,32.16857842158477,-115.49737209826708 34.811081010050025,32.168903983365915,-99.53030692227185 34.8110718790504,32.16893377690455,-95.98907269444317 34.81105014295158,32.16891370261853,-101.24380409903824 34.81107272399741,32.16896296704511,-101.42645227443427 34.81126663208771,32.16905470357415,-126.10204593557864 34.81126663208771,32.16896199271261,-132.56824445072562 34.811041011955616,32.16881504488131,-106.66150661651045 34.81102987389646,32.16855700762102,-122.873465009965 34.81104134430213,32.16850239530058,-132.32300080358982 34.81102953337657,32.16847252726646,-135.32115404400975 34.810616176540904,32.16849800098294,-165.56807701196522 34.810579891826244,32.16849405648444,-168.65419967193156 34.81078233097465,32.16865039188509,-201.81151984725147 34.81078233097465,32.16865039188509,-201.81151984725147 34.81078233097465,32.16865039188509,-201.81151984725147 34.81078233097465,32.16865039188509,-201.81151984725147 34.81037683784639,32.168361803817085,-145.3379257498309 34.810039470543416,32.1682509176107,-68.15908902231604 34.81005350522972,32.168570362842054,-39.61933774407953 34.81002270772832,32.16860116671297,-32.53531877696514 34.81002270772832,32.16864652084648,-29.372054166160524 34.81003208857932,32.16867332347652,-34.097434799186885 34.81000293634022,32.16865433570616,-30.749837233684957 34.809988559370666,32.16865886244319,-31.54791414644569 34.80990908347396,32.16849766087055,-26.636406584642828 34.80990908347396,32.16843052423696,-31.31888351496309 34.80997740309516,32.16839317113059,-50.94297825079411 34.80997740309516,32.168384946394035,-51.516612792387605 34.81044812315902,32.168146055734965,-9.398854506202042 34.81042691291098,32.16807480464895,-10.96914351824671 34.81042691291098,32.16805804440825,-12.138079729862511 34.80984492301128,32.16815180948063,-31.274593363516033 34.80984492301128,32.16812306291748,-33.27950978372246 34.80984492301128,32.167694373690985,-63.17791062314063 34.80984236723496,32.16769270904957,-62.88442006893456 34.80982258513613,32.168108513590056,-30.714367857202888 34.81025658795959,32.16789854508492,-10.321952916681767 34.810165366395495,32.16778679038007,26.008178351446986 34.809494485327754,32.167453799667136,110.30137753020972 34.809447961219554,32.16746844768256,107.71871373429894 34.809447961219554,32.16758229532034,115.65895816497505 34.80989753482274,32.16783623071978,42.87389604188502 34.809775676376155,32.16778983809285,30.197725418955088 34.80971589979935,32.16780865891916,26.87941807229072 34.80925002056307,32.16794504159935,-0.8562158215790987 34.80928758420065,32.16797095009212,-13.959198568947613 34.809212626466326,32.16791547236475,-5.815391091629863 34.80969872774013,32.167760928840266,21.064332145266235 34.8088859615223,32.16814945179677,-47.43544246815145 34.80884858681886,32.168054431124254,-56.95791305787861 34.80882355552514,32.16787655754183,-72.63293197657913 34.80871893074207,32.16742217899166,-91.81782037112862 34.80862136646074,32.167385882508725,-101.90715861134231 34.80870411260731,32.16743977927517,-111.40965828299522 34.80870411260731,32.16743977927517,-111.40965828299522 34.80876315103088,32.16743365601707,-93.8413295969367 34.80883445512283,32.16834346873102,-24.863995395600796 34.808801477999175,32.16832198885227,-21.07697808276862 34.80880243251934,32.16832168832679,-21.023993798531592 34.80887012705311,32.16836240531287,-11.499055862426758 34.80874888487631,32.16828237806932,-14.09337140712887 34.808724719771554,32.16826663792816,-11.31828976329416 34.808724719771554,32.16826663792816,-11.31828976329416 34.80818870680995,32.16759836670201,134.45197008457035 34.80818870680995,32.16759836670201,134.45197008457035 34.80818870680995,32.16759836670201,134.45197008457035 34.808253271085164,32.16787820475916,37.14937132131308 34.8081809878657,32.166826091180255,-41.827442614361644 34.80837755588546,32.167208647900615,-135.87465933244675 34.80846656808188,32.167286726351485,-149.64062365423888 34.80851114949176,32.167326097213646,-156.58204944990575 34.80841383864141,32.167368544225894,-167.0377805866301 34.80839832363774,32.167373428891366,-167.89898554887623 34.8083476710905,32.16738937606693,-170.7105961535126 34.8083476710905,32.16738937606693,-170.7105961535126 34.80796094142772,32.16780723721702,-270.34973997157067 34.80796094142772,32.16780723721702,-270.34973997157067 34.80796094142772,32.16780723721702,-270.34973997157067 34.807554212299436,32.168512474930445,-4.652600885368884 34.807554212299436,32.168512474930445,-4.652600885368884 34.80742983295592,32.168462865859134,18.491302176378667 34.807401781346336,32.16847169732083,16.93426643591374 34.807260364949045,32.16835247550664,37.95381129812449 34.807260364949045,32.16793888644028,9.107960895635188 34.807260364949045,32.16793888644028,9.107960895635188 34.807260364949045,32.167698935404175,-7.627198414877057 34.807260364949045,32.167698935404175,-7.627198414877057 34.80679373165461,32.16821585975218,-98.76460674218833 34.80679373165461,32.16821585975218,-98.76460674218833 34.80672976295718,32.1678487863804,-137.64473992958665 34.80664917007106,32.16788909483969,-144.7513314029202 34.80649885716897,32.167969237896564,-158.88091362267733 34.80642999001174,32.16801756071292,-160.84514685254544 34.806392103731035,32.16806811852989,-160.25373608339578 34.8063904104682,32.16806865159442,-160.34771713241935 34.806387982060386,32.168100882383484,-157.3080733884126 34.80636170141091,32.168124366579676,-151.8605528967455 34.80621921759582,32.168189417504,-158.36031928937882 34.80619184812998,32.16818922727426,-153.98683671932667 34.80619184812998,32.16822045102769,-151.80918538663536 34.80589580243332,32.169032972291454,57.124141819775105 34.80589580243332,32.169032972291454,57.124141819775105 34.80607146771894,32.16828479362492,-163.1529237087816 34.80601263482272,32.16830714564708,-167.09362197760493 34.80589580243332,32.16765613776343,-38.90397653449327 34.80584942921706,32.167625929281414,-33.57792890071869 34.80562831175859,32.16740230824037,-64.45673215854913 34.80517034366384,32.1676332759871,-105.17846264317632 34.80517034366384,32.167567910145394,-109.73722545150667 34.80517034366384,32.167550757945634,-110.93345650099218 34.80517034366384,32.1673799697937,-122.84453122783452 34.8060302890118,32.167940162077294,-221.6096640061587 34.80621447637441,32.16719232811961,-303.28492698352784 34.80621447637441,32.16719232811961,-303.28492698352784 34.80645867352208,32.16711545251709,-289.73131509590894 34.80646223229768,32.16701723854059,-271.9025513259694 34.80683313484493,32.16738712279306,-197.99206235073507 34.80679781870861,32.16753233234615,-163.22759561706334 34.806808583652796,32.16752894335871,-162.63009371608496 34.806808583652796,32.16752894335871,-162.63009371608496 34.80660258380574,32.1673947553057,-138.97170484252274 34.80660258380574,32.1673947553057,-138.97170484252274 34.80660258380574,32.16718095718036,-153.88220069091767 34.80641376044389,32.16705795766764,-132.19612490478903 34.80641376044389,32.16705795766764,-132.19612490478903 34.80678690853531,32.16689127614026,-102.80817956477404 34.80723104932866,32.1669492406574,9.663434381596744 34.80833310081811,32.165867885372755,213.08043258078396 34.80833310081811,32.166053248438786,226.007916261442 34.808429988329536,32.16608471386791,236.37504197377712 34.8083074401949,32.1660686202462,257.80060705635697 34.808442213250345,32.16615640379469,242.32190824393183 34.80844501809211,32.16608269202478,236.73154919687659 34.8084677942735,32.16589761294584,220.1733817923814 34.80855898278892,32.1659570075009,209.70044091250747 34.80870823040188,32.165975382740605,187.06153561454266 34.80803475712536,32.16602098563441,135.36749952100217 34.80820632811165,32.16612073269865,104.95224442426115 34.80741457077627,32.167163358039744,-89.00667872373015 34.80746761998532,32.16714181943009,-99.01117123663425 34.80746761998532,32.16719791312084,-95.09912849310786 34.80746761998532,32.16719791312084,-95.09912849310786 34.80747042842074,32.1669561508881,-99.13060957938433 34.808027108997464,32.16658672307882,-97.2877398962155 34.80835780081374,32.1664390195478,-78.2968619754538 34.80840797023392,32.16638974365903,-77.84691799525172 34.80838317042838,32.16637697902964,-69.28459990024567 34.808416178704825,32.16636352544923,-67.665826221928 34.80841475371554,32.166325228932635,-70.44698648620397 34.808430455388915,32.16635808063852,-78.18082131072879 34.80840810362641,32.16634254487086,-73.50009066984057 34.80841475371554,32.16636106843505,-67.94756505358964 34.80841572253898,32.166363228327725,-67.61343850474805 34.80841572253898,32.166363228327725,-67.61343850474805 34.80843050893665,32.166371330522914,-69.75695010274649 34.808457234523445,32.16708565564086,-25.36489088460803 34.80899328919712,32.167271070615264,36.589147662743926 34.8087547446301,32.16711569623659,63.983999866992235 34.80839739807763,32.166843553819525,17.321332556195557 34.80839739807763,32.166843553819525,17.321332556195557 34.80838568095075,32.166354109637496,-17.720554950647056 34.80831243390009,32.16629507963397,-7.312426920980215 34.80866264115298,32.16611876550578,16.026161492802203 34.808362085125346,32.165924869834534,-4.806572923436761 34.808362085125346,32.16568318169804,-21.661526936106384 34.80834538637125,32.165672305141804,-19.74373493809253 34.80825670290875,32.165690482845946,-29.315921650268137 34.80825670290875,32.165690482845946,-29.315921650268137 34.80825670290875,32.16539627232656,-49.833411775529385 34.80825670290875,32.16539627232656,-49.833411775529385 34.80819018310293,32.16570892695504,-108.9236243115738 34.807694707717275,32.16538620006453,-52.01955287344754 34.808009857223915,32.164963429155634,22.526391266845167 34.808009857223915,32.164963429155634,22.526391266845167 34.80767572608118,32.164892728579126,71.14858898241073 34.80754465014593,32.164873291917345,74.57588390819728 34.80736683033884,32.16451395368187,35.742243754677474 34.80736683033884,32.16451395368187,35.742243754677474 34.80744980413527,32.16459626779791,-32.22578597534448 34.807604787020864,32.164487497513356,-84.66925055067986 34.8081447966404,32.16487332837757,-154.25035216286778 34.8081447966404,32.16487332837757,-154.25035216286778 34.807640398129934,32.16494269317006,-188.485594201833 34.807433753613225,32.164623780884575,-226.73152884468436 34.807462991124126,32.16482713906212,-168.11057674419135 34.80735530132941,32.16437303011784,-182.51755552459508 34.807895811077714,32.16391537446454,-101.81889813113958 34.80733153072352,32.164170245275095,6.393130167387426 34.80713911801253,32.16548095475387,86.50722707528621 34.80658515746922,32.165120120698525,150.1330530019477 34.80658515746922,32.165120120698525,150.1330530019477 34.80687665862839,32.164765382873206,16.274177343584597 34.806230679395604,32.16520139878044,128.34241381753236 34.80601919856661,32.1650056057861,144.09932218212634 34.80593366272825,32.164527016985524,58.30573063157499 34.80593366272825,32.164527016985524,58.30573063157499 34.80591581952459,32.16472422297851,141.04676492791623 34.80588039240571,32.164805833088195,156.90303107351065 34.806138486460625,32.16458398432919,196.02286806702614 34.806138486460625,32.16454276353703,193.14823891874403 34.80601024616671,32.16443417220986,206.13084702938795 34.80599667381648,32.16442533141532,207.68981737084687 34.80569182541886,32.16448607997443,185.08529687765986 34.805668275015584,32.164493493353895,183.77804207988083 34.80557475812586,32.16451958706638,166.95719184633344 34.80557475812586,32.16444599083336,161.82482545636594 34.805668275015584,32.164362248144094,174.62541826069355 34.80567825312471,32.1643389074753,176.99746766872704 34.8055081510603,32.16427704343241,166.1034505115822 34.80566048498346,32.16410471382664,218.2950396221131 34.80566048498346,32.16410471382664,218.2950396221131 34.80566048498346,32.16408273633607,216.76240994688123 34.80555861239491,32.16423054276122,174.30330632440746 34.80555861239491,32.16416719849924,169.88592309039086 34.80555861239491,32.16416719849924,169.88592309039086 34.80553423278214,32.16415139618824,173.55881529301405 34.80555861239491,32.164170800353006,170.13710203114897 34.80555861239491,32.164170800353006,170.13710203114897 34.80533005791851,32.16452962065335,105.97752368729562 34.80537585151577,32.164515205554856,108.51940814498812 34.80549965415013,32.164689597438674,14.449213082902133 34.80549965415013,32.16347072698225,-70.54701693821698 34.80553105048005,32.163625685847244,-98.82296482101083 34.8047594171783,32.163839509526255,-188.48583570029587 34.80530875455218,32.16410804269913,-415.3552176412195 36.96679543110585,36.37698116526241,-1913874.3149810638 37.00368695628445,36.400520714100516,-1916351.088559242 36.52119885826176,36.550590103646165,-1936337.3539449722 36.52119885826176,36.550590103646165,-1936337.3539449722 36.52119885826176,36.550590103646165,-1936337.3539449722 36.52119885826176,36.575257561330396,-1934925.2364717592 36.51692953735778,36.580653087427194,-1935188.9897841383 36.71878335446316,36.713948870996745,-1949295.4158020765 36.622100026112754,36.748669450406645,-1952874.348873848 36.62281116274575,36.74913099118565,-1952921.8738229666 36.372303627939885,37.79549356712512,-2061814.4616223816 36.323982715706755,38.00001812475462,-2097439.528742344 36.32180340480352,36.70230313286466,-2170594.2842672914 36.01233355704144,36.25906414387992,-2210994.8106705607 35.72904041289597,36.62248613552317,-2162749.8277081093 35.367179497946935,36.37874812821592,-2138562.2646888206 35.32649065476563,36.35117727329455,-2135803.9485281045 34.80543136115799,32.16415791322426,155.75840256549418 34.8054377025539,32.16414656509256,163.2674999050796 34.805611663163795,32.164021044976636,190.53344368655235 34.805627068713385,32.16402497763741,192.55191218387336 34.805627068713385,32.16401725682542,192.0134947001934 34.805644087593265,32.16401903647511,193.5995806120336 34.80563181246865,32.1640023523345,199.18471799977124 34.805625061469335,32.16402154772627,205.28833118546754 34.805636315244655,32.164018005209506,205.91302218381315 34.80565907786449,32.163995539489406,201.05745234712958 34.80565756474425,32.16399601579687,200.97345978859812 34.80565756474425,32.16399601579687,200.97345978859812 34.80565576592644,32.16398349403085,197.71296498272568 36.94433027666932,36.395726745039596,-1918472.423320434 36.94347333876019,36.39644277892202,-1918645.7850892385 36.94186378685451,36.39791178852078,-1918972.8007224351 36.94094235422763,36.39922388198515,-1919110.684736344 36.94012503813409,36.39990028302218,-1919277.4316215022 36.53029663017232,36.61592744337974,-1941830.590673714 34.80277575050139,37.14636401816069,-1995898.1291828118 34.80755950529678,37.14910273431605,-1996267.3945407765 34.80851713475426,37.149157371116814,-1996369.77268299 35.0232725330395,37.309174258607776,-2012869.3880521497 34.80851713475426,37.14601736014134,-1996550.88968343 36.934015657652196,36.80091049236916,-1897303.8895089077 36.88830505839527,37.24240506583452,-1866161.5531328693 34.80536143432046,32.16399255547325,160.99523079395294 34.8051337596672,32.1635830564426,242.9151429887861 34.8050864919896,32.163524580717485,253.22706590779126 34.8050864919896,32.163524580717485,253.22706590779126 34.8050864919896,32.163524580717485,253.22706590779126 34.805025121983824,32.16332326312834,253.69656920433044 34.8050028475917,32.16307828135036,240.18345126416534 34.80492357630023,32.162844256142456,246.37948941905051 34.804776550285744,32.16274254574163,245.88029284588993 34.804740487640345,32.16262631730939,234.98197940178216 34.804776550285744,32.16261496597262,236.98380323778838 34.804776550285744,32.16261496597262,236.98380323778838 34.804776550285744,32.16245703869781,225.97117663268 34.804998937157336,32.161918810792784,227.78821152448654 34.80529296035372,32.16181778981463,243.51907804328948 34.80608604704966,32.16229745725284,149.84202229231596 34.80596240785863,32.162151887522406,159.5092156669125 34.8053545712359,32.161672803998506,226.73158798273653 34.80565666430195,32.16126048543284,233.64699153229594 34.80557169739786,32.16113227554797,238.32662468217313 34.805162946315136,32.16120682477501,224.9555702554062 34.80485983313571,32.161171872684655,220.2788218865171 34.80449365420383,32.16092339805471,261.6508531793952 34.80448819229695,32.16086341187148,257.04505770187825 34.80408758955601,32.160502424434775,296.0913292756304 34.80408758955601,32.16048927431946,295.17440544161946 34.80403729399675,32.16020198068526,283.2048170156777 34.80403729399675,32.16020110298567,283.14361809473485 34.8038843928297,32.1602352221178,273.6793075921014 34.80395807743102,32.160118724795495,250.8804415697232 34.80395807743102,32.159835563063325,231.13686779979616 34.80441786285011,32.16050052294533,111.86687599401921 34.80435128726041,32.160321313950355,94.21480415202677 34.80435128726041,32.16019510875026,85.41520541347563 34.80425285559494,32.159908466193876,81.20759723335505 34.80371455179945,32.15988020629883,37.54304104112089 34.80404336084052,32.158836623592286,-110.64545507635921 34.80403866023274,32.158833561758726,-110.10544710978866 34.80367257886383,32.15954098944296,10.641102191060781 34.80367257886383,32.159531941373594,10.010255374014378 34.80367257886383,32.15938627971017,-0.145484896376729 34.80342471328125,32.159123375866095,21.257201557978988 34.80338164427121,32.159082047975886,35.31081532128155 34.80338164427121,32.159082047975886,35.31081532128155 34.80397930959054,32.15859912819259,120.4846820877865 34.803873115432495,32.158278920613576,170.19727478083223 34.80391438208696,32.15824908798958,175.45913091301918 34.80468072265839,32.157671104365,229.46462155971676 34.80437122101195,32.15743662738785,255.11287002637982 34.804370013929834,32.15711193683885,234.2496913364157 34.804329458424746,32.157060991657715,243.23586606420577 34.804304067446814,32.15697342098437,235.16393640451133 34.804304067446814,32.156878385966614,228.53837468195707 34.80429742141771,32.15686599217678,227.15953238401562 34.80375837942616,32.15595402883245,135.1788505828008 34.80370712470039,32.15592064429317,141.06768725533038 34.80355116230391,32.155470925694985,116.07727824244648 34.80312442997612,32.15549377884947,66.1780739556998 34.803116950739046,32.155393661323274,58.619479248300195 34.80303010440765,32.15533853600388,48.05022048950195 34.80293555862077,32.15547520509084,-53.95708046853542 34.80240532663746,32.1557571278615,-122.81703650858253 34.802351695905976,32.15584495616404,-165.67882079072297 34.80198635028238,32.15616321103363,-226.14387774467468 34.80166783859144,32.15622438029307,-259.01121065951884 34.80198635028238,32.15616321103363,-226.14387774467468 34.80178614204379,32.155913135162564,-259.8108473578468 34.80155416526479,32.15603054415814,-281.32671300228685 34.801541704390665,32.1560169577367,-286.322583720088 34.80154105321324,32.15600463167086,-284.14848912879825 34.80155176830993,32.155998944000096,-283.1452865023166 34.80153865625879,32.156003070295434,-283.87309067696333 34.80153587831684,32.15601879117237,-286.6459683896974 34.80153587831684,32.15602477280931,-286.22899494692683 34.80155289317785,32.15602848779804,-284.3834913726896 34.80176042260162,32.156148108285024,-256.5881291059777 34.801769990037755,32.15616599096095,-247.85275537706912 34.801769990037755,32.15618124802083,-246.78918940480798 34.801772482405255,32.156198509895724,-245.3091171067208 34.80177376849125,32.15620114658282,-244.26839724276215 34.80177850274756,32.15618434936017,-241.30567263253033 34.801804298959354,32.1561670221294,-238.24946077167988 34.801804298959354,32.156160903340556,-238.67600050289184 34.80179193118296,32.15614898585653,-236.57396827451885 34.802115860282235,32.15564658531588,-147.95793634653091 34.802319212991954,32.15547845447899,-104.94351800624281 34.802319212991954,32.155413540294134,-109.46864194609225 34.801951883988814,32.15532572750692,-144.0385564295575 34.80155375250196,32.15605177230046,-288.89682569820434 35.83987788880385,36.73725548734566,-2272731.8055664143 35.833542204603816,36.73946359204146,-2272942.7423065677 35.2666789374646,36.93515221315295,-2291527.027511518 35.172525825712086,36.972156678569156,-2295017.088332051 35.215433086094045,37.30924116514296,-2327028.7471367065 34.87039328366609,38.640705716301504,-2217562.4422199866 34.87019699705095,38.640567464198725,-2217549.9382558153 34.87019699705095,39.06513058538845,-2192745.872401365 34.88298065005799,38.649569680075125,-2218363.9206599435 35.185161460743494,37.24275777506368,-2281756.550687584 34.87019699705095,37.33665418269393,-2290521.1978681064 35.36974255401187,37.16623861569657,-2274578.019425895 35.38260648896109,36.95712171602509,-2287116.3247521454 35.45791675905893,37.11927792042039,-2285996.2162147104 34.70378944307701,37.43915399562614,-2332000.1178013054 33.31577337772571,38.04870056179872,-2386970.5572338277 34.14380857290195,38.31458322148731,-2458399.6906008655 35.68824806558673,37.787750332790345,-2412298.708402622 35.68824806558673,37.787750332790345,-2412298.708402622 34.8429859017995,37.466454807713355,-2345904.913449942 36.41190946096628,36.72346680636744,-2276492.7413083706 38.46134654135142,36.1231583294622,-2151674.6700534383 34.8012744333089,32.1553068996645,-81.40933001972735 34.80175558335755,32.15514209988401,-46.11986512783915 34.80175558335755,32.15514209988401,-46.11986512783915 34.80175558335755,32.15514209988401,-46.11986512783915 34.80158327449832,32.155027825465645,-25.962418555282056 34.80174163852578,32.15514648822086,-46.893943164497614 34.80201499586108,32.15504473585959,-97.8080122852698 34.80256570392285,32.15494114458988,-123.98861554078758 34.80255324299537,32.15494662903361,-125.8510062796995 34.80256570392285,32.15493750799882,-124.24211417604238 34.80256570392285,32.154124959670035,-180.8818892808631 34.80256570392285,32.154124959670035,-180.8818892808631 34.8025915155766,32.15444612182443,-156.49606116488576 34.8025915155766,32.15444612182443,-156.49606116488576 34.80318527997719,32.15464828171592,-68.28116167057306 34.80318527997719,32.15464828171592,-68.28116167057306 34.803460701346765,32.154324329022465,-135.01219968125224 34.803515073109104,32.1545197564242,-61.62732797116041 34.80373161424718,32.15445160849804,-49.60612737573683 34.80394246680999,32.15440998687903,-26.246294857002795 34.80397746338153,32.154432780974744,-30.26716933120042 34.804921628554986,32.15515649492309,93.31327096838504 34.80519929888702,32.15508204229779,111.44081379380077 34.805264256514675,32.15506159798154,115.0471774097532 34.805264256514675,32.15506159798154,115.0471774097532 34.805264256514675,32.15505286321616,114.43827075790614 34.805264256514675,32.15504130542081,113.63256910257041 34.805806946115055,32.15480186800184,138.9780214028433 34.805833748538454,32.15481034993271,131.77661894261837 34.805848455456456,32.15467882470092,123.74720633495599 34.805940124249574,32.15467533452269,122.6676097465679 34.805952817400055,32.15467133948821,123.37234305497259 34.80603362646455,32.15461805489639,114.8976155007258 34.80604599856171,32.15445575777733,101.60092947538942 34.80608795421991,32.15433752638876,96.60910444706678 34.80608795421991,32.1542774143599,92.41878806985915 34.80608795421991,32.15318245312234,16.09293518215418 34.806094802067115,32.153168346526385,18.581473699770868 34.806011022950955,32.152881692625925,69.15046933665872 34.80596261803036,32.152757118413746,91.12707149423659 34.805940278474864,32.153110776206866,124.92138938046992 34.805940278474864,32.153110776206866,124.92138938046992 34.80587536066215,32.15344402127479,158.55618159286678 34.80605696150137,32.153551155792144,204.06777530536056 34.80596025085227,32.153546764902025,204.84238198585808 34.80573845920004,32.153607432320925,191.89098404999822 34.80461886907811,32.152304313703446,333.25208244193345 34.804521572556894,32.15224094590554,344.4317234037444 34.804976603549434,32.1510953305537,546.5546061322093 34.80512797558447,32.150810218271864,584.2790141645819 34.804783675597264,32.15081659806344,558.0529527459294 34.804783675597264,32.15069659913372,549.6885638432577 34.804783675597264,32.150572720955665,541.0538288541138 34.80472879321218,32.15171468010815,309.1621345356107 34.80461897600008,32.15175569441153,276.93686152715236 34.80468601390004,32.151506607725295,232.1258083321154 34.8044642509752,32.15147907987796,196.18765990249813 34.804328764222326,32.1510090641506,132.18877639900893 34.8038861997118,32.15080582951953,71.08572564460337 34.80366241271484,32.150708167767235,-19.27627569437027 34.80350185481981,32.15109969959568,-108.90438287798315 34.80347737756875,32.15105448668096,-151.258130104281 34.80347737756875,32.150406529562666,-196.418025566265 34.80332045970681,32.150304330031545,-178.38766981568187 34.80350185481981,32.150247247410924,-168.31692502647638 34.804043919773555,32.149734591838154,-162.06221391446888 34.803854307361284,32.14943397405746,-131.82345147430897 34.80382698000295,32.14919976310498,-143.29103705380112 34.80318939044422,32.148784516548545,-70.02717745583504 34.80382698000295,32.14884141307414,-168.26494221016765 34.803861920382666,32.14883041789,-166.3250181293115 34.803861920382666,32.14883041789,-166.3250181293115 34.80382698000295,32.14877765294232,-172.70842648297548 34.80381636788642,32.148780992401356,-173.2976212836802 34.8034361053983,32.14970870097032,-47.68900371622294 34.80350482912001,32.14968707469545,-43.87344791647047 34.80339947200625,32.149511501156326,16.555474866181612 34.803666531877404,32.149259248086125,61.06198789458722 34.803628770651436,32.14888604493087,72.24703148379922 34.80361640088276,32.14887798885192,73.6684487638995 34.803291332740976,32.14866628026675,111.02265510335565 34.80326817254605,32.14845342926426,94.39460796210915 34.803271026558136,32.14843798597037,92.8608198845759 34.80329418675392,32.1472810887236,14.029867680743337 34.803294038538226,32.14727411440068,13.53235790785402 34.803271026558136,32.147036095515205,-4.837043134495616 34.80306224670785,32.14702300142431,-21.919841730967164 34.80362634212747,32.14738356331522,-87.21677175536752 34.803294038538226,32.14694325332893,-9.524661818519235 34.80313420727707,32.14683916163985,8.842509657144547 34.802951692167774,32.14689659264525,-1.2913133827969432 34.802951692167774,32.14740419030667,34.08224908821285 34.802951692167774,32.14740419030667,34.08224908821285 34.80224716121464,32.14670910904563,156.73169138561934 34.80232242804381,32.14668542599374,160.91074574552476 34.802329666491765,32.146359169560974,151.31680943723768 34.80217186968202,32.14620743743366,178.09154802002013 34.80234417351668,32.1459808604629,177.78854642156512 34.802128966289004,32.14575110304811,216.80693657230586 34.8020316321226,32.14559702444921,229.50278645846993 34.80200181014904,32.145572525823546,233.82599013112485 34.80242789682988,32.14513707673029,310.6696413960308 34.802045014958,32.1447053331675,350.3833483196795 34.802209930093525,32.14457492750743,368.73399230930954 34.801644345974445,32.14419620367115,435.57120990473777 34.801644345974445,32.14419620367115,435.57120990473777 34.801644345974445,32.14416591441654,433.4605114655569 34.80160556651801,32.143820061684075,386.94112468790263 34.80160556651801,32.143820061684075,386.94112468790263 34.80229114330751,32.14283157770413,98.57245918735862 34.80229114330751,32.14283157770413,98.57245918735862 34.80229114330751,32.141764816188555,24.245283639989793 34.80229114330751,32.141400512980134,-1.1368303066119552 34.80229114330751,32.14120608245969,-14.683208043687046 34.802567425909714,32.14098893998397,23.640579532831907 34.802374069532775,32.14152334101804,156.66451158188283 34.802374069532775,32.14059981250854,92.31962850596756 34.802567425909714,32.14098893998397,23.640579532831907 34.80064016593517,32.1415147308208,-206.51417736895382 34.80142432333555,32.141731602763855,-317.1105762589723 34.803334286876634,32.141612062006004,8.918636239133775 34.80142432333555,32.141731602763855,-317.1105762589723 34.80269420272145,32.14352793024067,-687.4573385724798 34.80142432333555,32.14151483957166,-332.2123525971547 34.80390373840533,32.140734741630055,-194.53769519086927 34.80390373840533,32.1415466174241,-137.97439184691757 34.800711279243835,32.14316374546988,-423.35698587447405 34.800934447799605,32.143886119856,-1067.539717528969 34.79794040704463,32.14320917482925,-634.7518751593307 34.80274745006791,32.14079364825362,-5.083743114955723 34.802612220193886,32.14085506797069,-156.39700615033507 34.802612220193886,32.14085506797069,-156.39700615033507 34.802708215155235,32.14062151144706,-165.23398915864527 34.802708215155235,32.140709580171716,-159.09835960250348 34.802708215155235,32.140709580171716,-159.09835960250348 34.803470641447696,32.14129878702693,-263.08517033513635 34.80366166715716,32.14142318131289,-285.03851093444973 34.80375766342586,32.14139297670367,-279.7079606093466 34.80378307234248,32.14140952265527,-282.6280138734728 34.80422736573199,32.141289782949805,-256.5593452285975 34.80434024335839,32.14123555461517,-245.55407696869224 34.8043529339054,32.1412458565156,-243.85344205517322 34.804555763424084,32.141188035693695,-230.86340217478573 34.80462209871939,32.1411558466178,-227.96813024953008 34.805033328169664,32.14140932774202,-276.22199869249016 34.80470135064555,32.14114065349312,-228.80553717538714 34.80509876335669,32.14104121669529,-204.95203026477247 34.8057585922764,32.14109142681878,-150.34622704982758 34.8057585922764,32.14109142681878,-150.34622704982758 34.805816541490216,32.14136575507622,-297.38779072184116 34.805822526699096,32.141369652265816,-298.07557142619044 34.81009668744554,32.142664713431714,-984.6159322215244 34.81009668744554,32.142664713431714,-984.6159322215244 34.81009668744554,32.142664713431714,-984.6159322215244 34.81009668744554,32.142664713431714,-984.6159322215244 34.81126324548212,32.14157704501068,-421.5578396981582 34.8098335272542,32.14051323187559,-233.81336723826826 34.80975895633962,32.14065482063075,-211.998785645701 34.809396312543804,32.14071431240126,-137.3001261446625 34.80975895633962,32.141000934008005,-187.88552341982722 34.8098335272542,32.1407033687439,-220.56695251353085 34.809409461022746,32.140836826409604,-244.1205073185265 34.80986442606486,32.141308350299234,-421.6487386832014 42.54662462190978,41.29066660486582,-2171764.1287127435 41.21533017448998,43.387301554929586,-2382524.6203292008 41.01563309389642,43.091050123847026,-2414289.85490581 41.01563309389642,43.091050123847026,-2414289.85490581 38.929797106282464,43.96931994348336,-2477541.465562303 38.92741239728048,41.766179576650366,-2613680.441511851 39.099873165873554,41.696257001835704,-2608555.6594189242 38.38215975845983,41.42524788599377,-2588503.6230455376 36.866259781794135,40.44760158060793,-2513511.6857380006 37.03775695357977,40.383765706361444,-2508437.994614664 36.9286771893537,40.20551175227727,-2508798.637929716 37.0218384739777,39.87684923234154,-2482406.6543549816 36.9286771893537,40.47479544530072,-2493387.1910139383 37.37897809131327,40.41426131670929,-2483778.9709143657 37.45150364969539,40.386702279445366,-2481586.3966388186 41.921543089954206,43.214829784000024,-2432305.72039956 41.921543089954206,43.214829784000024,-2432305.72039956 41.921543089954206,43.78991120798643,-2394658.0617610426 40.140314902626784,44.56905793381808,-2449853.5114451777 40.140314902626784,44.96967494862668,-2422588.5773590254 33.34308857548793,43.89790091113209,-2124948.221026565 33.34126444077546,43.89650839673676,-2124841.095415107 32.94779912534394,43.59397302537561,-2101373.4561553495 32.79175097348963,44.29054827546604,-2032788.1575624049 36.20817379174046,43.11130007113033,-1938446.6264339713 34.81587488392446,32.139444315756265,-250.0144042642787 34.81592498960928,32.13942978643387,-247.1441262131557 34.81592498960928,32.13942978643387,-247.1441262131557 34.81600209094592,32.139405516729234,-242.8606217103079 34.816112297840114,32.13950204919605,-249.94923890102655 34.816904458787796,32.139885684491624,-317.658178483136 34.817235891009865,32.139763771416725,-335.5647183964029 34.818083173882385,32.13952628139933,-298.7553229695186 34.8182820923807,32.13956649213812,-305.85225612670183 34.818432907149386,32.13953975681537,-296.02784693054855 34.818482191324605,32.139551485831824,-266.0789068043232 34.81885790554117,32.13937553810553,-249.2208986952901 34.81907974755006,32.139316094319796,-238.72928065992892 34.819405620154974,32.13930594078849,-236.9372141417116 34.81950932097753,32.13937342763634,-248.84840905014426 34.81971097655281,32.13933538567328,-242.13414088636637 34.8198270835627,32.139213760573305,-220.6676392192021 34.81991518697646,32.13926566870316,-231.1652715606615 34.81996230984018,32.13925083336746,-228.5468725906685 34.821479547543376,32.138791202271605,-142.98070026095957 34.821515277438074,32.14005296218732,-31.3676366051659 34.824400473540905,32.13776319246503,372.8018303979188 34.836931591197,32.1357293968825,1202.779448566027 34.83924032972894,32.12939318169353,3247.7077754409984 34.83924032972894,32.12939318169353,3247.7077754409984 34.84122694282148,32.13272930169783,2370.407884853892 34.83254228563733,32.13546491135899,1887.3042835649103 34.83192158497949,32.13730743650292,924.1733215870336 34.833499779324335,32.13833396677378,742.9529643533751 34.82903166785995,32.13716388812628,317.5594598101452 34.82904251070897,32.13682144867166,291.967292916961 34.829131079952674,32.13679355673989,296.89101970475167 34.8292696822148,32.136827649337356,277.06849684379995 34.829512265259346,32.13674062693549,286.7263904409483 34.829512265259346,32.13674062693549,286.7263904409483 34.831257225620604,32.13512085709807,-8.75006303191185 34.83133076170921,32.134951410059514,-27.31834292318672 34.83133076170921,32.134951410059514,-27.31834292318672 34.83164539099402,32.134902424903416,-45.23216762766242 34.83184912965256,32.134756444032924,-40.83497380465269 34.83184912965256,32.134756444032924,-40.83497380465269 34.83232153392081,32.134405498968654,-37.2537642037496 34.83255585243945,32.134274465965724,-39.13807759620249 34.83272887050313,32.13420874607066,-41.705915896221995 34.832842671283835,32.13393779863782,-51.7542512556538 34.83292454227719,32.1338892313737,-48.78903133608401 34.83329362475189,32.13381770340071,-50.76560303661972 34.8338078821081,32.133588561927304,-26.85068717971444 34.83415752104018,32.133324659100616,19.73957831505686 34.83469157383983,32.133156453542625,49.43556184414774 34.83478123085949,32.133110474189394,53.185372463427484 34.83528784668255,32.13327619336723,1.0930524412542582 34.835536074179394,32.13310716875497,-50.422648936510086 34.835631196433205,32.13288696955156,-72.19165688287467 34.835808532137854,32.132831113461044,-62.33051200862974 34.83612065797362,32.1326305150504,-52.097894984297454 34.83649782942335,32.13229552387493,-32.372285885736346 34.83681897956357,32.13195171749323,28.32755085453391 34.836778135683794,32.13208290657245,44.5827918658033 34.83695931395398,32.13200190232704,52.99130686186254 34.83732873989884,32.13188553847827,73.53597565833479 34.83752905069357,32.13180947445571,76.32820455171168 34.837728254535925,32.131758267366244,85.36917480267584 34.837890022379476,32.13172570353345,91.11856351234019 34.838721061745105,32.13184050477477,-6.924856063909829 34.83900081138868,32.13173906857938,-39.173956574872136 34.83921258583009,32.1317894924396,-58.545179271139205 34.8393818774247,32.13174752913468,-56.61594257224351 34.839799779862055,32.13161038575505,-37.28524528257549 34.840043129962005,32.13145592918082,-35.4317141007632 34.84005350095794,32.131452662139864,-34.85489833634347 34.840253075283044,32.13136435471806,-19.263643542304635 34.840447428869616,32.13130312945335,-8.453867646865547 34.8407933894024,32.13093488210189,124.0355235626921 34.84044001597331,32.13117082891523,272.9237487614155 34.84044001597331,32.13117082891523,272.9237487614155 34.84044001597331,32.13117082891523,272.9237487614155 34.84044001597331,32.130396912426455,219.02329102531075 40.82756288728202,39.20109229650257,-2077500.7693613386 40.527223173185384,38.522607584808966,-2180021.2803530395 40.52540079771119,37.13498149352707,-2258001.005438537 40.97641752219045,37.488322115872215,-2291051.2212459766 40.978723940281164,37.48961291463281,-2291170.7041392904 42.645480639856444,38.51596138068387,-2383387.5799635747 43.57123583690601,39.1942755667331,-2414437.5470441347 40.545176146447695,41.16475757921148,-2499033.109688017 40.956292350914865,41.728368113037085,-2497844.4886521134 39.99597639722657,42.782555475224775,-2488839.519881824 39.69369743015957,43.09238539765507,-2486501.822805076 39.58714705459532,43.58383753238646,-2403632.7370287837 40.217056764374874,43.41408013707917,-2331253.212290518 42.05261472292375,42.61923567616543,-2192532.095287014 34.84604789180035,32.13026328348981,-352.42927015572786 34.84604789180035,32.13026328348981,-352.42927015572786 34.845972490440616,32.130187367301495,-316.91241521853954 34.845908448634184,32.1297436138273,-232.1958490088582 34.846528715403174,32.12922499897868,-146.99428935255855 34.8463237071877,32.12906935682369,-119.51270659081638 34.846963010220854,32.128767563667466,-59.85669644642621 34.846374796841836,32.128138566951925,51.20986624341458 34.846374796841836,32.128138566951925,51.20986624341458 34.8467351232883,32.128025036881944,71.25719735398889 34.84714417557302,32.12824739261757,118.47537403274328 34.84714417557302,32.12824739261757,118.47537403274328 34.84731798284639,32.12885515783919,187.28553240932524 34.84837267118565,32.12857563737172,236.64369166456163 34.848759129873535,32.12840949612389,175.60928123816848 34.84840017597663,32.12814713205546,221.9386221896857 34.848759129873535,32.128299478178924,167.9477468058467 34.8488712555911,32.12753223483081,96.57528655789793 34.84890136673426,32.127522746809404,98.25074275396764 34.84981072665597,32.12726629770363,-65.12794402614236 34.849838682816724,32.127210815799046,-66.82234370987862 34.85027100521311,32.127136781187524,-62.38038637395948 34.85035155545687,32.12714188650046,-74.91436533629894 34.8504203533821,32.12706930254364,-74.63077618926764 34.85066053407687,32.126993617564246,-61.265924921259284 34.850775217658224,32.126859078032226,-72.85576570685953 34.85102260763149,32.12675282419559,-69.13392046000808 34.85159046258111,32.12657387954528,-37.53441240359098 34.852027093864464,32.126398284495295,-71.0910536935553 34.85223205341529,32.126333695190375,-59.6852373695001 34.852446943140244,32.12626597611669,-47.726683096028864 34.85272645171484,32.12616770889022,-43.183504385873675 34.85330104294769,32.12654109581327,-109.11976669263095 34.85336456092372,32.126511016301485,-121.37702168338001 34.85511339058439,32.12755233153798,-328.6653951248154 34.8554809459935,32.12712130319708,-417.47970721591264 34.8554809459935,32.12712130319708,-417.47970721591264 34.85465366268741,32.127346518001346,-503.5989462444559 34.85465366268741,32.127346518001346,-503.5989462444559 34.85712821427598,32.12656659061742,-365.8828243454918 34.85549606185853,32.125644515839305,-110.30049609858543 34.85546587489933,32.12646135450737,46.77547360211611 34.85548604963219,32.12645499600316,47.89833689760417 34.85566020681175,32.12656379850144,27.61125998478383 34.85566020681175,32.12656379850144,27.61125998478383 34.8574142467701,32.12601095455928,125.24036975577474 34.8558974666386,32.12565886831728,-78.15133804269135 34.85745227269015,32.12696157731316,-308.1924057742581 34.85745227269015,32.12666625165505,-328.7557555930689 34.8604599833927,32.12756481197391,-747.288190103136 34.85774853585461,32.12657287023864,-312.2663678769022 34.85680336613508,32.12553250185985,-55.835645182058215 34.85680336613508,32.12553250185985,-55.835645182058215 34.85885352080428,32.12459099266243,37.71974737290293 34.85869577745879,32.12459550381299,178.07512922491878 34.85899371702989,32.12450159293859,194.66065792087466 34.85918927395539,32.12443995269945,205.5469502788037 34.85897829092913,32.122816934664755,139.44809441734105 34.859240800013254,32.12300070643955,97.09510303288698 34.85928149465774,32.12298919725354,89.7839273577556 34.8592971590341,32.12295387773376,88.54064432997257 34.8601525597942,32.12295147544106,-48.4599312255159 34.860464803886714,32.12283691636848,-48.9867081111297 34.86059935911322,32.12272932049199,-46.03398089017719 34.8606029691507,32.12262609542782,-53.798078536987305 34.860777581270774,32.12249892733739,-51.746525024063885 34.861163213186884,32.12240646227966,-41.19650451652706 34.86141884593474,32.122343568142874,-49.28580220695585 34.86165696810442,32.122217902514045,-68.06623038649559 34.86219207379222,32.122300196290794,-93.39433960802853 34.86270663204492,32.12235210993234,-122.5280946046114 34.862988661184616,32.12226320411383,-106.82589093130082 34.86318104609105,32.12220255695163,-96.11456925421953 34.8631548510631,32.122005754805755,-61.35566162876785 34.86385064604389,32.12199147025092,-58.8327267318964 34.86402973741107,32.12189253067622,-51.81861558742821 34.86428584917808,32.121839031195705,-55.11678140703589 34.86434899775537,32.12144596267092,-7.630878639407456 34.86484136543975,32.121601408773024,-36.42720462847501 34.864877805196016,32.12155188882903,-37.04591189790517 34.86447479583218,32.12175469229009,-74.80129836779088 34.865084419907575,32.1214757301753,-75.39197199698538 34.86532846029584,32.12142295919151,-118.09474127646536 34.865263933332756,32.12120786649523,-80.10434852354228 34.86567077756397,32.12131503941363,-99.03365630842745 34.86577923105734,32.121377587932855,-86.2598624471575 34.866360787944764,32.12119424125725,-53.87637339532375 34.867008680868594,32.121250858713864,0.3640582915395498 34.86732623718571,32.12145709057487,-36.06171565502882 34.86724935236792,32.121369510438086,-20.592904567718506 34.86732623718571,32.121322019962676,-45.465028025209904 34.86764416897022,32.121490844717485,-75.28349890746176 34.86764416897022,32.12120840231477,-94.94633621070534 34.86857252524117,32.121143275767665,-148.31022697966546 34.869636357670075,32.12148860638157,-294.37888991087675 34.87153218744132,32.12219847248434,-548.0827032895759 34.87268446601449,32.12282025590277,-848.6834518210962 34.87296806408649,32.12273082154976,-832.8899908782914 34.87300576777416,32.122702829355134,-840.8660486293957 34.87300576777416,32.122702829355134,-840.8660486293957 34.873165336753274,32.12264711202355,-870.253765319474 34.873411371375624,32.1225695224115,-856.5519604440778 34.87387927578287,32.12240626258569,-839.2597796963528 34.87423793809538,32.12230885142439,-810.5186962373555 34.872626039799734,32.11994199858133,-179.22645687125623 34.87218939735297,32.119740668509905,-123.42928700428456 34.87222101117481,32.11969730382236,-131.50260918028653 34.87223777893497,32.11969201640155,-130.5686734681949 34.872306888052734,32.119718602060814,-139.76752803009003 34.87226333387755,32.11966567170873,-130.4182590600103 34.87240279411471,32.119554516359486,-127.32696859631687 34.87247939667249,32.11941597711041,-123.51333106961101 34.87272456163696,32.11931585157506,-118.9554365510121 34.87296153114218,32.11925546653234,-121.17380389291793 34.87348490431958,32.1192903544326,-133.5839275214821 34.87361911883918,32.119196384377524,-149.69720609486103 34.87392491944636,32.11917160078209,-159.21765113342553 34.874246758074044,32.119087385168115,-145.01564953103662 34.87443301109852,32.118934348120824,-152.61626241449267 34.87447775138092,32.11883776302432,-156.9143216079101 34.874784137629504,32.11878181256847,-166.26638435572386 34.8753045845515,32.11892411115141,-192.29178369417787 34.87516117609897,32.11853614608886,-154.087373691611 34.875383777323556,32.118403116628684,-146.06064402032644 34.87548261274605,32.11826251676837,-121.22470141388476 34.87589608990055,32.11819599521998,-113.25154417939484 34.8760611435939,32.11810696597051,-106.63058169744909 34.87613157543165,32.11800553948376,-88.71403787937015 34.876343020841524,32.11793885584228,-76.93459947500378 34.87663941848375,32.117918627843665,-74.83063733018935 34.877047470322076,32.117852196423044,-63.43386970739812 34.87757926736553,32.11795958820137,-95.74557606410235 34.877716287542576,32.118048534084544,-111.45749301929027 34.877875154688226,32.118090224230315,-120.38177870120853 34.878040075819754,32.118038209562556,-111.19364490639418 34.87807767229056,32.11793455692501,-91.32388941850513 34.878391845308734,32.11779922302132,-43.79805473331362 34.879231097009274,32.118013860326755,3.7815299881622195 34.87926824296571,32.118029341101554,1.0468723131343722 34.87941963348386,32.11781329826288,-2.232893173582852 34.87941963348386,32.117854502216275,0.6352545693516731 34.88019168771303,32.11831096426292,-79.99741654843092 34.88028415408123,32.11828179860063,-74.84546161722392 34.88039441682211,32.11835047501764,-86.97675963304937 34.88057136934252,32.1183128471126,-80.33001131471246 34.88076560003582,32.118496202374146,-48.001410802826285 34.8817247336721,32.118365346844044,12.913467113859951 34.88229651789824,32.11819421322314,45.41674641892314 34.88229651789824,32.1182649970187,50.34401792474091 34.88243542906847,32.11838721119274,69.64215813484043 34.88240777262996,32.11829348259076,114.33161418139935 34.88258000867425,32.1185685234746,215.47881370410323 34.88286892358827,32.118767776311735,183.171667044051 34.88286892358827,32.118767776311735,183.171667044051 34.883139838854696,32.1193365909191,190.99510519206524 34.883139838854696,32.1193365909191,190.99510519206524 34.88308950905733,32.11910981714092,124.05093007814139 34.88366364979836,32.11955716246221,63.43017373420298 34.88395703812901,32.1197357014148,13.494154933840036 34.88399242108887,32.119758665327986,9.437875523231924 34.88418206547583,32.11988081797261,3.4323995234444737 34.88475517285933,32.12025276586106,-62.26616974826902 34.884942186223626,32.12030864455552,-69.30820389743894 34.88503638739107,32.120347415105115,-59.291003754362464 34.88529833377402,32.12050986733487,-59.828250023536384 34.885390591080046,32.1205697410439,-70.40371830947697 34.88561299910877,32.12070340300454,-79.8638978106901 34.88618975309992,32.12068377435221,-42.40176894143224 34.88665867323405,32.12075027629074,-21.843599155545235 34.887103288295116,32.12113609485262,-62.09388578403741 34.88741071983914,32.12117237789836,-68.50239286292344 34.88765467132086,32.12121619058148,-46.498618168756366 34.88765467132086,32.12124825788854,-44.266179632395506 34.88772715779378,32.121234250254105,-41.79207538533956 34.88798860569243,32.121398864347206,-65.93065404053777 34.888206474483084,32.12169535103433,-66.78147806506604 34.888243829557574,32.121769563401955,-58.71257602609694 34.888533344360525,32.12189049194407,-51.2643435196951 34.88886248734176,32.12203983548628,-93.46073568519205 34.88881424171612,32.12188972871498,-51.12954141385853 34.88922707834381,32.12201146833324,-72.63119950704277 34.89032626139972,32.12220711748164,-46.309292427264154 34.89122384338468,32.1219380622455,4.70504501555115 34.89122384338468,32.1219380622455,4.70504501555115 34.891287908908645,32.12202412583009,45.610889345407486 34.891030297022816,32.122869026853415,176.35778824146837 34.891287908908645,32.12316110997985,124.77044496778399 34.891030297022816,32.12325214091053,203.03202959802002 34.89110296587023,32.12324340706192,226.07633427064866 34.89117878146704,32.12329260195738,217.38758309092373 34.893003612785414,32.12285900324905,237.0648548603058 34.89301213928059,32.12286453546235,236.08774350769818 34.893563510826674,32.1228583623403,147.5660485876724 34.89375509829371,32.12279789723118,158.24539879523218 34.89384689689566,32.122330603316676,111.04493309743702 34.89404378308416,32.122448779096516,87.81754888873547 34.894302897116525,32.12233277933156,99.8785832952708 34.894655907935444,32.122399628143675,88.07164218556136 34.89468304888335,32.12239556970451,83.45310805086046 34.89481993877189,32.12247001523408,66.76701969653368 34.89518667179692,32.12262799684847,47.73720186483115 34.895275512875074,32.12255611606687,45.94706433173269 34.89535284490308,32.12250116714126,40.13294165953994 34.8964714959825,32.12240906195427,-9.801745915785432 34.89657852546086,32.122375280034085,-3.835231297649443 34.89639347290747,32.1223443600282,44.394428041763604 34.89642147417197,32.122163881987674,99.70462166890502 34.89726217187101,32.12207016867876,92.8226341502741 34.8977149504511,32.12212358169719,68.30012628342956 34.89787362827291,32.121877167400356,126.9114217069 34.89822642485714,32.121964628255164,160.42246410809457 34.89849355404562,32.12213791182668,129.8162319296971 34.89816907918732,32.12200755042588,88.79393783956766 34.89871822406167,32.12256141077167,-61.47542276419699 36.93788921700485,39.60756075969263,-2465379.9448561305 35.07368100567224,40.279527660300516,-2519603.449753482 34.87544955586813,40.3505907457456,-2525320.998405379 34.61197090461438,40.616271211714405,-2556839.1237193653 34.39286136604303,40.45778916714215,-2544510.551928855 34.896655246872655,39.77758885473917,-2559486.610847787 35.097764362065185,39.707907958814616,-2553921.475690194 36.24680291342945,39.54625070330056,-2507355.7120512715 36.24562594846618,39.545457293142675,-2507291.076220769 36.24680291342945,38.892439741107296,-2543078.8561273897 36.24680291342945,39.29814289603326,-2521050.0421285625 36.24680291342945,39.29814289603326,-2521050.0421285625 36.23096251093785,39.287479612905166,-2520176.578199097 36.39997028710127,39.01897785237925,-2526443.555712595 35.06643062381318,39.49226911034656,-2565009.7032296085 35.21399079807212,39.54764313787298,-2575951.313005991 35.07386273191295,39.497499893794455,-2565430.1870175772 35.06638623952087,39.500093353892204,-2565638.61987416 35.06638623952087,39.70686844244165,-2554287.8964028824 35.299542207654554,39.87592711978151,-2567751.5507378625 34.59869324414216,40.119316905905926,-2586831.853067643 34.362615683768624,39.94829496476567,-2573475.930548562 35.06131721824026,39.70862872576599,-2554428.743370417 35.08895995884992,39.31497942098433,-2578554.8574353456 36.79664829024496,38.43749158770898,-2506020.1194697106 34.60118332479755,39.21337390970384,-2570340.3832441377 35.3638767855138,39.569127760570936,-2515065.2595056626 37.04809125620726,38.599876589416304,-2519962.95393006 37.67498430501004,40.89003277255482,-2356571.724315129 37.38254370805752,40.820551241647436,-2333926.557019956 37.67472995532803,38.9011027236147,-2116433.8867191235 34.90823165958681,32.12106896551492,34.35728803835809 34.908440971075734,32.121002872600684,46.03122189361602 34.90833126853455,32.120780223070604,95.4470877815038 34.90867822842654,32.12067066571257,114.79853814002126 34.90904917237972,32.12051256290456,132.63579610642046 34.910321827329,32.12042719868218,138.9933627145365 34.91059794079593,32.12050911001318,100.61017429642379 34.91010630371918,32.120602158479564,30.1496797548607 34.91013902102713,32.12055183644524,21.422654788009822 34.910019734077174,32.120537028194214,-20.629374065436423 34.910302813481564,32.11915081805279,-184.8004900375381 39.58599256873215,36.33959379310308,-2221807.6490690582 40.57855103360802,36.30553715486834,-2308572.4667232274 40.158252132581296,36.140394575132014,-2342405.007995548 40.12150131926877,36.1552588239361,-2343830.742139595 40.12150131926877,36.49227450562629,-2326434.385415281 39.566027757655704,36.378050814526695,-2284996.174116751 39.56301241361383,35.830754232814456,-2313201.61230373 39.5599727320484,35.83019446562204,-2313146.8913873355 39.13782144921861,35.9957712987492,-2329252.4355533645 39.13962428810861,35.992547741997015,-2329573.882240904 38.95738410891794,35.666697029969576,-2356730.3594630943 38.58829861719076,35.80508233647342,-2370600.041037484 38.1324847409321,35.56575404871195,-2347469.9848864204 36.46085020583093,34.530839055983286,-2243003.3247209415 38.139005035583494,35.5740043886629,-2348388.654399386 38.139005035583494,35.57475785870203,-2348350.9490641607 38.139005035583494,35.57559537521127,-2348309.0361997844 38.53401112137144,35.81533678869796,-2314103.422720561 38.5354367135185,35.81592131283851,-2313992.97670664 38.536732537599626,35.81646657689285,-2313891.867248144 38.538103240707756,35.8170207009398,-2313786.061607322 34.916996601075034,32.11894674258861,-62.76495254877955 34.91717585669995,32.118890123798785,-52.76376180630177 34.917183755121194,32.11888762903531,-52.32308381982148 34.91737305358858,32.118827837797184,-41.761466566473246 34.917981065862335,32.11914429205764,-112.18463389854878 34.91819767780958,32.11908085224667,-109.16415058355778 34.918453989352045,32.11899764336481,-110.20028409454972 34.918627603555514,32.11893116805857,-104.19889090768993 34.91914859356956,32.11880519483037,-94.73147502169013 34.91921730723449,32.118676925280276,-98.31539186555892 34.9193265844664,32.11857296231123,-97.05201326869428 34.919629929649986,32.118517237778896,-97.78370937611908 34.91992807709867,32.11842741683656,-101.68741945177317 34.92010463586792,32.118346724893016,-104.27004739362746 34.920556015698885,32.11838091566291,-112.60751612111926 34.920670819620156,32.118312169713946,-108.91846097260714 34.920803391988365,32.11824302112482,-109.00952711421996 34.921061155538936,32.11793000051744,-127.16223287209868 34.921245807683725,32.11787166937903,-116.85827088542283 34.92168437086716,32.1177204792376,-93.26553559396416 34.92180202642304,32.11761665091348,-74.9244040697813 34.92215653292099,32.11750437871581,-51.97692933212966 34.92255341776388,32.11751984500863,16.887366669252515 34.922562494658656,32.118090417473596,140.01492138765752 34.92272648791885,32.11803860942004,149.1669327588752 34.923229266896335,32.117935872883024,156.98161680437624 34.923229266896335,32.117935872883024,156.98161680437624 34.923405173445474,32.11787337721114,157.55591336265206 34.92341536194481,32.11787015842251,158.12452516518533 34.924317096493645,32.117012992351476,-45.443279140628874 34.92456958252591,32.11700183117544,-44.0654733562842 34.924740168453795,32.116989757689744,-49.01320534013212 34.92492704286776,32.11701418789814,-54.0440058875829 34.925229075500766,32.11699666006183,-55.520254981704056 34.9255122466735,32.11698746079534,-53.89516717847437 34.92571020721316,32.11692491619561,-42.8463831814006 34.92591354249791,32.116860673062654,-31.497497897595167 34.92620789979302,32.11678411862827,-13.923285078257322 34.92761510299658,32.116506859538596,143.93342354614288 34.92755694491282,32.11643055934076,185.7122575957328 34.926771719680296,32.115876617049906,283.5760382404551 34.9269420368715,32.11582280474029,293.08313387911767 34.92701634773798,32.11584242684194,282.5911004450172 34.92777412798376,32.11631595669017,194.63491133693606 34.92777412798376,32.11624702549333,189.8368542958051 40.14579441451654,39.116583078242094,-2357207.676190159 40.234428895055196,38.1551814301763,-2417815.746449005 40.236382548170575,38.155451374229706,-2417961.0767243057 42.10688749520797,39.21151836978164,-2507686.3029198376 40.23094696054983,38.15770055189291,-2418158.0169388214 40.234428895055196,38.15432216118607,-2417862.192051324 40.2121301158459,37.71225643238542,-2440438.477618859 40.22899336969427,37.721972256232746,-2441297.663507774 38.56254174101861,38.379200385732254,-2498431.47017663 38.56254174101861,38.379200385732254,-2498431.47017663 38.56254174101861,38.379200385732254,-2498431.47017663 38.56254174101861,38.379200385732254,-2498431.47017663 38.55697013298307,38.62894187820089,-2495899.070816435 38.776012805086005,40.18003153815722,-2416364.1098396974 40.20411861164616,41.24881971075187,-2461955.083828683 41.66092176332883,40.61954063810264,-2412239.546481161 41.80966934510484,40.392456583242065,-2393870.191911005 42.044644117359326,40.58896324301463,-2390139.138666072 43.861335916047615,41.56162127472586,-2466774.095986826 43.87522001046392,41.56883546260874,-2467327.3624167177 43.878445674642656,41.43233133859134,-2475760.270149287 43.874078692531384,41.570327852162926,-2467312.4369256906 43.87730435166666,41.57233056248586,-2467421.1828079196 43.876169089633244,41.572875799460505,-2467462.982863013 43.87590855128717,41.576580513471434,-2467689.9281953136 43.87367056585074,41.57765530676201,-2467772.3070797776 42.65474652678589,41.66321806295823,-2474154.9513779096 41.66541943844641,41.5490360720968,-2465416.7854653937 41.66541943844641,41.5490360720968,-2465416.7854653937 40.228360823070936,41.41901532997007,-2455282.1600991576 41.66541943844641,41.81795684342466,-2449090.326357673 39.38166504238777,42.039755285802435,-2465927.3291123454 39.387917834266446,42.045035600511724,-2466124.703327631 34.87995367957111,45.05660212473458,-2504858.129165164 34.873972691568326,45.052287896402326,-2504567.82768966 34.87831634766635,45.05785453244951,-2504850.8987584426 39.387496581160455,42.04944416056287,-2466161.6612905636 39.38299561849689,42.049218495558144,-2466144.6402421813 36.879482530264035,43.27745738741043,-2523531.9375997507 36.88357817469851,43.280197862939325,-2523727.078851929 39.389213183827785,42.29346236888631,-2451583.616539879 39.389213183827785,43.35002766850956,-2384129.324684365 39.51158165568225,41.43999274043463,-2235710.1728076492 34.944112303530474,32.121690249377444,-1794.212503139861 34.94014502646719,32.117673065865375,-398.00681074056774 34.941465162501,32.11648914481257,-188.73664842825383 34.941465162501,32.11648914481257,-188.73664842825383 34.941465162501,32.11648914481257,-188.73664842825383 34.94145809744025,32.116486383284766,-151.64733131416142 34.94145809744025,32.116486383284766,-151.64733131416142 34.94145809744025,32.116486383284766,-151.64733131416142 34.94145809744025,32.116486383284766,-151.64733131416142 34.94145809744025,32.116486383284766,-151.64733131416142 34.94145809744025,32.116486383284766,-151.64733131416142 34.94337757816573,32.11668184342576,-64.404250937514 38.75424741054237,39.17674409997103,-2066171.806678256 37.67431287978157,39.94327789888656,-2135173.6533354893 37.41720800292081,40.12254857502084,-2167149.0517217014 37.41720800292081,40.23182754638136,-2160387.8911368344 37.67431287978157,40.06232690960144,-2127797.4211218664 34.94507962611304,32.1159482838411,-226.69719789549708 34.94512464280636,32.115925472409955,-235.46282864455134 34.94551048073812,32.115803481799205,-213.9123301114887 34.94570849180264,32.1157408759401,-202.85249742213637 34.94579079071791,32.11572343362807,-186.97567240614444 34.94600243342767,32.11565651718273,-175.15425136126578 34.9460474506519,32.115633705205,-183.9198112776503 34.94632945579481,32.11554454099741,-168.16803947743028 34.945707880263164,32.114645678310694,35.641063867136836 34.94582209748431,32.11460956633782,42.02106683328748 34.94610849439409,32.114467987914324,67.03426935523748 34.946419387972156,32.11429978362777,79.53523753490299 34.94685166653376,32.11423925995288,80.45642529521137 34.946977515734325,32.11417592512711,91.64623020868748 34.947042563437144,32.11412343772103,87.25999558810145 34.947087233196946,32.11408105422635,77.18768639396876 34.94758506620897,32.113931436509155,103.62191442679614 34.948006679888316,32.114023903841655,87.28489741124213 34.94815692227919,32.113976398228,95.67811952345073 34.948177407057756,32.1139699210639,96.82249742560089 34.94839773925801,32.1139031382286,103.77908947784454 34.94925067821927,32.11400026319385,-25.449640004895627 34.949729020252434,32.11423624646517,-75.18085300270468 34.94979200037901,32.114241998546504,-91.27562320884317 34.94979200037901,32.11415509573114,-97.32385798171163 34.94993252034638,32.11398991637204,-97.87702047266066 34.950200546388025,32.11387698311852,-84.86435115989298 34.95042881905069,32.11365364463686,-50.83834927994758 34.95061203976408,32.11355213544434,-43.63441995717585 34.95076341344829,32.11346811328246,-37.69349374715239 34.95097601623366,32.11340088340372,-25.815388440154493 34.951007291688946,32.1133769818294,-29.485126294195652 34.951260526624864,32.11331296419345,-32.03304429072887 34.95150231096514,32.113259908341234,-34.423172406852245 34.951587204141084,32.11319487768728,-50.08212379459292 34.95184589054617,32.1131130723901,-56.41969556733966 34.95224271634535,32.11299133283132,-44.97258437983692 34.952655020205206,32.1128660790599,-33.93621624726802 34.95284876968697,32.112770495597516,-25.498453573323786 34.95298813554072,32.1127290633328,-26.379950352944434 34.953187946043016,32.11266587423802,-15.215429656207561 34.953405035174264,32.11260525711148,-16.66849147155881 34.953538796247706,32.11255200462923,-22.597119267098606 34.9540578685219,32.11279391409935,-66.52533670794219 34.95430707137711,32.112492656228085,-68.08133382722735 34.95445948448455,32.11234331712897,-66.60321873798966 34.95469026218663,32.11223476996858,-56.182456438429654 34.95476437739006,32.112144634564544,-40.25670263078064 34.95495533263773,32.11209024930437,-21.889443706721067 34.95513980594549,32.111996345754896,-14.055790808051825 34.9557038488503,32.111788438938284,16.087914349511266 34.955077885653786,32.11126259477739,97.50741505529732 34.955259673349,32.11117537329224,105.59731681644917 34.955599833709826,32.11100159639184,119.99997447337955 34.95581969127651,32.11084924269679,122.48287141602486 34.95605275802762,32.110764644248775,125.57694474980235 34.956233040016464,32.110649636249526,131.61654461361468 34.956456260540016,32.11051597804792,136.38338307105005 34.95667148520308,32.11036707367988,134.56776822172105 34.95689318563796,32.11023031770587,130.16685824189335 34.95711578501181,32.11009411820317,137.4589513754472 34.95733336643401,32.109959487299136,138.90959961898625 34.95756981471138,32.10980843724069,136.5682175680995 34.95776805016061,32.10968730828413,140.78972036670893 34.95798736073889,32.109545129273855,137.93477847333997 34.95819764743189,32.10940083471735,137.68119274731725 34.958404634851014,32.10925247812263,142.7893164260313 34.9586511352557,32.10915401699333,149.78327723778784 34.958875677961366,32.1090148602737,150.25712574645877 34.95909262477234,32.10884981771639,149.10532402526587 34.959325696555766,32.10870110880238,146.59602318052202 34.95953552247653,32.10854440688888,151.70161778572947 34.95978757577884,32.10841445885355,147.39933554828167 34.95979541743676,32.10831915429881,139.51786973141134 34.96004299738003,32.10816012487877,139.12339818943292 34.96019793501455,32.108020137051966,139.07604746241122 34.960428062932216,32.10776769488272,136.54090971592814 34.96108187689092,32.10755599195943,150.1582625331357 34.96128606206201,32.10768188110665,126.37809018883854 34.961566377307015,32.10750722047361,136.06428468879312 34.9617677237059,32.10744353093304,147.3197830580175 34.9617677237059,32.10721187346513,131.2006781771779 34.962117819087545,32.10709662136092,150.4579416839406 34.96237702183116,32.106869266174414,147.13398984167725 34.962471125518846,32.10687662492454,143.53720278386027 34.96251248098083,32.10672793599418,136.41354779154062 34.96267113110386,32.10653433776991,103.63091837707907 34.96286290439263,32.10626032471431,97.44761315360665 34.96344701039675,32.10607555515258,130.10241526458412 34.96349764808972,32.10586957528709,118.79542812425643 34.963724525415635,32.105732304560625,126.9220165219158 34.96400136296293,32.105644731267446,142.39940829016268 34.96414659653328,32.10545334589621,140.3997573647648 34.964366426040066,32.10531658832644,128.84594402182847 34.96522676559148,32.105575147916035,9.811380637809634 34.96528407881259,32.10555701685876,13.015752079896629 34.96535051407975,32.10536237085485,4.649876115843654 34.9656220663092,32.10517669534662,12.89110273309052 34.96537220989242,32.10495083623548,52.80896040331572 34.96540390234714,32.10476890581286,58.349982623010874 34.96567956049151,32.10468170156844,73.76255678758025 34.9656897274835,32.1046398659612,71.64413215592504 34.96575602321738,32.10455855299662,55.42364061716944 34.96646838478158,32.10459680340301,-24.684693908318877 34.96735922923607,32.10427569878325,8.42717799730599 34.967563323734375,32.10422413918808,13.889493739232421 34.96782270866813,32.10407485375809,13.97331633977592 34.96815191872494,32.10402969432424,9.314546030014753 34.96836236456871,32.103856002402836,1.7301086662337184 34.9687335759001,32.103829524668306,0.5907641677185893 34.96941644482459,32.104143920860544,-86.32647182326764 34.96948279194985,32.104042443930716,-88.21576585713774 34.96977040854285,32.10413945063652,-105.36081832367927 34.9698154615151,32.10410323125709,-104.36955362558365 34.96993594897503,32.10375790421831,-76.22462413273752 34.970458956249345,32.10363086920196,-57.157625287771225 34.970768279992015,32.103532998293005,-39.8593613691628 34.97080337760659,32.10352189324744,-37.89658502768725 34.97104010073685,32.103442856632526,-40.985503249801695 34.97108171416208,32.103368916191314,-42.88627616688609 34.971524615677424,32.10333158556999,-82.3200659872964 34.97183531351224,32.10316145050287,-99.9719072189182 34.97202625432261,32.1031058053299,-90.13676307071 34.97239971312179,32.10303208995641,-77.4230518322438 34.97296837942741,32.10316769698354,-103.60911888256669 34.9730242363301,32.10312897730918,-109.83339008595794 34.97340721367842,32.103149769338195,-130.08330534677953 34.97358427122084,32.10309374225867,-120.18070251587778 34.973607303783595,32.10304145160394,-122.02320236712694 34.97364100808016,32.103055595700084,-126.40779741853476 34.97354632199342,32.10316482456914,-151.1937657026574 34.97360488574803,32.103193134614315,-158.55256473552436 40.718852946549745,37.660789662584264,-2206131.192992086 42.49799567461959,37.49588062666264,-2414893.648036962 41.94157343450016,35.69093066215504,-2554695.9236807935 41.547912760769705,34.880950017167415,-2615725.6871111216 41.54553590480468,34.8810369442716,-2616106.03058416 41.54368177003233,34.880047756443,-2616013.3993575466 41.44206158183583,34.82575361149869,-2610920.3723717853 41.44206158183583,34.828426529951386,-2610798.811488153 34.97649063707898,32.102206786165425,-157.66633606795222 34.976992123489815,32.10256741313823,-93.487518876791 34.97703530230118,32.10259789114126,-88.00136762764305 34.97741009211554,32.102479279527266,-67.0365241067484 34.97757452934304,32.102475678808496,-61.839321163482964 34.97771615043232,32.10252574657729,-70.68892953637987 34.97796930229603,32.10251939943447,-63.440203715115786 34.97899443929343,32.10237604473323,-5.613895570859313 34.97953550942363,32.10263813763087,-44.489004189148545 34.97978655073292,32.102558682051765,-30.445013219490647 34.97998767377699,32.1024952963025,-19.17461317591369 34.9803589248664,32.10256857752523,-32.19406926538795 34.98067766914592,32.102602693560144,-41.69422680605203 34.98091462125961,32.10259490873641,-36.84818802867085 34.981197055255166,32.10260362652598,-38.32233899831772 34.98151568678464,32.10253107798501,-25.140012353658676 34.98168155753088,32.10264098244429,-38.37808647658676 34.98171206082884,32.10266070196246,-41.863556747324765 34.98205112691878,32.102662804773594,-42.09003764484078 34.982182634301346,32.1026249632163,-34.469160705804825 34.982362224831824,32.10257795892764,-23.736646857112646 34.98339724960726,32.10225265350356,34.33478505909443 34.983466622037284,32.10228154825755,25.298731366172433 34.98389402703026,32.102443418669985,47.87669433094561 34.98398415531584,32.10221486272709,88.27567360643297 34.984331428194906,32.1021444181859,113.20834539923817 34.98413622036024,32.10221739422231,100.30913057737052 34.984737610031374,32.10260613444283,31.596619479358196 34.98466481135283,32.10246334705384,-2.815440027974546 34.984737610031374,32.10260613444283,31.596619479358196 34.9845525450924,32.1022443448305,35.89449664577842 34.98501556314705,32.10226214307946,10.537914228625596 34.98615105888601,32.10299610266196,-119.19095175899565 34.98639392995658,32.102919213643474,-105.60095618478954 34.986435357255026,32.10293520848714,-101.25774505361915 34.986783991160245,32.10282483544346,-81.74938568659127 34.986563380956866,32.10289113062,-100.63731504511088 34.98678443255911,32.10313172589088,-143.16194406803697 34.98686964305777,32.10316554480713,-154.37522962223738 34.987707180380816,32.103555222597635,-260.60343331377953 38.31824819827215,36.31475059253995,-2075121.6985344673 36.67027302451063,35.83909336918132,-2194462.5492428457 36.67027302451063,35.83909336918132,-2194462.5492428457 36.67027302451063,35.83909336918132,-2194462.5492428457 36.39037582878204,35.658725315670765,-2176218.7360492833 34.98844403527429,32.10313054751379,108.86575007345527 34.988737146273834,32.10306813086602,127.38283716794103 34.9887393577043,32.103191320340066,136.1256195884198 34.988822905351,32.10322210743163,144.78335212357342 34.98910426347793,32.10338492740599,140.6689252378419 34.989308587812744,32.10352866446542,138.13437980320305 34.98944941393804,32.103696072399465,127.36205760017037 34.98970013390641,32.10384531603798,132.55719851329923 34.99012739437314,32.10390411754291,169.2396039608866 34.99039838975061,32.10398807842237,182.44998395163566 34.99064472238687,32.10416194867425,174.36703218426555 34.99090239987696,32.10428222400364,180.27397065795958 34.99111736689054,32.104370768367964,171.74867556709796 34.99128150271121,32.104545036919305,157.74491068534553 34.991512526111954,32.10461446557003,148.69662086013705 34.991699646741885,32.10461591845867,148.43983129411936 34.99198798918156,32.104781703236554,119.13850479666144 34.99229272991283,32.10485476039753,109.16508204396814 34.99261828554465,32.10504652842041,113.54827998299152 34.99319940331904,32.10514984967955,137.4754643049091 34.99333298816608,32.10523617505515,122.21834471821785 34.99400211709671,32.10582104320055,85.8161245919764 34.99397085123713,32.105372007127166,181.42491123173386 34.994017962820074,32.10542831504628,189.01760077662766 34.99446155409001,32.105756433533266,141.24101156368852 34.99473947300304,32.10625076401748,163.09632071852684 34.99482961383425,32.10630901271824,152.80185023415834 34.99485008863014,32.10630252830584,153.94785823952407 34.99507824148843,32.10623027151366,166.71803287323564 34.99597916240182,32.106702636423904,83.23657661024481 34.99682040161362,32.10710280938318,12.515715292654932 34.99689183861271,32.107136924916425,20.46238257922232 34.99699712640992,32.10710357697638,26.355749684385955 34.99699712640992,32.10713030894042,28.215755351819098 34.99695788178013,32.10681562643533,161.3685624273494 34.99716683530157,32.10681127424711,177.367057710886 34.99735563172776,32.106603530010716,222.08074527792633 34.99736251842801,32.1066349905477,224.80705970991403 34.99774502040752,32.10671860029704,218.0239524738863 34.99808854856437,32.106633853153575,236.93054245226085 34.99823143456098,32.10678975324873,226.6696900324896 34.99874878562996,32.10679233691973,227.6270267823711 34.99897028411769,32.10690451706463,207.8013364393264 34.99924161395248,32.10693828650674,201.83326376602054 34.99947634462267,32.10686710096654,214.41389816626906 34.99978899534665,32.10696969166732,177.9737243205309 35.000086784992135,32.10694171773271,182.91753158252686 35.00029102316164,32.106798480652444,188.81189534347504 35.00053465385201,32.106903810625816,169.781196041964 35.00072792686348,32.10690751453579,167.77840735577047 35.00181509065216,32.10760796827415,45.338944206014276 35.00211500289434,32.10747722207386,1.3922497993335128 35.00248555764334,32.107595307229055,-32.147964152507484 35.00276439799299,32.107775444720694,-63.981452545151114 35.00341522063984,32.107783498116,-52.73246249463409 35.003528466854505,32.10783098654191,-58.75507114734501 35.00373394362085,32.107848927542065,-52.571281764656305 35.00376276793241,32.10782956846594,-58.50447379704565 35.00416783687779,32.10786452843315,-55.32821500953287 35.004193357725654,32.10858934609718,-8.954327293671668 35.004483423730726,32.107978149740084,-75.40687671210617 35.00467132009439,32.108717498151414,-31.600319913588464 35.005073529194775,32.108867668530316,-58.13696717098355 35.005550115727395,32.10824789465592,-76.80247988458723 35.005550115727395,32.10824789465592,-76.80247988458723 35.005074001016844,32.10839639939888,-118.00998708698899 35.00539601874562,32.10813810490208,-187.21426991187036 40.92595806744697,34.45725748337604,-2467792.6846414525 40.87329195966054,34.480427164505045,-2470082.3716453672 40.876939468564075,34.48240869311481,-2470278.037355945 43.2842601083347,35.746538969044856,-2590334.7790744123 43.28682838689393,35.88699070491968,-2583845.851220353 43.346928202323035,35.871018089097454,-2581530.732041018 43.5859508639908,39.79699922865359,-2358284.1110834926 43.58867908112695,39.79571748296787,-2358176.121358006 43.58751733103661,39.793720227589255,-2358008.3036215478 35.00934451242334,32.10943945509585,-400.61124786455184 35.00950454257622,32.10924314241957,-355.66781762521714 35.00943960982179,32.10875738534017,-125.55538134183735 35.00959671376269,32.10878866742267,-111.11724393442273 35.009966721360044,32.10878467313977,-101.0556738851592 35.010181362814066,32.10904139854721,-66.31675671227276 35.01018187974484,32.10904173241065,-66.3757530413568 35.010507091868426,32.108998501996325,-44.001137089915574 35.01059236411737,32.10905357491961,-53.732994046993554 35.01126563500994,32.10897264930449,-39.43273287080228 35.011445650868076,32.10902907969015,-64.13991560135037 35.012321296657575,32.1096821390558,-147.061981969513 35.012321296657575,32.1096821390558,-147.061981969513 35.012116374618024,32.10940498454297,-60.11767192278057 35.01253431076408,32.10981970590625,-171.3701194860041 35.012673578459754,32.10944853326114,-56.9087164029479 35.013545805027945,32.109611245158504,-64.94512708019465 35.01381006505302,32.1093195646664,22.829652335494757 35.01386024861676,32.10930365940205,25.64025004208088 35.01386024861676,32.10930365940205,25.64025004208088 35.01422903900154,32.109487475230246,-20.224289969541132 35.01442118958053,32.109426573439386,-9.462543652392924 35.014365608749166,32.10888942600131,-56.647498773410916 35.014630918480925,32.10904270429504,-88.17768517322838 35.01491448401403,32.109203055995536,-122.11844804789871 35.01597485824334,32.10898562535451,-86.27284736000001 35.01632276051699,32.10890632759078,-72.2602774715051 35.01644304272597,32.10884768448909,-59.321673004888 35.01668752759487,32.10876649646591,-45.884593228809536 35.01679174753977,32.10873346156453,-40.04697574488819 35.01724216105948,32.108593617363894,-17.001077834516764 35.01738932817596,32.1085529285764,-13.585231240838766 35.017718121614564,32.10851451380226,-10.157627877779305 35.01791868556631,32.10845093819818,1.0770395938307047 35.018136084322336,32.10846584108595,-11.331941759213805 35.01843859765614,32.108358619412755,3.5807221243157983 35.01872365941347,32.10827545411389,9.030148500576615 35.018979331145154,32.10827536873082,8.861170208081603 35.01926779091594,32.108250728377435,11.804918163456023 35.01944553860194,32.108133482523094,17.52462546247989 35.01968610664628,32.10810002850751,13.512484131380916 35.02000965497314,32.10809135034174,12.218228267505765 35.02035425430686,32.10802457428892,23.059087419882417 35.02059922772983,32.108021633996806,19.100016270764172 35.020912593655616,32.10800612572761,21.379535723477602 35.02118855281249,32.107970675994345,9.99671854171902 35.02141844841348,32.107897793959395,22.87627323437482 35.0214250995815,32.107882320137605,20.742005228064954 35.021573728623814,32.10793157050461,0.5362472850829363 35.021754024972424,32.107925964451006,-1.23101934697479 35.02225336055274,32.10745467559557,-50.70008058845997 35.022408001942466,32.107405649366335,-42.036189024336636 35.02259544208925,32.10734622456698,-31.534629344940186 35.02269534228521,32.10732637525621,-29.324855194427073 35.023041676319075,32.107216574475196,-9.920713612809777 35.02393758193754,32.10691544099418,43.296726144850254 35.02387228216501,32.10676350066652,66.02567254099995 35.024018371595645,32.10661382798772,67.01981993578374 35.024370228864505,32.10656122571618,73.08513191249222 35.02457290243892,32.106460599042514,79.95815554447472 35.02473512185342,32.10635154341724,85.0384336002171 35.02498278088063,32.10621444020349,94.83964495826513 35.02523529153882,32.10607678708621,96.35806860588491 35.02542605105884,32.10602557581529,105.40879128873348 35.025644834147236,32.10595620805788,117.66841379646212 35.02580560042462,32.10590523490696,126.67712489515543 35.02618968163459,32.10571606409705,143.51090735942125 35.026241330831134,32.10514487368982,244.46301289647818 35.02641821816682,32.10508878864786,254.37568118143827 35.026588668962994,32.105034744118484,263.92773701343685 35.02675500621069,32.10485623941507,264.4991184771061 35.02699120001259,32.10472453695593,267.25308850128204 35.02723397614803,32.104580643128294,274.11364308651537 35.02747946121373,32.104472673233325,278.6559483585879 35.02774316272883,32.10431769738358,279.736165237613 35.02795867649882,32.10419520556792,276.9079808415845 35.028050900245525,32.1041287199462,270.38793774694204 35.028392015473315,32.103770518638186,228.6317508770153 35.028475111309525,32.103697353983,223.2850729310885 35.02872091006571,32.1035905909318,213.78297428414226 35.029419689834896,32.10336901483094,252.94749289751053 35.029640594586326,32.10329619063273,267.69851850904524 35.02981947135705,32.10323946940511,277.7243809765205 35.03013895569366,32.10313816118503,295.631391373463 35.03036062817941,32.1030706448865,305.6865609176457 35.030616237891564,32.10293185351401,304.0621217498556 35.030862931423336,32.10281213412853,303.620510189794 35.03112721662923,32.10266239009774,306.3743941821158 35.031383789574726,32.102539235630935,308.70125329773873 35.03161777732352,32.102413576400444,303.5813018325716 35.031874521403374,32.10228487765464,311.266192083247 35.032117824474014,32.10213775197171,310.95920188352466 35.03232861794479,32.10202489280348,310.4665425354615 35.03241639901571,32.102076583873156,300.1100561656058 35.03268607114078,32.10184795984381,300.61668061930686 35.032949231180694,32.10181529956397,288.8863289654255 35.03319354411579,32.10143705799065,266.5451021818444 35.03330473189656,32.10140621774044,251.67081819009036 35.03357417519147,32.10127695287557,255.2710744086653 35.03464314092839,32.101523485751514,206.9039531806484 35.03475721564315,32.10146619162553,210.9180809892714 35.035154650141564,32.10104976183088,138.0369620816782 35.0352629737071,32.10099564065038,132.8899428760633 35.035962346187894,32.10131573921561,56.81890513841063 35.0359652931591,32.101257055911134,52.96687287930399 35.03608754422678,32.10119318206879,48.48270823713392 35.03649848412913,32.101043896141356,48.403852969408035 35.03688331055299,32.101097076799654,38.9766253028065 35.03720091739488,32.100996341115604,56.78323906008154 35.037449305964486,32.100967979166874,61.79668029490858 35.03768207205202,32.101029159008455,50.98214815277606 35.03796037909089,32.10096194578093,62.889908039942384 35.03821397991336,32.1011986532352,92.47240643016994 35.03845584925212,32.10115292780859,108.18949406314641 35.03858005807248,32.101128792414926,116.21540653333068 35.0388438865835,32.10106511811328,132.39998573530465 35.03883474191368,32.10080193020619,274.01170298829675 35.03900766237665,32.100747081280964,283.70756606105715 35.039031330929916,32.1007395737903,285.03469785116613 35.039185150499854,32.10069078321875,293.65963559411466 35.03945016841092,32.10087830980868,265.931483104825 35.04057796028226,32.1013310397413,151.0308388536796 35.04092520650922,32.101273353105405,161.22793059796095 35.04106166872799,32.10123006474997,168.8799076192081 35.04132087142373,32.1011741984893,178.7552828034386 35.04141855803192,32.10128520438184,174.810881158337 35.041547544021256,32.10133706672875,165.6433141445741 35.041671573725424,32.10137380549012,148.49206455983222 35.04197783022275,32.10137972056135,158.10353500861675 35.04200546850558,32.101419588667675,163.0367653509602 35.04209758315312,32.10139036696418,168.202184506692 35.04235963935464,32.10150286414394,163.79412941262126 35.042611885069235,32.10150696807584,163.06869465578347 35.04299245048565,32.10155329135405,196.03122365567833 35.04311679305497,32.10178622229654,198.09493213426322 35.04345071753643,32.101851614174315,220.7804717142135 35.0437977974883,32.10232632127449,209.5360699268058 35.044132376098176,32.10230145860961,218.70896430779248 35.04423975548591,32.10230325999403,227.226133630611 35.0442729759058,32.102365624841234,234.1610326655209 35.04440428343381,32.10232396571497,241.5247883806005 35.044863134543334,32.102507287986704,311.2659161919728 35.04504720524576,32.102589765301474,331.3899340182543 35.04527273478045,32.102601550430265,349.8362475289032 35.045479158224104,32.102536056980334,361.4131234344095 35.045874835571794,32.102602294801116,349.70466994307935 35.04602967619444,32.10263651203094,343.6563201872632 35.047379857150375,32.10325925203719,185.73063897527754 35.0474478543135,32.10317647769188,179.53092468064278 35.04766862309959,32.10326331156444,150.50190432183444 35.04778031031774,32.10323258233596,107.0198088819161 35.047807615191076,32.103197525986765,100.24351189099252 35.047890559359075,32.10325080568628,90.7744117313996 35.97174124770937,38.02749275338529,-2293213.255277109 37.46789714706697,37.75344016737208,-2448629.065819435 37.016178238961885,37.92093966723001,-2463320.9820743543 37.01885074674831,37.92246872215622,-2463482.63823567 37.470581377853634,37.55792201195538,-2459153.094735439 38.82903267947881,37.23604694427735,-2402356.3629488493 38.82903267947881,37.23624674270104,-2402345.8769521564 38.826317227128925,37.50925295678722,-2387684.404648593 37.008508709004204,38.39444143982522,-2437235.957900324 37.003648308738704,38.397223483291334,-2437493.610848777 37.003648308738704,38.397223483291334,-2437493.610848777 37.00216577398518,38.39777100672071,-2437540.90832469 37.000628914136016,38.39833856472812,-2437589.934900878 37.00280427568109,38.39942177294906,-2437730.1037785085 37.00387805385918,38.39996494667203,-2437798.8231697874 39.24375782882943,37.99419999522322,-2431292.5663481774 39.480247987356826,32.434809555130045,-2679336.175605018 39.99541559367823,32.23533502632305,-2659688.418901904 39.99701703369862,32.234125757687124,-2659861.6570927105 39.998694834629795,32.232914020499265,-2660040.8936057696 39.99948146491983,32.23206256131688,-2660253.2854571478 39.99948146491983,32.23206256131688,-2660253.2854571478 40.00015833635278,32.23116711441876,-2660466.3859445043 40.00082170967235,32.23035340125209,-2660675.3343499964 40.002486004504746,32.229145917711165,-2660853.2880739723 40.00330309943026,32.228242194415664,-2661070.707245872 40.00330309943026,32.228242194415664,-2661070.707245872 40.00330309943026,32.228242194415664,-2661070.707245872 41.84916754218417,31.504639289023274,-2585289.441410824 35.057638850516405,32.10150892266383,-13.922584923915565 35.057582141170684,32.1018495158807,58.46503787860274 35.05724236336037,32.10149819641455,124.16211478505284 35.05752239878567,32.10163676427882,162.68355320952833 35.05774616628778,32.10102535467171,318.32047470193356 35.057908025157495,32.10097397815263,327.40249063819647 35.058194126359886,32.10088316454164,343.4560219561681 35.05836320115581,32.10082949680595,352.94315500743687 35.058623283086256,32.10077994833546,354.04845294356346 35.05896116306726,32.10070546691614,362.477055715397 35.059265954704586,32.10064090148151,361.33277958165854 35.05945159695755,32.100523807357,361.78675437159836 35.05964174246535,32.10040163095262,343.81058533489704 35.05977153835252,32.100373703639875,334.5814241608605 35.06022777099004,32.10046648313412,317.448296809569 35.06025924793139,32.100451614772076,316.9481507539749 35.060544989167894,32.100337293597654,307.7253717435524 35.060918438419236,32.10038636938392,294.1751941666007 35.062275223242224,32.10067871883905,138.75426381733268 35.0625190476388,32.100683100725746,113.9753438020125 35.0633158152786,32.100566410903305,134.60268614813685 35.06342699329612,32.10053111427256,140.84212800022215 35.06355634675754,32.10045123067909,178.96781819779426 35.06427682186515,32.10017874300235,260.5121679203585 35.06383768715072,32.09973812352944,338.40493488218635 35.06407654906996,32.09966228944689,351.81112371757627 35.06408343782974,32.09966010238912,352.1977597055957 35.06407654906996,32.09964789332407,350.8096837019548 35.06420480078756,32.09964702090551,330.3876102929935 35.06427961468981,32.099666181296946,319.8429977791384 35.065955603913046,32.10031218593629,-15.84300658479333 41.44730807566273,36.4863793533457,-2296973.7272962583 39.772893789575406,37.179997401274335,-2362091.7601145734 40.29880860583353,38.403549978598164,-2470762.053934488 40.29916170135291,38.40256997096793,-2470995.3953131144 40.29472953554914,38.4044119296557,-2471153.1169228954 38.84233225704925,37.54716227683237,-2395900.817904835 40.29595495559447,38.40956092788518,-2471593.92204865 40.294847830265724,38.410021035282384,-2471633.3054269846 40.29627253058838,38.410230294648194,-2471736.8452184387 40.29627253058838,38.40857177251749,-2471826.0838092 40.30056278589504,38.41043397659119,-2472071.532644332 40.301669947801415,38.40940107267244,-2472062.9570846423 41.22994635370315,37.77098639397081,-2451484.5090399696 41.23367543857701,37.77062745713875,-2451479.4997694013 41.23367543857701,37.54127982529665,-2463531.4733812613 42.93762698442935,31.95278979822689,-2647943.12020943 43.9288741852537,31.580498998585654,-2730206.145337689 43.928559438181296,31.580635424842285,-2730220.1773511814 43.928559438181296,31.577266020196177,-2730351.130926689 40.04478195569436,31.333623713415612,-2706029.0295808585 40.03720185193805,31.328837993140798,-2706000.1251462204 40.0381740388962,31.332821136336634,-2706416.5523657124 39.453944411100835,31.55089221032628,-2729045.1451119524 38.629297474380174,32.058985438913254,-2685890.476829801 38.629297474380174,32.058985438913254,-2685890.476829801 39.46026700625458,32.39379502475327,-2696104.3515838925 40.04091620644716,32.17590176964607,-2673738.321919107 40.041789303437184,32.18150348750273,-2673464.427494848 39.00439142772019,35.958844368208595,-2419392.8539650943 35.07403571764892,32.097573428440185,13.18194692954421 35.073935969156565,32.097594033727226,45.253530140034854 35.07363253831346,32.09746102652535,159.9722914705053 35.07362510078076,32.09739590561457,171.48525681067258 35.07397325718443,32.0972853366062,191.03327258117497 35.07425357455883,32.09719631132056,206.77257649507374 35.07450115573443,32.09710007641158,202.82498488482088 35.07487240691741,32.097067257605396,229.58890722412616 35.075065117204744,32.09710630887784,201.72310407366604 35.07554938267646,32.09739755673131,146.0283039668575 35.0755981861482,32.09740355145979,144.96847610082477 35.07603900150779,32.09727660805532,119.85956937912852 35.07644868550429,32.09739554075769,70.03682746645063 35.076688608903446,32.09733724185255,60.985309953801334 35.076592548737786,32.097381081931545,46.202778357081115 35.07678118588822,32.0973211672969,56.79514818545431 35.07697540829152,32.0972594783082,67.70125194545835 35.077324102922894,32.09692841878181,123.64010279532522 35.07744867753963,32.09692413509512,120.1820635329932 35.07762890867812,32.09686688899559,130.3029558248818 35.07781755448594,32.09675632580812,137.3740306245163 35.078036627200696,32.09668674181457,149.67633361928165 35.078172163488716,32.096641581112245,152.32879353314638 35.07865713659002,32.09653953853028,131.27065690793097 35.0791575375319,32.0963850498993,131.84644093178213 35.07935270253181,32.09635768447606,127.54042159859091 35.07936932083476,32.09633223419684,127.07073032669723 35.07966760530053,32.096237485299284,143.82239633519202 35.07971134313635,32.096232133746234,136.5105447974056 35.08012135581831,32.09636062708992,80.3938473565504 35.080358060854294,32.09634716323582,41.90196405723691 39.466094124875134,37.95033789671667,-2435992.5602298854 37.16646167217537,33.72445591819658,-2756660.82201011 37.167698407088714,33.72324077640441,-2756815.05706711 37.16763453725919,33.72255429327595,-2757011.5998269557 37.16629677306205,33.721081123397596,-2757137.561748894 37.168845459034344,33.7187228599992,-2757449.22816739 37.17009453195671,33.71755765734621,-2757602.3470840347 40.06822902503848,32.15153154148323,-2681692.2726426446 40.06822902503848,32.15153154148323,-2681692.2726426446 40.00768053875363,32.67137870536424,-2655791.622497996 40.00768053875363,32.67137870536424,-2655791.622497996 40.07289323941402,36.8490556005275,-2468904.7892074496 39.805269606832866,37.66229017268031,-2442564.5815718495 39.52683378203183,37.99319270147086,-2440891.240116705 40.3190600988339,38.457542489893335,-2481009.4915472036 40.318002623547045,38.457982498236156,-2481046.999292976 40.3182178557747,38.45925376898005,-2481155.3612218117 40.319591407176404,38.45952820841093,-2481250.922424822 40.31746584090848,38.460412658004,-2481326.3048132053 40.31779096525116,38.46065308555036,-2481484.453065895 40.1405540556244,38.533673606608,-2487766.288516558 39.15463776593095,38.90740987685288,-2519146.453836407 38.42577968060007,39.22651565606955,-2545415.000914182 37.58571397991652,38.701820193148734,-2501967.5691934726 36.939721279842274,38.55023265621308,-2452663.6187000526 36.93925498473753,38.55140466884162,-2452763.9218000914 36.93780269778665,38.5519404350554,-2452809.771456872 36.93925498473753,38.55141298435857,-2452763.4698748277 36.93780269778665,38.5519404350554,-2452809.771456872 36.93682375655002,38.55130156993288,-2452755.0986675755 36.93636153003864,38.552444571497794,-2452856.7611624715 36.9315400859517,38.555245367170826,-2453096.4167623147 36.93405148514955,38.558447705067124,-2453370.3838845026 36.93271861318646,38.55897746812109,-2453410.3693508487 36.929766495444476,38.56006631965835,-2453503.508835691 36.930746481437474,38.56070775228272,-2453558.1391336373 36.930746481437474,38.56070775228272,-2453558.1391336373 36.930342007538236,38.56199961748214,-2453658.3518994763 36.9273960006515,38.56308614743333,-2453751.2769265864 35.59160152118046,38.40252557835126,-2439956.2715958124 35.59280802459738,38.28428500668523,-2446465.829562442 35.59280802459738,37.70795458832557,-2477094.3821647842 35.588686045970775,37.708149874570765,-2477111.497495399 35.58989250754446,37.99070963512561,-2462320.560991984 35.58989250754446,37.99068473838312,-2462321.8836514098 38.43931478079836,36.94607864496912,-2368507.1322872746 39.05243858528501,36.70839308558047,-2346342.7702283915 38.50607780091498,36.669747505747814,-2300024.22798954 35.09489262238666,32.09329799247624,264.4960001045838 35.0949366204334,32.093231614664255,276.2332579223439 35.09507616622236,32.093187265300415,284.07536384649575 35.095154274889325,32.093162441322015,288.4648905172944 35.09520876947766,32.0931615197405,279.75921734888107 35.095352587516345,32.09314021335173,283.52674319781363 35.095527528161746,32.09308461426453,293.3581386366859 35.09566268692958,32.093149507205425,281.883346542716 35.09618406952807,32.09304517156952,300.33267681486905 35.096747823014894,32.09291394559938,323.53711881209165 35.09689568099715,32.092903490245796,329.0023764008656 35.09742576806419,32.093113812251715,291.8115815836936 35.0976568450534,32.09315934039525,276.58525165822357 35.0976945138225,32.09314736762384,278.70234871841967 35.09789021343557,32.09309104659872,288.66139188595116 35.09811779655588,32.093077921551824,299.2116406047717 35.09926862636109,32.09295701434089,337.4774618698284 35.099429023727915,32.09308177355014,355.43920621462166 35.09986655672698,32.09295353199508,380.38200429454446 35.09986655672698,32.09295353199508,380.38200429454446 35.09989987852026,32.09297516977164,376.6035886798054 35.10015710903231,32.09314070634415,347.33192536607385 35.1003627095721,32.09307535134771,358.88854427821934 35.101412059127156,32.09315444309102,311.8301423676312 35.101902385533236,32.09305864165103,328.77047041710466 35.10214537065409,32.093132267692276,311.075375857763 35.10237434862014,32.09307845553906,325.2668215120211 35.1024994603083,32.09303868264875,332.2997842421755 35.102738381566716,32.092854798076644,376.73094803187996 35.10290971338761,32.09336039612429,386.8058289512992 35.10307904155245,32.093339463131585,398.6125032035634 35.10332459644441,32.093353253248,403.80454060435295 35.103595949291886,32.093235992967486,430.41310875024647 35.10413909709527,32.093118150900324,451.25116409081966 35.10424790844704,32.093070881456875,453.73628425225616 35.10434830887035,32.09313548235121,442.31283922400326 35.105060328989246,32.09348516786921,353.76018321793526 35.10506836340969,32.09333800911917,342.2522275149822 35.10514193339765,32.09331461886783,346.3882474536076 35.10514193339765,32.09331461886783,346.3882474536076 35.10556335365077,32.09345455587276,359.17318053822964 35.10649846143575,32.09368413452547,424.47015718277544 35.106817439611696,32.093676153401034,434.3067425331101 35.107361945698656,32.09356432677864,469.1843065256253 35.107361945698656,32.09356432677864,469.1843065256253 35.107617476783744,32.09372872581316,440.11402962356806 35.10770045176958,32.09381132515508,436.1933104870841 35.10828208241564,32.09421310120068,371.9451316818595 35.10828208241564,32.094221111327215,372.50222539901733 35.10847072619969,32.094177529306776,384.24944248702377 35.10860122598094,32.094221538568796,376.467650109902 35.10904734161963,32.09449595947518,430.5027264794335 35.10909235885614,32.09454763031057,437.6231989497319 35.109305856337265,32.094619732496334,429.6349822487682 35.109305856337265,32.094619732496334,429.6349822487682 35.10940299303796,32.094682223307096,418.58536761347204 35.10950688382247,32.09488687863065,416.35299021564424 35.11082945025092,32.095607167214496,290.72923634853214 35.11203143707825,32.095769880965875,269.58150761481375 35.11226208140002,32.095807193590964,290.24752026051283 35.11207193819315,32.09590659851552,272.6719713341445 35.11240190968777,32.09595474768599,278.3508010925725 35.112406068896725,32.09593495281173,310.414927624166 35.112879294974384,32.0960247842919,300.21431935671717 35.11295875244789,32.09618390900352,312.0481881098822 35.113157016863425,32.09624140584296,331.5818246733397 35.113478551737316,32.09634960369502,320.95182650722563 35.113561027767254,32.096303901487794,367.5844344208017 35.11383852339612,32.09641927011402,397.35207557026297 35.114152120837716,32.096503885121884,384.46040136460215 35.114270328936925,32.0966426581293,403.3752095354721 35.11470801256227,32.0967807111587,381.56150581501424 35.114794105319085,32.09690426570876,379.32359756249934 35.115144858342084,32.0969679585562,404.2364630252123 35.11538540109436,32.09709466230995,405.46196368243545 35.11560050607935,32.097201781772576,403.3568303016946 35.11576170700958,32.09731654192251,413.3684762530029 35.1158978145461,32.097354455842215,426.6713170707226 35.11624985997971,32.09751664367507,442.3853750117123 35.11638899399689,32.097578464657246,436.03785962145776 35.11660892031454,32.097837735529446,419.23425261769444 35.11708636533626,32.09816630829646,391.5142084080726 35.11716344088903,32.098283049431615,387.422028795816 35.11744157361212,32.098378889959605,376.97387738339603 35.117510223651934,32.09842304396501,369.16776676662266 35.11772677330635,32.098500462008886,375.11516351345927 35.11798788657025,32.09879614859742,358.6528037087992 35.11835929384707,32.09880659646509,388.4860495906323 35.11858658602586,32.09891381721079,413.75722249317914 35.11851804040924,32.09871657654367,452.1586778117344 35.11918622803518,32.099048359119,527.6051997328177 35.11941634761718,32.09901622383227,543.4050017204136 35.11950019217873,32.09919894219494,547.1879062848166 35.11959196810646,32.09917066848413,552.4139411756769 35.11981849645206,32.0992770999539,553.0563765214756 35.119935218976664,32.099469293548864,547.9329229444265 35.11992514463958,32.099581056870974,528.1743160355836 35.12000738630442,32.09963641513871,518.9951757127419 35.11983879716885,32.10004052733165,447.55377271026373 35.120188017701196,32.100329849820795,412.3520301701501 35.12033833261849,32.100527773533145,402.3059965465218 35.12040778037812,32.100589635503546,395.6067706933245 35.12110491702457,32.10094279396409,438.63430645223707 35.12110491702457,32.10094279396409,438.63430645223707 35.12110491702457,32.10094835275325,439.0210182312876 35.12119388128601,32.10096507869861,447.15740982070565 35.12166513073154,32.10123031468178,430.6024132091552 35.12191156502795,32.101352448655035,423.9241527216509 35.1224349585349,32.101602179834785,449.82687182351947 35.12269897527392,32.10165557620957,440.44708834961057 35.1228042167191,32.10178909040009,457.98472109250724 35.12289677976629,32.10178849933981,465.1989501947537 35.123123197108534,32.10202098501326,481.6580531159416 35.12336216653973,32.10215745596895,483.3493373952806 35.12358079758895,32.102318281251186,482.1633613733575 35.1237866774386,32.102426795130434,482.64546871278435 35.12401357354158,32.10259578644478,486.5379425920546 35.124247320110335,32.10272166725132,481.81840919330716 35.124451942300006,32.10286713106942,484.7773562287912 35.124602839352676,32.10295612231586,486.59289133083075 35.12515371719154,32.10305590796935,520.0894520003349 35.125197310615256,32.10308394036536,515.1343066468835 35.12532129366998,32.10316366648353,501.0415730085224 35.12550067653923,32.10329809252083,506.18300490733236 35.12566639531159,32.103369668511085,510.6404597600922 35.126313807165374,32.10380317054578,465.0353243947029 35.12644094323857,32.10416427865197,473.1469757957384 35.126619189943405,32.104214097996916,473.93521884735674 35.12670476116972,32.10424252236685,482.62117733899504 35.12674628627388,32.10434200754246,492.7984148282558 35.12695451328051,32.10452460585207,491.4335381137207 35.127162243783495,32.10462899830914,494.77001663297415 35.12725164878915,32.10469078652496,506.0781287336722 35.12738109388793,32.10473036562419,509.85250652581453 35.12785826490666,32.10470996709166,524.5637593409047 35.12840504265923,32.104791780337465,538.2131248386577 35.12913676255983,32.10501110646524,518.1491986960173 35.1292958506093,32.105214256383874,517.641142831184 35.12950314853653,32.10547504998269,519.6181694203988 35.12957928590368,32.10564484638249,519.3740740539506 35.12971746285321,32.105667315157284,531.7710170224309 35.129761957262104,32.105745210211374,540.679606936872 35.12990369986382,32.10591582742413,530.10235369578 35.13007263455765,32.10604158636809,528.5817891517654 35.13034087619604,32.10620440817698,504.86246081534773 35.13060528352249,32.10631652694011,503.72498580347747 35.13074812028379,32.10646740650598,500.9994944483042 35.130919977966705,32.10654830211469,501.88785338401794 35.13153211177105,32.10659130235102,537.1091460594907 35.131869849512725,32.10655506398368,548.6863782247528 35.13207578796018,32.10674727424501,548.8823563773185 35.13233697440658,32.10686804709463,548.1145228324458 35.13262795574173,32.10697643208707,545.967182809487 35.13272594313402,32.107146293515775,542.2694670138881 35.132954304143375,32.107258929966335,544.9698728937656 35.13321080541326,32.1073682459629,545.3285677265376 35.13346038576408,32.10747186416415,543.5234288610518 35.133639860846316,32.107625209855435,539.1895677512512 35.133825781114325,32.10775996060952,537.1793885398656 35.13409277450017,32.10791635047363,511.35320871695876 35.134284359758276,32.10804779763468,505.62792496569455 35.13444991712841,32.10816152191339,502.7346715927124 35.13468575452928,32.10827279831966,505.02845837920904 35.134920949174834,32.10837988636141,507.97841898165643 35.13518085598434,32.108492071673375,508.463014584966 35.135366994696724,32.108642168225636,507.5666253902018 35.13560976782318,32.10867790309173,507.3022411065176 35.135834979674705,32.10879043281781,513.1381295192987 35.136052661025445,32.108885527348946,516.8782389545813 35.136201414566365,32.10898115265735,499.97888573724777 35.13629375688062,32.109040514164356,489.4882956650108 35.136362143719666,32.10902980406927,494.10603699460626 35.13654232416135,32.109115213234794,498.6642856420949 35.136840442442406,32.10917897450935,487.39621430356055 35.1377203323018,32.109695008682465,393.51914207357913 35.138639320631206,32.10948521954767,430.5925600202754 35.13874527744523,32.10962975508517,423.9495159769431 35.138911258659455,32.109666782512654,417.4795438544825 35.13925843744422,32.10961312317576,426.96208631340414 35.13970909684112,32.10990249671973,375.7517078043893 35.13970909684112,32.10990279479316,375.77245109248906 35.13955248039226,32.10978761856069,401.3549945652485 35.13955342997597,32.10980182667315,402.41823050379753 35.13955342997597,32.10985931982039,406.4192542862147 35.139585690715236,32.10979851999429,420.9124988857657 35.139577746574695,32.10988272794814,437.99686100985855 35.13972495889264,32.10975697578622,461.72001656517386 35.13972495889264,32.10983292254121,467.0052937315777 35.13972495889264,32.10983292254121,467.0052937315777 35.13972495889264,32.10983292254121,467.0052937315777 35.139635575419746,32.10978419989201,477.7657935656607 35.13965811334734,32.10978995633545,474.5981808556244 35.13976132846542,32.10992624488866,446.8916338440031 35.13981957280355,32.10995737368196,439.8367762984708 35.13983298217894,32.10995310372905,440.59134454187006 35.13967051069177,32.10977130345392,474.2724373396486 35.13970499622198,32.10982900522852,480.99278943426907 35.13974360203401,32.10977214954809,474.12291724886745 35.14007772031598,32.10991664649421,454.8530875518918 35.13996971352666,32.10989326799649,475.86132240016013 35.14007287274581,32.1098604187705,481.66635319869965 35.14007287274581,32.1098604187705,481.66635319869965 35.140202962568274,32.10994403514348,466.88990755937994 35.14040638689172,32.1099488485545,456.0404013674706 35.14055886443747,32.10997000356982,469.47206697333604 35.140694883619666,32.11003047608857,465.19843473657966 35.14083682789561,32.11004171012618,466.64721509534866 35.14103929885766,32.110105565706576,465.16934933234006 35.14112529529649,32.11004545340211,465.9857185482979 35.14124692118891,32.11004628802099,471.6418822677806 35.14136040658634,32.110052482327035,470.5472490359098 35.14149778640817,32.11014078047169,454.9435995640233 35.14178283549511,32.11017119670528,427.2727994443849 35.141960380189666,32.11011465660912,437.264244183898 35.142105469196906,32.10994740527441,434.1439382629469 35.142346969834676,32.10993283374575,436.71895751263946 35.14275965879911,32.10992630455783,430.56429379153997 35.142770477619656,32.10990459589567,429.19378918223083 35.14294268679409,32.109950754999154,421.03675591852516 35.1431454283358,32.10993280177577,423.3152282135561 35.14338682657315,32.10989442344142,428.1848303107545 35.143606872159545,32.109940239416055,420.0232932968065 35.14381985194948,32.109845960007846,429.127824395895 35.144065910908644,32.109895708624975,419.89015813171864 35.144305106125415,32.109867067717396,424.95145994704217 35.14452054963431,32.10983036458945,429.5830378886312 35.14472590149207,32.10979424224543,428.9228179100901 35.14485828042478,32.10978576456812,430.3341666450724 35.14519087470836,32.10979207569084,419.9445840669796 35.145270305958675,32.109808916190666,412.9055430172011 35.14578591441825,32.10979622885909,347.4902048725635 35.145862659857684,32.10977737874984,345.93641246668994 35.14614282353211,32.109800038151796,336.6591724259779 35.14617683462896,32.109808132093114,335.2288600495085 35.14625507413465,32.1098357669348,330.34540369175375 35.146688925292196,32.10973031905939,348.97954078018665 35.146929713703635,32.10972618353931,355.36446579732 35.14705320385171,32.10978674423574,361.0351713541895 35.147180932389126,32.10977602153917,364.9676034729928 35.14803592689061,32.10953642030873,407.3090605791658 35.14830986095228,32.109541170567745,406.4696055520326 35.148416379557524,32.10955831754334,401.40184811130166 35.14879829121673,32.10963861917305,346.5466920863837 35.14903016343926,32.10962210090451,349.4657257599756 35.14916581016768,32.109704505651926,334.9035635339096 35.14916581016768,32.109704505651926,334.9035635339096 35.14956436056767,32.1096246045438,360.61290195491165 35.1497414007766,32.10957923959116,371.34644371271133 35.15050296488715,32.109562227832505,446.6672360841185 35.1507442801955,32.109554058029055,467.5460995724425 35.151050372854655,32.109438932065196,557.6380532989278 35.15139191515459,32.10953651447198,591.228732614778 35.15140173253615,32.10955493724456,595.7423049882054 35.151422222986085,32.10962001234526,601.8788982788101 35.15179540167389,32.10951112158422,621.1224269876257 35.15202983425783,32.109495158320556,623.9435184495524 35.152303416296675,32.10949287811506,623.5148135023192 35.15253868711582,32.10944877962983,632.139762156643 35.152765470352485,32.10945666332147,629.9148471234366 35.15318957272983,32.109490456298815,623.7313837436959 35.15335839254473,32.109464999513776,628.2302149273455 35.153761649441314,32.10949753717206,622.4800230981782 35.15386477709751,32.10951693410167,630.5675775213167 35.154106849202684,32.109522223348556,631.9356805216521 35.15442368558602,32.10957769935334,637.6752492049709 35.15483357081788,32.1096385370831,627.7851421190426 35.15517032011198,32.10972019669908,617.1241263952106 35.15539551456643,32.10968989759414,630.6106680082157 35.15562416903144,32.10967133635006,636.0354816429317 35.15589278499582,32.10969750355106,639.781051741913 35.15626734928614,32.10971898315849,635.9851109506562 35.15654479949317,32.10979433804466,627.5129401329905 35.15681797246746,32.1097823291436,624.7904495848343 35.1569528587002,32.10984210465665,614.2268141889945 35.15712317052074,32.10979097934887,618.9366140402853 35.15868345114107,32.110312503565645,496.19324313662946 35.1589608052074,32.11007657076358,439.6848591817543 35.1592767348659,32.10997589704682,457.4754725722596 35.159541797962675,32.109891431622074,472.40192015003413 35.15935591431761,32.109965216885534,524.8051160620525 35.16003932154973,32.11001704839876,490.9386914987117 35.16009313978158,32.109999898157234,493.96942923776805 35.159439954294264,32.10954430910203,599.1881828326732 35.159489777114395,32.10952843255812,601.9939355459064 35.16069125830988,32.11006908884471,481.74228567723185 35.16083975364215,32.11002176662069,490.1049024909735 35.16122540448625,32.109974543506205,487.4976754318923 35.161531190394896,32.10986482868072,503.86509542074054 35.161519373891174,32.109760718001596,525.2845468465239 35.161519373891174,32.109760718001596,525.2845468465239 35.161483658062714,32.10982415376103,544.4765811432153 35.16152638306767,32.10981053791308,546.8827696712688 35.16229290167408,32.10981035148744,559.8661523452029 35.16224427767408,32.109868804429325,571.6259021358564 35.16224368465492,32.10984943050893,575.9697728296742 35.16239797797944,32.10980025794134,584.6595789343119 35.16241149238881,32.109795950950236,585.4207143764943 35.16282716091959,32.109757836049454,615.3982322299853 35.16322246023148,32.10985296457492,653.0502879172564 35.1633662287883,32.10981172696431,661.466636438854 35.1633662287883,32.10981172696431,661.466636438854 35.1634332637956,32.109854777102015,653.8586997324601 35.163448685828484,32.10986009875849,651.7895178832114 35.16367210789895,32.10988089783603,643.67155257985 35.16371860353397,32.10983385349066,644.047634693794 35.16386919014107,32.109748796342096,649.9498576773331 35.16408786123024,32.10961426803844,657.7542741876096 35.16414923090996,32.109584187088814,665.2148596951738 35.164200569657964,32.10956459968964,668.6764374747872 35.164200569657964,32.10956459968964,668.6764374747872 35.16420936114585,32.10954730351381,671.7331031793728 35.164226567378044,32.10950705412537,676.7016346426681 35.16437887975921,32.109381642826456,679.9312955848873 35.1643924665792,32.109332497830586,677.57779691834 35.164467215653715,32.1091787184431,662.7737192185596 35.164539147105195,32.109134708756486,665.3580657318234 35.16462932481975,32.109098061839184,671.8345984052867 35.16463755226014,32.109081875478616,669.4067479679361 35.164638013551595,32.10906412408293,668.2076045675203 35.16466260352261,32.109042683666225,662.8259182022884 35.164674918183415,32.10897917316605,656.458191617392 35.1646504337586,32.10891799530087,660.9606125252321 35.16472150266506,32.10882061450507,642.9422140922397 35.16508421189752,32.10900859256277,552.3424975592643 35.16508421189752,32.10900859256277,552.3424975592643 35.16508421189752,32.10900859256277,552.3424975592643 35.16447845885549,32.10859220049863,630.8045448521152 35.164612149380744,32.10848781594775,649.2525347163901 35.164474295855875,32.108189192112285,650.2768015842885 35.16437132438376,32.108258135954,671.3625797675923 35.16433945068177,32.10818534298687,684.2275908375159 35.16433945068177,32.108050275002746,674.8282517222688 35.16437369409,32.10787340903688,644.7757337521762 35.16428736498902,32.10775657377826,650.3008665787056 35.164246897776486,32.107740336890856,645.9940669508651 35.16421700746784,32.107576760829666,632.2645861953497 35.16447320714922,32.10759628048364,572.0325441109017 35.16445882973958,32.10733883626694,552.9891644278541 35.16393482193794,32.10694943674636,608.7794457161799 35.16393070143267,32.10690826859805,606.5665184985846 35.16393482193794,32.10673574892874,593.9098978498951 35.16394507874755,32.10659569162812,585.9445018470287 35.1637569517793,32.10636771993206,611.0557350916788 35.163907454062404,32.106135657704286,622.011351342313 35.16381010765741,32.106073146439726,633.0600491110235 35.163731327110604,32.10588212079181,644.824361672625 35.163805720687925,32.105741063458375,652.6242742910981 35.163745134193505,32.1057021578028,659.5008767032996 35.163565477277785,32.10548714720816,650.644748118706 35.16349353366576,32.10545584444162,652.778032919392 35.16338093050742,32.10525249197707,656.4405352603644 35.163361930151396,32.10498091459802,647.6183956321329 35.16335818668955,32.10497618159056,647.8812305228785 35.16322770113228,32.10489000968514,662.5263239247724 35.16321351186869,32.10467013074434,650.9701912570745 35.16327125036737,32.10450465002755,653.243251121603 35.16340587522819,32.10431167685326,671.8662959299982 35.163180491950556,32.10424232881758,649.3478888086975 35.163180491950556,32.10422334979288,648.0273504909128 35.163180491950556,32.10411598361424,640.5569610204548 35.16353924081192,32.10410074567268,554.7677266830578 35.16350300365151,32.10401054248203,545.4363073827699 35.16343800941525,32.103855888361785,529.5737992534414 35.16341487258736,32.103790142022,521.2251230273396 35.16341487258736,32.10375979228716,519.113504357636 35.163406599916684,32.10373378148636,518.612362398766 35.16340237968129,32.10367980033283,522.9582465952262 35.16340237968129,32.1036460496173,520.6100103203207 35.16340237968129,32.10359387400591,516.9798531839624 35.16334710420242,32.10349689003087,519.0738752400503 35.163420751251934,32.103238702071366,509.3109967466444 35.163420751251934,32.103238702071366,509.3109967466444 35.16333688312455,32.10326542856053,504.5867311153561 35.16341642878342,32.10323592647405,509.8016213038936 35.16341642878342,32.10323592647405,509.8016213038936 35.16316944610187,32.103077330355845,537.8357913047075 35.163138628655794,32.102867726613674,539.1351585751399 35.163138628655794,32.10270372666609,527.7250839816406 35.16313249214245,32.10265788018194,525.5060904901475 35.16314130037696,32.10262730009451,523.0184409143403 35.16345269922947,32.102417706756945,532.8816274777055 35.16345269922947,32.102417706756945,532.8816274777055 35.163600773143145,32.102370520052524,541.2228265628219 35.163676267367215,32.10234219358023,546.2301128376275 35.1636896366822,32.10231468196754,551.0933649474755 35.1641783638684,32.102020797395845,569.0139402253553 35.16424974664193,32.10172057469367,557.8007453968748 35.16424974664193,32.10160589807659,549.8225978594273 35.164401671979206,32.1015574832654,558.3811809541658 35.16443427892911,32.10155214353962,552.8520230278373 35.164444577901335,32.1013604874977,537.8894212199375 35.16473638130727,32.101180182529696,541.3534766007215 35.16483936798033,32.10113258705612,541.4098793147132 35.165105205776555,32.101138434263156,536.5500738723204 35.165105205776555,32.101138434263156,536.5500738723204 35.165340852315175,32.100906228911064,533.0178990913555 35.16543344391515,32.10084045924721,534.8036560760811 35.165442058591495,32.10084570555351,533.8060454521328 35.1654777856459,32.1007943486152,527.7761424668133 35.16570154109608,32.10080162811543,499.1729555167258 35.16643024395363,32.100649303522296,392.0208706604317 35.16677216822851,32.100540333393276,411.2844605240971 35.166786208819985,32.10053585867824,412.0754974875599 35.166786208819985,32.10053585867824,412.0754974875599 35.16731349974002,32.10031223650268,547.7713726963848 35.16739626091279,32.10026890171015,561.4813696872443 35.16754573412695,32.10022126384337,569.9030575472862 35.167731071301205,32.10016219563847,580.3455013642088 35.168057889718675,32.10007499398158,589.712532626465 35.16843401213869,32.10019358796839,566.6555833332241 35.16907646492156,32.10028436412601,514.1942421467975 35.16907646492156,32.10028436412601,514.1942421467975 35.16913219432948,32.100320140485294,507.8695661276579 35.1691990072722,32.10033764989666,504.4010863536969 35.1691990072722,32.10033764989666,504.4010863536969 35.16973355823646,32.100627059182074,453.23886651638895 35.16992901333951,32.10064798554713,467.06826989073306 35.170163100623654,32.100573373165616,480.2582857105881 35.17017311568952,32.100570180976824,480.8226039716974 35.17017311568952,32.100570180976824,480.8226039716974 35.170912435768955,32.100512847920605,537.8604855937883 35.1707577006153,32.10083427485006,608.3102153427899 35.170813858588964,32.10091111581085,618.065743570216 35.1709656636956,32.10086272810796,626.6198559040204 35.1709656636956,32.10086272810796,626.6198559040204 35.1713057511143,32.10087986567614,631.7063530758023 35.172169176465594,32.10143410881133,533.7273470144719 35.17231028301418,32.10141048809667,509.7708332883194 35.17251001684501,32.10163276238582,458.69911481346935 35.172638547846375,32.10171526614841,444.1147064305842 35.17270145211959,32.101755644159496,436.97700772155076 35.17276098226394,32.10177145907224,442.75200922228396 35.17276098226394,32.10177145907224,442.75200922228396 35.17283809025257,32.10183156986767,452.98904945142567 35.17349004767851,32.101821641558864,528.0704756304622 35.173482800988374,32.10176517652598,540.7076562158763 35.17292780510328,32.10173975481299,639.0880196802318 35.173190454846385,32.101722063231904,675.2975077452138 35.17326150252886,32.10177976630237,668.0773998834193 35.17320760143524,32.10189164570042,645.3191343164071 35.17320760143524,32.10189164570042,645.3191343164071 35.17320760143524,32.10189164570042,645.3191343164071 35.173728165842704,32.1023472525011,492.3493002746254 35.17375596113613,32.10234823839777,488.0228784829378 35.17383787376406,32.10237429430371,476.88359443936497 35.17399673934302,32.10239181769983,452.98304710444063 35.17409226777222,32.10244040348794,444.39465856924653 35.174191916355475,32.10244335033009,443.8737535253167 35.174309429421655,32.10250899099228,432.2706637503579 35.174501860789015,32.10250541032153,447.13366441521794 35.1745531660261,32.1025415905527,453.6799495173618 35.17462103805653,32.10252456028037,457.8253263588995 35.17543669310281,32.102666457753465,542.5427235281095 35.175440984094884,32.102712132752494,546.0574940564111 35.175440984094884,32.102712132752494,546.0574940564111 35.1754746001674,32.1027945916776,554.4345728345215 35.17549953459279,32.102810595603216,551.6055945996195 35.175745719488354,32.102968606493484,523.6745234159753 35.17585849341031,32.102962247223786,532.0890810796991 35.175949028156374,32.10305433044403,545.6061321189627 35.17654827784434,32.10304768625701,524.0762361492962 35.17668735924964,32.102999661749806,555.2697076005861 35.1766905967562,32.10315626517313,565.6534826233983 35.17684971249721,32.103105534247646,574.6209856476635 35.17689893496235,32.103096125711666,577.8323863446712 35.17712537440585,32.10317005993803,574.0120453434065 35.17723928099592,32.103133742494016,580.4317367849872 35.177322320827656,32.103112820121154,588.2869924660772 35.17743535655046,32.10309473263531,595.9067202657461 35.17744714116521,32.10310229596851,594.5697731180117 35.17763965717482,32.10303938504089,608.1024103499949 35.17706175690575,32.10305166834106,729.931855388917 35.177335412122176,32.102964417561196,745.3553069205955 35.17764311789377,32.10286630937932,762.6981445048004 35.177772323728256,32.10288769159602,749.3374849176034 35.17785322931288,32.102921881717315,742.1667175767943 35.177880736024065,32.102913111419284,743.717063059099 35.177868063261975,32.10293140192841,740.4838092848659 35.17790101235374,32.10292460930346,741.3113010562956 35.17791586137893,32.10291144031758,738.0473839929327 35.177977031400516,32.10293468687804,729.9936796743423 35.17811751579674,32.10289210082876,715.4546769671142 35.1781236260648,32.10289602226939,714.7614774173126 35.17869930068095,32.10299822822426,630.8595647625625 35.17877450167851,32.102962682849906,619.6223590457812 35.17877450167851,32.102962682849906,619.6223590457812 35.17881740091576,32.102956380987955,620.7363301506266 35.178923968794024,32.10292240138044,626.7428647056222 35.179117158979494,32.10287354266549,619.8467518743128 35.179412276013494,32.10285214151484,604.299962490797 35.179786480750124,32.10273282186173,625.3920448897406 35.179481540100426,32.102865428697065,601.951203498058 35.18002083766661,32.10270918958066,626.1691952375695 35.18005112205926,32.10272773821792,622.6721320832148 35.18015955313111,32.10266495777082,633.9880833020434 35.18005112205926,32.10273665087346,623.2922254884616 35.18022179599835,32.10268850970658,633.34952148702 35.18023559881199,32.102697367338635,631.7837513964623 35.18057903675054,32.1026223028066,643.5056299986318 35.18059414675723,32.102688724437975,653.4865690022707 35.18061178024814,32.102700040160485,651.4862743029371 35.18069370684145,32.10273931425386,641.2674641730264 35.18066626392418,32.10268266674968,654.5573949031532 35.18072540335345,32.10275965440399,637.6719249105081 35.1807716743848,32.10278934722201,632.4231182476506 35.18083065925862,32.10282345674398,639.4297520183027 35.18098561057219,32.10292289091332,621.8528288723901 35.181154879199546,32.103000767136145,623.8853470562026 35.181154879199546,32.10302752731759,625.7471938272938 35.18127688527548,32.1031373615526,622.1809830758721 35.1815404803051,32.10330651158874,592.280937503092 35.18163261642921,32.10334321068706,585.7938137957826 35.18170246843916,32.103361914725554,592.5824198499322 35.18170246843916,32.10350651688155,602.6432749172673 35.18228293023602,32.10333385387274,641.0082599185407 35.18244915059511,32.10328084663316,650.3781854715198 35.182774419188426,32.10343243959338,623.5816551912576 35.18278133025317,32.103436874243336,622.797762485221 35.182903965259364,32.103515565793934,608.8878568708897 35.18341721762225,32.10395420581955,558.2782971262932 35.183393527642075,32.10381340079087,545.6960655162111 35.18346736909898,32.10386078210408,537.3209261754528 35.18346736909898,32.10386078210408,537.3209261754528 35.183393527642075,32.10384590965554,547.9579224986956 35.183554002353574,32.10401644544849,560.5118010807782 35.184526947695936,32.10383174931889,634.0015372959897 35.184599374208126,32.10384885296869,630.9782465938479 35.18463335209082,32.103838016509194,632.8937301794067 35.18473486622677,32.10384687384998,641.485445888713 35.18513497228362,32.10413785725326,598.4913289463148 35.185301005934555,32.10408490324232,607.851492212154 35.18556589244335,32.104024590255555,624.4663140410557 35.185893955387165,32.104037778903766,622.1350709171966 35.18608473584602,32.10401148798347,635.2951433332637 35.18599903086745,32.10398238338075,655.560494877398 35.18612993367144,32.10403318673516,669.380235504359 35.18613427004617,32.10403596895571,668.8884429913014 35.186424695051706,32.10396444058184,658.7321120146662 35.186412482537726,32.104207758945805,605.8951951507479 35.186846259545376,32.104069404798906,630.3507381360978 35.18687693631824,32.104065633589705,632.4986526025459 35.18696110743239,32.10406144383133,633.2392400950193 35.186984799028785,32.10407063061969,630.1340605001897 35.18709550499289,32.10404133350398,636.7939722742885 35.18717498411511,32.104045517107096,636.0544718056917 35.18717498411511,32.104045517107096,636.0544718056917 35.187222474337084,32.104075985670896,630.6688052807003 35.18730650190665,32.10406824201925,636.7322568502277 35.18761104182823,32.10413240373047,614.4848420890048 35.187678690084404,32.104110826361925,618.298869188875 35.18781561605244,32.10406715174542,626.0188342854381 35.18847572904356,32.10417154566396,607.5661071296781 35.188772074053915,32.10435542888808,575.063117288053 35.1888742243929,32.10426713861145,576.9466151082888 35.1889630025616,32.104238820158464,581.9521453790367 35.189243083213114,32.10414947953335,597.7439314331859 35.18856248406918,32.104084446568315,709.4368498260155 35.1892971805368,32.10390091099891,754.3978689685464 35.18931758459429,32.10393781157264,758.568726260215 35.189400947091976,32.103916456708106,763.6334952376783 35.189400947091976,32.103916456708106,763.6334952376783 35.18963527595071,32.10406678325796,737.0610010484233 35.1897367272345,32.1040615105884,736.7030680794269 35.190359557612155,32.103795610629845,619.7763794772327 35.190468008214914,32.1038447589098,606.0579562904313 35.190507636181046,32.103824604852036,606.6468357173726 35.191140936974705,32.103543079671844,635.226012906991 35.19134901567919,32.103494205983864,613.8723830822855 35.19150828506639,32.10349992008141,603.9177158763632 35.1915106752392,32.103392008774534,619.4657686650753 35.19169975896517,32.103345452697326,608.2173697128892 35.19198560769111,32.10331731125581,582.1030321633443 35.192141347381224,32.103299390182016,580.5372188603505 35.192230995662854,32.10326478709003,585.1747922608629 35.192230995662854,32.103262972264794,585.0485248733312 35.19312110956586,32.10297233034761,636.4244899852201 35.193241067769556,32.10285876676286,636.3053434146568 35.193241067769556,32.1027942520945,631.8167443862185 35.19327347771826,32.102777233270636,634.8251638971269 35.19336793230394,32.10268420660249,635.7760524880141 35.19381015879586,32.102658560465706,603.1538241477683 35.194040036038444,32.102594081028364,614.2131371898577 35.194475759336385,32.10275165049819,556.3303059805185 35.194986758803104,32.10258862114117,585.1488695377484 35.194986758803104,32.10258862114117,585.1488695377484 35.19468884982498,32.10246534510018,553.1584124881774 35.195100373319896,32.102602565655495,497.68546991609037 35.19546243276096,32.10256896752281,438.14473842736334 35.195557619213844,32.10252397816691,440.01565888430923 35.19593372042822,32.102418602869115,464.7242548437789 35.19594420360677,32.1024006379746,461.81816567946225 35.196336689625696,32.102290033490576,487.45129531342536 35.196448166488466,32.10225446593903,493.7385590421036 35.19605160722896,32.102207848249975,569.2227499233559 35.19601321569445,32.10216264933719,591.9147123852745 35.19567588243388,32.10194630117843,630.159547762014 35.19601321569445,32.10215563863078,591.4269593926147 35.19592819597709,32.101858790192125,643.9023411665112 35.19598832346052,32.101832407751694,648.5661470582709 35.196271632881555,32.10174201732469,664.5451480364427 35.196305979586285,32.10171493993637,663.5875176629052 35.19632125357844,32.10171006671216,664.4489979464561 35.19663832358243,32.10187329481356,641.338262712583 35.196572270628614,32.101871051794866,635.9904765998945 35.197079509841934,32.102058070847804,573.2367942528799 35.197079509841934,32.102058070847804,573.2367942528799 35.197079509841934,32.10204528380492,572.3471729448065 35.19741455292035,32.10205478848124,599.3430865816772 35.19728835883438,32.10217922226658,548.6705108266324 35.19770897520741,32.1024489685768,500.9873694172129 35.19804402090794,32.102458469979055,527.983584814705 35.19903421455801,32.1027995582974,520.4160205414519 35.198507554316436,32.102755732402834,475.4371969010681 35.19893401870057,32.102619652968905,499.4915134496987 35.19918787260619,32.102898096038345,502.99786820914596 35.19918787260619,32.102898096038345,502.99786820914596 35.20023714631026,32.10309156756248,326.47202372644097 35.20050176120083,32.104007637748886,122.2937586531043 36.141757100265316,31.86343114444949,-2186885.684014014 36.13376931794679,30.92564604635102,-2260864.267253464 36.24910705489312,30.631540699644468,-2284646.9051568825 36.24936368370537,30.631695345314462,-2284665.4446551804 37.53288274676266,31.626819937998476,-2355356.25679521 37.55224979457973,31.54578994238231,-2360600.987812863 38.097485566666194,31.915207935961956,-2402015.027232149 38.096761637575895,31.915464622085985,-2402043.4490555907 35.54497007041751,32.786005844352054,-2495710.862285269 35.50330195971184,32.75923319657798,-2492909.3167484673 35.50330195971184,32.369270234637774,-2509655.7184628667 35.50330195971184,32.369270234637774,-2509655.7184628667 37.44473203089937,31.758340658026757,-2443666.1464522695 38.260671589378084,31.575992385590915,-2423443.1271557473 39.17172370141629,31.970511464508046,-2484772.051633218 39.17172370141629,31.80869761104176,-2491563.7114951457 39.17172370141629,31.569470508265365,-2501504.319005955 39.16844915089177,31.56775795922091,-2501755.8215550235 38.26156306383924,31.06199785634605,-2445471.7516490878 38.26010304960744,31.061897098341973,-2445460.3450135062 37.949999425635575,31.169699208147872,-2457619.755876486 38.25646407028408,31.06251776984158,-2445530.60889117 38.25635872263436,31.062677613228107,-2445631.241634761 38.25628560522251,31.06274966278018,-2445726.9314325876 38.258072067570666,31.062036932950946,-2446021.864428673 38.258759041064074,31.061784608224183,-2446092.098638413 38.25953687514633,31.061511320253373,-2446061.1646617837 38.26027980949983,31.061250288288626,-2446031.6174269454 38.26027980949983,31.061250288288626,-2446031.6174269454 35.203311346159225,32.10349372868405,596.9462946942076 35.203294627166315,32.103556802753644,617.3583581224084 35.203644738312676,32.1034450655089,637.1095997663215 35.203708445536634,32.10335521773467,654.0527797779068 35.20381586640796,32.10333135753857,658.2704738322645 35.20410310043671,32.103303085821715,663.2679876033217 35.204575934586124,32.10337342031244,705.3371199350804 35.20467834359261,32.103330222523354,718.1663332069293 35.20467834359261,32.103330222523354,718.1663332069293 35.204769090481044,32.10330125958876,723.286080243066 35.204809717655934,32.10330226464191,726.5502995336428 35.20498444966513,32.10327903497545,727.2147080972791 35.205423285752836,32.103302118031685,690.9913877155632 35.205461668563125,32.10326921511738,685.4176103100181 35.20557685901646,32.10319152428461,659.0414071334526 35.20576086609231,32.10330600651781,637.9449870185927 35.205915936993904,32.10327708941384,611.4417535215616 35.205915936993904,32.10327708941384,611.4417535215616 35.20601709934382,32.10333711787251,599.6412192089483 35.206230508336674,32.10321522494915,592.3776365770027 35.206633193485715,32.10307763579072,614.4670521719381 35.20665382261732,32.103016936859525,627.4284694204107 35.20667633410897,32.10300975157184,628.6986013641581 35.20669938462577,32.10297749152363,663.2114805318415 35.207331540515895,32.10277571589833,698.8795244824141 35.207331540515895,32.102649705558754,690.1123281829059 35.207331540515895,32.10266642387184,691.2755052177235 35.20714252374653,32.10279953340822,739.4203691650182 35.20774572208063,32.10289528212658,650.8199565755203 35.20736810991107,32.10270971184719,744.3564128307626 35.20761834377997,32.10273399998247,706.5271080760285 35.20795261050826,32.10262276931977,725.0726227713749 35.20809724815405,32.10257845208814,734.0238415719941 35.208137954903016,32.102565458579775,736.3207613620907 35.20824700466215,32.10252879938296,741.6840958744287 35.20842580466364,32.1024690425321,752.2476273933426 35.208432334687636,32.10237209258021,746.0158234033734 35.20846622492936,32.10227117492788,745.7958353152499 35.208744712333086,32.10215919980628,759.9043399700895 35.20887761672301,32.10211677622497,767.4039028557017 35.20881175065402,32.102096643880614,776.6490471865982 35.20938748189106,32.101877773304864,806.6955469939858 35.20950360653934,32.10182754101346,796.5071919420734 35.209608027537435,32.10179325950405,765.987316406332 35.20997144350535,32.10167725233833,786.4952098894864 35.21002424854686,32.101440404945194,761.678303077817 35.21002424854686,32.101414452555396,759.8727315180004 35.209590592196285,32.10155385723271,728.7758494159207 35.2095622979958,32.10153572017867,731.9821412069723 35.20949714538509,32.10152014869152,741.1875171707943 35.20949714538509,32.101656089157366,750.6452666148543 35.20955951528784,32.10166845216857,741.656097183004 35.209690346547916,32.10162856028878,749.1691190712154 35.209737447692646,32.10161352505347,751.8270679395646 35.20979570219924,32.10160230533823,760.1532459370792 35.20981483372201,32.101614568872,757.9852781677619 35.20982586192948,32.10172750849224,764.1013076389208 35.20986069215779,32.101716390204736,766.0668101236224 35.209925369309765,32.101763462223616,767.451233475469 35.20994353034227,32.10182798067263,772.148075887002 35.20995582639257,32.10189257587946,774.7004681183025 35.21010996977406,32.102001468331274,761.6784782176837 35.21014803673878,32.10199363820049,763.5556556424126 35.21017201101303,32.102112255045135,768.0224475264549 35.21020703735025,32.10225322047264,769.4068656805903 35.21023432517888,32.102300479323254,768.3857618262991 35.210288801464664,32.10240490120413,767.0483627468348 35.21036134870956,32.10248524222836,760.7392259417102 35.21037314755766,32.10260334742708,767.5359726985916 35.21037479301078,32.10262646288313,768.8844093782827 35.21050290311029,32.10274831175601,766.0333215603605 35.21053130552358,32.10289037268069,771.4323067357764 35.21054245340226,32.103017839665675,778.5406574802473 35.210513498499445,32.10305772077066,774.8074918594211 35.21054245340226,32.103078266239464,782.7449611444026 35.21054245340226,32.103101831253646,784.3845491064712 35.21054245340226,32.103110137257595,784.9624581541866 35.21057017981151,32.10329859893424,878.9776856945828 35.21062803919342,32.103337783328854,886.2543489038944 35.210719182335524,32.103310440232846,891.5196725055575 35.210719182335524,32.103310440232846,891.5196725055575 35.21088677197639,32.103417866368325,872.529622649774 35.21121524499878,32.10375282969471,843.9665249763057 35.21106470863317,32.10376312964022,831.4032763764262 35.211160523496,32.103806857492216,813.9350678324699 35.21173970086589,32.10419535993789,749.5106721287593 35.21174236360962,32.10419382117978,748.983145927079 35.21176510965375,32.104189805075215,750.4925705557689 35.21185220053286,32.10421366483425,751.7638313183561 35.21193694505409,32.104238842878196,747.3132716463879 35.21202407036405,32.10424898630941,754.8710874803364 35.21202407036405,32.10424898630941,754.8710874803364 35.21210807558938,32.10440699192492,772.4718615384772 35.21231161358316,32.1043186435664,795.1994318040088 35.212292060213194,32.10455561341814,822.4360208949074 35.21171723343783,32.104582922501024,915.1048940345645 35.21197554525445,32.104500455811575,929.6822153385729 35.212292060213194,32.10455561341814,822.4360208949074 35.212164525803914,32.10442262393583,894.425182425417 35.21197554525445,32.104301489740024,915.8377012852579 35.212164525803914,32.10433791891891,888.5312474947423 35.212407857253645,32.10451139248098,857.8670882051811 35.21211597604094,32.10460679544586,841.0032759280875 35.21208245287819,32.10461749791244,839.1114715021104 35.2121136665297,32.104646495314945,844.1303558722138 35.21211597604094,32.10460679544586,841.0032759280875 35.21211597604094,32.10457978778767,839.1240317253396 35.2125081175297,32.104520563590995,866.3905539540574 35.21251811197909,32.10381261858854,991.5332262720913 35.21337635550389,32.103625706936185,1053.8201103853062 35.21337635550389,32.103625706936185,1053.8201103853062 35.21249223942234,32.1021953459262,1386.0800411067903 35.21258667863249,32.10230717339947,1401.6294305594638 35.21258667863249,32.102490211118436,1414.365593265742 35.21249223942234,32.10291477331104,1436.1396929770708 35.210995617114285,32.10401414263552,1144.9574883840978 35.21177622738341,32.104674585479316,1028.209626717493 35.21094715011853,32.10478030257896,1009.5222696419805 35.210989999070705,32.104497093656555,954.0246392060071 35.21120158524132,32.104632723128724,930.0498834997416 35.21181304185848,32.104982730721,856.2910557202995 35.21181304185848,32.104982730721,856.2910557202995 35.211585654907665,32.10515219778918,826.3360005319118 35.211921117317715,32.10536723082057,788.3271759701893 35.211921117317715,32.105415497611226,791.6857489049435 35.211597571556474,32.10544598049648,763.5457143951207 35.21158048452319,32.10555755245691,743.824820314534 35.211550622136734,32.10575407214801,755.1508911726996 35.21152722008785,32.10574192754937,748.0829905793071 35.21152722008785,32.10574192754937,748.0829905793071 35.21152722008785,32.10574192754937,748.0829905793071 35.211632503543775,32.10568306794687,721.6395133426413 35.21150302649606,32.10574965147579,746.7177627151832 35.21114796164702,32.10582812931952,667.4389036195353 35.21112941410259,32.10579556723775,663.7145060161129 35.21112941410259,32.10579556723775,663.7145060161129 35.21110271692749,32.10566544384376,658.8757753837854 35.21104978136834,32.10563793131941,663.5813273787498 35.210958915769616,32.10557326357125,675.1687968298793 35.210958915769616,32.10557326357125,675.1687968298793 35.21092353711706,32.105549946226425,679.1328695090488 35.21120934429647,32.10535851658052,745.4786329604685 35.21136297193083,32.10530947093664,754.1477431925014 35.21126367679405,32.105208630018126,771.9720660401508 35.211465434138695,32.10510846967523,807.6261605843902 35.21115056696673,32.10520899084648,789.8581866584718 35.21090990329305,32.10530130584122,834.2850721878931 35.212487564486025,32.10482182541019,1000.0946094244719 35.212536065250845,32.10510141426138,1066.324183953926 35.212487564486025,32.10482182541019,1000.0946094244719 35.212487564486025,32.10482182541019,1000.0946094244719 35.210968252202484,32.104977841304084,891.4608058799058 35.210968252202484,32.10482156560413,880.5866372222081 35.210845919713755,32.10465362860818,871.12547466252 35.210157007977784,32.10490345109116,769.8760803090408 35.210257549958314,32.10466526556776,729.9295430723578 35.210157007977784,32.10490345109116,769.8760803090408 35.21067464034457,32.104501519020346,847.0713600814342 35.21067135828268,32.1044994151454,847.4432502053678 35.21067135828268,32.10470620401998,861.8320515686646 35.21049301138852,32.10471960990359,890.9284467557445 35.21049301138852,32.10471960990359,890.9284467557445 35.21049301138852,32.10471960990359,890.9284467557445 35.21028366191254,32.1045854104632,914.6501939026639 35.210162575682034,32.104235949229164,848.5602702368051 35.2103292488036,32.10457642578424,732.2791690798476 35.21074720581974,32.10475920342091,678.9970945110545 35.21020475884491,32.10474134056071,635.096042229794 35.20968213393338,32.104076457856216,799.6805172841996 35.21015734320117,32.104004877036786,833.3084149891511 35.21015734320117,32.104004877036786,833.3084149891511 35.20894805819689,32.104114734949306,745.8551631979644 35.209710714791,32.103706023167575,1023.8220688011497 35.209710714791,32.103706023167575,1023.8220688011497 35.209710714791,32.103706023167575,1023.8220688011497 35.20873118417349,32.10377685294551,734.3760233866051 35.208731508116564,32.10362116095001,693.2006580820307 35.20881759625584,32.103716317041176,672.2614465365186 35.20887663045866,32.10369747257949,675.5924870707095 35.20887663045866,32.10365524866354,672.6546483123675 35.20881261282616,32.10359243876069,694.1588623551652 35.20866977550628,32.103500871749745,710.3448737710714 35.208605185319506,32.103575559059585,725.741660464555 35.20858935017187,32.10374504567857,845.5938984472305 35.20982928002276,32.103314520893846,928.7509768065065 35.208896505054824,32.10358365181681,874.1235598018393 35.20982928002276,32.10328589400867,926.7591364849359 35.20896247269099,32.10319160521562,836.4275712464005 35.20956636575341,32.10299883396038,870.5045422865078 35.20956636575341,32.10288434050779,862.5383492251858 35.20971446746828,32.10277371816099,882.0937773995101 35.20994982806075,32.10291914969771,855.044679755345 35.20996914542121,32.10270495924219,841.6610523192212 35.20973636788464,32.10255574378779,868.0389637360349 35.20973636788464,32.1024267244196,859.062252198346 35.20973636788464,32.10220344868563,843.5276524201035 35.209717050580004,32.10243289081481,857.9721641726792 35.20971555914387,32.10238420981988,811.5729016410187 35.20927191991208,32.10274910239897,802.0732542704791 35.20961201020377,32.10296711182135,763.534903912805 35.20954243058357,32.10352457928592,732.2525872355327 35.20988508655869,32.10341519610753,751.5880843410268 35.21013345494874,32.10390942752029,665.6981988335028 35.20931470260344,32.10417212628893,617.7895719315857 35.20925998074025,32.10420183225767,612.5387434177101 35.20925998074025,32.10421464021289,613.4299000855535 35.20916267433436,32.104277295767794,595.6433897064999 35.20892246082784,32.10424833998816,594.0500314319506 35.20944433486229,32.10496771727663,502.05706090759486</coordinates>
            </LineString>
        </Placemark>
    </Document>
</kml>
